"Id","Title","OData__ColorTag","ModelID","ClientId","SpecID","ModelName","ModificationStatus","Notes","AuthorId","EditorId","Estimated_x0020_Effort","Current_x0020_Changes_x0020_Prio","Changes_x0020_Due_x0020_Date","Client_ID_TextFiel","kVA_x0020_and_x0020_kV","Model_x0020_Type","Oil_x0020_Type","Core_x0020_Type","Is_x0020_Cancelled","Phases","Info_x002b_","ProtectorSwitchgearItem_x0023_","SFRA","OilAmount","Configuration","SectionQty","Cable","Form","Copper_x0028_LV_x0029_","Wire_x0028_HV_x0029_","Overcoil","Description","JS_x0020__x0023_","ModelRevisionId","Latest_Model_Revision_TextField","SAModel","ParentModelId","Parent_Model_TextField","Modified","Created","Attachments","GUID","Client","ModelRevision","ParentModel","Author_Email","Editor_Email"
"38","","","M-ENMA-0002","18","506-3T85-003","100305181","Moderate Changes","","106","106","5","ASAP","","ENMA","0","NETWORK","","None","","","","","","","","","","","","","","","","54","MR-ENMA-0002-V1","","","","2026-09-10T14:06:03Z","2025-12-02T15:36:34Z","False","5c2d038f-5f54-4888-b6b6-7d6b36618ce5","ENMAX","MR-ENMA-0002-V1","","soleil.anker@ermco-eci.com","soleil.anker@ermco-eci.com"
"39","","","M-ENMA-0003","18","506-3T85-003","100305186","Moderate Changes","","106","106","5","ASAP","","ENMA","0","NETWORK","","None","","","","","","","","","","","","","","","","55","MR-ENMA-0003-V1","","","","2026-08-13T17:37:24Z","2025-12-02T15:38:35Z","False","4e6925c2-794a-4e77-b5d5-6809948512eb","ENMAX","MR-ENMA-0003-V1","","soleil.anker@ermco-eci.com","soleil.anker@ermco-eci.com"
"40","","","M-ENMA-0004","18","506-3T85-003","100305187","Moderate Changes","","106","106","5","ASAP","","ENMA","0","NETWORK","","None","","","","","","","","","","","","","","","","56","MR-ENMA-0004-V1","","","","2026-08-13T17:37:24Z","2025-12-02T15:39:42Z","False","99c0f3ab-3618-4f8c-b68c-e38da3241b0a","ENMAX","MR-ENMA-0004-V1","","soleil.anker@ermco-eci.com","soleil.anker@ermco-eci.com"
"41","","","M-ENMA-0005","18","506-3T85-003","100306582","Minor Changes","","106","106","2","ASAP","","ENMA","2500","NETWORK","Midel","None","","","","","","","","","","","","","","NETWORK","15","3","MR-ENMA-0005-V1","","","","2026-08-13T17:37:24Z","2025-12-02T15:41:08Z","False","f45e5fb5-feb5-409e-a0b1-faaf34221c0a","ENMAX","MR-ENMA-0005-V1","","soleil.anker@ermco-eci.com","soleil.anker@ermco-eci.com"
"42","","","M-ENMA-0006","18","506-3T85-003","100306583","Minor Changes","","106","106","2","ASAP","","ENMA","2500","NETWORK","","Cogent","","","","","","","","","","","","","","NETWORK","15","57","MR-ENMA-0006-V1","","","","2026-08-13T17:37:25Z","2025-12-02T15:43:03Z","False","2781f856-ff86-4954-8293-cf2ad0f6ee3d","ENMAX","MR-ENMA-0006-V1","","soleil.anker@ermco-eci.com","soleil.anker@ermco-eci.com"
"43","","","M-ENMA-0007","18","506-3T85-003","100309628","Moderate Changes","","106","106","5","ASAP","","ENMA","750","NETWORK","","Cogent","","","","","","","","","","","","","","NETWORK","16","58","MR-ENMA-0007-V1","","","","2026-08-13T17:37:25Z","2025-12-02T15:50:04Z","False","e1c52c34-5a17-4acd-b661-102e78c0e148","ENMAX","MR-ENMA-0007-V1","","soleil.anker@ermco-eci.com","soleil.anker@ermco-eci.com"
"44","","","M-ENMA-0008","18","506-3T85-003","100309629","Moderate Changes","","106","106","5","ASAP","","ENMA","750","NETWORK","","None","","","","","","","","","","","","","","NETWORK","16","59","MR-ENMA-0008-V1","","","","2026-08-13T17:37:25Z","2025-12-02T15:51:04Z","False","3b2ba64d-efe8-48ae-9764-23f002444ad1","ENMAX","MR-ENMA-0008-V1","","soleil.anker@ermco-eci.com","soleil.anker@ermco-eci.com"
"45","","","M-ENMA-0009","18","506-3T85-003","100309837","Moderate Changes","","106","106","6","ASAP","","ENMA","1000","NETWORK","","None","","","","","","","","","","","","","","NETWORK","16","60","MR-ENMA-0009-V1","","","","2026-08-13T17:37:25Z","2025-12-02T15:52:11Z","False","58be4b1d-f02c-4943-95f2-263f2cb63b9e","ENMAX","MR-ENMA-0009-V1","","soleil.anker@ermco-eci.com","soleil.anker@ermco-eci.com"
"46","","","M-ENMA-0010","18","506-3T85-003","100309838","Moderate Changes","","106","106","6","ASAP","","ENMA","1000","NETWORK","","None","","","","","","","","","","","","","","NETWORK","16","61","MR-ENMA-0010-V1","","","","2026-08-13T17:37:25Z","2025-12-02T15:52:52Z","False","f396ac3b-7d51-4e5a-b107-25021c61d8c0","ENMAX","MR-ENMA-0010-V1","","soleil.anker@ermco-eci.com","soleil.anker@ermco-eci.com"
"47","","","M-ENMA-0011","18","506-3T85-003","100310233","Moderate Changes","","106","106","5","ASAP","","ENMA","2500","NETWORK","","None","","","","","","","","","","","","","","NETWORK","16","62","MR-ENMA-0011-V1","","","","2026-08-13T17:37:25Z","2025-12-02T15:53:47Z","False","c363d86b-e82d-4327-9798-dcc87ca7589f","ENMAX","MR-ENMA-0011-V1","","soleil.anker@ermco-eci.com","soleil.anker@ermco-eci.com"
"48","","","M-ENMA-0012","18","506-3T85-003","100310236","Moderate Changes","","106","106","5","ASAP","","ENMA","2500","NETWORK","","None","","","","","","","","","","","","","","NETWORK","16","63","MR-ENMA-0012-V1","","","","2026-08-13T17:37:25Z","2025-12-02T15:54:36Z","False","198cb7c6-19cf-4050-9f42-8a9d08870751","ENMAX","MR-ENMA-0012-V1","","soleil.anker@ermco-eci.com","soleil.anker@ermco-eci.com"
"49","","","M-ENMA-0013","18","","100311774","Moderate Changes","","106","106","5","ASAP","","ENMA","750","NETWORK","Midel","None","","","","","","","","","","","","","","NETWORK","16","65","MR-ENMA-0013-V1","","","","2026-08-13T17:37:25Z","2025-12-02T15:55:39Z","False","d5b981c3-a5dc-459b-a51a-23aa2cf8b988","ENMAX","MR-ENMA-0013-V1","","soleil.anker@ermco-eci.com","soleil.anker@ermco-eci.com"
"50","","","M-ENMA-0014","18","506-3T85-003","100311915","Up to Date","","106","106","0","ASAP","","ENMA","1500","NETWORK","Midel","None","","3","","","","2010","","","","9.125 x 12.5","33*16 45*16","128*256","16.75","NETWORK","16","68","M-ENMA-0014","","","","2026-08-17T15:05:50Z","2025-12-02T15:56:40Z","False","70329a0a-1e48-42e7-8a61-907db3a27c52","ENMAX","MR-ENMA-0014-V1","","soleil.anker@ermco-eci.com","soleil.anker@ermco-eci.com"
"52","","","M-ENMA-0015","18","506-3T85-003","100311917","Up to Date","","106","106","0","ASAP","","ENMA","1000","NETWORK","None","None","","","","","","","","","","","","","","NETWORK","16","70","MR-ENMA-0015-V1","","","","2026-08-13T17:37:26Z","2025-12-02T15:58:17Z","False","9ea9da76-68f1-4e95-a299-d7b694fe30d0","ENMAX","MR-ENMA-0015-V1","","soleil.anker@ermco-eci.com","soleil.anker@ermco-eci.com"
"53","","","M-ENMA-0016","18","506-3T85-003","100311918","Up to Date","","106","106","0","ASAP","","ENMA","1000","NETWORK","None","None","","","","","","","","","","","","","","NETWORK","16","71","MR-ENMA-0016-V1","","","","2026-08-13T17:37:26Z","2025-12-02T15:58:47Z","False","57239c3c-b500-4bb5-ad59-77d423164426","ENMAX","MR-ENMA-0016-V1","","soleil.anker@ermco-eci.com","soleil.anker@ermco-eci.com"
"54","","","M-ENMA-0017","18","506-3T85-003","100311927","Up to Date","","106","106","0","ASAP","","ENMA","750","NETWORK","Midel","None","","3","","","","1220","","","","7.5x9.25","2x 45*16","81*162","17","NETWORK","16","74","MR-ENMA-0017-V1","","","","2026-08-13T17:37:26Z","2025-12-02T15:59:31Z","False","f3d18f0e-14ba-45ab-82b8-d01c371c88f3","ENMAX","MR-ENMA-0017-V1","","soleil.anker@ermco-eci.com","soleil.anker@ermco-eci.com"
"55","","","M-ENMA-0018","18","506-3T85-003","100311928","Up to Date","","106","106","0","ASAP","","ENMA","750","NETWORK","Midel","None","","3","","","","1220","","","","7.5x9.25","2x 45*16","81*162","17","NETWORK","16","75","MR-ENMA-0018-V1","","","","2026-08-13T17:37:26Z","2025-12-02T16:00:26Z","False","9f4d2ae9-c72a-4a6b-8b11-0634917dda25","ENMAX","MR-ENMA-0018-V1","","soleil.anker@ermco-eci.com","soleil.anker@ermco-eci.com"
"56","","","M-ENMA-0019","18","506-3T85-003","61200220012","Up to Date","","106","106","0","","","ENMA","500","NETWORK","A2","None","False","3","","","","1115","","","","6 x 10.25","2x 45*10","11RD","10.75","NETWORK","15","204","MR-ENMA-0019-V1","","","","2026-08-13T17:37:26Z","2025-12-02T16:01:09Z","False","61955938-7de2-4ce6-a7f4-c31fea009b4b","ENMAX","MR-ENMA-0019-V1","","soleil.anker@ermco-eci.com","soleil.anker@ermco-eci.com"
"58","","","M-ENMA-0020","18","506-3T85-003","61200220031","Moderate Changes","","106","106","5","ASAP","","ENMA","0","NETWORK","","None","","","","","","","","","","","","","","","","209","MR-ENMA-0020-V1","","","","2026-08-13T17:37:26Z","2025-12-02T16:02:25Z","False","0a206dae-f132-4bed-94ad-1808251c5a80","ENMAX","MR-ENMA-0020-V1","","soleil.anker@ermco-eci.com","soleil.anker@ermco-eci.com"
"59","","","M-ENMA-0021","18","506-3T85-003","61200220015","Minor Changes","","106","106","2","ASAP","","ENMA","500","NETWORK","","None","","","","","","","","","","","","","","NETWORK","15","206","MR-ENMA-0021-V1","","","","2026-08-13T17:37:26Z","2025-12-02T16:05:18Z","False","f600183a-7804-4aef-b54d-c15ee89af345","ENMAX","MR-ENMA-0021-V1","","soleil.anker@ermco-eci.com","soleil.anker@ermco-eci.com"
"60","","","M-ENMA-0022","18","506-3T85-003","61200220016","Up to Date","","106","106","0","ASAP","","ENMA","750","NETWORK","A2","None","","","","","","","","","","","","","","NETWORK","16","207","MR-ENMA-0022-V1","","","","2026-08-13T17:37:27Z","2025-12-02T16:06:20Z","False","4a309308-80df-46e3-b1d8-66e6ed052526","ENMAX","MR-ENMA-0022-V1","","soleil.anker@ermco-eci.com","soleil.anker@ermco-eci.com"
"61","","","M-ENMA-0023","18","506-3T85-003","61200220023","Minor Changes","","106","106","4","ASAP","","ENMA","750","NETWORK","","None","True","","","","","","","","","","","","","NETWORK","16","208","MR-ENMA-0023-V1","","","","2026-08-13T17:37:27Z","2025-12-02T16:07:12Z","False","449eda7e-1c65-4d09-b106-e5bb839cd509","ENMAX","MR-ENMA-0023-V1","","soleil.anker@ermco-eci.com","soleil.anker@ermco-eci.com"
"62","","","M-ENMA-0024","18","506-3T85-003","61200220024","Moderate Changes","","106","106","5","ASAP","","ENMA","750","NETWORK","A2","None","","3","","","","1720","","","","6.25x13.25","2x 45*16","91*182","16.75","NETWORK","16","4","MR-ENMA-0024-V1","","","","2026-08-13T17:37:27Z","2025-12-02T16:07:44Z","False","b2768072-8ce8-4a61-ac0c-764e20c821b7","ENMAX","MR-ENMA-0024-V1","","soleil.anker@ermco-eci.com","soleil.anker@ermco-eci.com"
"64","","","M-ENMA-0025","18","506-3T85-003","61200220039","Minor Changes","","106","106","2","ASAP","","ENMA","","None","","None","","","","","","","","","","","","","","","","210","MR-ENMA-0025-V1","","","","2026-08-13T17:37:27Z","2025-12-02T16:09:03Z","False","bdb69cfa-cfc9-46a2-a49c-e34c07164bba","ENMAX","MR-ENMA-0025-V1","","soleil.anker@ermco-eci.com","soleil.anker@ermco-eci.com"
"65","","","M-ENMA-0026","18","506-3T85-003","61200220040","Minor Changes","","106","106","2","ASAP","","ENMA","750","NETWORK","A2","None","","","","","","","","","","","","","","NETWORK","16","211","MR-ENMA-0026-V1","","","","2026-08-13T17:37:27Z","2025-12-02T16:09:48Z","False","dc2e8250-0b74-4dbe-82d7-4b536f8519c9","ENMAX","MR-ENMA-0026-V1","","soleil.anker@ermco-eci.com","soleil.anker@ermco-eci.com"
"66","","","M-ENMA-0027","18","506-3T85-003","61200220047","Moderate Changes","","106","106","5","ASAP","","ENMA","1000","NETWORK","","None","","","","","","","","","","","","","","NETWORK","16","212","MR-ENMA-0027-V1","","","","2026-08-13T17:37:27Z","2025-12-02T16:15:46Z","False","752ee494-2d5e-4eca-b390-bd97cb9e5e5c","ENMAX","MR-ENMA-0027-V1","","soleil.anker@ermco-eci.com","soleil.anker@ermco-eci.com"
"67","","","M-ENMA-0028","18","506-3T85-003","61200220048","Moderate Changes","","106","106","6","ASAP","","ENMA","1000","NETWORK","A2","None","","","","","","","","","","","","","","NETWORK","16","213","MR-ENMA-0028-V1","","","","2026-08-13T17:37:27Z","2025-12-02T16:16:18Z","False","ae06e7fd-41fd-4262-8ca8-8cd4f756368b","ENMAX","MR-ENMA-0028-V1","","soleil.anker@ermco-eci.com","soleil.anker@ermco-eci.com"
"68","","","M-ENMA-0029","18","506-3T85-003","61200220055","Moderate Changes","","106","106","5","ASAP","","ENMA","0","None","","None","","0","","","","0","","","","","","","","","","214","MR-ENMA-0029-V1","","","","2026-08-13T17:37:27Z","2025-12-02T16:16:47Z","False","b7361dab-f117-47e3-a3cb-e9e5c21963cf","ENMAX","MR-ENMA-0029-V1","","soleil.anker@ermco-eci.com","soleil.anker@ermco-eci.com"
"69","","","M-ENMA-0030","18","506-3T85-003","61200220056","Up to Date","","106","106","0","ASAP","","ENMA","1500","NETWORK","A2","None","","3","","","","1935","","","","9x12.5","2x 45*12","114*228","13.25","NETWORK","16","5","MR-ENMA-0030-V1","","","","2026-08-13T17:37:27Z","2025-12-02T16:18:48Z","False","f23d855c-8b64-4bf3-a49e-f3c839fcdadb","ENMAX","MR-ENMA-0030-V1","","soleil.anker@ermco-eci.com","soleil.anker@ermco-eci.com"
"70","","","M-ENMA-0031","18","506-3T85-003","61200220063","Minor Changes","","106","106","4","ASAP","","ENMA","2000","NETWORK","","None","","0","","","","0","","","","","","","","NETWORK","16","215","MR-ENMA-0031-V1","","","","2026-08-13T17:37:27Z","2025-12-02T16:19:44Z","False","71ece511-0d1b-4de4-9787-2af122f1ca88","ENMAX","MR-ENMA-0031-V1","","soleil.anker@ermco-eci.com","soleil.anker@ermco-eci.com"
"71","","","M-ENMA-0032","18","506-3T85-003","61200220071","Moderate Changes","","106","106","5","ASAP","","ENMA","0","None","","None","","0","","","","0","","","","","","","","","","216","MR-ENMA-0032-V1","","","","2026-08-13T17:37:27Z","2025-12-02T16:20:21Z","False","58275add-3f13-4133-9c47-32900798628f","ENMAX","MR-ENMA-0032-V1","","soleil.anker@ermco-eci.com","soleil.anker@ermco-eci.com"
"72","","","M-ENMA-0033","18","506-3T85-003","61200220112","Up to Date","","106","106","0","ASAP","","ENMA","500","NETWORK","A2","None","","3","","","","1115","","","","6 x 10.25","2x 45*10","11RD","10.75","NETWORK","16","6","MR-ENMA-0033-V1","","","","2026-08-13T17:37:28Z","2025-12-02T16:22:06Z","False","b1c0fae9-a38b-49a6-adfb-9bd50278cf82","ENMAX","MR-ENMA-0033-V1","","soleil.anker@ermco-eci.com","soleil.anker@ermco-eci.com"
"74","","","M-ENMA-0034","18","506-3T85-003","61200220115","Minor Changes","","106","106","2","ASAP","","ENMA","500","NETWORK","","None","","0","","","","0","","","","","","","","NETWORK","15","217","MR-ENMA-0034-V1","","","","2026-08-13T17:37:28Z","2025-12-02T16:23:32Z","False","b45fa504-f6df-4548-9727-eac7dd2299d0","ENMAX","MR-ENMA-0034-V1","","soleil.anker@ermco-eci.com","soleil.anker@ermco-eci.com"
"75","","","M-ENMA-0035","18","506-3T85-003","61200220116","Up to Date","","106","106","0","ASAP","","ENMA","750","NETWORK","A2","Cogent","","3","","","","1140","","","","6.875x10.25","2x 45*14","81*162","14.75","NETWORK","16","7","MR-ENMA-0035-V1","","","","2026-08-13T17:37:28Z","2025-12-02T16:24:48Z","False","7d1b3f9b-a0b3-4452-8615-53257620c3a0","ENMAX","MR-ENMA-0035-V1","","soleil.anker@ermco-eci.com","soleil.anker@ermco-eci.com"
"76","","","M-ENMA-0036","18","506-3T85-003","61200220123","Moderate Changes","","106","106","6","ASAP","","ENMA","750","NETWORK","","None","","0","","","","0","","","","","","","","NETWORK","16","8","MR-ENMA-0036-V1","","","","2026-08-13T17:37:28Z","2025-12-02T16:25:34Z","False","016350c4-d1d0-4d9d-967a-64699f590c48","ENMAX","MR-ENMA-0036-V1","","soleil.anker@ermco-eci.com","soleil.anker@ermco-eci.com"
"77","","","M-ENMA-0037","18","506-3T85-003","61200220124","Up to Date","","106","106","0","ASAP","","ENMA","1000","NETWORK","A2","None","","3","","","","1720","","","","6.25x13.25","2x 45*16","91*182","16.75","NETWORK","16","218","MR-ENMA-0037-V1","","","","2026-08-13T17:37:28Z","2025-12-02T16:26:34Z","False","8d8a3b20-7b47-4dfe-a604-640c66ccdaf7","ENMAX","MR-ENMA-0037-V1","","soleil.anker@ermco-eci.com","soleil.anker@ermco-eci.com"
"78","","","M-ENMA-0038","18","506-3T85-003","61200220131","Moderate Changes","","106","106","5","ASAP","","ENMA","0","None","","None","","0","","","","0","","","","","","","","","","219","MR-ENMA-0038-V1","","","","2026-08-13T17:37:28Z","2025-12-02T16:27:13Z","False","704cecfd-3cf8-4ed5-8670-e31162cf0d82","ENMAX","MR-ENMA-0038-V1","","soleil.anker@ermco-eci.com","soleil.anker@ermco-eci.com"
"79","","","M-ENMA-0039","18","506-3T85-003","61200220140","Minor Changes","","106","106","2","ASAP","","ENMA","750","NETWORK","A2","None","","0","","","","0","","","","","","","","NETWORK","16","220","MR-ENMA-0039-V1","","","","2026-08-13T17:37:28Z","2025-12-02T16:28:01Z","False","d0395aaa-14a0-4060-83a2-8a8787f35653","ENMAX","MR-ENMA-0039-V1","","soleil.anker@ermco-eci.com","soleil.anker@ermco-eci.com"
"80","","","M-ENMA-0040","18","506-3T85-003","61200220147","Moderate Changes","","106","106","6","ASAP","","ENMA","1000","NETWORK","","None","","0","","","","0","","","","","","","","NETWORK","16","221","MR-ENMA-0040-V1","","","","2026-08-13T17:37:28Z","2025-12-02T16:29:18Z","False","545a41ec-ecb0-444d-b2d3-cfa4da94e428","ENMAX","MR-ENMA-0040-V1","","soleil.anker@ermco-eci.com","soleil.anker@ermco-eci.com"
"81","","","M-ENMA-0041","18","506-3T85-003","61200220148","Moderate Changes","","106","106","6","ASAP","","ENMA","1000","NETWORK","A2","None","","0","","","","0","","","","","","","","NETWORK","16","9","MR-ENMA-0041-V1","","","","2026-08-13T17:37:28Z","2025-12-02T16:30:08Z","False","472481da-9578-4862-be77-7426df8b647d","ENMAX","MR-ENMA-0041-V1","","soleil.anker@ermco-eci.com","soleil.anker@ermco-eci.com"
"82","1500","","M-ENMA-0042","18","506-3T85-003","100311916","Up to Date","<div class=""ExternalClassF3A80B0242E2461DB34D5D3BC960DB16"">Ancient Model Code&#58;
61200220155</div>","106","106","0","ASAP","","ENMA","1500","NETWORK","Midel","None","","3","","","","2010","","","","9.125 x 12.5","33*16 45*16","128*256","16.75","NETWORK","16","69","M-ENMA-0042","","","","2026-08-17T15:07:46Z","2025-12-02T16:31:34Z","False","bc7c4efe-43ac-4f48-a754-f06237656a52","ENMAX","MR-ENMA-0042-V1","","soleil.anker@ermco-eci.com","soleil.anker@ermco-eci.com"
"83","","","M-ENMA-0043","18","506-3T85-003","61200220156","Up to Date","","106","106","0","","","ENMA","1500","NETWORK","Midel","None","","3","","","","1935","","","","9x12.5","2x 45*12","114*228","13.25","NETWORK","16","222","MR-ENMA-0043-V1","","","","2026-08-13T17:37:28Z","2025-12-02T16:33:42Z","False","8f8ac95d-c1a0-49ea-b9c9-e491ac8bdbcb","ENMAX","MR-ENMA-0043-V1","","soleil.anker@ermco-eci.com","soleil.anker@ermco-eci.com"
"84","","","M-ENMA-0044","18","506-3T85-003","61200220163","Minor Changes","","106","106","2","ASAP","","ENMA","2000","NETWORK","","None","","0","","","","0","","","","","","","","NETWORK","16","223","MR-ENMA-0044-V1","","","","2026-08-13T17:37:29Z","2025-12-02T16:34:23Z","False","ba7fb955-c452-485a-8ced-564d46c1b55b","ENMAX","MR-ENMA-0044-V1","","soleil.anker@ermco-eci.com","soleil.anker@ermco-eci.com"
"85","","","M-ENMA-0045","18","506-3T85-003","61200220166","Moderate Changes","","106","106","6","ASAP","","ENMA","0","None","None","None","","0","","","","0","","","","","","","","","","224","MR-ENMA-0045-V1","","","","2026-08-13T17:37:29Z","2025-12-02T16:34:50Z","False","2328b4cc-2f35-43e8-bd2d-a3d91abf0a60","ENMAX","MR-ENMA-0045-V1","","soleil.anker@ermco-eci.com","soleil.anker@ermco-eci.com"
"86","","","M-ENMA-0046","18","506-3T85-003","61200220171","Moderate Changes","","106","106","5","ASAP","","ENMA","0","None","None","None","","0","","","","0","","","","","","","","","","225","MR-ENMA-0046-V1","","","","2026-08-13T17:37:29Z","2025-12-02T16:35:15Z","False","a028ff33-a19d-466c-940d-eb46a9cab90c","ENMAX","MR-ENMA-0046-V1","","soleil.anker@ermco-eci.com","soleil.anker@ermco-eci.com"
"87","","","M-HYQU-0005","115","STERD S5/010","1001893-22","Minor Changes","","106","106","4","ASAP","2026-03-17T04:00:00Z","HYQU","500","ANNEX","A2","Amorphe","","3","","","","900","HQ","","","7,25x11,75","45*10","10RD","11","ANNEX","32","18","MR-HYQU-0005-V1","","","","2026-08-13T17:37:34Z","2025-12-02T17:34:37Z","False","449a6468-3d40-49a6-86f1-431b325a13ac","HYDRO QUEBEC","MR-HYQU-0005-V1","","soleil.anker@ermco-eci.com","soleil.anker@ermco-eci.com"
"88","","","M-HYQU-0006","115","STERD S5/010","1001903-22","Up to Date","","106","155","0","ASAP","","HYQU","1000","ANNEX","A2","Amorphe","","3","","","","1170","","","","7,75x14","50*14","102*204","15","ANNEX","32","20","M-HYQU-0006","","","","2026-09-17T17:46:18Z","2025-12-02T17:35:37Z","False","9ff069bf-d7f1-4959-ae01-3d367bd657d1","HYDRO QUEBEC","MR-HYQU-0006-V1","","soleil.anker@ermco-eci.com","patrick.vaillancourt@pioneertransformers.com"
"89","","","M-HYQU-0007","115","STERD S5/010","1001912-22","Up to Date","","106","106","0","ASAP","","HYQU","2000","ANNEX","A2","Cogent","","3","","","","1620","HQ","","","10,75x13,5","2x 45*16","2x 102*204","16.75","ANNEX","32","21","MR-HYQU-0007-V1","","","","2026-08-13T17:37:34Z","2025-12-02T17:36:26Z","False","5948d946-807a-455a-8ecb-d843d3549255","HYDRO QUEBEC","MR-HYQU-0007-V1","","soleil.anker@ermco-eci.com","soleil.anker@ermco-eci.com"
"90","","","M-HYQU-0008","115","STERD S5/011","1002104-22","Up to Date","","106","106","0","ASAP","","HYQU","250","SUBMERSIBLE","A2","","","1","","","","670","","","","7,125x12,25","33*10 50*10","91*182","11.5","SUBWAY","24","24","M-HYQU-0008","","","","2026-08-31T19:41:25Z","2025-12-02T17:37:32Z","False","ecd74e64-9b06-4654-8481-56ffa8dd0582","HYDRO QUEBEC","MR-HYQU-0008-V1","","soleil.anker@ermco-eci.com","soleil.anker@ermco-eci.com"
"91","","","M-HYQU-0009","115","STERD S5/011","1002113-22","Up to Date","","106","155","0","","","HYQU","333","SUBMERSIBLE","A2","Amorphe","","1","","","","670","HQ Mono","","na","8,75x11,75","2x 50*14","114*228","14.75","SUBWAY","24","26","M-HYQU-0009","","","","2026-09-17T17:51:43Z","2025-12-02T17:38:21Z","False","6c6c91df-870c-4ada-b89f-adf9cde74f15","HYDRO QUEBEC","MR-HYQU-0009-V1","","soleil.anker@ermco-eci.com","patrick.vaillancourt@pioneertransformers.com"
"92","","","M-HYQU-0010","115","STERD S5/011","1191450-22","Up to Date","<div class=""ExternalClass920A8C6170A646E28B7A0E758E059A57"">Ancient Model Code&#58;
1002158-22</div>","106","106","0","ASAP","","HYQU","250","SUBMERSIBLE","A2","","","1","","","","490","","","","8.5x11.75","45*16","102*204","16.75","SUBWAY","27","129","MR-HYQU-0010-V1","","","","2026-08-13T17:37:35Z","2025-12-02T17:40:08Z","False","357f8b2a-98d8-4b76-8c72-fe892e678fe5","HYDRO QUEBEC","MR-HYQU-0010-V1","","soleil.anker@ermco-eci.com","soleil.anker@ermco-eci.com"
"93","","","M-HYQU-0011","115","STERD S5/011","1191449-22","Up to Date","<div class=""ExternalClass4305BAD42BA1481BB80AF0189F5D1A34"">Ancient Model Code&#58;
1002178-22</div>","106","106","0","ASAP","","HYQU","250","SUBMERSIBLE","A2","","","1","","","","490","","","NA","7,625x11,75","2x 45*12","91*182","13","SUBWAY-1PH","27","128","MR-HYQU-0011-V1","","","","2026-08-13T17:37:35Z","2025-12-02T17:41:00Z","False","452e9ca0-274f-4dd9-831e-fcbe614983d0","HYDRO QUEBEC","MR-HYQU-0011-V1","","soleil.anker@ermco-eci.com","soleil.anker@ermco-eci.com"
"94","","","M-HYQU-0012","115","STERD S5/012","1002394-22","Up to Date","","106","106","0","ASAP","","HYQU","500","SUBMERSIBLE","A2","Amorphe","","3","","","","1010","HQ","","","8,75x8,875","33*14","81*162","15","SUBWAY","24","30","M-HYQU-0012","","","","2026-08-31T19:41:25Z","2025-12-02T17:44:02Z","False","7087dc5e-a92d-463d-8921-9580ab90d25b","HYDRO QUEBEC","MR-HYQU-0012-V1","","soleil.anker@ermco-eci.com","soleil.anker@ermco-eci.com"
"95","","","M-HYQU-0013","115","STERD S5/012","1002403-22","Moderate Changes","","106","106","7","","","HYQU","1000","SUBMERSIBLE","A2","Amorphe","","3","","","","1510","HQ","","na","10,375x11,75","33*14 50*14","128*256","15","SUBWAY","25","32","MR-HYQU-0013-V1","","","","2026-08-13T17:37:35Z","2025-12-02T17:45:48Z","False","3e201655-995a-4cdd-a1d2-e545ed7879cb","HYDRO QUEBEC","MR-HYQU-0013-V1","","soleil.anker@ermco-eci.com","soleil.anker@ermco-eci.com"
"96","","","M-HYQU-0014","115","STERD S5/011","1002458-22","Up to Date","","106","106","0","ASAP","","HYQU","167","SUBMERSIBLE","A2","Amorphe","","1","","","","260","hq (mono)","","","7,875x11,75","2x 33*12","81*162","12.75","SUBWAY","24","35","M-HYQU-0014","","","","2026-08-31T19:41:25Z","2025-12-02T17:46:52Z","False","22436a09-3a7b-4752-8a6d-e1ad03590d69","HYDRO QUEBEC","MR-HYQU-0014-V1","","soleil.anker@ermco-eci.com","soleil.anker@ermco-eci.com"
"97","","","M-HYQU-0015","115","STERD S5/008","1002551-22","Up to Date","","106","106","0","ASAP","","HYQU","100","MINPAD","A2","Amorphe","","1","","","","360","HQ","","","7,25x8,875","33*12","11,5 RD","12.75","MINPAD-1PH","1","36","MR-HYQU-0015-V1","","","","2026-08-13T17:37:35Z","2025-12-02T17:48:45Z","False","3d7af9a3-e215-46d7-9e6a-8e35840d065d","HYDRO QUEBEC","MR-HYQU-0015-V1","","soleil.anker@ermco-eci.com","soleil.anker@ermco-eci.com"
"98","","","M-HYQU-0016","115","STERD S5/009","1002801-22","Up to Date","","106","155","0","","","HYQU","750","PADMOUNT","A2","Cogent","","3","","","","1650","HQ","","","7,5x12,25","45*14","91*182","15","PADMOUNT","5","39","M-HYQU-0016","","","","2026-09-17T18:40:17Z","2025-12-02T17:50:03Z","False","622d24dc-af2d-41eb-9161-a0d0eda61076","HYDRO QUEBEC","MR-HYQU-0016-V1","","soleil.anker@ermco-eci.com","patrick.vaillancourt@pioneertransformers.com"
"99","","","M-HYQU-0017","115","STERD S5/009","1002812-22","Up to Date","","106","155","0","","","HYQU","1500","PADMOUNT","A2","Cogent","","3","","","","1810","HQ","","","10x13,5","2x 45*16","128*256","17","PADMOUNT","5","41","M-HYQU-0017","","","","2026-09-17T18:50:21Z","2025-12-02T17:51:22Z","False","4fcf9490-f006-4f0e-acb6-500ce23d62e1","HYDRO QUEBEC","MR-HYQU-0017-V1","","soleil.anker@ermco-eci.com","patrick.vaillancourt@pioneertransformers.com"
"100","","","M-HYQU-0018","115","STERD S5/009","1002817-22","Up to Date","","106","106","0","ASAP","","HYQU","2500","PADMOUNT","A2","Cogent","False","3","","","","1840","HQ","","","10,375x13,5","2x 45*16","2x 114*228","17","PADMOUNT","5","43","MR-HYQU-0018-V1","","","","2026-08-13T17:37:36Z","2025-12-02T17:52:11Z","False","f8ffc440-9406-4c20-85d7-cafde1e9eb06","HYDRO QUEBEC","MR-HYQU-0018-V1","","soleil.anker@ermco-eci.com","soleil.anker@ermco-eci.com"
"101","","","M-HYQU-0019","115","STERD S5/009","1002839-22","Moderate Changes","","106","106","8","Next Order","1969-12-31T05:00:00Z","HYQU","500","PADMOUNT","A2","Cogent","","","","","","","","","","","","","","PADMOUNT","4","44","MR-HYQU-0019-V1","","","","2026-08-13T17:37:36Z","2025-12-02T17:53:13Z","False","e87827c8-76a4-446f-b429-0e3bc129bd4e","HYDRO QUEBEC","MR-HYQU-0019-V1","","soleil.anker@ermco-eci.com","soleil.anker@ermco-eci.com"
"102","","","M-HYQU-0020","115","STERD S5/009","1002846-22","Major Changes","","106","106","9","Next Order","1969-12-31T05:00:00Z","HYQU","750","PADMOUNT","A2","Cogent","","","","","","","","","","","","","","PADMOUNT","5","46","MR-HYQU-0020-V1","","","","2026-08-13T17:37:36Z","2025-12-02T17:53:52Z","False","d8c175e3-f6fd-4fbd-b79e-83df7f506828","HYDRO QUEBEC","MR-HYQU-0020-V1","","soleil.anker@ermco-eci.com","soleil.anker@ermco-eci.com"
"103","","","M-HYQU-0021","115","STERD S5/009","1002851-22","Moderate Changes","","106","106","7","Next Order","1969-12-31T05:00:00Z","HYQU","1500","PADMOUNT","A2","Cogent","","","","","","","","","","","","","","PADMOUNT","5","48","MR-HYQU-0021-V1","","","","2026-08-13T17:37:36Z","2025-12-02T17:54:53Z","False","963ead6b-2863-4468-993a-ceaecf8e20cd","HYDRO QUEBEC","MR-HYQU-0021-V1","","soleil.anker@ermco-eci.com","soleil.anker@ermco-eci.com"
"104","","","M-HYQU-0022","115","STERD S5/009","1002859-22","Minor Changes","","106","106","2","Next Order","1969-12-31T05:00:00Z","HYQU","2500","PADMOUNT","A2","Cogent","","3","","","","1850","","","","10.375x13.5","2x 45*16","2x 114*228","17","PADMOUNT","5","50","MR-HYQU-0022-V1","","","","2026-08-13T17:37:36Z","2025-12-02T17:56:43Z","False","aae85dc9-0452-43d0-856a-63c025780aa7","HYDRO QUEBEC","MR-HYQU-0022-V1","","soleil.anker@ermco-eci.com","soleil.anker@ermco-eci.com"
"105","","","M-HYQU-0023","115","STERD S5/009","1002882-22","Moderate Changes","","106","106","8","Next Order","1969-12-31T05:00:00Z","HYQU","750","PADMOUNT","A2","Cogent","","","","","","","","","","","","","","PADMOUNT","5","51","MR-HYQU-0023-V1","","","","2026-08-13T17:37:36Z","2025-12-02T17:57:47Z","False","55149a60-d1ba-404d-bd69-5e690dba07a5","HYDRO QUEBEC","MR-HYQU-0023-V1","","soleil.anker@ermco-eci.com","soleil.anker@ermco-eci.com"
"106","","","M-HYQU-0024","115","STERD S5/009","1002890-22","Minor Changes","","106","106","1","Next Order","1969-12-31T05:00:00Z","HYQU","1500","PADMOUNT","A2","Cogent","","3","","","","1810","","","","10x13.5","2x 45*16","128*256","17","PADMOUNT","5","53","MR-HYQU-0024-V1","","","","2026-08-13T17:37:36Z","2025-12-02T17:58:37Z","False","74f477c3-4ed4-4279-bb2f-6fb5fef47a83","HYDRO QUEBEC","MR-HYQU-0024-V1","","soleil.anker@ermco-eci.com","soleil.anker@ermco-eci.com"
"107","","","M-HYQU-0025","115","STERD S5/009","1089550-22","Minor Changes","","106","155","2","Next Order","1969-12-31T05:00:00Z","HYQU","500","PADMOUNT","A2","Amorphe","","3","","","","1140","","","","7.25x11.75","33*12","9RD","13.5","PADMOUNT","4","94","MR-HYQU-0025-V1","","","","2026-09-17T17:57:15Z","2025-12-02T17:59:19Z","False","6dd27f7c-c915-4253-a73e-ac5ea31f8f68","HYDRO QUEBEC","MR-HYQU-0025-V1","","soleil.anker@ermco-eci.com","patrick.vaillancourt@pioneertransformers.com"
"108","","","M-HYQU-0026","115","MYDS-065-1-78-4","1120261-22","Major Changes","","106","106","9","ASAP","2026-01-22T05:00:00Z","HYQU","667","ANNEX","None","None","False","","","","","","","","","","","","","","","95","MR-HYQU-0026-V1","","","","2026-08-13T17:37:36Z","2025-12-02T18:00:42Z","False","1f715276-babf-4f29-9a88-62ccc40fc280","HYDRO QUEBEC","MR-HYQU-0026-V1","","soleil.anker@ermco-eci.com","soleil.anker@ermco-eci.com"
"109","","","M-HYQU-0027","115","STERD S5/009","1144341-22","Minor Changes","","106","106","1","Next Order","1969-12-31T05:00:00Z","HYQU","1500","PADMOUNT","A2","None","","3","","","","1820","","","","9x13.5","33*16 50*16","114*228","17","PADMOUNT","5","97","MR-HYQU-0027-V1","","","","2026-08-13T17:37:36Z","2025-12-02T18:01:30Z","False","92a32bbb-2441-4bfd-b1e2-0b4dea64620f","HYDRO QUEBEC","MR-HYQU-0027-V1","","soleil.anker@ermco-eci.com","soleil.anker@ermco-eci.com"
"110","","","M-HYQU-0028","115","STERD S5/009","1146703-22","Minor Changes","","106","106","3","Next Order","1969-12-31T05:00:00Z","HYQU","2500","PADMOUNT","A2","None","","","","","","","","","","","","","","PADMOUNT","5","99","MR-HYQU-0028-V1","","","","2026-08-13T17:37:37Z","2025-12-02T18:02:32Z","False","4a178244-fdad-4a7e-9e69-a9c1fb28994b","HYDRO QUEBEC","MR-HYQU-0028-V1","","soleil.anker@ermco-eci.com","soleil.anker@ermco-eci.com"
"111","","","M-HYQU-0029","115","","1149646-22","Major Changes","","106","106","11","Next Order","1969-12-31T05:00:00Z","HYQU","500","PADMOUNT","None","None","False","","","","","","","","","","","","","","","105","MR-HYQU-0029-V1","","","","2026-08-13T17:37:37Z","2025-12-02T18:03:12Z","False","4c73ac77-2614-4e39-b856-302b4ed77f43","HYDRO QUEBEC","MR-HYQU-0029-V1","","soleil.anker@ermco-eci.com","soleil.anker@ermco-eci.com"
"113","","","M-HYQU-0030","115","STERD S5/009","1149648-22","Moderate Changes","","106","106","8","Next Order","1969-12-31T05:00:00Z","HYQU","1500","PADMOUNT","A2","None","","","","","","","","","","","","","","PADMOUNT","5","107","M-HYQU-0030","","","","2026-08-31T19:41:25Z","2025-12-02T18:05:10Z","False","ef4d7a65-a272-48e4-b4df-3de11a53dac9","HYDRO QUEBEC","MR-HYQU-0030-V1","","soleil.anker@ermco-eci.com","soleil.anker@ermco-eci.com"
"114","","","M-HYQU-0031","115","","1153212-22","Major Changes","","106","106","11","Next Order","1969-12-31T05:00:00Z","HYQU","500","PADMOUNT","None","None","False","","","","","","","","","","","","","","","109","MR-HYQU-0031-V1","","","","2026-08-13T17:37:37Z","2025-12-02T18:05:41Z","False","69bc2f93-7ddb-4015-b750-076aa90dd6b6","HYDRO QUEBEC","MR-HYQU-0031-V1","","soleil.anker@ermco-eci.com","soleil.anker@ermco-eci.com"
"115","","","M-HYQU-0032","115","STERD S5/009","1153214-22","Minor Changes","","106","106","2","Next Order","1969-12-31T05:00:00Z","HYQU","1500","PADMOUNT","A2","None","","","","","","","","","","","","","","PADMOUNT","5","110","MR-HYQU-0032-V1","","","","2026-08-13T17:37:37Z","2025-12-02T18:06:24Z","False","ae37a2fe-bea0-4b58-8379-6e9ef0c38b4b","HYDRO QUEBEC","MR-HYQU-0032-V1","","soleil.anker@ermco-eci.com","soleil.anker@ermco-eci.com"
"116","","","M-HYQU-0033","115","STERD S5/009","1153215-22","Up to Date","","106","106","0","","","HYQU","2500","PADMOUNT","A2","None","","3","","","","2270","","","","10.5x13.5","2x 45*24","2x 114*228","25","PADMOUNT","5","112","MR-HYQU-0033-V1","","","","2026-08-13T17:37:37Z","2025-12-02T18:07:04Z","False","638e088e-bd3a-4a73-a8b3-1671fd684272","HYDRO QUEBEC","MR-HYQU-0033-V1","","soleil.anker@ermco-eci.com","soleil.anker@ermco-eci.com"
"117","","","M-HYQU-0034","115","STERD S5/012","1166476-22","Minor Changes","","106","106","1","ASAP","","HYQU","1000","SUBMERSIBLE","A2","None","","","","","","","","","","","","","","SUBWAY","25","116","MR-HYQU-0034-V1","","","","2026-08-13T17:37:37Z","2025-12-02T18:07:55Z","False","1d2f9d75-0aaf-46d8-ad79-cd8409138646","HYDRO QUEBEC","MR-HYQU-0034-V1","","soleil.anker@ermco-eci.com","soleil.anker@ermco-eci.com"
"118","","","M-HYQU-0035","115","","1169812-22","Major Changes","","106","106","10","Next Order","1969-12-31T05:00:00Z","HYQU","3000","PADMOUNT","None","None","False","","","","","","","","","","","","","","","118","MR-HYQU-0035-V1","","","","2026-08-13T17:37:37Z","2025-12-02T18:08:24Z","False","09ba29ca-499f-48e1-b590-4b856b6e3f68","HYDRO QUEBEC","MR-HYQU-0035-V1","","soleil.anker@ermco-eci.com","soleil.anker@ermco-eci.com"
"119","","","M-HYQU-0036","115","","1169813-22","Major Changes","","106","106","10","Next Order","1969-12-31T05:00:00Z","HYQU","3000","PADMOUNT","None","None","False","","","","","","","","","","","","","","","119","MR-HYQU-0036-V1","","","","2026-08-13T17:37:37Z","2025-12-02T18:08:54Z","False","1de56ba2-a27f-4c5c-8caa-b8f7b0e27ae9","HYDRO QUEBEC","MR-HYQU-0036-V1","","soleil.anker@ermco-eci.com","soleil.anker@ermco-eci.com"
"120","","","M-HYQU-0037","115","1600-00/20-070","1149647-22","Minor Changes","","106","155","1","ASAP","","HYQU","750","PADMOUNT","A2","None","False","","","","","","","","","","","","","PADMOUNT","","106","MR-HYQU-0037-V1","","","","2026-09-17T18:56:03Z","2025-12-02T18:21:44Z","False","52ca241f-6a98-4280-87e0-284cc4a7a518","HYDRO QUEBEC","MR-HYQU-0037-V1","","soleil.anker@ermco-eci.com","patrick.vaillancourt@pioneertransformers.com"
"121","","","M-ALPO-0001","2","ADP-54-160-11-0","68580","Major Changes","","106","82","10","ASAP","","ALPO","500","NETWORK","FR3","None","","3","PROTECTOR","","","262","","","na","5,75x10,25","2x 45*14","2x 128*256","13","NETWORK","16","265","MR-ALPO-0001-V1","","","","2026-08-25T17:03:23Z","2025-12-02T18:59:14Z","False","e8cd76fb-3531-4eac-9a2d-6c44d511d06c","ALABAMA POWER","MR-ALPO-0001-V1","","soleil.anker@ermco-eci.com","ABouthillette@pioneertransformers.com"
"122","","","M-ALPO-0002","2","SES-PD-197","68585","Moderate Changes","","106","82","5","ASAP","","ALPO","1000","NETWORK","FR3","None","","3","PROTECTOR","","","370","","","na","6,25x12,25","3x 45*20","114*228","21","NETWORK","16","266","MR-ALPO-0002-V1","","","","2026-08-25T17:03:22Z","2025-12-02T19:00:02Z","False","27b7dd5c-a7ee-4a09-978e-39d2c211ce6c","ALABAMA POWER","MR-ALPO-0002-V1","","soleil.anker@ermco-eci.com","ABouthillette@pioneertransformers.com"
"123","","","M-ALPO-0003","2","SES-PD-197","68586","Major Changes","","106","82","10","ASAP","","ALPO","0","None","None","None","","","","","","","","","","","","","","","","267","MR-ALPO-0003-V1","","","","2026-08-25T17:03:21Z","2025-12-02T19:00:45Z","False","55e69309-055e-40cd-a893-359c5cb05a05","ALABAMA POWER","MR-ALPO-0003-V1","","soleil.anker@ermco-eci.com","ABouthillette@pioneertransformers.com"
"124","","","M-ALPO-0004","2","SES-PD-197","68587","Moderate Changes","","106","82","8","ASAP","","ALPO","750","NETWORK","FR3","None","","3","PROTECTOR","","","0","","","na","","","","","NETWORK","16","268","MR-ALPO-0004-V1","","","","2026-08-25T17:03:22Z","2025-12-02T19:01:59Z","False","63248046-b3ae-466f-9eef-9006fbd032ea","ALABAMA POWER","MR-ALPO-0004-V1","","soleil.anker@ermco-eci.com","ABouthillette@pioneertransformers.com"
"125","","","M-ALPO-0005","2","SES-PD-197","68588","Minor Changes","","106","82","4","ASAP","","ALPO","1000","NETWORK","FR3","","","3","PROTECTOR","","","400","","0","na","6,75x12,25","2x 33*14","102*204","15","NETWORK","16","269","MR-ALPO-0005-V1","","","","2026-08-25T17:03:22Z","2025-12-02T19:02:32Z","False","a7479934-e354-489d-ab4b-6f2d2383316d","ALABAMA POWER","MR-ALPO-0005-V1","","soleil.anker@ermco-eci.com","ABouthillette@pioneertransformers.com"
"126","","","M-ALPO-0006","2","SES-PD-197","68589","Moderate Changes","","106","82","5","ASAP","","ALPO","1500","NETWORK","FR3","None","","3","PROTECTOR","","","525","Switch","","na","8,625x10,5","2x 45*16","128*256","17","NETWORK","16","270","MR-ALPO-0006-V1","","","","2026-08-25T17:03:21Z","2025-12-02T19:03:12Z","False","71e72795-f2ef-4f26-8ae3-38e25ed48aaa","ALABAMA POWER","MR-ALPO-0006-V1","","soleil.anker@ermco-eci.com","ABouthillette@pioneertransformers.com"
"127","","","M-ALPO-0007","2","SES-PD-197","68590","Minor Changes","","106","82","4","ASAP","","ALPO","2000","NETWORK","FR3","","","3","","","","525","","","na","7,25x12,5","2x 45*24","2x 114*228","25","NETWORK","16","271","MR-ALPO-0007-V1","","","","2026-08-25T17:03:21Z","2025-12-02T19:03:55Z","False","f8ce90e1-b364-48a4-bc49-febc16a2058e","ALABAMA POWER","MR-ALPO-0007-V1","","soleil.anker@ermco-eci.com","ABouthillette@pioneertransformers.com"
"128","","","M-ALPO-0008","2","ADP-54-160-11-0","68591","Major Changes","","106","82","10","ASAP","","ALPO","0","None","None","None","","","","","","","","","","","","","","","","272","MR-ALPO-0008-V1","","","","2026-08-25T17:03:22Z","2025-12-02T19:04:27Z","False","d31c53fc-8d99-4a5a-96dc-7c6140642942","ALABAMA POWER","MR-ALPO-0008-V1","","soleil.anker@ermco-eci.com","ABouthillette@pioneertransformers.com"
"129","","","M-ALPO-0009","2","SES-PD-197","1000050","Major Changes","","106","82","10","ASAP","","ALPO","750","NETWORK","FR3","None","","3","PROTECTOR","","","357","","","na","6,25x12,25","2x 45*20","81*162","21","NETWORK","16","16","MR-ALPO-0009-V1","","","","2026-08-25T17:03:22Z","2025-12-02T19:05:03Z","False","58a1e1f0-8996-4a83-86ab-a81715155307","ALABAMA POWER","MR-ALPO-0009-V1","","soleil.anker@ermco-eci.com","ABouthillette@pioneertransformers.com"
"130","","","M-ALPO-0010","2","SES-PD-197","1281347","Major Changes","","106","82","10","ASAP","","ALPO","2000","NETWORK","FR3","None","","","","","","","","","","","","","","NETWORK","16","134","MR-ALPO-0010-V1","","","","2026-08-25T17:03:22Z","2025-12-02T19:05:45Z","False","20c953d5-6a16-476e-9520-7700d68a8241","ALABAMA POWER","MR-ALPO-0010-V1","","soleil.anker@ermco-eci.com","ABouthillette@pioneertransformers.com"
"131","","","M-GEPO-0001","23","SES-PD-197","132109","Major Changes","","106","161","10","ASAP","2026-08-21T04:00:00Z","GEPO","500","NETWORK","FR3","None","","3","","","","254","Switch","","na","5,5x10,25","33*14 50*14","81*162","14.75","NETWORK","15","135","MR-GEPO-0001-V1","","","","2026-09-10T15:15:50Z","2025-12-02T19:10:45Z","False","13625cbc-9717-4a4e-be26-8ebb731a5945","GEORGIA POWER","MR-GEPO-0001-V1","","soleil.anker@ermco-eci.com","dominic.lague@pioneertransformers.com"
"132","","","M-GEPO-0002","23","SES-PD-197","132110","Moderate Changes","","106","31","5","ASAP","2026-08-21T04:00:00Z","GEPO","1000","NETWORK"," FR3 ","","","3","","","","310","","","","7x10,25","2x 45*24","128*256","24.75","NETWORK","16","136","MR-GEPO-0002-V1","","","","2026-08-21T19:09:59Z","2025-12-02T19:11:27Z","False","8a9f336c-3570-4f4f-af55-5f58f64a2bbc","GEORGIA POWER","MR-GEPO-0002-V1","","soleil.anker@ermco-eci.com","nharsan@pioneertransformers.com"
"133","","","M-GEPO-0003","23","SES-PD-197","132111","Moderate Changes","","106","31","8","ASAP","2026-08-21T04:00:00Z","GEPO","500","NETWORK","FR3","None","","3","","","","270","","","","5x10,25","33*14","81*162","14.75","NETWORK","15","137","MR-GEPO-0003-V1","","","","2026-08-21T19:10:02Z","2025-12-02T19:12:08Z","False","a4e0f599-5ba1-4019-a843-0dd643885162","GEORGIA POWER","MR-GEPO-0003-V1","","soleil.anker@ermco-eci.com","nharsan@pioneertransformers.com"
"134","","","M-GEPO-0004","23","SES-PD-197","132112","Moderate Changes","","106","31","7","ASAP","2026-08-21T04:00:00Z","GEPO","1000","NETWORK","FR3","None","","3","","","","399","","","","6,375x12,25","2x 33*16","114*228","17","NETWORK","16","138","MR-GEPO-0004-V1","","","","2026-08-21T19:10:06Z","2025-12-02T19:12:49Z","False","d374cba1-470b-4f9f-b4b6-61d6994bb102","GEORGIA POWER","MR-GEPO-0004-V1","","soleil.anker@ermco-eci.com","nharsan@pioneertransformers.com"
"135","","","M-GEPO-0005","23","","132113","Major Changes","","106","31","10","ASAP","2026-08-21T04:00:00Z","GEPO","2000","NETWORK","FR3","","","3","","","","560","","","","7,375x13,5","2x 45*24","2x 114*228","25","NETWORK","16","139","MR-GEPO-0005-V1","","","","2026-08-21T19:10:11Z","2025-12-02T19:13:11Z","False","945b522e-fcbb-47e4-92c7-4c2c78862563","GEORGIA POWER","MR-GEPO-0005-V1","","soleil.anker@ermco-eci.com","nharsan@pioneertransformers.com"
"136","","","M-GEPO-0006","23","","132114","Moderate Changes","","106","31","8","ASAP","2026-08-21T04:00:00Z","GEPO","500","NETWORK","FR3","","","3","","","","315","","","","5,625x12,25","2x 50*14","81*162","14.75","NETWORK","16","140","MR-GEPO-0006-V1","","","","2026-08-21T19:12:22Z","2025-12-02T19:13:32Z","False","fdfaada6-d8e3-4c3f-961b-ebaa2cf0c988","GEORGIA POWER","MR-GEPO-0006-V1","","soleil.anker@ermco-eci.com","nharsan@pioneertransformers.com"
"137","","","M-GEPO-0007","23","SES-PD-197","132115","Major Changes","","106","31","10","ASAP","2026-08-21T04:00:00Z","GEPO","1000","NETWORK","FR3","None","","3","","","","344","Switch","","na","6,875x12,25","3x 45*20","114*228","21","NETWORK","16","141","MR-GEPO-0007-V1","","","","2026-08-21T19:12:23Z","2025-12-02T19:14:28Z","False","83eaff0b-592d-44bc-905c-732e060f945c","GEORGIA POWER","MR-GEPO-0007-V1","","soleil.anker@ermco-eci.com","nharsan@pioneertransformers.com"
"138","","","M-GEPO-0008","23","SES-PD-197","132118","Major Changes","","106","31","10","ASAP","2026-08-21T04:00:00Z","GEPO","2000","NETWORK","FR3","","","3","","","","605","","","","9x10,5","2x 45*20","2x 114*228","20.75","NETWORK","16","142","MR-GEPO-0008-V1","","","","2026-08-21T19:12:26Z","2025-12-02T19:14:53Z","False","c04dd88c-4d17-4a57-95b1-b8207c91bfd7","GEORGIA POWER","MR-GEPO-0008-V1","","soleil.anker@ermco-eci.com","nharsan@pioneertransformers.com"
"139","","","M-GEPO-0009","23","SES-PD-197","132119","Moderate Changes","","106","31","8","ASAP","2026-08-21T04:00:00Z","GEPO","500","NETWORK"," FR3 ","","","3","","","","295","","","","6,25x10,25","2x 50*14","9RD","15.5","NETWORK","16","143","MR-GEPO-0009-V1","","","","2026-08-21T19:12:26Z","2025-12-02T19:15:34Z","False","7ca10041-10f7-45ce-a9ee-8e70dfe77502","GEORGIA POWER","MR-GEPO-0009-V1","","soleil.anker@ermco-eci.com","nharsan@pioneertransformers.com"
"140","","","M-GEPO-0010","23","SES-PD-197","132121","Major Changes","","106","31","10","ASAP","2026-08-21T04:00:00Z","GEPO","1000","NETWORK","FR3","","","3","","","","335","","","","7,75x10,25","2x 45*24","102*204","26","NETWORK","16","144","MR-GEPO-0010-V1","","","","2026-08-21T19:12:28Z","2025-12-02T19:15:54Z","False","56c8d61f-93d1-452f-8c5f-6e3293927381","GEORGIA POWER","MR-GEPO-0010-V1","","soleil.anker@ermco-eci.com","nharsan@pioneertransformers.com"
"141","","","M-GEPO-0011","23","SES-PD-197","132123","Moderate Changes","","106","31","7","ASAP","2026-08-21T04:00:00Z","GEPO","500","NETWORK","FR3","None","","3","","","","305","","","","6,25x9,25","45*14","10,5rd","15","NETWORK","15","145","MR-GEPO-0011-V1","","","","2026-08-21T19:12:29Z","2025-12-02T19:16:24Z","False","9605e84b-dde0-4643-bba0-6be2282e8c7f","GEORGIA POWER","MR-GEPO-0011-V1","","soleil.anker@ermco-eci.com","nharsan@pioneertransformers.com"
"142","","","M-GEPO-0012","23","SES-PD-197","132124","Moderate Changes","","106","31","6","ASAP","2026-08-21T04:00:00Z","GEPO","1000","NETWORK"," FR3 ","","","3","","","","385","","0","na","8,375x10,25","33*14 45*14","81*162","14.75","NETWORK","16","146","MR-GEPO-0012-V1","","","","2026-08-21T19:12:31Z","2025-12-02T19:17:01Z","False","55a05461-6f3a-4c5c-b6ca-31d41b2c3204","GEORGIA POWER","MR-GEPO-0012-V1","","soleil.anker@ermco-eci.com","nharsan@pioneertransformers.com"
"143","","","M-GEPO-0013","23","SES-PD-197","132125","Up to Date","","106","161","0","","","GEPO","2000","NETWORK","FR3","","","3","","","","585","Switch","0","na","7,25x13,5","2x 45*28","128*256","28.75","NETWORK","16","147","MR-GEPO-0013-V1","","","","2026-09-10T14:53:24Z","2025-12-02T19:17:34Z","False","8fd8c035-274e-48fb-a986-58f5b9c8b689","GEORGIA POWER","MR-GEPO-0013-V1","","soleil.anker@ermco-eci.com","dominic.lague@pioneertransformers.com"
"144","","","M-GEPO-0014","23","SES-PD-197","132128","Major Changes","","106","161","10","ASAP","2026-08-21T04:00:00Z","GEPO","0","None","None","None","","","","","","","","","","","","","","","","148","MR-GEPO-0014-V1","","","","2026-09-10T14:59:23Z","2025-12-02T19:17:57Z","False","fe53cb24-3080-435e-a308-a32c3dbf6707","GEORGIA POWER","MR-GEPO-0014-V1","","soleil.anker@ermco-eci.com","dominic.lague@pioneertransformers.com"
"145","","","M-GEPO-0015","23","SES-PD-197","132129","Major Changes","","106","82","10","ASAP","2026-08-12T04:00:00Z","GEPO","0","None","None","None","","","","","","","","","","","","","","","","149","MR-GEPO-0015-V1","","","","2026-08-25T17:07:17Z","2025-12-02T19:18:23Z","False","6577d5d8-adc5-418c-b33e-32b59b014e4c","GEORGIA POWER","MR-GEPO-0015-V1","","soleil.anker@ermco-eci.com","ABouthillette@pioneertransformers.com"
"146","","","M-GEPO-0016","23","SES-PD-197","132130","Moderate Changes","","106","161","6","ASAP","2026-08-21T04:00:00Z","GEPO","3000","NETWORK","FR3","","","3","","","","995","","","","9,5x12,375","45*10","128*256","23.25","NETWORK","16","150","MR-GEPO-0016-V1","","","","2026-09-10T15:10:14Z","2025-12-02T19:19:01Z","False","9b2f6fb3-51a2-43d4-abdd-5d2eaec10c70","GEORGIA POWER","MR-GEPO-0016-V1","","soleil.anker@ermco-eci.com","dominic.lague@pioneertransformers.com"
"147","","","M-GEPO-0017","23","SES-PD-197","132132","Major Changes","","106","31","10","ASAP","2026-08-21T04:00:00Z","GEPO","0","None","None","None","","","","","","","","","","","","","","","","151","MR-GEPO-0017-V1","","","","2026-08-21T19:12:42Z","2025-12-02T19:19:19Z","False","ea1d5e65-8f8e-46c2-bfc7-c4cec86f729b","GEORGIA POWER","MR-GEPO-0017-V1","","soleil.anker@ermco-eci.com","nharsan@pioneertransformers.com"
"148","","","M-MAGA-0001","37","2022-NTR-1","X104129","Up to Date","","106","106","0","","","MAGA","500","NETWORK","FR3","None","","","","","","","","","","","","","","","","371","MR-MAGA-0001-V1","","","","2026-08-13T17:37:45Z","2025-12-02T19:26:46Z","False","d1a10835-d196-468d-9d2a-ef983b839e18","MADISON GAS § ELECTRIC","MR-MAGA-0001-V1","","soleil.anker@ermco-eci.com","soleil.anker@ermco-eci.com"
"149","","","M-MAGA-0002","37","2023-NTR-1","X104130","Up to Date","","106","106","0","","","MAGA","750","NETWORK","FR3","None","","","","","","","","","","","","","","","","372","MR-MAGA-0002-V1","","","","2026-08-13T17:37:45Z","2025-12-02T19:28:18Z","False","ca9bc1ed-4635-446a-8d24-55817c9bd031","MADISON GAS § ELECTRIC","MR-MAGA-0002-V1","","soleil.anker@ermco-eci.com","soleil.anker@ermco-eci.com"
"150","","","M-MAGA-0003","37","2020-NTR1","X104131","Up to Date","","106","106","0","","","MAGA","750","NETWORK","FR3","None","","","","","","","","","","","","","","","","373","MR-MAGA-0003-V1","","","","2026-08-13T17:37:45Z","2025-12-02T19:29:02Z","False","2ca446df-18df-4124-8cad-9f1c5f9fc93c","MADISON GAS § ELECTRIC","MR-MAGA-0003-V1","","soleil.anker@ermco-eci.com","soleil.anker@ermco-eci.com"
"151","","","M-MAGA-0004","37","2023-NTR-1","X104132","Minor Changes","","106","106","1","ASAP","","MAGA","1500","NETWORK","FR3","None","","","","","","","","","","","","","","","","374","MR-MAGA-0004-V1","","","","2026-08-13T17:37:45Z","2025-12-02T19:29:50Z","False","569f43f3-1f1d-42ef-822b-d8965d640d18","MADISON GAS § ELECTRIC","MR-MAGA-0004-V1","","soleil.anker@ermco-eci.com","soleil.anker@ermco-eci.com"
"152","","","M-MAGA-0005","37","2023-NTR-2","X114282","Minor Changes","","106","106","4","ASAP","2026-01-25T05:00:00Z","MAGA","750","NETWORK","FR3","None","","","","","","","","","","","","","","","","375","MR-MAGA-0005-V1","","","","2026-08-13T17:37:45Z","2025-12-02T19:30:36Z","False","a3a9fdad-d935-497f-9bdd-480fadfe28e5","MADISON GAS § ELECTRIC","MR-MAGA-0005-V1","","soleil.anker@ermco-eci.com","soleil.anker@ermco-eci.com"
"153","","","M-MAGA-0006","37","2022-NTR-2","X116807","Up to Date","","106","106","0","ASAP","","MAGA","500","NETWORK","None","None","","","","","","","","","","","","","","NETWORK","15","376","MR-MAGA-0006-V1","","","","2026-08-13T17:37:45Z","2025-12-02T19:31:19Z","False","6f139788-2421-485a-9f5b-aa3a5f7a4153","MADISON GAS § ELECTRIC","MR-MAGA-0006-V1","","soleil.anker@ermco-eci.com","soleil.anker@ermco-eci.com"
"154","","","M-TOHY-0001","68","TH-TS-DT-NT-01","6643201","Major Changes","","106","106","9","ASAP","2026-01-26T05:00:00Z","TOHY","500","NETWORK","B2","Cogent","","","","","","","","","","","","","","NETWORK","15","238","MR-TOHY-0001-V1","","","","2026-08-13T17:37:53Z","2025-12-03T07:14:24Z","False","3368fcdb-f5f4-4205-8ce6-f325edcfa785","TORONTO HYDRO","MR-TOHY-0001-V1","","soleil.anker@ermco-eci.com","soleil.anker@ermco-eci.com"
"155","","","M-TOHY-0002","68","TH-TS-DT-NT-01","6643202-22","Up to Date","","106","106","0","","","TOHY","750","NETWORK","B2","Cogent","","3","","","","1560","","","na","5.875x10.25","2x 50*16","102*204","17","NETWORK","16","239","M-TOHY-0002","","","","2026-09-11T08:42:11Z","2025-12-03T07:15:27Z","False","2988a65a-a8ac-4aac-ba01-48c3a77f5e34","TORONTO HYDRO","MR-TOHY-0002-V1","","soleil.anker@ermco-eci.com","soleil.anker@ermco-eci.com"
"156","","","M-TOHY-0003","68","TH-TS-DT-NT-01","6643203","Major Changes","","106","155","9","ASAP","2026-01-26T05:00:00Z","TOHY","1000","NETWORK","B2","None","","","","","","","","","","","","","","NETWORK","16","241","MR-TOHY-0003-V1","","","","2026-09-10T16:36:07Z","2025-12-03T07:16:06Z","False","0d6d854a-9c5a-4637-b925-56edcc94c3e7","TORONTO HYDRO","MR-TOHY-0003-V1","","soleil.anker@ermco-eci.com","patrick.vaillancourt@pioneertransformers.com"
"157","","","M-TOHY-0004","68","TH-TS-DT-NT-01","6643211","Up to Date","","106","106","0","","","TOHY","1000","NETWORK","B2","None","","3","","","","1850","","","","6.875x12.25","2x 0.05*14","114*228","15","NETWORK","16","242","MR-TOHY-0004-V1","","","","2026-08-13T17:37:53Z","2025-12-03T07:16:43Z","False","41ab24d3-c3f0-4c80-bd4c-38913b71f881","TORONTO HYDRO","MR-TOHY-0004-V1","","soleil.anker@ermco-eci.com","soleil.anker@ermco-eci.com"
"158","","","M-TOHY-0005","68","TH-TS-DT-NT-01","6643212","Minor Changes","","106","106","2","ASAP","","TOHY","1500","NETWORK","B2","Cogent","","","","","","","","","","","","","","NETWORK","16","243","MR-TOHY-0005-V1","","","","2026-08-13T17:37:53Z","2025-12-03T07:17:22Z","False","5c6105ef-d054-480d-a502-f62b13862023","TORONTO HYDRO","MR-TOHY-0005-V1","","soleil.anker@ermco-eci.com","soleil.anker@ermco-eci.com"
"159","","","M-TOHY-0006","68","TH-TS-DT-NT-01","6643213","Major Changes","","106","106","9","ASAP","2026-01-26T05:00:00Z","TOHY","2000","NETWORK","B2","Cogent","","","","","","","","","","","","","","NETWORK","16","244","MR-TOHY-0006-V1","","","","2026-08-13T17:37:53Z","2025-12-03T07:18:14Z","False","925199fe-25f4-4673-9d91-9b7a5b92e293","TORONTO HYDRO","MR-TOHY-0006-V1","","soleil.anker@ermco-eci.com","soleil.anker@ermco-eci.com"
"160","","","M-TOHY-0007","68","D-14-11","6643222","Major Changes","","106","106","9","ASAP","2026-01-26T05:00:00Z","TOHY","0","None","None","None","","","","","","","","","","","","","","","","245","MR-TOHY-0007-V1","","","","2026-08-13T17:37:53Z","2025-12-03T07:18:54Z","False","e86f1869-03a9-474f-9778-1128d9082c7d","TORONTO HYDRO","MR-TOHY-0007-V1","","soleil.anker@ermco-eci.com","soleil.anker@ermco-eci.com"
"161","","","M-TOHY-0008","68","D-14-11","6643223","Major Changes","","106","106","9","ASAP","2026-01-26T05:00:00Z","TOHY","0","None","None","None","","","","","","","","","","","","","","","","246","MR-TOHY-0008-V1","","","","2026-08-13T17:37:54Z","2025-12-03T07:19:13Z","False","5b354102-5e5f-426b-9f27-5355d9d8b591","TORONTO HYDRO","MR-TOHY-0008-V1","","soleil.anker@ermco-eci.com","soleil.anker@ermco-eci.com"
"162","","","M-TOHY-0009","68","TH-TS-DT-NT-01","100000875","Minor Changes","","106","106","1","ASAP","","TOHY","300","NETWORK","B2","None","","","","","","","","","","","","","","NETWORK","15","13","MR-TOHY-0009-V1","","","","2026-08-13T17:37:54Z","2025-12-03T07:20:01Z","False","954bfa34-e426-4b8b-9107-48c36da47cc7","TORONTO HYDRO","MR-TOHY-0009-V1","","soleil.anker@ermco-eci.com","soleil.anker@ermco-eci.com"
"163","","","M-TOHY-0010","68","mix","100000919","Minor Changes","","106","106","3","ASAP","","TOHY","1000","SUBMERSIBLE","B2","None","","3","","","","2350","","","","6.75x12.25","2x 0.05*14","114*228","14.75","SUBWAY","25","14","MR-TOHY-0010-V1","","","","2026-08-13T17:37:54Z","2025-12-03T07:20:47Z","False","c0853d38-e8c1-4b09-9cab-615a85d1362b","TORONTO HYDRO","MR-TOHY-0010-V1","","soleil.anker@ermco-eci.com","soleil.anker@ermco-eci.com"
"164","","","M-TOHY-0011","68","mix","100000920","Minor Changes","","106","106","3","ASAP","","TOHY","1500","NETWORK","B2","None","","","","","","","","","","","","","","SUBWAY","25","15","MR-TOHY-0011-V1","","","","2026-08-13T17:37:54Z","2025-12-03T07:21:34Z","False","3dfb10c1-1a51-4feb-9b4d-45199dbab33c","TORONTO HYDRO","MR-TOHY-0011-V1","","soleil.anker@ermco-eci.com","soleil.anker@ermco-eci.com"
"165","","","M-TOHY-0012","68","TH-TS-DT-SUB-01","6683202","Major Changes","","106","106","9","ASAP","2026-01-26T05:00:00Z","TOHY","300","SUBMERSIBLE","B2","None","","","","","","","","","","","","","","SUBWAY","24","247","MR-TOHY-0012-V1","","","","2026-08-13T17:37:54Z","2025-12-03T07:22:26Z","False","77cd0c94-b266-4267-a48d-3067824bec9c","TORONTO HYDRO","MR-TOHY-0012-V1","","soleil.anker@ermco-eci.com","soleil.anker@ermco-eci.com"
"166","","","M-TOHY-0013","68","TH-TS-DT-SUB-01","6683203","Minor Changes","","106","106","3","ASAP","","TOHY","500","SUBMERSIBLE","B2","None","","","","","","","","","","","","","","SUBWAY","24","248","MR-TOHY-0013-V1","","","","2026-08-13T17:37:54Z","2025-12-03T07:23:09Z","False","5f5da895-f008-4966-a330-4737c8783223","TORONTO HYDRO","MR-TOHY-0013-V1","","soleil.anker@ermco-eci.com","soleil.anker@ermco-eci.com"
"167","","","M-TOHY-0014","68","TH-TS-DT-SUB-01","6683204","Major Changes","","106","106","9","ASAP","2026-01-26T05:00:00Z","TOHY","0","None","None","None","","","","","","","","","","","","","","","","249","MR-TOHY-0014-V1","","","","2026-08-13T17:37:54Z","2025-12-03T07:23:44Z","False","9a312f4c-175c-4cee-8bcd-77e50c75fa3c","TORONTO HYDRO","MR-TOHY-0014-V1","","soleil.anker@ermco-eci.com","soleil.anker@ermco-eci.com"
"168","","","M-TOHY-0015","68","TH-TS-DT-SUB-01","6683205","Major Changes","","106","106","9","ASAP","2026-01-26T05:00:00Z","TOHY","0","None","None","None","","","","","","","","","","","","","","","","250","MR-TOHY-0015-V1","","","","2026-08-13T17:37:54Z","2025-12-03T07:24:06Z","False","b4513dd7-f63f-48a4-878b-21e223995904","TORONTO HYDRO","MR-TOHY-0015-V1","","soleil.anker@ermco-eci.com","soleil.anker@ermco-eci.com"
"169","","","M-TOHY-0016","68","TH-TS-DT-SUB-01","6683211","Major Changes","","106","106","9","ASAP","2026-01-26T05:00:00Z","TOHY","500","SUBMERSIBLE","B2","None","","","","","","","","","","","","","","SUBWAY","24","251","MR-TOHY-0016-V1","","","","2026-08-13T17:37:54Z","2025-12-03T07:24:50Z","False","532ca34c-09b2-42f1-9c94-873bbb98795b","TORONTO HYDRO","MR-TOHY-0016-V1","","soleil.anker@ermco-eci.com","soleil.anker@ermco-eci.com"
"170","","","M-TOHY-0017","68","TH-TS-DT-SUB-01","6683212","Up to Date","","106","106","0","ASAP","","TOHY","750","SUBMERSIBLE","B2","None","","3","","","","1150","","","","6.75x10.25","45*16","114*228","17","SUBWAY","25","252","MR-TOHY-0017-V1","","","","2026-08-13T17:37:54Z","2025-12-03T07:25:22Z","False","f3f23613-7377-4308-a442-41b54d6087bf","TORONTO HYDRO","MR-TOHY-0017-V1","","soleil.anker@ermco-eci.com","soleil.anker@ermco-eci.com"
"171","","","M-TOHY-0018","68","TH-TS-DT-SUB-01","6683213","Minor Changes","","106","106","1","ASAP","","TOHY","1000","SUBMERSIBLE","B2","None","","","","","","","","","","","","","","SUBWAY","25","2","MR-TOHY-0018-V1","","","","2026-08-13T17:37:54Z","2025-12-03T07:26:35Z","False","b6a5e7f5-f693-42d3-9bdd-8cc69b825e95","TORONTO HYDRO","MR-TOHY-0018-V1","","soleil.anker@ermco-eci.com","soleil.anker@ermco-eci.com"
"172","","","M-TOHY-0019","68","TH-TS-DT-SUB-01","6683214","Major Changes","","106","106","9","ASAP","2026-01-26T05:00:00Z","TOHY","1500","SUBMERSIBLE","B2","None","","","","","","","","","","","","","","SUBWAY","25","253","MR-TOHY-0019-V1","","","","2026-08-13T17:37:55Z","2025-12-03T07:27:33Z","False","01a81417-a07d-4401-9b56-03932f98d93d","TORONTO HYDRO","MR-TOHY-0019-V1","","soleil.anker@ermco-eci.com","soleil.anker@ermco-eci.com"
"173","","","M-TOHY-0020","68","TH-TS-DT-SUB-01","6683215","Up to Date","","106","106","0","ASAP","","TOHY","2000","SUBMERSIBLE","B2","None","","","","","","","","","","","","","","SUBWAY","25","254","M-TOHY-0020","","","","2026-09-01T15:46:59Z","2025-12-03T07:28:31Z","False","43fc2ae4-443a-45d7-a76c-b9c8833ffde5","TORONTO HYDRO","MR-TOHY-0020-V1","","soleil.anker@ermco-eci.com","soleil.anker@ermco-eci.com"
"174","","","M-TOHY-0021","68","TH-TS-DT-SUB-01","6683216","Major Changes","","106","106","9","ASAP","2026-01-26T05:00:00Z","TOHY","0","None","None","None","","","","","","","","","","","","","","","","255","MR-TOHY-0021-V1","","","","2026-08-13T17:37:55Z","2025-12-03T07:29:04Z","False","70b81d91-56fe-4883-affa-85bf5273f576","TORONTO HYDRO","MR-TOHY-0021-V1","","soleil.anker@ermco-eci.com","soleil.anker@ermco-eci.com"
"175","","","M-TOHY-0022","68","","6689441","Major Changes","","106","106","9","ASAP","2026-01-26T05:00:00Z","TOHY","0","None","None","None","","","","","","","","","","","","","","","","264","MR-TOHY-0022-V1","","","","2026-08-13T17:37:55Z","2025-12-03T07:29:26Z","False","2c4ed405-6cde-4c56-ab27-96915b4b1d0d","TORONTO HYDRO","MR-TOHY-0022-V1","","soleil.anker@ermco-eci.com","soleil.anker@ermco-eci.com"
"176","","","M-TOHY-0023","68","DT-SW-02R1","6683221","Major Changes","","106","106","9","ASAP","2026-01-26T05:00:00Z","TOHY","0","None","None","None","","","","","","","","","","","","","","","","256","MR-TOHY-0023-V1","","","","2026-08-13T17:37:55Z","2025-12-03T07:30:08Z","False","4240eb04-6b20-4c6c-ab6a-c80038b41d08","TORONTO HYDRO","MR-TOHY-0023-V1","","soleil.anker@ermco-eci.com","soleil.anker@ermco-eci.com"
"177","","","M-TOHY-0024","68","TH-TS-DT-NT-02","6683222","Major Changes","","106","106","9","ASAP","2026-01-26T05:00:00Z","TOHY","0","None","None","None","","","","","","","","","","","","","","","","257","MR-TOHY-0024-V1","","","","2026-08-13T17:37:55Z","2025-12-03T07:30:31Z","False","d2e45233-3d71-40ee-8382-f494227635cb","TORONTO HYDRO","MR-TOHY-0024-V1","","soleil.anker@ermco-eci.com","soleil.anker@ermco-eci.com"
"178","","","M-TOHY-0025","68","TH-TS-DT-NT-02","6683223","Major Changes","","106","106","9","ASAP","","TOHY","500","SUBMERSIBLE","B2","None","","","","","","","","","","","","","","SUBWAY","24","258","MR-TOHY-0025-V1","","","","2026-08-13T17:37:55Z","2025-12-03T07:31:05Z","False","24dfd70d-3172-40db-94fd-88c6b4eecff4","TORONTO HYDRO","MR-TOHY-0025-V1","","soleil.anker@ermco-eci.com","soleil.anker@ermco-eci.com"
"179","","","M-TOHY-0026","68","TH-TS-DT-NT-02","6683224","Major Changes","","106","106","9","ASAP","2026-01-26T05:00:00Z","TOHY","750","SUBMERSIBLE","B2","None","","","","","","","","","","","","","","SUBWAY","25","259","MR-TOHY-0026-V1","","","","2026-08-13T17:37:55Z","2025-12-03T07:31:46Z","False","73d1b050-8444-46d3-9c51-f00d993d77ac","TORONTO HYDRO","MR-TOHY-0026-V1","","soleil.anker@ermco-eci.com","soleil.anker@ermco-eci.com"
"180","","","M-TOHY-0027","68","TH-TS-DT-NT-02","6683231","Major Changes","","106","106","9","ASAP","2026-01-26T05:00:00Z","TOHY","0","None","None","None","","","","","","","","","","","","","","","","260","MR-TOHY-0027-V1","","","","2026-08-13T17:37:55Z","2025-12-03T07:32:15Z","False","2eff7618-9885-42d7-996e-c9b4fdb040bd","TORONTO HYDRO","MR-TOHY-0027-V1","","soleil.anker@ermco-eci.com","soleil.anker@ermco-eci.com"
"181","","","M-TOHY-0028","68","TH-TS-DT-NT-02","6683232","Minor Changes","","106","106","3","ASAP","","TOHY","750","SUBMERSIBLE","B2","None","","","","","","","","","","","","","","SUBWAY","25","261","MR-TOHY-0028-V1","","","","2026-08-13T17:37:55Z","2025-12-03T07:32:48Z","False","ad66841d-cc82-484e-8c79-a73790847fd3","TORONTO HYDRO","MR-TOHY-0028-V1","","soleil.anker@ermco-eci.com","soleil.anker@ermco-eci.com"
"182","","","M-TOHY-0029","68","TH-TS-DT-NT-02","6689423","Major Changes","","106","106","9","ASAP","2026-01-26T05:00:00Z","TOHY","0","None","None","None","","","","","","","","","","","","","","","","262","MR-TOHY-0029-V1","","","","2026-08-13T17:37:55Z","2025-12-03T07:34:09Z","False","4548e61c-315f-41b5-a016-b81f4cc186dd","TORONTO HYDRO","MR-TOHY-0029-V1","","soleil.anker@ermco-eci.com","soleil.anker@ermco-eci.com"
"183","","","M-TOHY-0030","68","","6689424","Major Changes","","106","106","9","ASAP","2026-01-26T05:00:00Z","TOHY","0","None","None","None","","","","","","","","","","","","","","","","263","MR-TOHY-0030-V1","","","","2026-08-13T17:37:56Z","2025-12-03T07:34:27Z","False","d88f9165-5342-4748-9bb5-e17e62dabc12","TORONTO HYDRO","MR-TOHY-0030-V1","","soleil.anker@ermco-eci.com","soleil.anker@ermco-eci.com"
"184","","","M-TOHY-0031","68","TH-TS-DT-NT-02","9663048","Major Changes","","106","106","9","ASAP","2026-01-26T05:00:00Z","TOHY","0","None","None","None","","","","","","","","","","","","","","","","278","MR-TOHY-0031-V1","","","","2026-08-13T17:37:56Z","2025-12-03T07:34:49Z","False","07f55544-cd04-4498-8ca3-670ce67340c0","TORONTO HYDRO","MR-TOHY-0031-V1","","soleil.anker@ermco-eci.com","soleil.anker@ermco-eci.com"
"185","","","M-TOHY-0032","68","","9665274","Major Changes","","106","106","9","ASAP","2026-01-26T05:00:00Z","TOHY","2000","NETWORK","B2","Cogent","","","","","","","","","","","","","","NETWORK","16","279","MR-TOHY-0032-V1","","","","2026-08-13T17:37:56Z","2025-12-03T07:35:32Z","False","2e2e1abc-6b74-4bf4-b46c-9951812e9de2","TORONTO HYDRO","MR-TOHY-0032-V1","","soleil.anker@ermco-eci.com","soleil.anker@ermco-eci.com"
"186","","","M-TOHY-0033","68","","9665275","Major Changes","","106","106","9","ASAP","2026-01-26T05:00:00Z","TOHY","1000","NETWORK","B2","Cogent","","","","","","","","","","","","","","NETWORK","16","280","MR-TOHY-0033-V1","","","","2026-08-13T17:37:56Z","2025-12-03T07:36:07Z","False","15103351-1948-40ad-9b7f-75050e34a851","TORONTO HYDRO","MR-TOHY-0033-V1","","soleil.anker@ermco-eci.com","soleil.anker@ermco-eci.com"
"187","","","M-LGEN-0003","35","LGE062395NET3","1073119","Up to Date","","106","106","0","ASAP","","LGEN","500","NETWORK","FR3","","False","3","","","","266","","","","5.75x9.25","2x 0.05*14","81*162","14.75","NETWORK","15","83","MR-LGEN-0003-V1","","","","2026-08-13T17:37:44Z","2025-12-03T08:05:08Z","False","49da45de-ad28-4968-985e-18e6ed5b1f3d","LG§E","MR-LGEN-0003-V1","","soleil.anker@ermco-eci.com","soleil.anker@ermco-eci.com"
"188","","","M-LGEN-0004","35","LG&E and KU ENERGY","1073127","Up to Date","","106","106","0","ASAP","","LGEN","750","NETWORK","FR3","","","3","","","","315","Switch","0","na","6,875x10,25","2x 50*16","102*204","17","NETWORK","16","84","MR-LGEN-0004-V1","","","","2026-08-13T17:37:44Z","2025-12-03T08:05:53Z","False","501a3c95-3220-43b1-b803-62a0492b4908","LG§E","MR-LGEN-0004-V1","","soleil.anker@ermco-eci.com","soleil.anker@ermco-eci.com"
"189","","","M-LGEN-0005","35","LG&E and KU ENERGY","1073135","Up to Date","","106","106","0","ASAP","","LGEN","1000","NETWORK","FR3","None","","3","","","","345","","","","6.25x13.25","3x 45*20","114*228","21","NETWORK","16","85","MR-LGEN-0005-V1","","","","2026-08-13T17:37:44Z","2025-12-03T08:06:39Z","False","86e60545-b3c4-419e-b73b-a32c631c5a13","LG§E","MR-LGEN-0005-V1","","soleil.anker@ermco-eci.com","soleil.anker@ermco-eci.com"
"190","","","M-LGEN-0006","35","09-18-2017","1073186","Up to Date","","106","106","0","ASAP","","LGEN","750","NETWORK","FR3","","","3","PROTECTOR","","","340","","0","0","7,5x9,25","50*14","91*182","14.75","NETWORK","16","86","MR-LGEN-0006-V1","","","","2026-08-13T17:37:44Z","2025-12-03T08:07:44Z","False","22e83674-9687-40e4-940a-ddc2f5f8a6d4","LG§E","MR-LGEN-0006-V1","","soleil.anker@ermco-eci.com","soleil.anker@ermco-eci.com"
"191","","","M-LGEN-0007","35","LG&E and KU ENERGY","1073194","Up to Date","","106","106","0","ASAP","","LGEN","1000","NETWORK","FR3","","","3","PROTECTOR","","","375","","0","0","7x12,25","33*14 45*14","114*228","14.75","NETWORK","16","87","MR-LGEN-0007-V1","","","","2026-08-13T17:37:44Z","2025-12-03T08:08:38Z","False","1abb26f7-f550-467a-8951-03358b253694","LG§E","MR-LGEN-0007-V1","","soleil.anker@ermco-eci.com","soleil.anker@ermco-eci.com"
"192","","","M-AUEN-0001","5","E-708","16817","Minor Changes","","106","106","3","ASAP","2026-04-16T04:00:00Z","AUEN","1000","NETWORK","B2","None","","3","","","","","Switch","","na","6,625x13,25","2x 45*14","114*228","15","NETWORK","16","154","MR-AUEN-0001-V1","","","","2026-08-13T17:37:20Z","2025-12-03T08:14:55Z","False","0dcaff10-fe86-4c01-a996-ffc5c1d76d06","AUSTIN ENERGY","MR-AUEN-0001-V1","","soleil.anker@ermco-eci.com","soleil.anker@ermco-eci.com"
"193","","","M-AUEN-0002","5","E-709","16818","Minor Changes","","106","106","2","ASAP","2026-04-16T04:00:00Z","AUEN","1000","NETWORK","B2","None","","3","","","","1720","","","na","7.375x13.25","2x 33*16","9RD","16.75","NETWORK","16","155","M-AUEN-0002","","","","2026-08-17T17:55:54Z","2025-12-03T08:15:30Z","False","71345664-5fa2-43bc-a1a5-d9aa5f599cf0","AUSTIN ENERGY","MR-AUEN-0002-V1","","soleil.anker@ermco-eci.com","soleil.anker@ermco-eci.com"
"194","","","M-AUEN-0003","5","E-708","16819","Moderate Changes","","106","106","5","ASAP","2026-04-16T04:00:00Z","AUEN","1500","NETWORK","B2","None","","3","","","","1940","Switch","","na","7,125x13,5","2x 50*16","114*228","17","NETWORK","16","156","MR-AUEN-0003-V1","","","","2026-08-13T17:37:21Z","2025-12-03T08:16:45Z","False","a1ff0b9e-451e-4acb-bf86-98c4c74ee221","AUSTIN ENERGY","MR-AUEN-0003-V1","","soleil.anker@ermco-eci.com","soleil.anker@ermco-eci.com"
"195","","","M-AUEN-0004","5","E-709","16820","Up to Date","","106","106","0","","","AUEN","1500","NETWORK","B2","","","3","PROTECTOR","","","2170","Switch","0","na","8x13,5","2x 50*16","81*162","17","NETWORK","16","157","MR-AUEN-0004-V1","","","","2026-08-13T17:37:21Z","2025-12-03T08:17:23Z","False","24729ca3-9818-4568-9b1c-b6d1f433f506","AUSTIN ENERGY","MR-AUEN-0004-V1","","soleil.anker@ermco-eci.com","soleil.anker@ermco-eci.com"
"196","","","M-AUEN-0005","5","E-708","16821","Minor Changes","","106","106","2","ASAP","2026-04-16T04:00:00Z","AUEN","2000","NETWORK","B2","None","","3","","","","2330","","","","7,75x13,5","2x 45*18","2x 128*256","19.25","NETWORK","16","158","MR-AUEN-0005-V1","","","","2026-08-13T17:37:21Z","2025-12-03T08:18:03Z","False","d23b155f-b279-4ea1-b34a-1fd55673ae91","AUSTIN ENERGY","MR-AUEN-0005-V1","","soleil.anker@ermco-eci.com","soleil.anker@ermco-eci.com"
"197","","","M-AUEN-0006","5","E-709","16822","Moderate Changes","","106","106","5","ASAP","2026-04-16T04:00:00Z","AUEN","2000","NETWORK","B2","Cogent","","3","","","","2320","Switch","","na","8,125x13,5","2x 45*24","102*204","24.75","NETWORK","16","159","MR-AUEN-0006-V1","","","","2026-08-13T17:37:21Z","2025-12-03T08:18:43Z","False","1e9f0c58-c3a4-42f6-b283-df5784ee616b","AUSTIN ENERGY","MR-AUEN-0006-V1","","soleil.anker@ermco-eci.com","soleil.anker@ermco-eci.com"
"198","","","M-AUEN-0007","5","E-708","16823","Moderate Changes","","106","106","5","ASAP","2026-04-16T04:00:00Z","AUEN","500","NETWORK","B2","None","","3","","","","910","Switch","","na","5,125x10,25","2x 50*14","81*162","15.5","NETWORK","15","160","MR-AUEN-0007-V1","","","","2026-08-13T17:37:21Z","2025-12-03T08:19:25Z","False","ab64106d-c436-430e-b6cc-ded22b1f4cfc","AUSTIN ENERGY","MR-AUEN-0007-V1","","soleil.anker@ermco-eci.com","soleil.anker@ermco-eci.com"
"199","","","M-AUEN-0008","5","E-708","16824","Minor Changes","","106","106","2","ASAP","2026-04-16T04:00:00Z","AUEN","500","NETWORK","B2","None","","3","","","","950","","","","5,125x10,25","45*14","91*182","14.75","NETWORK","15","161","MR-AUEN-0008-V1","","","","2026-08-13T17:37:21Z","2025-12-03T08:20:18Z","False","919a5011-f1eb-4040-a09a-5bafdcfa23aa","AUSTIN ENERGY","MR-AUEN-0008-V1","","soleil.anker@ermco-eci.com","soleil.anker@ermco-eci.com"
"200","","","M-AUEN-0009","5","E-709","16825","Moderate Changes","","106","106","5","ASAP","2026-04-16T04:00:00Z","AUEN","500","NETWORK","B2","None","","3","","","","1010","Switch","","na","6,125x12,25","2x 50*16","11.5 RD","16.75","NETWORK","15","162","MR-AUEN-0009-V1","","","","2026-08-13T17:37:21Z","2025-12-03T08:21:02Z","False","cdca6350-8289-498d-b5ed-a14d949e2b00","AUSTIN ENERGY","MR-AUEN-0009-V1","","soleil.anker@ermco-eci.com","soleil.anker@ermco-eci.com"
"201","","","M-AUEN-0010","5","E-708","16826","Minor Changes","","106","106","2","ASAP","2026-04-16T04:00:00Z","AUEN","500","NETWORK","B2","None","","3","","","","1190","","","","6,25x10,25","50*14","12,5RD","14.75","NETWORK","15","163","MR-AUEN-0010-V1","","","","2026-08-13T17:37:21Z","2025-12-03T08:21:43Z","False","24ba02ce-a52f-47e8-afd4-9cc918fe55f5","AUSTIN ENERGY","MR-AUEN-0010-V1","","soleil.anker@ermco-eci.com","soleil.anker@ermco-eci.com"
"202","","","M-AUEN-0011","5","E-708","16827","Minor Changes","","106","106","3","ASAP","2026-04-16T04:00:00Z","AUEN","750","NETWORK","B2","None","","3","","","","1210","","","","6,25x10,25","2x 50*16","114*228","16.75","NETWORK","16","164","MR-AUEN-0011-V1","","","","2026-08-13T17:37:21Z","2025-12-03T08:22:31Z","False","ea5b7c6c-37f2-4950-b1b0-a35cc39a2f9a","AUSTIN ENERGY","MR-AUEN-0011-V1","","soleil.anker@ermco-eci.com","soleil.anker@ermco-eci.com"
"203","","","M-AUEN-0012","5","E-709","16828","Minor Changes","","106","106","3","ASAP","2026-04-16T04:00:00Z","AUEN","750","NETWORK","B2","None","","3","","","","1470","","","","5,5x13,25","2x 45*24","9RD","24.75","NETWORK","16","165","MR-AUEN-0012-V1","","","","2026-08-13T17:37:22Z","2025-12-03T08:23:02Z","False","e85d216d-69da-4976-9ed0-634ef3432afc","AUSTIN ENERGY","MR-AUEN-0012-V1","","soleil.anker@ermco-eci.com","soleil.anker@ermco-eci.com"
"204","","","M-AUEN-0013","5","","22212","Moderate Changes","","106","106","5","ASAP","2026-04-16T04:00:00Z","AUEN","0","None","None","None","","","","","","","","","","","","","","","","171","MR-AUEN-0013-V1","","","","2026-08-13T17:37:22Z","2025-12-03T08:23:26Z","False","fb4ee77d-17fd-4354-bbf1-ef2ce8adecfb","AUSTIN ENERGY","MR-AUEN-0013-V1","","soleil.anker@ermco-eci.com","soleil.anker@ermco-eci.com"
"205","","","M-AUEN-0014","5","","22213","Moderate Changes","","106","106","5","ASAP","2026-04-16T04:00:00Z","AUEN","0","None","None","None","","","","","","","","","","","","","","","","172","MR-AUEN-0014-V1","","","","2026-08-13T17:37:22Z","2025-12-03T08:23:47Z","False","132d6386-a888-4024-aa19-97e51bd2cc11","AUSTIN ENERGY","MR-AUEN-0014-V1","","soleil.anker@ermco-eci.com","soleil.anker@ermco-eci.com"
"206","","","M-AUEN-0015","5","E-708","23922","Moderate Changes","","106","106","5","ASAP","2026-04-16T04:00:00Z","AUEN","0","None","None","None","","","","","","","","","","","","","","","","173","MR-AUEN-0015-V1","","","","2026-08-13T17:37:22Z","2025-12-03T08:24:11Z","False","ce328d75-8945-4999-9282-fd532ce1a782","AUSTIN ENERGY","MR-AUEN-0015-V1","","soleil.anker@ermco-eci.com","soleil.anker@ermco-eci.com"
"207","","","M-AUEN-0016","5","E-709","23923","Moderate Changes","","106","106","5","ASAP","2026-04-16T04:00:00Z","AUEN","0","None","None","None","","","","","","","","","","","","","","","","174","MR-AUEN-0016-V1","","","","2026-08-13T17:37:22Z","2025-12-03T08:24:34Z","False","90e61298-b152-41e8-ac8b-6d16eab3d0a0","AUSTIN ENERGY","MR-AUEN-0016-V1","","soleil.anker@ermco-eci.com","soleil.anker@ermco-eci.com"
"208","","","M-AUEN-0017","5","E-709","24126","Moderate Changes","","106","106","5","ASAP","2026-04-16T04:00:00Z","AUEN","0","None","None","None","","","","","","","","","","","","","","","","175","MR-AUEN-0017-V1","","","","2026-08-13T17:37:22Z","2025-12-03T08:24:55Z","False","60342457-51be-4cf7-a73a-d5ee9ba981b6","AUSTIN ENERGY","MR-AUEN-0017-V1","","soleil.anker@ermco-eci.com","soleil.anker@ermco-eci.com"
"209","","","M-AUEN-0018","5","","24127","Moderate Changes","","106","106","5","ASAP","2026-04-16T04:00:00Z","AUEN","0","None","None","None","","","","","","","","","","","","","","","","176","MR-AUEN-0018-V1","","","","2026-08-13T17:37:23Z","2025-12-03T08:25:14Z","False","6a167ef2-698f-486c-a571-28da9fad9826","AUSTIN ENERGY","MR-AUEN-0018-V1","","soleil.anker@ermco-eci.com","soleil.anker@ermco-eci.com"
"210","","","M-AUEN-0019","5","","24263","Moderate Changes","","106","106","5","ASAP","2026-04-16T04:00:00Z","AUEN","0","None","None","None","","","","","","","","","","","","","","","","177","MR-AUEN-0019-V1","","","","2026-08-13T17:37:23Z","2025-12-03T08:25:31Z","False","f9eb8fb2-ba9e-4af0-b5d8-83af6feb1a67","AUSTIN ENERGY","MR-AUEN-0019-V1","","soleil.anker@ermco-eci.com","soleil.anker@ermco-eci.com"
"211","","","M-PSEG-0001","59","1-F-4","W007136","Moderate Changes","","106","106","5","ASAP","2026-02-06T05:00:00Z","PSEG","0","None","None","None","","","","","","","","","","","","","","","","345","MR-PSEG-0001-V1","","","","2026-08-13T17:37:49Z","2025-12-03T15:47:30Z","False","441c30dc-991c-412b-9f49-eef58dff694f","PSE§G ","MR-PSEG-0001-V1","","soleil.anker@ermco-eci.com","soleil.anker@ermco-eci.com"
"212","","","M-PSEG-0002","59","1-F-4","W007156","Moderate Changes","","106","106","5","ASAP","2026-02-06T05:00:00Z","PSEG","0","None","None","None","","","","","","","","","","","","","","","","346","MR-PSEG-0002-V1","","","","2026-08-13T17:37:49Z","2025-12-03T15:48:02Z","False","de73d8d0-008e-4003-aaa9-e3c8b5aa861c","PSE§G ","MR-PSEG-0002-V1","","soleil.anker@ermco-eci.com","soleil.anker@ermco-eci.com"
"213","","","M-PSEG-0003","59","ED-OP-SP-7107 (1-N-7)","W007800","Moderate Changes","","106","106","5","ASAP","2026-02-06T05:00:00Z","PSEG","2000","NETWORK","FR3","Cogent","","","","","","","","","","","","","","NETWORK","16","347","MR-PSEG-0003-V1","","","","2026-08-13T17:37:49Z","2025-12-03T15:49:02Z","False","1a0c0f59-96b4-442f-a23f-99dcff181547","PSE§G ","MR-PSEG-0003-V1","","soleil.anker@ermco-eci.com","soleil.anker@ermco-eci.com"
"214","","","M-PSEG-0004","59","ED-OP-SP-7107 (1-N-7)","W007802","Minor Changes","","106","106","1","ASAP","2026-02-06T05:00:00Z","PSEG","1500","NETWORK","FR3","None","","","","","","","","","","","","","","NETWORK","16","348","MR-PSEG-0004-V1","","","","2026-08-13T17:37:49Z","2025-12-03T15:49:46Z","False","48227007-58ff-427d-a868-0d55c9d87892","PSE§G ","MR-PSEG-0004-V1","","soleil.anker@ermco-eci.com","soleil.anker@ermco-eci.com"
"215","","","M-PSEG-0005","59","","W007804","Moderate Changes","","106","106","5","ASAP","2026-02-06T05:00:00Z","PSEG","0","None","None","None","","","","","","","","","","","","","","","","349","MR-PSEG-0005-V1","","","","2026-08-13T17:37:50Z","2025-12-03T15:50:12Z","False","8504dc0f-61a0-47cc-8004-450dacb7dbcd","PSE§G ","MR-PSEG-0005-V1","","soleil.anker@ermco-eci.com","soleil.anker@ermco-eci.com"
"216","","","M-PSEG-0006","59","ED-OP-SP-7107 (1-N-7)","W007808","Moderate Changes","","106","106","5","ASAP","2026-02-06T05:00:00Z","PSEG","0","None","None","None","","","","","","","","","","","","","","","","350","MR-PSEG-0006-V1","","","","2026-08-13T17:37:50Z","2025-12-03T15:50:50Z","False","d687329a-31f6-4c2a-8e44-457c43a85758","PSE§G ","MR-PSEG-0006-V1","","soleil.anker@ermco-eci.com","soleil.anker@ermco-eci.com"
"217","","","M-PSEG-0007","59","ED-OP-SP-7107 (1-N-7)","W007812","Moderate Changes","","106","106","5","ASAP","2026-02-06T05:00:00Z","PSEG","750","NETWORK","None","None","","","","","","","","","","","","","","NETWORK","16","351","MR-PSEG-0007-V1","","","","2026-08-13T17:37:50Z","2025-12-03T15:51:24Z","False","c8c64868-7067-49fb-910e-27f74ce97e9e","PSE§G ","MR-PSEG-0007-V1","","soleil.anker@ermco-eci.com","soleil.anker@ermco-eci.com"
"218","","","M-PSEG-0008","59","ED-OP-SP-7107 (1-N-7)","W007814","Moderate Changes","","106","106","5","ASAP","2026-02-06T05:00:00Z","PSEG","0","None","None","None","","","","","","","","","","","","","","","","352","MR-PSEG-0008-V1","","","","2026-08-13T17:37:50Z","2025-12-03T15:51:43Z","False","2f5c4764-44ec-456e-aad9-ca6f691b3da2","PSE§G ","MR-PSEG-0008-V1","","soleil.anker@ermco-eci.com","soleil.anker@ermco-eci.com"
"219","","","M-PSEG-0009","59","ED-OP-SP-7107 (1-N-7)","W007816","Moderate Changes","","106","106","5","ASAP","2026-02-06T05:00:00Z","PSEG","0","None","None","None","","","","","","","","","","","","","","","","353","MR-PSEG-0009-V1","","","","2026-08-13T17:37:50Z","2025-12-03T15:52:05Z","False","01d2c426-c129-40bd-be68-6c90bc9abe24","PSE§G ","MR-PSEG-0009-V1","","soleil.anker@ermco-eci.com","soleil.anker@ermco-eci.com"
"220","","","M-PSEG-0010","59","ED-OP-SP-7107 (1-N-7)","W007818","Moderate Changes","","106","106","5","ASAP","2026-02-06T05:00:00Z","PSEG","0","None","None","None","","","","","","","","","","","","","","","","354","MR-PSEG-0010-V1","","","","2026-08-13T17:37:50Z","2025-12-03T15:52:35Z","False","01b44583-d23c-43df-bdb2-5a6e825ce44a","PSE§G ","MR-PSEG-0010-V1","","soleil.anker@ermco-eci.com","soleil.anker@ermco-eci.com"
"221","","","M-PSEG-0011","59","1-J-8","W007820","Moderate Changes","","106","106","5","ASAP","2026-02-06T05:00:00Z","PSEG","750","NETWORK","FR3","None","","","","","","","","","","","","","","NETWORK","16","355","MR-PSEG-0011-V1","","","","2026-08-13T17:37:50Z","2025-12-03T15:53:20Z","False","e010d91d-5bb7-4fda-9b09-66cf1a762b40","PSE§G ","MR-PSEG-0011-V1","","soleil.anker@ermco-eci.com","soleil.anker@ermco-eci.com"
"222","","","M-PSEG-0012","59","1-J-8","W007822","Moderate Changes","","106","106","5","ASAP","2026-02-06T05:00:00Z","PSEG","1000","NETWORK","FR3","None","","","","","","","","","","","","","","NETWORK","16","356","MR-PSEG-0012-V1","","","","2026-08-13T17:37:50Z","2025-12-03T15:54:16Z","False","7c67b4c9-ec56-4951-a1b7-4fc0769f93c1","PSE§G ","MR-PSEG-0012-V1","","soleil.anker@ermco-eci.com","soleil.anker@ermco-eci.com"
"223","","","M-PSEG-0013","59","1-J-8","W007826","Moderate Changes","","106","106","5","ASAP","2026-02-06T05:00:00Z","PSEG","300","NETWORK","FR3","None","","","","","","","","","","","","","","NETWORK","15","357","MR-PSEG-0013-V1","","","","2026-08-13T17:37:50Z","2025-12-03T15:54:41Z","False","7e060926-90b2-4cd6-90fa-03d6b0d79e36","PSE§G ","MR-PSEG-0013-V1","","soleil.anker@ermco-eci.com","soleil.anker@ermco-eci.com"
"224","","","M-PSEG-0014","59","1-J-8","W007828","Moderate Changes","","106","106","5","ASAP","2026-02-06T05:00:00Z","PSEG","0","None","None","None","","","","","","","","","","","","","","","","358","MR-PSEG-0014-V1","","","","2026-08-13T17:37:50Z","2025-12-03T15:55:40Z","False","a11c9352-6904-4e2f-91a3-eaa9c9e258bf","PSE§G ","MR-PSEG-0014-V1","","soleil.anker@ermco-eci.com","soleil.anker@ermco-eci.com"
"225","","","M-PSEG-0015","59","1-J-8","W007830","Moderate Changes","","106","106","5","ASAP","2026-02-06T05:00:00Z","PSEG","750","NETWORK","FR3","None","","","","","","","","","","","","","","NETWORK","16","359","MR-PSEG-0015-V1","","","","2026-08-13T17:37:50Z","2025-12-03T15:56:13Z","False","f2f2ca56-bc55-420a-9d5a-0a79147990ff","PSE§G ","MR-PSEG-0015-V1","","soleil.anker@ermco-eci.com","soleil.anker@ermco-eci.com"
"226","","","M-PSEG-0016","59","1-J-8","W007832","Moderate Changes","","106","106","5","ASAP","2026-02-06T05:00:00Z","PSEG","1000","NETWORK","FR3","None","","","","","","","","","","","","","","NETWORK","16","360","MR-PSEG-0016-V1","","","","2026-08-13T17:37:51Z","2025-12-03T15:57:03Z","False","ac0c073f-171a-40b6-8fb8-219aa0a134b1","PSE§G ","MR-PSEG-0016-V1","","soleil.anker@ermco-eci.com","soleil.anker@ermco-eci.com"
"227","","","M-PSEG-0017","59","ED-OP-SP-7107 (1-N-7)","W008600","Moderate Changes","","106","106","5","ASAP","2026-02-06T05:00:00Z","PSEG","0","None","None","None","","","","","","","","","","","","","","","","361","MR-PSEG-0017-V1","","","","2026-08-13T17:37:51Z","2025-12-03T15:57:46Z","False","123c6321-a221-4afe-acec-2d201b7714b2","PSE§G ","MR-PSEG-0017-V1","","soleil.anker@ermco-eci.com","soleil.anker@ermco-eci.com"
"228","","","M-PSEG-0018","59","ED-OP-SP-7107 (1-N-7)","W008602","Moderate Changes","","106","106","5","ASAP","2026-02-06T05:00:00Z","PSEG","0","None","None","None","","","","","","","","","","","","","","","","362","MR-PSEG-0018-V1","","","","2026-08-13T17:37:51Z","2025-12-03T15:58:17Z","False","a5ff93f1-0ac4-425d-9b36-b39cfd8a3b1e","PSE§G ","MR-PSEG-0018-V1","","soleil.anker@ermco-eci.com","soleil.anker@ermco-eci.com"
"229","","","M-PSEG-0019","59","ED-OP-SP-7107 (1-N-7)","W008604","Minor Changes","","106","106","1","ASAP","2026-02-06T05:00:00Z","PSEG","1000","NETWORK","FR3","None","","","","","","","","","","","","","","NETWORK","16","363","MR-PSEG-0019-V1","","","","2026-08-13T17:37:51Z","2025-12-03T15:58:45Z","False","34be7245-e766-405f-978e-a502c2a37f9b","PSE§G ","MR-PSEG-0019-V1","","soleil.anker@ermco-eci.com","soleil.anker@ermco-eci.com"
"230","","","M-PSEG-0020","59","ED-OP-SP-7107 (1-N-7)","W008606","Moderate Changes","","106","106","5","ASAP","2026-02-06T05:00:00Z","PSEG","750","NETWORK","FR3","None","","","","","","","","","","","","","","NETWORK","16","364","MR-PSEG-0020-V1","","","","2026-08-13T17:37:51Z","2025-12-03T16:01:11Z","False","ebd50f15-69f3-435c-b701-7035f99e7ff0","PSE§G ","MR-PSEG-0020-V1","","soleil.anker@ermco-eci.com","soleil.anker@ermco-eci.com"
"231","","","M-PSEG-0021","59","ED-OP-SP-7107 (1-N-7)","W008608","Moderate Changes","","106","106","5","ASAP","2026-02-06T05:00:00Z","PSEG","1000","NETWORK","FR3","None","","","","","","","","","","","","","","NETWORK","16","365","MR-PSEG-0021-V1","","","","2026-08-13T17:37:51Z","2025-12-03T16:01:48Z","False","3019c42c-bf33-4534-b4a6-b1be7aa36fbb","PSE§G ","MR-PSEG-0021-V1","","soleil.anker@ermco-eci.com","soleil.anker@ermco-eci.com"
"232","","","M-PSEG-0022","59","ED-OP-SP-7107 (1-N-7)","W008610","Moderate Changes","","106","106","5","ASAP","2026-02-06T05:00:00Z","PSEG","1000","None","None","None","","","","","","","","","","","","","","","","366","MR-PSEG-0022-V1","","","","2026-08-13T17:37:51Z","2025-12-03T16:02:04Z","False","e6e786ec-8fb8-41fb-a045-753099ccf7e4","PSE§G ","MR-PSEG-0022-V1","","soleil.anker@ermco-eci.com","soleil.anker@ermco-eci.com"
"233","","","M-PSEG-0023","59","ED-OP-SP-7107 (1-N-7)","W008612","Moderate Changes","","106","106","5","ASAP","2026-02-06T05:00:00Z","PSEG","0","None","None","None","","","","","","","","","","","","","","","","367","MR-PSEG-0023-V1","","","","2026-08-13T17:37:51Z","2025-12-03T16:02:34Z","False","03a98938-252a-438e-b8d6-37a3a7a492d6","PSE§G ","MR-PSEG-0023-V1","","soleil.anker@ermco-eci.com","soleil.anker@ermco-eci.com"
"234","","","M-PSEG-0024","59","ED-OP-SP-7107 (1-N-7)","W008614","Moderate Changes","","106","106","5","ASAP","2026-02-06T05:00:00Z","PSEG","0","None","None","None","","","","","","","","","","","","","","","","368","MR-PSEG-0024-V1","","","","2026-08-13T17:37:51Z","2025-12-03T16:02:47Z","False","8418f597-6098-4e92-aacf-862717f7a5f6","PSE§G ","MR-PSEG-0024-V1","","soleil.anker@ermco-eci.com","soleil.anker@ermco-eci.com"
"235","","","M-PSEG-0025","59","","W008616","Moderate Changes","","106","106","5","ASAP","2026-02-06T05:00:00Z","PSEG","0","None","None","None","","","","","","","","","","","","","","","","369","MR-PSEG-0025-V1","","","","2026-08-13T17:37:51Z","2025-12-03T16:03:01Z","False","4b9d41d1-94b9-4e53-9e61-89acddf57d0c","PSE§G ","MR-PSEG-0025-V1","","soleil.anker@ermco-eci.com","soleil.anker@ermco-eci.com"
"236","","","M-KORT-0001","33","DS1410","KSMUD10010961","Minor Changes","","106","106","3","ASAP","2026-02-06T05:00:00Z","KORT","1000","NETWORK","FR3","Cogent","","","","","","","","","","","","","","NETWORK","16","316","MR-KORT-0001-V1","","","","2026-08-13T17:37:43Z","2025-12-03T17:49:36Z","False","b936e068-abba-4dc6-98c0-e315cca06042","KORTICK","MR-KORT-0001-V1","","soleil.anker@ermco-eci.com","soleil.anker@ermco-eci.com"
"237","","","M-KORT-0002","33","DS1410","KSMUD10011580","Minor Changes","","106","106","3","ASAP","2026-02-06T05:00:00Z","KORT","750","NETWORK","FR3","Cogent","","","","","","","","","","","","","","NETWORK","16","317","MR-KORT-0002-V1","","","","2026-08-13T17:37:43Z","2025-12-03T17:50:26Z","False","3260be33-b43e-4d03-af61-4c2f8893d8b7","KORTICK","MR-KORT-0002-V1","","soleil.anker@ermco-eci.com","soleil.anker@ermco-eci.com"
"238","","","M-KORT-0003","33","DS1410","KSMUD10011581","Minor Changes","","106","106","2","ASAP","2026-02-06T05:00:00Z","KORT","750","NETWORK","FR3","Cogent","","","","","","","","","","","","","","NETWORK","16","318","MR-KORT-0003-V1","","","","2026-08-13T17:37:43Z","2025-12-03T17:51:12Z","False","cb43d6ae-c19f-4a78-aecf-6b086cd7a3fd","KORTICK","MR-KORT-0003-V1","","soleil.anker@ermco-eci.com","soleil.anker@ermco-eci.com"
"239","","","M-KORT-0004","33","DS1410","KSMUD10011582","Minor Changes","","106","106","1","ASAP","","KORT","500","NETWORK","FR3","Cogent","","3","","","","245","","","","5.75x10.25","2x 45*14","91*182","14375","NETWORK","15","319","MR-KORT-0004-V1","","","","2026-08-13T17:37:43Z","2025-12-03T17:51:51Z","False","e3aec605-b23b-4304-ba5e-6b60744dc8fc","KORTICK","MR-KORT-0004-V1","","soleil.anker@ermco-eci.com","soleil.anker@ermco-eci.com"
"240","","","M-KORT-0005","33","DS1410","KSMUD10028678","Major Changes","","106","106","10","ASAP","2026-02-06T05:00:00Z","KORT","1500","NETWORK","FR3","None","","","","","","","","","","","","","","NETWORK","16","320","M-KORT-0005","","","","2026-08-13T17:37:43Z","2025-12-03T17:52:22Z","False","b1236808-83f1-4c27-a472-7b2ed3185847","KORTICK","MR-KORT-0005-V1","","soleil.anker@ermco-eci.com","soleil.anker@ermco-eci.com"
"241","","","M-XCEN-0001","73","6110.0701","108860","Up to Date","","106","106","0","","","XCEN","750","NETWORK","FR3","","","3","PROTECTOR","","","325","Switch","0","na","6,5x10,25","2x 50*16","102*204","16.75","NETWORK","16","88","MR-XCEN-0001-V1","","","","2026-08-13T17:37:57Z","2025-12-03T18:09:29Z","False","8efb56e9-0b8a-4bb8-ba38-a853617220cd","XCEL ENERGY NORTHERN","MR-XCEN-0001-V1","","soleil.anker@ermco-eci.com","soleil.anker@ermco-eci.com"
"242","","","M-XCEN-0002","73","6110.0701","108863","Up to Date","","106","106","0","ASAP","","XCEN","1000","NETWORK","FR3","","","3","","","","375","","0","na","7x10,25","2x 45*24","128*256","24.75","NETWORK","16","89","M-XCEN-0002","","","","2026-08-13T17:37:57Z","2025-12-03T18:10:08Z","False","de82c661-7ea2-417e-87cf-2e9b929ca371","XCEL ENERGY NORTHERN","MR-XCEN-0002-V1","","soleil.anker@ermco-eci.com","soleil.anker@ermco-eci.com"
"243","","","M-XCEN-0003","73","6110.0701","108864","Up to Date","","106","106","0","ASAP","","XCEN","750","NETWORK","FR3","","","3","PROTECTOR","","","355","","0","na","6,375x10,25","50*14","91*182","14.75","NETWORK","16","90","MR-XCEN-0003-V1","","","","2026-08-13T17:37:57Z","2025-12-03T18:10:41Z","False","fd333c1e-f014-4ccf-9b5e-435b50bafe98","XCEL ENERGY NORTHERN","MR-XCEN-0003-V1","","soleil.anker@ermco-eci.com","soleil.anker@ermco-eci.com"
"244","","","M-XCEN-0004","73","6110.0701","108865","Minor Changes","","106","106","3","ASAP","2026-02-06T05:00:00Z","XCEN","0","None","None","None","","","","","","","","","","","","","","","","91","MR-XCEN-0004-V1","","","","2026-08-13T17:37:57Z","2025-12-03T18:11:11Z","False","6045b8b5-4805-45be-bacc-97a4b90926f9","XCEL ENERGY NORTHERN","MR-XCEN-0004-V1","","soleil.anker@ermco-eci.com","soleil.anker@ermco-eci.com"
"245","","","M-XCEN-0005","73","6110.0701","108866","Minor Changes","","106","106","1","ASAP","2026-02-06T05:00:00Z","XCEN","1500","NETWORK","FR3","","","3","PROTECTOR","","","545","0","0","0","6,875x12,5","2x 45*20","128*256","20.75","NETWORK","16","92","MR-XCEN-0005-V1","","","","2026-08-13T17:37:57Z","2025-12-03T18:12:17Z","False","1bdc04ce-fbb1-4fae-8c37-9f0519273366","XCEL ENERGY NORTHERN","MR-XCEN-0005-V1","","soleil.anker@ermco-eci.com","soleil.anker@ermco-eci.com"
"246","","","M-XCEN-0006","73","6110.0701","6863","Minor Changes","","106","106","3","ASAP","2026-02-06T05:00:00Z","XCEN","0","None","None","None","","","","","","","","","","","","","","","","273","MR-XCEN-0006-V1","","","","2026-08-13T17:37:57Z","2025-12-03T18:12:40Z","False","cd7f614f-c854-48a5-8020-b5041682e35d","XCEL ENERGY NORTHERN","MR-XCEN-0006-V1","","soleil.anker@ermco-eci.com","soleil.anker@ermco-eci.com"
"247","","","M-XCEN-0007","73","6110.0701","6864","Minor Changes","","106","106","3","ASAP","2026-02-06T05:00:00Z","XCEN","0","None","None","None","","","","","","","","","","","","","","","","274","MR-XCEN-0007-V1","","","","2026-08-13T17:37:57Z","2025-12-03T18:12:55Z","False","96f326d8-7c6d-475f-a2fb-7691aba7195a","XCEL ENERGY NORTHERN","MR-XCEN-0007-V1","","soleil.anker@ermco-eci.com","soleil.anker@ermco-eci.com"
"248","","","M-XCEN-0008","73","6110.0701","6865","Up to Date","","106","106","0","ASAP","","XCEN","1500","NETWORK","FR3","","","3","PROTECTOR","","","535","","0","na","8,125x10,5","2x 45*16","128*256","16.75","NETWORK","16","275","MR-XCEN-0008-V1","","","","2026-08-13T17:37:57Z","2025-12-03T18:13:31Z","False","6a708c86-94ca-4642-a935-b77f59aceb70","XCEL ENERGY NORTHERN","MR-XCEN-0008-V1","","soleil.anker@ermco-eci.com","soleil.anker@ermco-eci.com"
"249","","","M-XCEN-0009","73","6110.0701","69305","Minor Changes","","106","106","3","ASAP","2026-02-06T05:00:00Z","XCEN","500","NETWORK","FR3","None","","3","PROTECTOR","","","275","","","na","5,25x10,25","45*14","9RD","15","NETWORK","15","276","MR-XCEN-0009-V1","","","","2026-08-13T17:37:57Z","2025-12-03T18:14:04Z","False","a17542ad-fabd-4162-8eed-e35f13a70fb6","XCEL ENERGY NORTHERN","MR-XCEN-0009-V1","","soleil.anker@ermco-eci.com","soleil.anker@ermco-eci.com"
"250","","","M-EPCO-0001","19","6200051529003","12587","Minor Changes","","106","106","2","ASAP","2026-02-06T05:00:00Z","EPCO","750","NETWORK","Luminol","None","","3","","","","1200","","","na","4,75x14,25","2x 50*14","102*204","14.75","NETWORK","16","133","MR-EPCO-0001-V1","","","","2026-08-13T17:37:30Z","2025-12-03T18:19:26Z","False","3e353868-9a06-451b-aeb1-a8b231032493","EPCOR","MR-EPCO-0001-V1","","soleil.anker@ermco-eci.com","soleil.anker@ermco-eci.com"
"251","","","M-EPCO-0002","19","6200051529003","15273","Minor Changes","","106","106","1","ASAP","2026-02-06T05:00:00Z","EPCO","500","NETWORK","Luminol","","","3","","","","925","","0","","5,625x10,25","2x 45*12","10RD","12.75","NETWORK","15","153","MR-EPCO-0002-V1","","","","2026-08-13T17:37:30Z","2025-12-03T18:20:10Z","False","3460983d-aefb-4eda-b922-a3e3586ee75c","EPCOR","MR-EPCO-0002-V1","","soleil.anker@ermco-eci.com","soleil.anker@ermco-eci.com"
"252","","","M-EPCO-0003","19","6200051531100","29649","Minor Changes","","106","106","2","ASAP","2026-02-06T05:00:00Z","EPCO","1000","NETWORK","Luminol","None","","3","","","","1050","","","na","25,5x12,25","45*20","114*228","20.75","NETWORK","25","179","MR-EPCO-0003-V1","","","","2026-08-13T17:37:30Z","2025-12-03T18:21:11Z","False","8e63c430-cac9-4823-8a53-d8be5669308e","EPCOR","MR-EPCO-0003-V1","","soleil.anker@ermco-eci.com","soleil.anker@ermco-eci.com"
"253","","","M-EPCO-0004","19","6200051531100","29650","Minor Changes","","106","106","2","ASAP","2026-02-06T05:00:00Z","EPCO","1500","NETWORK","Luminol","None","","3","","","","1170","stackore","","na","5,75x12,25","50*28","2x 102*204","28.75","NETWORK","25","180","MR-EPCO-0004-V1","","","","2026-08-13T17:37:31Z","2025-12-03T18:22:12Z","False","fb28166e-2cac-4edd-9ea2-bee1f8294b40","EPCOR","MR-EPCO-0004-V1","","soleil.anker@ermco-eci.com","soleil.anker@ermco-eci.com"
"254","","","M-EPCO-0005","19","6200051531100","29651","Minor Changes","","106","106","2","ASAP","2026-02-06T05:00:00Z","EPCO","2000","NETWORK","Luminol","None","","3","","","","1320","","","na","7,25x12,5","50*28","2x 114*228","28.75","NETWORK","25","181","MR-EPCO-0005-V1","","","","2026-08-13T17:37:31Z","2025-12-03T18:22:57Z","False","ef911d80-90c3-40c8-b383-20705adee0bb","EPCOR","MR-EPCO-0005-V1","","soleil.anker@ermco-eci.com","soleil.anker@ermco-eci.com"
"255","","","M-EPCO-0006","19","6200051531100","29653","Minor Changes","","106","106","2","ASAP","2026-02-06T05:00:00Z","EPCO","2500","NETWORK","A2","Annexe","","3","","","","1630","","","","8,5x13,5","2x 45*24","2x 128*256","25","NETWORK","25","182","MR-EPCO-0006-V1","","","","2026-08-13T17:37:31Z","2025-12-03T18:23:37Z","False","42571a6e-9000-4caa-9a13-e86a6c7ae5cc","EPCOR","MR-EPCO-0006-V1","","soleil.anker@ermco-eci.com","soleil.anker@ermco-eci.com"
"256","","","M-NAEL-0001","42","ET-258-9","55-001","Minor Changes","","106","106","4","ASAP","2026-02-06T05:00:00Z","NAEL","0","None","None","None","","","","","","","","","","","","","","","","200","MR-NAEL-0001-V1","","","","2026-08-13T17:37:47Z","2025-12-03T18:35:49Z","False","9e47d216-e0eb-4c6b-a744-89aaf0e60338","NASHVILLE ELECTRIC","MR-NAEL-0001-V1","","soleil.anker@ermco-eci.com","soleil.anker@ermco-eci.com"
"257","","","M-NAEL-0002","42","ET-258-12","966600000","Up to Date","","106","106","0","","","NAEL","750","NETWORK","B2","None","","3","","","","1230","","","","6.75x10.25","2x 0.05*16","102*204","16.75","NETWORK","16","281","MR-NAEL-0002-V1","","","","2026-08-13T17:37:47Z","2025-12-03T18:36:41Z","False","24610141-746b-4896-a1f8-1b8e2d3a9ac8","NASHVILLE ELECTRIC","MR-NAEL-0002-V1","","soleil.anker@ermco-eci.com","soleil.anker@ermco-eci.com"
"258","","","M-NAEL-0003","42","ET-258-10","966620000","Moderate Changes","","106","106","5","ASAP","2026-04-10T04:00:00Z","NAEL","750","NETWORK","B2","None","","","","","","","","","","","","","","NETWORK","16","282","M-NAEL-0003","","","","2026-08-31T19:41:25Z","2025-12-03T18:37:47Z","False","397e385e-d347-4316-99f7-3aec22a0104e","NASHVILLE ELECTRIC","MR-NAEL-0003-V1","","soleil.anker@ermco-eci.com","soleil.anker@ermco-eci.com"
"259","","","M-NAEL-0004","42","ET-258-10","966635000","Moderate Changes","","106","106","5","ASAP","2026-04-10T04:00:00Z","NAEL","0","None","None","None","","","","","","","","","","","","","","","","283","MR-NAEL-0004-V1","","","","2026-08-13T17:37:47Z","2025-12-03T18:38:15Z","False","b4fc470c-a8eb-4829-9c4b-76bde28ea462","NASHVILLE ELECTRIC","MR-NAEL-0004-V1","","soleil.anker@ermco-eci.com","soleil.anker@ermco-eci.com"
"260","","","M-NAEL-0005","42","ET-258-12","966640000","Moderate Changes","","106","106","5","ASAP","2026-04-10T04:00:00Z","NAEL","0","None","None","None","","","","","","","","","","","","","","","","284","MR-NAEL-0005-V1","","","","2026-08-13T17:37:47Z","2025-12-03T18:38:48Z","False","254e3c06-6e10-4939-91c0-bddae03aff01","NASHVILLE ELECTRIC","MR-NAEL-0005-V1","","soleil.anker@ermco-eci.com","soleil.anker@ermco-eci.com"
"261","","","M-NAEL-0006","42","ET-258-12","966652000","Moderate Changes","","106","106","5","ASAP","2026-04-10T04:00:00Z","NAEL","1500","NETWORK","B2","None","","","","","","","","","","","","","","NETWORK","16","285","MR-NAEL-0006-V1","","","","2026-08-13T17:37:47Z","2025-12-03T18:39:25Z","False","67a5e1e2-0b21-48aa-8328-61bb007dd16f","NASHVILLE ELECTRIC","MR-NAEL-0006-V1","","soleil.anker@ermco-eci.com","soleil.anker@ermco-eci.com"
"262","","","M-NAEL-0007","42","ET-258-12","966656000","Minor Changes","","106","106","2","ASAP","2026-04-10T04:00:00Z","NAEL","2000","NETWORK","B2","None","","","","","","","","","","","","","","NETWORK","16","286","MR-NAEL-0007-V1","","","","2026-08-13T17:37:47Z","2025-12-03T18:40:13Z","False","564e995a-1366-4b25-a4fd-d3439b12f32b","NASHVILLE ELECTRIC","MR-NAEL-0007-V1","","soleil.anker@ermco-eci.com","soleil.anker@ermco-eci.com"
"263","","","M-NAEL-0008","42","ET-258-12","966660000","Moderate Changes","","106","106","5","ASAP","2026-04-10T04:00:00Z","NAEL","0","None","None","None","","","","","","","","","","","","","","","","287","MR-NAEL-0008-V1","","","","2026-08-13T17:37:47Z","2025-12-03T18:40:30Z","False","a3310247-9f9e-4144-855d-ecb0a550424a","NASHVILLE ELECTRIC","MR-NAEL-0008-V1","","soleil.anker@ermco-eci.com","soleil.anker@ermco-eci.com"
"264","","","M-OTHY-0001","27","GMS-0002","616164","Minor Changes","","106","106","2","ASAP","2026-02-06T05:00:00Z","OTHY","333","C2","B2","","","1","","","","450","","","","7x13,25","33*10 50*10","114*228","11","VAULT-1PH","03","226","MR-OTHY-0001-V1","","","","2026-08-13T17:37:47Z","2025-12-03T18:46:55Z","False","b61bd64c-ac41-4245-ba38-5397a247a33d","OTTAWA HYDRO","MR-OTHY-0001-V1","","soleil.anker@ermco-eci.com","soleil.anker@ermco-eci.com"
"266","","","M-OTHY-0002","27","GMS-0002","617070","Minor Changes","","106","106","2","ASAP","2026-02-06T05:00:00Z","OTHY","667","C2","B2","","","1","","","","710","","","","10,25x13,375","2x 50*14","2x 102*204","15","VAULT-1PH","03","228","MR-OTHY-0002-V1","","","","2026-08-13T17:37:47Z","2025-12-03T18:49:08Z","False","e03c9716-db50-4807-b53f-18c7890129a1","OTTAWA HYDRO","MR-OTHY-0002-V1","","soleil.anker@ermco-eci.com","soleil.anker@ermco-eci.com"
"267","","","M-OTHY-0003","27","GMS-0002","617141","Minor Changes","","106","106","1","ASAP","","OTHY","333","C2","B2","","","1","","","","540","","","","8,75x12,25","45*10 50*10","102*204","11","VAULT-1PH","3","229","MR-OTHY-0003-V1","","","","2026-08-13T17:37:48Z","2025-12-03T18:49:35Z","False","b075d47b-e9fd-4bbd-829e-a7a1054f22fc","OTTAWA HYDRO","MR-OTHY-0003-V1","","soleil.anker@ermco-eci.com","soleil.anker@ermco-eci.com"
"268","","","M-OTHY-0004","27","GMS-0002","617211","Up to Date","","106","106","0","","","OTHY","667","C2","B2","Cogent","","1","PROTECTOR","","","720","Mono","","na","10x13,5","2x 50*14","2x 114*228","14.75","VAULT-1PH","3","231","MR-OTHY-0004-V1","","","","2026-08-13T17:37:48Z","2025-12-03T18:50:56Z","False","8f921d59-5604-45d2-8d07-cef449704a9b","OTTAWA HYDRO","MR-OTHY-0004-V1","","soleil.anker@ermco-eci.com","soleil.anker@ermco-eci.com"
"269","","","M-OTHY-0005","27","GMS-0002","617515","Up to Date","","106","106","0","","","OTHY","833","C2","B2","","","1","","","","887","Mono","0","na","9.875x13.5","3x 45*18","2x 128*256","19","VAULT-1PH","30","232","MR-OTHY-0005-V1","","","","2026-08-13T17:37:48Z","2025-12-03T18:51:37Z","False","dbe3e9f2-5a9f-4254-9bfb-3fd7006bc099","OTTAWA HYDRO","MR-OTHY-0005-V1","","soleil.anker@ermco-eci.com","soleil.anker@ermco-eci.com"
"270","","","M-OTHY-0006","27","GMS-0002","617563","Minor Changes","","106","106","2","ASAP","2026-02-06T05:00:00Z","OTHY","0","None","None","None","","","","","","","","","","","","","","","","233","MR-OTHY-0006-V1","","","","2026-08-13T17:37:48Z","2025-12-03T18:52:07Z","False","c2efccf6-a4c9-474c-8104-91a02738aff7","OTTAWA HYDRO","MR-OTHY-0006-V1","","soleil.anker@ermco-eci.com","soleil.anker@ermco-eci.com"
"271","","","M-OTHY-0007","27","GMS-0002","618509","Minor Changes","","106","106","2","ASAP","2026-02-06T05:00:00Z","OTHY","1000","C2","B2","","","1","","","","900","Mono","","na","12x14,5","3x 45*18","4x114*228","19","VAULT-1PH","3","234","MR-OTHY-0007-V1","","","","2026-08-13T17:37:48Z","2025-12-03T18:52:54Z","False","35a42322-cd59-4be3-8ba6-9d49004bfc85","OTTAWA HYDRO","MR-OTHY-0007-V1","","soleil.anker@ermco-eci.com","soleil.anker@ermco-eci.com"
"272","","","M-OTHY-0008","27","GMS-0002","618513","Minor Changes","","106","106","2","ASAP","2026-02-06T05:00:00Z","OTHY","1000","C2","B2","None","","","","","","910","Mono","","na","11,375x14,5","3x 45*18","128*256","19","VAULT-1PH","3","235","MR-OTHY-0008-V1","","","","2026-08-13T17:37:48Z","2025-12-03T18:53:38Z","False","62d378aa-fe10-4515-84c5-576f64ce875e","OTTAWA HYDRO","MR-OTHY-0008-V1","","soleil.anker@ermco-eci.com","soleil.anker@ermco-eci.com"
"273","","","M-OTHY-0009","27","GMS-0002","618527","Minor Changes","","106","106","2","ASAP","2026-02-06T05:00:00Z","OTHY","883","C2","B2","Cogent","","","","","","1135","Mono","","na","12,125x14,375","3x 45*24","128*256","25","VAULT-1PH","3","236","MR-OTHY-0009-V1","","","","2026-08-13T17:37:48Z","2025-12-03T18:54:12Z","False","ad13396e-e9c6-4d0a-b35a-682bf6007129","OTTAWA HYDRO","MR-OTHY-0009-V1","","soleil.anker@ermco-eci.com","soleil.anker@ermco-eci.com"
"275","","","M-HYQU-0038","115","","663","","","106","106","0","","","HYQU","1000","ZIG-ZAG","A2","Annexe","","3","","","","6210","","","","ronde","9x 70*244","9x 70*244","28.125","MALT","22","237","MR-HYQU-0038-V1","","","","2026-08-13T17:37:37Z","2026-04-24T05:05:06Z","False","e3a81d74-3ae9-4646-8b4d-ea72c0d0d40a","HYDRO QUEBEC","MR-HYQU-0038-V1","","soleil.anker@ermco-eci.com","soleil.anker@ermco-eci.com"
"276","","","M-FIEN-0001","97","","4216","","","106","106","","","","FIEN","500","NETWORK","B2","","","3","","","","1030","","","","5,75x12,25","2x 45*12","128*256","13","NETWORK","15","185","MR-FIEN-0001-V1","","","","2026-08-13T17:37:31Z","2026-04-24T05:05:07Z","False","4b9ccc73-d9f9-4414-bbaf-2e835ceb2cad","FIRST ENERGY","MR-FIEN-0001-V1","","soleil.anker@ermco-eci.com","soleil.anker@ermco-eci.com"
"278","","","M-LITE-0001","98","","5200","","","106","106","","","","LITE","3000","FLAT FRONT","FR3","","","3","","","","740","","","","9.125x12.5","2x 33*24","114*228","25","FLAT FRONT","10","199","MR-LITE-0001-V1","","","","2026-08-13T17:37:44Z","2026-04-24T05:12:07Z","False","3b73db00-617d-4b3e-9dc8-80dc4008c5c6","LTL (LINEMAN'S TESTING LAB)","MR-LITE-0001-V1","","soleil.anker@ermco-eci.com","soleil.anker@ermco-eci.com"
"294","","","M-HYQU-0039","115","","20757","","","106","106","","","","HYQU","29.4","ZIG-ZAG","A2","","","3","PROTECTOR","","","3830","stackore","","na","ronde","9x 70*219","70*219","34313","MALT","22","168","MR-HYQU-0039-V1","","","","2026-08-13T17:37:38Z","2026-04-24T05:12:33Z","False","2dc818d2-c759-4698-a93a-6124d5467ec9","HYDRO QUEBEC","MR-HYQU-0039-V1","","soleil.anker@ermco-eci.com","soleil.anker@ermco-eci.com"
"295","","","M-MAGA-0007","37","","21050","","","106","106","","","","MAGA","750","NETWORK","FR3","","","3","PROTECTOR","","","330","","","","6.375x10.25","2x 50*16","102*204","16.75","NETWORK","38","169","MR-MAGA-0007-V1","","","","2026-08-13T17:37:45Z","2026-04-24T05:12:35Z","False","405ab70d-e4e1-44a8-bb10-22417c279adb","MADISON GAS § ELECTRIC","MR-MAGA-0007-V1","","soleil.anker@ermco-eci.com","soleil.anker@ermco-eci.com"
"296","","","M-POSY-0001","56","","21918","","","106","106","","","","POSY","2000","SUBSTATION","FR3","","","3","","","","700","","","","11,125x14,5","33*18 45*18","9RD","19","SUBSTATION","19","170","MR-POSY-0001-V1","","","","2026-08-13T17:37:49Z","2026-04-24T05:12:37Z","False","5fae16f6-337b-44a7-860f-0af4080adb0d","POWER SYSTEM SOLUTIONS","MR-POSY-0001-V1","","soleil.anker@ermco-eci.com","soleil.anker@ermco-eci.com"
"309","","","M-LISA-0001","36","","94949","","","106","106","","","","LISA","3750","POWER-W","B2","","","3","","","","3710","","","na","12,375x14,375","2x 33*10","91*182","23.75","SUBSTATION","20","277","MR-LISA-0001-V1","","","","2026-08-13T17:37:44Z","2026-04-24T05:12:56Z","False","4e8d9d5a-525d-4d08-9a1f-d3bc4813f9c6","LIZCO SALES","MR-LISA-0001-V1","","soleil.anker@ermco-eci.com","soleil.anker@ermco-eci.com"
"310","","","M-LISA-0002","36","","97666","","","106","106","","","","LISA","5000","POWER-W","FR3","","","3","","","","1205","","","na","11,25x14,375","45*10","3x 114*228","23.25","SUBSTATION","20","288","MR-LISA-0002-V1","","","","2026-08-13T17:37:44Z","2026-04-24T05:12:57Z","False","c80ee67c-10b1-4217-b4f2-8accda5d78ca","LIZCO SALES","MR-LISA-0002-V1","","soleil.anker@ermco-eci.com","soleil.anker@ermco-eci.com"
"311","","","M-MAGA-0008","37","","104129","","","106","106","","","","MAGA","500","NETWORK","FR3","","","3","PROTECTOR","","","320","Switch","0","na","5,75x10,25","2x 50*12","9RD","13","NETWORK","15","78","MR-MAGA-0008-V1","","","","2026-08-13T17:37:45Z","2026-04-24T05:12:59Z","False","925f0b14-b237-4b25-9e90-6096414b452b","MADISON GAS § ELECTRIC","MR-MAGA-0008-V1","","soleil.anker@ermco-eci.com","soleil.anker@ermco-eci.com"
"312","","","M-MAGA-0009","37","","104130","","","106","106","","","","MAGA","750","NETWORK"," FR3 ","","","3","PROTECTOR","","","330","Switch","0","na","6,375x10,25","2x 50*16","102*204","16.75","NETWORK","16","79","MR-MAGA-0009-V1","","","","2026-08-13T17:37:45Z","2026-04-24T05:12:59Z","False","ee446196-c0c9-4b14-8495-6fea4d07ce01","MADISON GAS § ELECTRIC","MR-MAGA-0009-V1","","soleil.anker@ermco-eci.com","soleil.anker@ermco-eci.com"
"313","","","M-MAGA-0010","37","","104131","","","106","106","","","","MAGA","750","NETWORK","FR3","","","3","PROTECTOR","","","355","","0","NA","7x10,25","50*12","91*182","12.75","NETWORK","16","80","MR-MAGA-0010-V1","","","","2026-08-13T17:37:45Z","2026-04-24T05:13:00Z","False","9f9bc14f-931c-4bda-b298-32cf0a7dd9c3","MADISON GAS § ELECTRIC","MR-MAGA-0010-V1","","soleil.anker@ermco-eci.com","soleil.anker@ermco-eci.com"
"314","","","M-MAGA-0011","37","","104132","","","106","106","","","","MAGA","1500","NETWORK","FR3","","","3","","","","485","","0","0","7x12,25","2x 50*16","114*228","14.75","NETWORK","16","81","MR-MAGA-0011-V1","","","","2026-08-13T17:37:46Z","2026-04-24T05:13:02Z","False","d97c5549-1c88-4f50-add4-a934196a619f","MADISON GAS § ELECTRIC","MR-MAGA-0011-V1","","soleil.anker@ermco-eci.com","soleil.anker@ermco-eci.com"
"319","","","M-MAGA-0012","37","","114282","","","106","106","","","","MAGA","750","NETWORK","FR3","","","3","PROTECTOR","","","354","","","na","6,375x10,25","2x 50*16","102*204","16.75","NETWORK","16","96","MR-MAGA-0012-V1","","","","2026-08-13T17:37:46Z","2026-04-24T05:13:06Z","False","d1b57d21-9f18-42fa-8845-acefa239355d","MADISON GAS § ELECTRIC","MR-MAGA-0012-V1","","soleil.anker@ermco-eci.com","soleil.anker@ermco-eci.com"
"320","","","M-MAGA-0013","37","","116807","","","106","106","","","","MAGA","500","NETWORK","FR3","Amorphe","","3","","","","325","","","","6,375x9,25","2x 50*14","91*182","14.75","NETWORK","15","117","MR-MAGA-0013-V1","","","","2026-08-13T17:37:46Z","2026-04-24T05:13:07Z","False","1ece3dd5-6df7-40cc-955b-7651e4825167","MADISON GAS § ELECTRIC","MR-MAGA-0013-V1","","soleil.anker@ermco-eci.com","soleil.anker@ermco-eci.com"
"321","","","M-MAGA-0014","37","","119773","","","106","106","","","","MAGA","500","NETWORK","FR3","","","3","","","","330","","","","6,625x10,25","2x 50*14","102*204","14.75","NETWORK","15","130","MR-MAGA-0014-V1","","","","2026-08-13T17:37:46Z","2026-04-24T05:13:08Z","False","a42d71a8-1ad2-4edd-a83d-f6f9646360cb","MADISON GAS § ELECTRIC","MR-MAGA-0014-V1","","soleil.anker@ermco-eci.com","soleil.anker@ermco-eci.com"
"322","","","M-MAGA-0015","37","","119774","","","106","106","","","","MAGA","500","NETWORK","FR3","","","3","","","","355","","","","6,625x10,25","2x 50*14","102*204","14.75","NETWORK","15","131","MR-MAGA-0015-V1","","","","2026-08-13T17:37:46Z","2026-04-24T05:13:10Z","False","37d6ab36-9d77-45a9-b485-4b8134bdac6c","MADISON GAS § ELECTRIC","MR-MAGA-0015-V1","","soleil.anker@ermco-eci.com","soleil.anker@ermco-eci.com"
"335","","","M-PIRE-0001","52","","139613","","","106","106","","","","PIRE","5000","POWER-W","FR3","","","3","","","","935","","","","10,785x12,5","2x 45*24","2x 114*228","25","SUBSTATION","20","152","MR-PIRE-0001-V1","","","","2026-08-13T17:37:48Z","2026-04-24T05:13:24Z","False","23791c14-4b0c-4009-a306-33403772f41e","PINNACLE RENEWABLE ENERGY","MR-PIRE-0001-V1","","soleil.anker@ermco-eci.com","soleil.anker@ermco-eci.com"
"336","","","M-OTHY-0010","27","GMS-0002","518563","","","106","106","","","","OTHY","1500","C2","A2","","","1","","","","1950","","","","ronde","65*26","114*367 132*385","29","VAULT-1PH","27","198","MR-OTHY-0010-V1","","","","2026-08-21T05:47:39Z","2026-04-24T05:13:24Z","False","27fdbf1b-dc10-4dc3-b25d-67cff4c729f5","OTTAWA HYDRO","MR-OTHY-0010-V1","","soleil.anker@ermco-eci.com","soleil.anker@ermco-eci.com"
"337","","","M-FIEN-0002","97","","557842","","","106","106","","","","FIEN","2500","PADMOUNT"," FR3 ","","","3","","","","1060","","","","8,5x13,375","33*10","128*256","23.25","PADMOUNT","05","202","M-FIEN-0002","","","","2026-08-31T19:41:25Z","2026-04-24T05:13:25Z","False","55026ea1-2ada-415d-94e7-4c6ea9aa87d7","FIRST ENERGY","MR-FIEN-0002-V1","","soleil.anker@ermco-eci.com","soleil.anker@ermco-eci.com"
"339","","","M-OTHY-0011","27","GMS-0002","616865","Up to Date","","106","106","0","","","OTHY","500","C2","B2","","","1","","","","620","","0","na","8,5x13,5","2x 50*14","128*256","14.75","VAULT-1PH","03","227","M-OTHY-0011","","","","2026-09-09T15:39:11Z","2026-04-24T05:13:27Z","False","f3c1e735-d4d5-4f36-84ca-878d60ce9f79","OTTAWA HYDRO","MR-OTHY-0011-V1","","soleil.anker@ermco-eci.com","soleil.anker@ermco-eci.com"
"348","","","M-HYQU-0040","115","","1001608","","","106","106","","","","HYQU","667","C2","A2","","","1","","","","700","HQ Mono","","","10,375x13,5","2x 50*14","114*228","15","VAULT-1PH","3","17","MR-HYQU-0040-V1","","","","2026-08-13T17:37:38Z","2026-04-24T05:13:40Z","False","90c1efcf-805c-4b8d-b4b5-b3de3c77ae0f","HYDRO QUEBEC","MR-HYQU-0040-V1","","soleil.anker@ermco-eci.com","soleil.anker@ermco-eci.com"
"351","","","M-HYQU-0043","115","","1002081","","","106","106","","","","HYQU","333","SUBMERSIBLE","A2","Cogent","","1","","","","720","HQ Mono","","","8.875x10.25","50*14","114*228","14.75","SUBWAY-1PH","27","23","MR-HYQU-0043-V1","","","","2026-08-13T17:37:38Z","2026-04-24T05:13:42Z","False","e91d016b-9f56-4548-92c0-98d6ba98e550","HYDRO QUEBEC","MR-HYQU-0043-V1","","soleil.anker@ermco-eci.com","soleil.anker@ermco-eci.com"
"355","","","M-HYQU-0047","115","","1002417","","","106","106","","","","HYQU","300","SUBMERSIBLE","A2","","","3","","","","810","HQ","","na","6x10,25","20*12","11RD","13.5","SUBWAY","24","33","MR-HYQU-0047-V1","","","","2026-08-13T17:37:38Z","2026-04-24T05:13:47Z","False","106152e1-5004-493a-ba91-37c680cc04a8","HYDRO QUEBEC","MR-HYQU-0047-V1","","soleil.anker@ermco-eci.com","soleil.anker@ermco-eci.com"
"364","","","M-KBAU-0001","117","","1044322","","","106","106","0","","","KBAU","2500","POWER-LTC","FR3","Annexe","","3","","","","636","","","","7.875x12.5","4x 50*16","2x 128*256","33","SUBSTATION LTC","21","82","MR-KBAU-0001-V1","","","","2026-08-13T17:37:43Z","2026-04-24T05:53:29Z","False","ab478504-936b-4d61-965d-030a0c7d0fca","KBS Austin","MR-KBAU-0001-V1","","soleil.anker@ermco-eci.com","soleil.anker@ermco-eci.com"
"367","","","M-HYQU-0058","115","","1149649","","","106","106","","","","HYQU","2500","PADMOUNT","A2","","","3","","","","2330","","","","10,5x13,5","2x 45*24","2x 114*228","25","PADMOUNT","5","108","MR-HYQU-0058-V1","","","","2026-08-13T17:37:39Z","2026-04-24T05:53:30Z","False","b87a6992-637a-45d3-84c3-04f1618bc136","HYDRO QUEBEC","MR-HYQU-0058-V1","","soleil.anker@ermco-eci.com","soleil.anker@ermco-eci.com"
"369","","","M-HYQU-0060","115","","1166058","","","106","106","","","","HYQU","24.9","ZIG-ZAG","A2","Annexe","","3","T8","","","3440","","","na","ronde","125*400","125*400","34.625","MALT","23","113","MR-HYQU-0060-V1","","","","2026-08-13T17:37:39Z","2026-04-24T05:53:31Z","False","b9573c09-8ad5-4bb5-b5bd-9677378d7558","HYDRO QUEBEC","MR-HYQU-0060-V1","","soleil.anker@ermco-eci.com","soleil.anker@ermco-eci.com"
"370","","","M-HYQU-0061","115","","1171120","","","106","106","","","","HYQU","69","ZIG-ZAG","A2","Annexe","","3","","","","4720","","","","ronde","4x 88*111","4x 88*111","31.75","MALT","22","120","MR-HYQU-0061-V1","","","","2026-08-13T17:37:40Z","2026-04-24T05:53:31Z","False","decb3663-2b80-4615-bdf8-634e79669973","HYDRO QUEBEC","MR-HYQU-0061-V1","","soleil.anker@ermco-eci.com","soleil.anker@ermco-eci.com"
"371","","","M-HYQU-0062","115","","1190831-22","","","106","106","","","","HYQU","3000","PADMOUNT","A2","","","3","","","","4260","","","","ronde","7x 65*232","108*253  126*271","34.88","PADMOUNT","5","126","MR-HYQU-0062-V1","","","","2026-08-13T17:37:40Z","2026-04-24T05:53:32Z","False","abaa2ecf-d8c4-4ea4-b31a-21cd182d8bcc","HYDRO QUEBEC","MR-HYQU-0062-V1","","soleil.anker@ermco-eci.com","soleil.anker@ermco-eci.com"
"372","","","M-HYQU-0063","115","","1203364","","","106","106","","","","HYQU","0","0","","","","0","","","","0","","","","","","","","Goujon","32","132","MR-HYQU-0063-V1","","","","2026-08-13T17:37:40Z","2026-04-24T05:53:32Z","False","2429af75-018b-4b24-8f69-2e19ac5c4b5c","HYDRO QUEBEC","MR-HYQU-0063-V1","","soleil.anker@ermco-eci.com","soleil.anker@ermco-eci.com"
"374","","","M-HYQU-0064","115","","4251081","","","106","106","","","","HYQU","24.9","ZIG-ZAG + SA","A2","Annexe","","3","","","","5260","","","","ronde","9x 64*207","9x 64*207","33.625","MALT + SA","40","188","MR-HYQU-0064-V1","","","","2026-08-13T17:37:40Z","2026-04-24T05:53:33Z","False","8a85f345-675e-4197-9e30-258d4d638b29","HYDRO QUEBEC","MR-HYQU-0064-V1","","soleil.anker@ermco-eci.com","soleil.anker@ermco-eci.com"
"375","","","M-HYQU-0065","115","","4251082","","","106","106","","","","HYQU","24.94","MALT + SA","A2","Annexe","","3","TYPE TEST","","","6210","stack","","","ronde","9x 70*244","9x 70*244","28.125","MALT + SA","40","189","MR-HYQU-0065-V1","","","","2026-08-13T17:37:40Z","2026-04-24T05:53:33Z","False","fba565a8-211a-443a-8697-59b3ad741a13","HYDRO QUEBEC","MR-HYQU-0065-V1","","soleil.anker@ermco-eci.com","soleil.anker@ermco-eci.com"
"376","","","M-HYQU-0066","115","","4261859","","","106","106","","","","HYQU","24.94","ZIG-ZAG","A2","Annexe","","3","","","","3440","stack","","na","ronde","5x 70*246","5x 70*246","23.875","MALT","22","190","MR-HYQU-0066-V1","","","","2026-08-13T17:37:40Z","2026-04-24T05:53:34Z","False","3d9ba2b6-8929-453c-9922-cf36554fb52f","HYDRO QUEBEC","MR-HYQU-0066-V1","","soleil.anker@ermco-eci.com","soleil.anker@ermco-eci.com"
"377","","","M-HYQU-0067","115","","4261865","","","106","106","","","","HYQU","13.8","ZIG-ZAG + SA","","Annexe","","3","TYPE TEST","","","","stack","","","ronde","","","","MALT + SA","40","191","MR-HYQU-0067-V1","","","","2026-08-13T17:37:40Z","2026-04-24T05:53:34Z","False","da51f8e5-8759-41c4-9ef0-8841582b1dc5","HYDRO QUEBEC","MR-HYQU-0067-V1","","soleil.anker@ermco-eci.com","soleil.anker@ermco-eci.com"
"378","","","M-HYQU-0068","115","","4261870","","","106","106","","","","HYQU","24.94","ZIG-ZAG + SA","A2","Annexe","","3","","","","6210","","","","ronde","9x 70*244","9x 70*244","28.125","MALT + SA","40","192","MR-HYQU-0068-V1","","","","2026-08-13T17:37:40Z","2026-04-24T05:53:34Z","False","b1619a69-eea7-4f0a-8157-f44509a0ab55","HYDRO QUEBEC","MR-HYQU-0068-V1","","soleil.anker@ermco-eci.com","soleil.anker@ermco-eci.com"
"379","","","M-HYQU-0069","115","","4261871","","","106","106","","","","HYQU","26.4","ZIG-ZAG + SA","A2","Annexe","","3","","","","5260","","","","","","","","MALT + SA","22","193","MR-HYQU-0069-V1","","","","2026-08-13T17:37:40Z","2026-04-24T05:53:35Z","False","35a776aa-f2bb-4809-8615-bd28d43ec3e9","HYDRO QUEBEC","MR-HYQU-0069-V1","","soleil.anker@ermco-eci.com","soleil.anker@ermco-eci.com"
"380","","","M-HYQU-0070","115","","4276087","","","106","106","","","","HYQU","12.5","ZIG-ZAG + SA","A2","Annexe","","3","TYPE TEST","","","6200","","","","","","","","MALT + SA","40","194","MR-HYQU-0070-V1","","","","2026-08-13T17:37:40Z","2026-04-24T05:53:36Z","False","3d517ac5-5f58-4ef0-878c-bf4ef18ffa07","HYDRO QUEBEC","MR-HYQU-0070-V1","","soleil.anker@ermco-eci.com","soleil.anker@ermco-eci.com"
"381","","","M-HYQU-0071","115","","4276269","","","106","106","","","","HYQU","12.5","LTC","A2","Annexe","","3","","","","8160","","","","ronde","0.020*27.000","2x 0.040*27.000","30.25","LTC","40","195","MR-HYQU-0071-V1","","","","2026-08-13T17:37:40Z","2026-04-24T05:53:35Z","False","403bada0-8aed-493c-a5fb-0de64f1bae0c","HYDRO QUEBEC","MR-HYQU-0071-V1","","soleil.anker@ermco-eci.com","soleil.anker@ermco-eci.com"
"382","","","M-HYQU-0072","115","","4276691","","","106","106","","","","HYQU","12.5","LTC","A2","Annexe","","3","TYPE TEST","","","8200","","","","ronde","2x 32*34","2x 112*301  2x 130*319","37.25","LTC","40","196","MR-HYQU-0072-V1","","","","2026-08-13T17:37:40Z","2026-04-24T05:53:36Z","False","90011f27-49ef-43f5-90b1-645a94d6addd","HYDRO QUEBEC","MR-HYQU-0072-V1","","soleil.anker@ermco-eci.com","soleil.anker@ermco-eci.com"
"383","","","M-CENO-0001","75","","18334402","","","106","106","","","","CENO","3000","POWER-W","A2","","","3","","","","1930","","","","9,25x12,5","2x 45*24","114*228","25","SUBSTATION","19","166","MR-CENO-0001-V1","","","","2026-08-13T17:37:23Z","2026-04-24T05:53:37Z","False","b36ba8ae-a117-4fd0-a067-8563dec86fd4","CENOVUS","MR-CENO-0001-V1","","soleil.anker@ermco-eci.com","soleil.anker@ermco-eci.com"
"384","","","M-CENO-0002","75","","18334403","","","106","106","","","","CENO","2500","POWER-W","A2","","","3","","","","1645","","","","8,5x12,375","20*10","114*228","23.5","SUBSTATION","19","167","MR-CENO-0002-V1","","","","2026-08-13T17:37:23Z","2026-04-24T05:53:36Z","False","f1cc7603-b7ed-442d-9eba-38fc207ca1cc","CENOVUS","MR-CENO-0002-V1","","soleil.anker@ermco-eci.com","soleil.anker@ermco-eci.com"
"385","","","M-HYQU-0073","115","","42510001","","","106","106","","","","HYQU","24.9","ZIG-ZAG","A2","Annexe","","3","","","","3830","","","na","ronde","9x 64*207","9x 64*207","33.625","MALT","22","186","MR-HYQU-0073-V1","","","","2026-08-13T17:37:41Z","2026-04-24T05:53:37Z","False","bbdc4f96-3b87-4158-b1a7-1122a7977ba3","HYDRO QUEBEC","MR-HYQU-0073-V1","","soleil.anker@ermco-eci.com","soleil.anker@ermco-eci.com"
"386","","","M-ENMA-0047","18","","100311773","","","106","106","","","","ENMA","750","NETWORK","Midel","","","3","RIGHT","","","1350","","","na","7,25x10,25","2x 45*14","11RD","15.5","NETWORK","16","64","MR-ENMA-0047-V1","","","","2026-08-13T17:37:29Z","2026-04-24T05:53:37Z","False","36415b36-a306-4b45-ba75-948e5cb3b001","ENMAX","MR-ENMA-0047-V1","","soleil.anker@ermco-eci.com","soleil.anker@ermco-eci.com"
"387","","","M-ENMA-0048","18","","100311912","Up to Date","","106","82","-2","","","ENMA","2000","NETWORK","Midel","","","3","","","","2510","","","","9x14,5","2x 45*20","2x 102*204","20.75","NETWORK","16","66","MR-ENMA-0048-V1","","","","2026-09-17T17:31:52Z","2026-04-24T05:53:38Z","False","d538ac39-1771-461c-8f37-33585c27827a","ENMAX","MR-ENMA-0048-V1","","soleil.anker@ermco-eci.com","ABouthillette@pioneertransformers.com"
"388","","","M-ENMA-0049","18","","100311913","","","106","106","","","","ENMA","2000","NETWORK","Midel","","","3","","","","2510","","","","9x14,5","2x 45*20","2x 102*204","20.75","NETWORK","16","67","MR-ENMA-0049-V1","","","","2026-08-13T17:37:29Z","2026-04-24T05:53:38Z","False","d3e66e31-3d0a-4062-ab46-0d22575f5ef7","ENMAX","MR-ENMA-0049-V1","","soleil.anker@ermco-eci.com","soleil.anker@ermco-eci.com"
"389","","","M-ENMA-0050","18","","100311925","","","106","106","","","","ENMA","1000","NETWORK","Midel","","","3","","","","1500","","","","8.125x10.25","3x 45*20","114*228","21","NETWORK","16","72","M-ENMA-0050","","","","2026-08-21T18:34:45Z","2026-04-24T05:53:38Z","False","73bab763-8125-4f60-9e12-89514170fbd2","ENMAX","MR-ENMA-0050-V1","","soleil.anker@ermco-eci.com","soleil.anker@ermco-eci.com"
"390","","","M-ENMA-0051","18","","100311926","","","106","106","","","","ENMA","1000","NETWORK","Midel","","","3","","","","1500","","","","8.125x10.25","3x 45*20","114*228","21","NETWORK","16","73","M-ENMA-0051","","","","2026-08-21T18:36:09Z","2026-04-24T05:53:39Z","False","81f64120-8a1a-4289-b17d-4f45b22dc5c7","ENMAX","MR-ENMA-0051-V1","","soleil.anker@ermco-eci.com","soleil.anker@ermco-eci.com"
"391","","","M-ENMA-0052","18","","100311929","","","106","161","","","","ENMA","500","NETWORK","Midel","","","3","","","","1170","","","","6,5 x 9,25","2x 33*14","10RD","15","NETWORK","24","76","MR-ENMA-0052-V1","","","","2026-09-21T19:23:10Z","2026-04-24T05:53:39Z","False","e19697e8-d0ae-4861-9f50-1abd46b16800","ENMAX","MR-ENMA-0052","","soleil.anker@ermco-eci.com","dominic.lague@pioneertransformers.com"
"392","","","M-ENMA-0053","18","","100311930","","","106","161","","","","ENMA","500","NETWORK","Midel","","","3","","","","1170","","","","6,5x9,25","2x 33*14","10RD","15","NETWORK","24","77","MR-ENMA-0053-V1","","","","2026-09-21T19:24:50Z","2026-04-24T05:53:39Z","False","6e5f4757-223f-4855-90ca-3277a872ee78","ENMAX","MR-ENMA-0053","","soleil.anker@ermco-eci.com","dominic.lague@pioneertransformers.com"
"393","","","M-ALST-0001","3","","300886782","","","106","106","","","","ALST","1520","POWER-W","FR3","","","3","","","","3110","","","","10,25x12,5","33*16 45*16","81*162","17","SUBSTATION","19","183","MR-ALST-0001-V1","","","","2026-08-13T17:37:20Z","2026-04-24T05:53:40Z","False","60393cf3-c13e-44fe-8064-66b7f5bfe113","ALGOMA STEEL","MR-ALST-0001-V1","","soleil.anker@ermco-eci.com","soleil.anker@ermco-eci.com"
"394","","","M-TOHY-0034","68","","1000000920","","","106","106","","","","TOHY","1500","SUBMERSIBLE","","","","3","","","","0","","","","","","","","SUBWAY","","12","MR-TOHY-0034-V1","","","","2026-08-13T17:37:56Z","2026-04-24T05:53:40Z","False","54a983cb-9b95-4223-b687-f78802f24858","TORONTO HYDRO","MR-TOHY-0034-V1","","soleil.anker@ermco-eci.com","soleil.anker@ermco-eci.com"
"395","","","M-ENTE-0001","100","","6000000974","Up to Date","","106","82","0","","","ENTE","1000","NETWORK","B2","","","3","","","","1430","","","","6.5x10.25","3x 45*28","2x 91*182","29","NETWORK","16","203","M-ENTE-0001","","","","2026-09-08T15:23:09Z","2026-04-24T05:53:41Z","False","54a8f84d-0b64-4c56-a577-be934dae02d2","ENTERGY","MR-ENTE-0001-V1","","soleil.anker@ermco-eci.com","ABouthillette@pioneertransformers.com"
"396","","","M-HYQU-0074","115","","1002158-22","","","106","106","","","","HYQU","250","SUBMERSIBLE","","Amorphe","","1","","","","0","","","","","","","","SUBWAY-1PH","","27","MR-HYQU-0074-V1","","","","2026-08-13T17:37:41Z","2026-04-24T05:53:41Z","False","06786568-c45c-4c9e-8bd0-c7f6638868ca","HYDRO QUEBEC","MR-HYQU-0074-V1","","soleil.anker@ermco-eci.com","soleil.anker@ermco-eci.com"
"397","","","M-HYQU-0075","115","","1002178-22","","","106","106","","","","HYQU","250","SUBMERSIBLE","A2","Amorphe","","1","","","","490","","","","7,625x11,75","2x 45*12","91*182","13","SUBWAY-1PH","27","28","MR-HYQU-0075-V1","","","","2026-08-13T17:37:41Z","2026-04-24T05:53:42Z","False","abe92212-e2bf-463f-a7aa-c837408c0933","HYDRO QUEBEC","MR-HYQU-0075-V1","","soleil.anker@ermco-eci.com","soleil.anker@ermco-eci.com"
"398","","","M-HYQU-0076","115","","4251081/1166353","","","106","106","","","","HYQU","300","MALT + SA","","","","3","","","","0","","","","","","","","MALT + SA","22","114","MR-HYQU-0076-V1","","","","2026-08-13T17:37:41Z","2026-04-24T05:53:42Z","False","646b6e34-fa1c-4562-b49a-fa3a72b1f06a","HYDRO QUEBEC","MR-HYQU-0076-V1","","soleil.anker@ermco-eci.com","soleil.anker@ermco-eci.com"
"399","","","M-HYQU-0077","115","","4251082/1166354","","","106","106","","","","HYQU","1000","MALT + SA","","","","3","","","","0","","","","","","","","MALT + SA","22","115","MR-HYQU-0077-V1","","","","2026-08-13T17:37:41Z","2026-04-24T05:53:42Z","False","59af498b-8d2e-474f-a10b-dd1d52444b38","HYDRO QUEBEC","MR-HYQU-0077-V1","","soleil.anker@ermco-eci.com","soleil.anker@ermco-eci.com"
"400","","","M-HYQU-0078","115","","4276269/1189342","","","106","106","","","","HYQU","3000","LTC","","","","3","","","","0","","","","","","","","LTC","22","121","MR-HYQU-0078-V1","","","","2026-08-13T17:37:41Z","2026-04-24T05:53:43Z","False","46fbc9f9-8c68-4d53-a32f-0ff3250ce8ea","HYDRO QUEBEC","MR-HYQU-0078-V1","","soleil.anker@ermco-eci.com","soleil.anker@ermco-eci.com"
"401","","","M-HYQU-0079","115","","4276086/1189360","","","106","106","","","","HYQU","3000","LTC","","","","3","","","","0","","","","","","","","LTC","22","383","MR-HYQU-0079-V1","","","","2026-08-13T17:37:41Z","2026-04-24T05:53:43Z","False","bd5300cb-2b8b-4bfe-93a5-b939dcf5b162","HYDRO QUEBEC","MR-HYQU-0079-V1","","soleil.anker@ermco-eci.com","soleil.anker@ermco-eci.com"
"402","","","M-HYQU-0080","115","","4276087/1189361","","","106","106","","","","HYQU","1000","LTC","","","","3","","","","0","","","","","","","","LTC","22","123","MR-HYQU-0080-V1","","","","2026-08-13T17:37:41Z","2026-04-24T05:53:44Z","False","f756ef09-18f5-4572-b4cb-00d59b80e860","HYDRO QUEBEC","MR-HYQU-0080-V1","","soleil.anker@ermco-eci.com","soleil.anker@ermco-eci.com"
"403","","","M-HYQU-0081","115","","4276691/1189843","","","106","106","","","","HYQU","3000","LTC","","","","3","","","","0","","","","","","","","LTC","22","124","MR-HYQU-0081-V1","","","","2026-08-13T17:37:41Z","2026-04-24T05:53:44Z","False","44865cf4-32e9-4d25-9a6e-e4aed7fd63fd","HYDRO QUEBEC","MR-HYQU-0081-V1","","soleil.anker@ermco-eci.com","soleil.anker@ermco-eci.com"
"404","","","M-SCTE-0001","101","","40Z0150","","","106","106","","","","SCTE","0","SPARE PARTS","","","","0","","","","0","","","","","","","","SPARE PARTS","32","184","MR-SCTE-0001-V1","","","","2026-08-13T17:37:52Z","2026-04-24T05:53:44Z","False","d040f76a-409c-4d29-abe4-c7a01a3f0ed4","SC TECHNICAL SERVICES LTD","MR-SCTE-0001-V1","","soleil.anker@ermco-eci.com","soleil.anker@ermco-eci.com"
"405","","","M-HYQU-0082","115","","4251001 / 1166058","","","106","106","","","","HYQU","24.9","ZIG-ZAG","A2","Annexe","","3","","","","3830","","","na","ronde","9x 64*207","9x 64*207","33.625","MALT","22","187","MR-HYQU-0082-V1","","","","2026-08-13T17:37:41Z","2026-04-24T05:53:44Z","False","f8634331-1288-4c7d-a5c3-eb83dc205780","HYDRO QUEBEC","MR-HYQU-0082-V1","","soleil.anker@ermco-eci.com","soleil.anker@ermco-eci.com"
"407","","","M-WESC-0002","69","","43-8146","","","106","106","","","","WESC","1500","SUBSTATION","FR3","","","3","","","","700","","","","10.875x12.5","2x 33*16","11RD","17","SUBSTATION","19","197","MR-WESC-0002-V1","","","","2026-08-13T17:37:56Z","2026-04-24T05:53:45Z","False","670eaf4c-96b2-43fa-9902-19e5e14fc97d","WESCO","MR-WESC-0002-V1","","soleil.anker@ermco-eci.com","soleil.anker@ermco-eci.com"
"409","","","M-LISA-0003","36","","A454200","","","106","106","","","","LISA","2000","POWER-W","B2","","","3","","","","2805","","","","10,375x13,5","2x 33*18","9RD","18.75","SUBSTATION","19","289","MR-LISA-0003-V1","","","","2026-08-13T17:37:44Z","2026-04-24T05:53:46Z","False","8ebbc853-3bda-467e-adf2-746dbcc092e1","LIZCO SALES","MR-LISA-0003-V1","","soleil.anker@ermco-eci.com","soleil.anker@ermco-eci.com"
"410","","","M-LISA-0004","36","","A454300","","","106","106","","","","LISA","3000","POWER-W","B2","","","3","","","","2510","","","","9,375 x 14,5","1x 33*28 1x50*28","91*182","30.75","SUBSTATION","19","290","MR-LISA-0004-V1","","","","2026-08-13T17:37:44Z","2026-04-24T05:53:46Z","False","73880232-01f3-44ae-86df-ea62b25fd50f","LIZCO SALES","MR-LISA-0004-V1","","soleil.anker@ermco-eci.com","soleil.anker@ermco-eci.com"
"411","","","M-SIEN-0001","62","","E21011","","","106","106","","","","SIEN","1000","SUBSTATION","","","","3","","","","0","","","","","","","","SUBSTATION","","291","MR-SIEN-0001-V1","","","","2026-08-13T17:37:52Z","2026-04-24T05:53:47Z","False","67c4a7d9-6fba-45f1-9223-39381a5dffa0","SIEMENS ENERGY","MR-SIEN-0001-V1","","soleil.anker@ermco-eci.com","soleil.anker@ermco-eci.com"
"412","","","M-SIEN-0002","62","","E21012","","","106","106","","","","SIEN","2000","SUBSTATION","","","","3","","","","0","","","","","","","","SUBSTATION","","292","MR-SIEN-0002-V1","","","","2026-08-13T17:37:52Z","2026-04-24T05:53:47Z","False","046c3f7c-ba69-417c-adfc-e8ec76a7ed33","SIEMENS ENERGY","MR-SIEN-0002-V1","","soleil.anker@ermco-eci.com","soleil.anker@ermco-eci.com"
"413","","","M-SIEN-0003","62","","E21014","","","106","106","","","","SIEN","1000","SUBSTATION","","","","3","","","","0","","","","","","","","SUBSTATION","19","293","MR-SIEN-0003-V1","","","","2026-08-13T17:37:52Z","2026-04-24T05:53:48Z","False","70925693-6ff7-4f10-beb5-1457cb835015","SIEMENS ENERGY","MR-SIEN-0003-V1","","soleil.anker@ermco-eci.com","soleil.anker@ermco-eci.com"
"414","","","M-SIEN-0004","62","","E21015","","","106","106","","","","SIEN","2000","SUBSTATION","","","","3","","","","0","","","","","","","","SUBSTATION","19","294","MR-SIEN-0004-V1","","","","2026-08-13T17:37:52Z","2026-04-24T05:53:48Z","False","a368f422-4921-499b-8bde-5e6b51e39ea6","SIEMENS ENERGY","MR-SIEN-0004-V1","","soleil.anker@ermco-eci.com","soleil.anker@ermco-eci.com"
"415","","","M-CAIN-0001","102","","E21016","","","106","106","","","","CAIN","3000","PADMOUNT","","","","3","","","","0","","","","","","","","PADMOUNT","5","295","MR-CAIN-0001-V1","","","","2026-08-13T17:37:23Z","2026-04-24T05:53:48Z","False","6727139e-5106-46aa-a8e9-094246b55426","CAPSTONE INFRASTRUCTURE","MR-CAIN-0001-V1","","soleil.anker@ermco-eci.com","soleil.anker@ermco-eci.com"
"416","","","M-CRSC-0001","103","","FAN KIT","","","106","106","","","","CRSC","0","PARTS","","","","0","","","","0","","","","","","","","PARTS","1","296","MR-CRSC-0001-V1","","","","2026-08-13T17:37:23Z","2026-04-24T05:53:49Z","False","e055ba0b-3d7e-4ed0-8233-ce4640767279","CRSC","MR-CRSC-0001-V1","","soleil.anker@ermco-eci.com","soleil.anker@ermco-eci.com"
"417","","","M-HYQU-0083","115","","G1168A122","","","106","106","","","","HYQU","0","0","","","","0","","","","0","","","","","","","","PLAQUE ANCRAGE","32","297","MR-HYQU-0083-V1","","","","2026-08-13T17:37:41Z","2026-04-24T05:53:49Z","False","cb18d36c-d562-4901-9c62-024d037f28de","HYDRO QUEBEC","MR-HYQU-0083-V1","","soleil.anker@ermco-eci.com","soleil.anker@ermco-eci.com"
"418","","","M-PITR-0002","74","","G15545","","","106","106","","","","PITR","1500","C2","FR3","","","3","","","","515","","","","10x10,5","2x 33*16","91*182","17","VAULT-1PH","3","298","MR-PITR-0002-V1","","","","2026-08-13T17:37:49Z","2026-04-24T05:53:49Z","False","fa225414-923d-4dcf-8776-281266902c45","PIONEER TRANSFORMERS","MR-PITR-0002-V1","","soleil.anker@ermco-eci.com","soleil.anker@ermco-eci.com"
"419","","","M-PITR-0003","74","","G16948","","","106","106","","","","PITR","20","C2","FR3","","","1","","","","146","","","","6,835x10,375","102*204","19RD","17.5","VAULT-1PH","3","299","MR-PITR-0003-V1","","","","2026-08-13T17:37:49Z","2026-04-24T05:53:50Z","False","463dc81a-87f1-4057-8421-db3c518a5cc5","PIONEER TRANSFORMERS","MR-PITR-0003-V1","","soleil.anker@ermco-eci.com","soleil.anker@ermco-eci.com"
"420","","","M-GOSO-0001","104","","G19515","","","106","106","","","","GOSO","4889","PADMOUNT","","","","3","","","","0","","","","","","","","PADMOUNT","32","300","MR-GOSO-0001-V1","","","","2026-08-13T17:37:33Z","2026-04-24T05:53:50Z","False","e0ecb30b-8988-4c4c-aadc-6d73f8ed4454","GOLDEN SOUTH WIND","MR-GOSO-0001-V1","","soleil.anker@ermco-eci.com","soleil.anker@ermco-eci.com"
"421","","","M-TECO-0001","67","","G19921","","","106","106","","","","TECO","2500","POWER-W","Luminol","","","3","","","","2430","","","","8,75x10,5","2x 45*20","128*256","21","SUBSTATION","19","301","MR-TECO-0001-V1","","","","2026-08-13T17:37:52Z","2026-04-24T05:53:51Z","False","24b4ebff-4e50-4787-bd93-19659feadf56","TECHNO CONTACT","MR-TECO-0001-V1","","soleil.anker@ermco-eci.com","soleil.anker@ermco-eci.com"
"422","","","M-TECO-0002","67","","G21730","","","106","106","","","","TECO","500","PADMOUNT","B2","","","3","","","","1108","","","","6x10,25","45x12","81*162","13","PADMOUNT","4","310","MR-TECO-0002-V1","","","","2026-08-13T17:37:52Z","2026-04-24T05:53:51Z","False","b8b3182a-6631-4f58-82b4-ec5c25c2f1a3","TECHNO CONTACT","MR-TECO-0002-V1","","soleil.anker@ermco-eci.com","soleil.anker@ermco-eci.com"
"423","","","M-TECO-0003","67","","G21731","","","106","106","","","","TECO","2500","POWER-W","","","","3","","","","0","","","","","","","","SUBSTATION","","311","MR-TECO-0003-V1","","","","2026-08-13T17:37:52Z","2026-04-24T05:53:51Z","False","3b6f1dcf-2a68-47e5-af5f-3307451924de","TECHNO CONTACT","MR-TECO-0003-V1","","soleil.anker@ermco-eci.com","soleil.anker@ermco-eci.com"
"424","","","M-LGEN-0008","35","","G21931","","","106","106","","","","LGEN","13.8","MALT","B2","Annexe","","3","","","","890","","","","ronde","81*162","81*162","19.125","MALT","22","313","MR-LGEN-0008-V1","","","","2026-08-13T17:37:44Z","2026-04-24T05:53:52Z","False","d32c24e4-9f86-4452-87ea-1294731e1176","LG§E","MR-LGEN-0008-V1","","soleil.anker@ermco-eci.com","soleil.anker@ermco-eci.com"
"425","","","M-MULT-0002","41","","NY250137-40380-M","","","106","106","","","","MULT","1000","POWER-W","B2","","","3","","","","2640","","","","9.375x10.25","45*16","13RD","17","SUBSTATION","5","326","MR-MULT-0002-V1","","","","2026-08-13T17:37:46Z","2026-04-24T05:56:29Z","False","a244607e-f901-4c6c-ad0a-2651352e146b","MULTITECH","MR-MULT-0002-V1","","soleil.anker@ermco-eci.com","soleil.anker@ermco-eci.com"
"426","","","M-UNUT-0001","105","","P170C7B7ABI","","","106","106","","","","UNUT","5000","PADMOUNT","","","","3","","","","0","","","","","","","","PADMOUNT","6","327","MR-UNUT-0001-V1","","","","2026-08-13T17:37:56Z","2026-04-24T05:56:30Z","False","460c84b2-7491-4c35-9996-1e44da87a508","UNITED UTILITY SUPPLY","MR-UNUT-0001-V1","","soleil.anker@ermco-eci.com","soleil.anker@ermco-eci.com"
"427","","","M-KEEL-0001","106","","PI750NETCOH","","","106","106","","","","KEEL","750","NETWORK","","","","3","","","","0","","","","6,75x10,25","2x 50*16","102*204","17","NETWORK","16","330","MR-KEEL-0001-V1","","","","2026-08-13T17:37:43Z","2026-04-24T05:56:30Z","False","ebbfc1c0-2694-4afc-bf7d-74599cd263ec","KENTUCKY ELECTRIC","MR-KEEL-0001-V1","","soleil.anker@ermco-eci.com","soleil.anker@ermco-eci.com"
"428","","","M-HITA-0001","26","","T1.AL.TA1","","","106","106","","","","HITA","3000","POWER-LTC","A2","Annexe","","3","","","","6310","","","na","ronde","2x 32*34,5","2x 126*256","36.75","SUBSTATION LTC","21","332","MR-HITA-0001-V1","","","","2026-08-13T17:37:33Z","2026-04-24T05:56:30Z","False","49205607-a765-481a-8c9f-c486989f8a52","HITACHI","MR-HITA-0001-V1","","soleil.anker@ermco-eci.com","soleil.anker@ermco-eci.com"
"429","","","M-HITA-0002","26","","T1.AL.TA2","","","106","106","","","","HITA","3000","POWER-LTC","A2","Annexe","","3","","","","0","","","na","ronde","2x 32*34,5","2x 126*256","36.75","SUBSTATION LTC","21","333","MR-HITA-0002-V1","","","","2026-08-13T17:37:33Z","2026-04-24T05:56:31Z","False","789377a7-221b-4bba-b2d3-b39b12f6c57a","HITACHI","MR-HITA-0002-V1","","soleil.anker@ermco-eci.com","soleil.anker@ermco-eci.com"
"430","","","M-HITA-0003","26","","TMP1","","","106","106","","","","HITA","0","POWER-LTC","A2","Annexe","","3","","","","6310","","","na","ronde","2x 32*34,5","2x 126*256","36.75","SUBSTATION LTC","21","334","MR-HITA-0003-V1","","","","2026-08-13T17:37:34Z","2026-04-24T05:56:31Z","False","7a4cd611-1929-4d78-965e-5f47dfacdb19","HITACHI","MR-HITA-0003-V1","","soleil.anker@ermco-eci.com","soleil.anker@ermco-eci.com"
"431","","","M-HYQU-0084","115","","TMP10","","","106","106","","","","HYQU","3000","POWER-LTC","A2","Annexe","","3","","","","6900","","","","ronde","2x 35*34","2x 112*270  130*288","37.25","SUBSTATION LTC","21","335","MR-HYQU-0084-V1","","","","2026-08-13T17:37:42Z","2026-04-24T05:56:32Z","False","bbb64dd1-34f3-4085-9f46-2bd0c26c3086","HYDRO QUEBEC","MR-HYQU-0084-V1","","soleil.anker@ermco-eci.com","soleil.anker@ermco-eci.com"
"432","","","M-HYQU-0085","115","","TMP11","","","106","106","","","","HYQU","3000","POWER-LTC","A2","Annexe","","3","","","","8160","","","","ronde","","","","SUBSTATION LTC","21","336","MR-HYQU-0085-V1","","","","2026-08-13T17:37:42Z","2026-04-24T05:56:32Z","False","ab272305-c988-4ba0-a798-35f697b17d6e","HYDRO QUEBEC","MR-HYQU-0085-V1","","soleil.anker@ermco-eci.com","soleil.anker@ermco-eci.com"
"433","","","M-ENBR-0001","17","","TMP2","","","106","106","","","","ENBR","10000","POWER-S","Luminol","","","3","","","","6200","","","na","ronde","35*24,88","2x 110*364","56","SUBST-STACK","23","337","MR-ENBR-0001-V1","","","","2026-08-13T17:37:24Z","2026-04-24T05:56:32Z","False","a8b0d1db-9608-4ac3-8b4a-03fd87c0cbdd","ENBRIDGE","MR-ENBR-0001-V1","","soleil.anker@ermco-eci.com","soleil.anker@ermco-eci.com"
"434","","","M-HYQU-0086","115","","TMP3","","","106","106","","","","HYQU","24.94","ZIG-ZAG + SA","A2","Annexe","","3","","","","5980","","","na","ronde","9x 70*244","9x 70*244","28.125","MALT + SA","40","338","MR-HYQU-0086-V1","","","","2026-08-13T17:37:42Z","2026-04-24T05:56:33Z","False","9e1496ea-c97a-4568-9ba6-8168b8b66681","HYDRO QUEBEC","MR-HYQU-0086-V1","","soleil.anker@ermco-eci.com","soleil.anker@ermco-eci.com"
"435","","","M-HYQU-0087","115","","TMP4","","","106","106","","","","HYQU","24.94","ZIG-ZAG + SA","A2","Annexe","","3","","","","5980","","","na","9,375x10,25","50*14","81*162","15","MALT + SA","40","339","MR-HYQU-0087-V1","","","","2026-08-13T17:37:42Z","2026-04-24T05:56:33Z","False","947770a6-1c40-4342-84a1-6e8d8b30a450","HYDRO QUEBEC","MR-HYQU-0087-V1","","soleil.anker@ermco-eci.com","soleil.anker@ermco-eci.com"
"436","","","M-HYQU-0088","115","","TMP5","","","106","106","","","","HYQU","24.94","ZIG-ZAG","A2","Annexe","","3","","","","3830","","","na","ronde","9x 64*207","9x 64*207","33.625","MALT","22","340","MR-HYQU-0088-V1","","","","2026-08-13T17:37:42Z","2026-04-24T05:56:34Z","False","3ed7e6c8-fa96-47bf-892d-f0dff30bda12","HYDRO QUEBEC","MR-HYQU-0088-V1","","soleil.anker@ermco-eci.com","soleil.anker@ermco-eci.com"
"437","","","M-HYQU-0089","115","","TMP6","","","106","106","","","","HYQU","24.94","ZIG-ZAG + SA","A2","Annexe","","3","","","","5250","","","na","8,375x9,25","45*10","11,5RD","11.25","MALT + SA","40","341","MR-HYQU-0089-V1","","","","2026-08-13T17:37:42Z","2026-04-24T05:56:34Z","False","0143bced-9282-47f7-a61c-d31c1915c0a2","HYDRO QUEBEC","MR-HYQU-0089-V1","","soleil.anker@ermco-eci.com","soleil.anker@ermco-eci.com"
"438","","","M-HYQU-0090","115","","TMP7","","","106","106","","","","HYQU","3000","POWER-LTC","A2","Annexe","","3","","","","8080","HQ Stack Core","","","ronde","2x 44*29","9x 70*252","31","SUBSTATION LTC","21","342","MR-HYQU-0090-V1","","","","2026-08-13T17:37:42Z","2026-04-24T05:56:35Z","False","9b2f3fda-d7d4-4439-a267-1fccf949ea24","HYDRO QUEBEC","MR-HYQU-0090-V1","","soleil.anker@ermco-eci.com","soleil.anker@ermco-eci.com"
"439","","","M-HYQU-0091","115","","TMP8","","","106","106","","","","HYQU","24.94","POWER-LTC","B2","Annexe","","3","","","","6280","","","na","ronde","2x 35*30,250","2x 113*266","32.5","SUBSTATION LTC","21","343","MR-HYQU-0091-V1","","","","2026-08-13T17:37:42Z","2026-04-24T05:56:35Z","False","9351eb81-9970-439c-a524-79e92ac50f92","HYDRO QUEBEC","MR-HYQU-0091-V1","","soleil.anker@ermco-eci.com","soleil.anker@ermco-eci.com"
"440","","","M-HYQU-0092","115","","TMP9","","","106","106","","","","HYQU","4.16","ZIG-ZAG + SA","A2","Annexe","","3","RAPPORT SISMIQUE","","","2970","","","","ronde","114*228","114*228","10.625","MALT + SA","40","344","M-HYQU-0092","","","","2026-09-01T10:28:18Z","2026-04-24T05:56:36Z","False","931d0b6b-e551-4155-ab2e-cb3bb972441c","HYDRO QUEBEC","MR-HYQU-0092-V1","","soleil.anker@ermco-eci.com","soleil.anker@ermco-eci.com"
"441","","","M-GTWO-0001","22","","WRG3015.FANKIT","","","106","106","","","","GTWO","0","SPARE PARTS","","","","0","","","","0","","","","","","","","SPARE PARTS","36","370","MR-GTWO-0001-V1","","","","2026-08-13T17:37:33Z","2026-04-24T05:56:36Z","False","0d76e5c2-9b2a-433b-8c64-f79747cce9e5","G.T. WOOD","MR-GTWO-0001-V1","","soleil.anker@ermco-eci.com","soleil.anker@ermco-eci.com"
"442","","","M-TECO-0004","67","","G20164W2","","","106","106","","","","TECO","2000","SUBSTATION","FR3","","","3","","","","570","","","","","","","","SUBSTATION","20","304","MR-TECO-0004-V1","","","","2026-08-13T17:37:53Z","2026-04-24T05:56:36Z","False","863f1fbf-6eea-43e5-b9a2-b479a707f469","TECHNO CONTACT","MR-TECO-0004-V1","","soleil.anker@ermco-eci.com","soleil.anker@ermco-eci.com"
"443","","","M-FIEN-0003","97","","557831","","","106","106","","","","FIEN","1500","PADMOUNT","","","","3","","","","","","","","","","","","PADMOUNT","05","201","MR-FIEN-0003-V1","","","","2026-08-13T17:37:31Z","2026-04-24T05:56:37Z","False","ca11ca6e-d40c-46e0-b169-05698c6770b4","FIRST ENERGY","MR-FIEN-0003-V1","","soleil.anker@ermco-eci.com","soleil.anker@ermco-eci.com"
"444","","","M-XCEN-0010","73","","G20883","","","106","106","","","","XCEN","1500","NETWORK","","","","3","","","","0","","","","","","","","NETWORK","16","307","MR-XCEN-0010-V1","","","","2026-08-13T17:37:57Z","2026-04-24T05:56:37Z","False","0501ea48-da18-49cf-b6ce-63eb565e1862","XCEL ENERGY NORTHERN","MR-XCEN-0010-V1","","soleil.anker@ermco-eci.com","soleil.anker@ermco-eci.com"
"445","","","M-TECO-0005","67","","G20163","","","106","106","","","","TECO","1250","SUBSTATION","","","","3","","","","0","","","","","","","","SUBSTATION","19","303","MR-TECO-0005-V1","","","","2026-08-13T17:37:53Z","2026-04-24T05:56:37Z","False","2681c577-74a5-41e9-bbc1-be14b8359f48","TECHNO CONTACT","MR-TECO-0005-V1","","soleil.anker@ermco-eci.com","soleil.anker@ermco-eci.com"
"446","","","M-TECO-0006","67","","G20165","","","106","106","","","","TECO","3750","SUBSTATION","","","","3","","","","0","","","","","","","","SUBSTATION","20","305","MR-TECO-0006-V1","","","","2026-08-13T17:37:53Z","2026-04-24T05:56:38Z","False","4ceafda0-16fd-439a-8c66-dd9dc6a92dff","TECHNO CONTACT","MR-TECO-0006-V1","","soleil.anker@ermco-eci.com","soleil.anker@ermco-eci.com"
"447","","","M-TECO-0007","67","","G20162","","","106","106","","","","TECO","750","SUBSTATION","","","","3","","","","0","","","","","","","","SUBSTATION","","302","MR-TECO-0007-V1","","","","2026-08-13T17:37:53Z","2026-04-24T05:56:38Z","False","80e9954e-ca4f-4e5f-908e-fb238c122f25","TECHNO CONTACT","MR-TECO-0007-V1","","soleil.anker@ermco-eci.com","soleil.anker@ermco-eci.com"
"459","","","M-MEEN-0001","107","","1147005","Up to Date","","106","106","0","ASAP","","MEEN","1500","Substation","","","False","3","","","Y","","","","","","","","","Substation","","100","MR-MEEN-0001-V1","","","","2026-08-13T17:37:46Z","2026-05-04T07:44:04Z","False","482fdc06-ff58-4709-8214-707025e0c490","MEG Energy","MR-MEEN-0001-V1","","soleil.anker@ermco-eci.com","soleil.anker@ermco-eci.com"
"460","","","M-MEEN-0002","107","","1147006","Up to Date","","106","106","0","ASAP","","MEEN","2500","Substation","","","False","3","","","Y","","","","","","","","","Substation","","101","MR-MEEN-0002-V1","","","","2026-08-13T17:37:46Z","2026-05-04T07:44:04Z","False","45a0c84f-1988-40e2-a856-4708a398f3d5","MEG Energy","MR-MEEN-0002-V1","","soleil.anker@ermco-eci.com","soleil.anker@ermco-eci.com"
"461","","","M-MEEN-0003","107","","1147007","Up to Date","","106","106","0","ASAP","","MEEN","2500","Substation","","","False","3","","","Y","","","","","","","","","SUBSTATION","","102","MR-MEEN-0003-V1","","","","2026-08-13T17:37:46Z","2026-05-04T07:44:05Z","False","0938626f-5907-4bac-b795-03526c7a77fb","MEG Energy","MR-MEEN-0003-V1","","soleil.anker@ermco-eci.com","soleil.anker@ermco-eci.com"
"462","","","M-MEEN-0004","107","","1147011","Up to Date","","106","106","0","ASAP","","MEEN","7500","Substation","","","False","3","","","Y","","","","","","","","","Substation","","103","MR-MEEN-0004-V1","","","","2026-08-13T17:37:46Z","2026-05-04T07:44:06Z","False","e91a0e1b-0703-4ec9-b38c-484314b20908","MEG Energy","MR-MEEN-0004-V1","","soleil.anker@ermco-eci.com","soleil.anker@ermco-eci.com"
"463","","","M-MEEN-0005","107","","1147005","Up to Date","","106","106","0","ASAP","","MEEN","7500","Substation","","","False","3","","","Y","","","","","","","","","Substation","","104","MR-MEEN-0005-V1","","","","2026-08-13T17:37:46Z","2026-05-04T07:44:08Z","False","59c87106-a01b-47e5-9519-f52413736e96","MEG Energy","MR-MEEN-0005-V1","","soleil.anker@ermco-eci.com","soleil.anker@ermco-eci.com"
"464","","","M-PITR-0001","74","","1002560-22","Up to Date","","106","106","0","ASAP","","PITR","100","PROTO MINIPAD","A2","None","False","1","","","","360","","","","7.25x8.875","33*12","11.5RD","12.75","PROTOTYPE","1","37","MR-PITR-0001-V1","","","","2026-08-13T17:37:48Z","2026-05-04T07:47:54Z","False","f458c489-d248-409b-97c5-fdb3cfe0f3d7","PIONEER TRANSFORMERS","MR-PITR-0001-V1","","soleil.anker@ermco-eci.com","soleil.anker@ermco-eci.com"
"465","","","M-LGEN-0001","35","","25131","Up to Date","","106","106","0","ASAP","","LGEN","138","ZIG-ZAG","B2","Annexe","False","3","","","","890","","","","ronde","81*162","81*162","19125","MALT","22","178","MR-LGEN-0001-V1","","","","2026-08-13T17:37:43Z","2026-05-04T07:53:04Z","False","185caf62-e5c7-46cc-9db4-4d10c723c557","LG§E","MR-LGEN-0001-V1","","soleil.anker@ermco-eci.com","soleil.anker@ermco-eci.com"
"466","","","M-HYQU-0001","115","","1001912-22A","Up to Date","","106","106","0","ASAP","","HYQU","2000","ANNEX","A2","Cogent","","3","","","","1620","HQ","","","10,75x13,5","2x 45*16","2x 102*204","16.75","ANNEX","32","22","M-HYQU-0001","","","","2026-08-31T19:41:25Z","2026-05-04T14:16:19Z","False","10964893-36fc-4e62-94fc-6c5698079261","HYDRO QUEBEC","MR-HYQU-0001-V1","","soleil.anker@ermco-eci.com","soleil.anker@ermco-eci.com"
"467","","","M-POWE-0001","57","","G21778","Up to Date","","106","106","0","ASAP","","POWE","1500","POWER-W","B2","None","False","3","","","","2610","","","","9,875x12,5","45*16","11,5RD","1675","SUBSTATION","19","312","MR-POWE-0001-V1","","","","2026-08-13T17:37:49Z","2026-05-04T14:18:57Z","False","3907fc14-28b9-42e6-a4c1-fa8d47f1c45c","POWERTECK","MR-POWE-0001-V1","","soleil.anker@ermco-eci.com","soleil.anker@ermco-eci.com"
"468","","","M-HYQU-0002","115","","G21523","Up to Date","","106","106","0","ASAP","","HYQU","24.94","ZIG-ZAG + SA","A2","Annexe","False","3","","","","5160","stack","","","ronde","9x 64*207","9x 64*207","33.625","MALT + SA","40","309","MR-HYQU-0002-V1","","","","2026-08-13T17:37:34Z","2026-05-04T14:20:36Z","False","c430c0af-edb4-4653-bab2-61ee405cb723","HYDRO QUEBEC","MR-HYQU-0002-V1","","soleil.anker@ermco-eci.com","soleil.anker@ermco-eci.com"
"469","","","M-HYQU-0003","115","","REPARATION","Up to Date","","106","106","0","ASAP","","HYQU","1500","PADMOUNT","A2","None","False","3","","","","1805","HQ","0","0","7.5x10.25","45*12","91*182","1675","PADMOUNT","5","331","MR-HYQU-0003-V1","","","","2026-08-13T17:37:34Z","2026-05-04T14:23:48Z","False","f5eec0c7-b90d-4fb6-bae4-b37f9408ebba","HYDRO QUEBEC","MR-HYQU-0003-V1","","soleil.anker@ermco-eci.com","soleil.anker@ermco-eci.com"
"470","","","M-HYQU-0004","115","","N/A","Up to Date","","106","106","0","ASAP","","HYQU","2494","ZIG-ZAG + SA","A2","Cogent","False","","","","","","stackore","","na","ronde","45*10","11,5 RD","1125","","","325","MR-HYQU-0004-V1","","","","2026-08-13T17:37:34Z","2026-05-04T14:24:20Z","False","497ffd2e-6a52-4e89-96c4-0f28c5e62462","HYDRO QUEBEC","MR-HYQU-0004-V1","","soleil.anker@ermco-eci.com","soleil.anker@ermco-eci.com"
"471","","","M-LGEN-0002","35","","1","Up to Date","","106","106","0","ASAP","","LGEN","0","ZIG ZAG","B2","None","False","3","","","","1410","th","0","na","7,875x13,25","33*14 45*14","114*228","15","ZIG ZAG","22","10","MR-LGEN-0002-V1","","","","2026-08-13T17:37:43Z","2026-05-04T14:30:13Z","False","a516cb2c-b1c2-4259-86a3-bd660d1450b4","LG§E","MR-LGEN-0002-V1","","soleil.anker@ermco-eci.com","soleil.anker@ermco-eci.com"
"472","","","M-POMT-0001","54","","10","Up to Date","","106","106","0","ASAP","","POMT","1000","Substation","A2","None","False","3","","","","1561","","0","na","8,125x10,5","2x 45*16","128*256","16.75","SUBSTATION","19","11","MR-POMT-0001-V1","","","","2026-08-13T17:37:49Z","2026-05-04T14:33:03Z","False","12ba2de5-1b22-496c-acd3-4ae17be8ef06","PORT DE MTL","MR-POMT-0001-V1","","soleil.anker@ermco-eci.com","soleil.anker@ermco-eci.com"
"473","","","M-BEEL-0001","6","","G20877","Up to Date","","106","106","0","ASAP","","BEEL","2500","Substation","None","None","False","3","","","","","","","","","","","","SUBSTATION","19","306","MR-BEEL-0001-V1","","","","2026-08-13T17:37:23Z","2026-05-04T14:35:08Z","False","bcb229db-7d7b-4ac1-8403-f2ac7acb0e8f","BEAVER ELECTRICAL ","MR-BEEL-0001-V1","","soleil.anker@ermco-eci.com","soleil.anker@ermco-eci.com"
"474","","","M-ATCO-0001","108","","M-ATCO-0001","Up to Date","","106","106","0","ASAP","","ATCO","15000","SUBSTATION","None","None","False","3","","","","","","","","","","","","SUBSTATION","","321","MR-ATCO-0001-V1","","","","2026-08-13T17:37:20Z","2026-05-05T14:21:24Z","False","2c25361a-f332-4fc4-b128-49ee7c3ac32c","ATCO","MR-ATCO-0001-V1","","soleil.anker@ermco-eci.com","soleil.anker@ermco-eci.com"
"475","","","M-RIED-0001","109","","M-RIED-0001","Up to Date","","106","106","0","ASAP","","RIED","2500","PADMOUNT","None","None","False","3","","","","","","","","","","","","PADMOUNT","","323","MR-RIED-0001-V1","","","","2026-08-13T17:37:52Z","2026-05-05T14:23:26Z","False","faa1a993-2d59-4bc6-9d53-8de2cd40bb4a","Rising Edge Group","MR-RIED-0001-V1","","soleil.anker@ermco-eci.com","soleil.anker@ermco-eci.com"
"476","","","M-MULT-0001","41","","M-MULT-0001","Up to Date","","106","106","0","ASAP","","MULT","0","SUBSTATION","None","None","False","3","","","","","","","","","","","","SUBSTATION","","322","MR-MULT-0001-V1","","","","2026-08-13T17:37:46Z","2026-05-05T14:25:01Z","False","a0ea4b21-23a1-4960-9bf4-c0c54563ab62","MULTITECH","MR-MULT-0001-V1","","soleil.anker@ermco-eci.com","soleil.anker@ermco-eci.com"
"477","","","M-WESC-0001","69","","M-WESC-0001","Up to Date","","106","106","0","ASAP","","WESC","0","SUBSTATION","None","None","False","3","","","","","","","","","","","","SUBSTATION","","324","MR-WESC-0001-V1","","","","2026-08-13T17:37:56Z","2026-05-05T14:27:59Z","False","cd8cdb41-b72c-420e-bfbd-f6c35a01dad5","WESCO","MR-WESC-0001-V1","","soleil.anker@ermco-eci.com","soleil.anker@ermco-eci.com"
"478","","","M-ENMA-0001","18","506-3T85-003","61200220012-316L","Up to Date","<div class=""ExternalClassBF6AF02182F94E32AF1E9D14F82A8474""><p>CUVE ET RADIATEUR EN STANLESS-STEEL</p></div>","82","106","0","ASAP","","ENMA","500","NETWORK","A2","None","False","","","","","","","","","","","","","","","205","MR-ENMA-0001-V1","","","","2026-08-13T17:37:24Z","2026-05-21T17:28:24Z","False","660b35c1-147d-41aa-b43b-7a060e96b74a","ENMAX","MR-ENMA-0001-V1","","ABouthillette@pioneertransformers.com","soleil.anker@ermco-eci.com"
"479","","","M-ELPA-0001","110","","G22063","Up to Date","","106","106","0","ASAP","","ELPA","500","NETWORK","None","None","False","3","","","","","","","","5.75x10.25","2x 45*16","81*162","16.75","NETWORK","","314","MR-ELPA-0001-V1","","","","2026-08-13T17:37:24Z","2026-06-04T18:11:44Z","False","05516e7c-cacd-4fe9-9d97-8c69dcfc7c51","EL PASO ELECTRIC","MR-ELPA-0001-V1","","soleil.anker@ermco-eci.com","soleil.anker@ermco-eci.com"
"480","","","M-ELPA-0002","110","","G22064","Up to Date","","106","106","0","ASAP","","ELPA","1000","NETWORK","None","None","False","3","","","","","","","","6.5x12.25","2x 33*16","102*204","17","NETWORK","","315","MR-ELPA-0002-V1","","","","2026-08-13T17:37:24Z","2026-06-04T18:11:51Z","False","01c3ebca-6f40-48f4-bd0f-cc24d02dcb0b","EL PASO ELECTRIC","MR-ELPA-0002-V1","","soleil.anker@ermco-eci.com","soleil.anker@ermco-eci.com"
"481","","","M-EPBC-0001","119","","G22083","Up to Date","","106","106","0","ASAP","","EPBC","500","NETWORK","FR3","None","False","3","","","","318","","","","6.125 x 10.25","2x 50*14","81*162","15","NETWORK","15","382","MR-EPBC-0001-V1","","","","2026-08-13T17:37:30Z","2026-06-10T15:44:15Z","False","3fa876f8-6b71-4770-8bd8-6589b11ff78a","ELECTRIC POWER BOARD","MR-EPBC-0001-V1","","soleil.anker@ermco-eci.com","soleil.anker@ermco-eci.com"
"482","","","M-EPBC-0002","119","","G22084","Up to Date","","106","106","0","ASAP","","EPBC","750","NETWORK","FR3","None","False","3","","","","458","","","","6.75 x 12.25","2x 50*16","114*228","17","NETWORK","15","381","MR-EPBC-0002-V1","","","","2026-08-13T17:37:30Z","2026-06-10T15:47:59Z","False","74ee55aa-5638-494d-a296-4b1c3c2ca4c7","ELECTRIC POWER BOARD","MR-EPBC-0002-V1","","soleil.anker@ermco-eci.com","soleil.anker@ermco-eci.com"
"493","","","M-HYQU-0095","115","","4301872/1204685","Up to Date","","155","106","0","ASAP","","HYQU","6000","MALT + SA","None","None","False","3","","","","","","","","","","","","MALT + SA","22","388","MR-HYQU-0095-V1","","","","2026-08-13T17:37:43Z","2026-06-22T17:59:17Z","False","6872ad1b-3465-4bc7-a640-e612696f8bf7","HYDRO QUEBEC","MR-HYQU-0095-V1","","patrick.vaillancourt@pioneertransformers.com","soleil.anker@ermco-eci.com"
"495","","","M-LISA-0005","36","","132123LIZ","Up to Date","","155","106","0","ASAP","","LISA","4000","PADMOUNT","None","None","False","3","","","","","","","","","","","","PADMOUNT","6","385","MR-LISA-0005-V1","","","","2026-08-13T17:37:44Z","2026-06-25T13:35:37Z","False","ab0ee855-c295-421e-a46d-3234308ae6f2","LIZCO SALES","MR-LISA-0005-V1","","patrick.vaillancourt@pioneertransformers.com","soleil.anker@ermco-eci.com"
"496","","","M-PITR-0004","74","","P20004","Up to Date","","155","106","0","ASAP","","PITR","500","NETWORK","FR3","None","False","3","","","","396","","","","7.5x14.25","2x 50*14","10RD","15","PROTOTYPE","32","380","MR-PITR-0004-V1","","","","2026-08-13T17:37:49Z","2026-06-25T14:04:51Z","False","2bb6ae45-ad02-4fdb-b687-0af0e7ae332e","PIONEER TRANSFORMERS","MR-PITR-0004-V1","","patrick.vaillancourt@pioneertransformers.com","soleil.anker@ermco-eci.com"
"498","","","M-HYQU-0093","115","","1002560","Up to Date","","155","155","0","ASAP","","HYQU","167","MINPAD","A2","None","False","1","","","","335","","","","7.25x8.875","45*16","9RD","17.25","MINPAD-1HP","1","387","M-HYQU-0093","","","","2026-09-17T17:39:39Z","2026-06-26T17:31:22Z","False","4ee285ab-e772-4e40-b4c9-ce1dc823e9ba","HYDRO QUEBEC","MR-HYQU-0093-V1","","patrick.vaillancourt@pioneertransformers.com","patrick.vaillancourt@pioneertransformers.com"
"499","","","M-WIHI-0001","71","","167-278-01 / 25Z0110","Up to Date","","155","106","0","ASAP","","WIHI","0","PARTS","None","None","False","","","","","","","","","","","","","PARTS","0","386","MR-WIHI-0001-V1","","","","2026-08-13T17:37:57Z","2026-07-01T12:31:38Z","False","e19294e1-b771-4f22-bb8c-5852ebb73dab","WILSON HIGH VOLTAGE","MR-WIHI-0001-V1","","patrick.vaillancourt@pioneertransformers.com","soleil.anker@ermco-eci.com"
"500","","","M-EXEL-0001","121","","1394755","Up to Date","","161","106","0","ASAP","","EXEL","750","NETWORK","FR3","","False","3","12000-216Y / 125 VOLT, FR3 FILLED, THREE 2-1/2% TAPS","","","","","","","","","","","NETWORK","16","379","MR-EXEL-0001-V1","","","","2026-08-13T17:37:31Z","2026-07-01T17:00:39Z","False","0de6a09b-2ea9-4a9a-897c-8f6a8f4a78ff","EXELON","MR-EXEL-0001-V1","","dominic.lague@pioneertransformers.com","soleil.anker@ermco-eci.com"
"502","","","M-HYQU-0094","115","","G22110","Up to Date","","155","106","0","ASAP","","HYQU","500","MALT + SA","None","None","False","3","","","","","","","","","","","","MALT + SA","22","384","MR-HYQU-0094-V1","","","","2026-08-13T17:37:43Z","2026-07-06T13:49:13Z","False","725fd495-0ace-4749-9e49-aa66a00ac3a5","HYDRO QUEBEC","MR-HYQU-0094-V1","","patrick.vaillancourt@pioneertransformers.com","soleil.anker@ermco-eci.com"
"503","","","M-FIEN-0004
","97","","100153683","Up to Date","","161","106","0","ASAP","","FIEN","5000","PADMOUNT","None","None","False","3","","","","","","","","","","","","PADMOUNT","06","377","MR-FIEN-0004-V1","","","","2026-08-13T17:37:31Z","2026-07-06T18:47:44Z","False","0092806a-60ed-4a7e-82f4-90c36302fd17","FIRST ENERGY","MR-FIEN-0004-V1","","dominic.lague@pioneertransformers.com","soleil.anker@ermco-eci.com"
"506","","","M-REDE-0001","61","","53188","Up to Date","","161","106","0","ASAP","","REDE","1000","SUBMERSIBLE","None","None","False","3","","","","","","","","","","","","SUBWAY","25","378","MR-REDE-0001-V1","","","","2026-08-13T17:37:52Z","2026-07-16T14:41:46Z","False","69243776-dc7d-49f3-8b95-d86cb9ba6ac1","RED DEER","MR-REDE-0001-V1","","dominic.lague@pioneertransformers.com","soleil.anker@ermco-eci.com"
"507","","","M-ATCO-0002","108","","1147003","Up to Date","<div class=""ExternalClassEDB5DD37F40440E5BF6FF02A8241E6FC""><div style=""font-family&#58;Calibri, Arial, Helvetica, sans-serif;font-size&#58;11pt;color&#58;rgb(50, 49, 48);background-color&#58;transparent;""><br></div></div>","161","106","0","ASAP","","ATCO","1500","None","None","None","False","3","","","","","","","","","","","","","0","390","MR-ATCO-0002-V1","","","","2026-09-10T14:16:10Z","2026-07-21T13:04:58Z","False","5aa1b856-17cb-4ef8-b5c4-4eebf611dff4","ATCO","MR-ATCO-0002-V1","","dominic.lague@pioneertransformers.com","soleil.anker@ermco-eci.com"
"508","","","M-TRIV-0001","122","","WRG3027.FANKIT","Up to Date","","161","106","0","ASAP","","TRIV","0","None","None","None","False","3","","","","","","","","","","","","","0","389","MR-TRIV-0001-V1","","","","2026-08-13T17:37:56Z","2026-07-22T15:52:26Z","False","63126722-b7b9-43d5-8e05-d34528f1efa4","TRIVOLT","MR-TRIV-0001-V1","","dominic.lague@pioneertransformers.com","soleil.anker@ermco-eci.com"
"511","","","M-ENMA-0054","18","","61200220024-316L","Moderate Changes","","106","106","7","ASAP","","ENMA","0","None","None","None","False","","","","","","","","","","","","","","","395","MR-ENMA-0054-V1","","","","2026-08-13T17:37:30Z","2026-08-10T19:55:13Z","False","1ef3138a-7376-47ac-9ac8-78b6558a6b0e","ENMAX","MR-ENMA-0054-V1","","soleil.anker@ermco-eci.com","soleil.anker@ermco-eci.com"
"512","","","M-ENMA-0055","18","","±61200220112","Up to Date","","106","106","0","ASAP","","ENMA","0","None","None","None","False","","","","","","","","","","","","","","","396","MR-ENMA-0055-V1","","","","2026-08-13T17:37:30Z","2026-08-10T20:15:29Z","False","76335950-dfe5-420c-a50f-ee903dec32df","ENMAX","MR-ENMA-0055-V1","","soleil.anker@ermco-eci.com","soleil.anker@ermco-eci.com"
"513","","","M-HYQU-0096","115","","426870","Up to Date","","106","106","0","ASAP","","HYQU","0","None","None","None","False","","","","","","","","","","","","","","","412","MR-HYQU-0096-V1","False","","","2026-08-13T23:40:33Z","2026-08-13T23:02:13Z","False","a059d8b7-5949-4c3a-bce4-c3f38411c545","HYDRO QUEBEC","MR-HYQU-0096-V1","","soleil.anker@ermco-eci.com","soleil.anker@ermco-eci.com"
"514","","","M-HYQU-0097","115","","4276699","Up to Date","","106","106","0","ASAP","","HYQU","0","None","None","None","False","","","","","","","","","","","","","","","413","MR-HYQU-0097-V1","False","","","2026-08-13T23:40:33Z","2026-08-13T23:02:47Z","False","94632963-ad90-48be-acb2-c8f145af4178","HYDRO QUEBEC","MR-HYQU-0097-V1","","soleil.anker@ermco-eci.com","soleil.anker@ermco-eci.com"
"515","","","MSA-HYQU-0064","115","","4251081 SA","Up to Date","","106","106","0","ASAP","","HYQU","0","None","None","None","False","","","","","","","","","","","","","","","397","MRSA-HYQU-0064-V1","True","374","4251081","2026-08-14T01:32:54Z","2026-08-13T23:20:18Z","False","20770109-9825-41ee-8469-edd9a08e4577","HYDRO QUEBEC","MRSA-HYQU-0064-V1","4251081","soleil.anker@ermco-eci.com","soleil.anker@ermco-eci.com"
"516","","","MSA-HYQU-0066","115","","4261859 SA","Up to Date","","106","106","0","ASAP","","HYQU","0","None","None","None","False","","","","","","","","","","","","","","","398","MRSA-HYQU-0066-V1","True","376","4261859","2026-08-14T01:32:53Z","2026-08-13T23:20:19Z","False","dace01f1-4391-4d9a-bf22-6af71f3c58b8","HYDRO QUEBEC","MRSA-HYQU-0066-V1","4261859","soleil.anker@ermco-eci.com","soleil.anker@ermco-eci.com"
"517","","","MSA-HYQU-0069","115","","4261871 SA","Up to Date","","106","106","0","ASAP","","HYQU","0","None","None","None","False","","","","","","","","","","","","","","","399","MRSA-HYQU-0069-V1","True","379","4261871","2026-08-14T01:32:53Z","2026-08-13T23:20:18Z","False","ab3b0a6f-4d8a-4a5b-adc5-d9029e2d7695","HYDRO QUEBEC","MRSA-HYQU-0069-V1","4261871","soleil.anker@ermco-eci.com","soleil.anker@ermco-eci.com"
"518","","","MSA-HYQU-0096","115","","426870 SA","Up to Date","","106","106","0","ASAP","","HYQU","0","None","None","None","False","","","","","","","","","","","","","","","400","MRSA-HYQU-0096-V1","True","513","426870","2026-08-14T01:33:26Z","2026-08-13T23:20:19Z","False","48abffce-b767-4b50-b2df-a4c14cd8ae37","HYDRO QUEBEC","MRSA-HYQU-0096-V1","426870","soleil.anker@ermco-eci.com","soleil.anker@ermco-eci.com"
"519","","","MSA-HYQU-0065","115","","4251082 SA","Up to Date","","106","106","0","ASAP","","HYQU","0","None","None","None","False","","","","","","","","","","","","","","","401","MRSA-HYQU-0065-V1","True","375","4251082","2026-08-14T01:33:26Z","2026-08-13T23:20:19Z","False","cb85ecca-2d63-43e2-bdfa-031be51b3828","HYDRO QUEBEC","MRSA-HYQU-0065-V1","4251082","soleil.anker@ermco-eci.com","soleil.anker@ermco-eci.com"
"520","","","MSA-HYQU-0067","115","","4261865 SA","Up to Date","","106","106","0","ASAP","","HYQU","0","None","None","None","False","","","","","","","","","","","","","","","402","MRSA-HYQU-0067-V1","True","377","4261865","2026-08-14T01:33:27Z","2026-08-13T23:20:19Z","False","bf85d0c3-8b21-4fc2-8292-966549b8e36c","HYDRO QUEBEC","MRSA-HYQU-0067-V1","4261865","soleil.anker@ermco-eci.com","soleil.anker@ermco-eci.com"
"521","","","MSA-HYQU-0070","115","","4276087 SA","Up to Date","","106","106","0","ASAP","","HYQU","0","None","None","None","False","","","","","","","","","","","","","","","403","MRSA-HYQU-0070-V1","True","380","4276087","2026-08-14T01:33:26Z","2026-08-13T23:20:20Z","False","025eb9ff-eaa8-4df9-a7d2-6c95a831b1d8","HYDRO QUEBEC","MRSA-HYQU-0070-V1","4276087","soleil.anker@ermco-eci.com","soleil.anker@ermco-eci.com"
"522","","","MSA-HYQU-0097","115","","4276699 SA","Up to Date","","106","106","0","ASAP","","HYQU","0","None","None","None","False","","","","","","","","","","","","","","","404","MRSA-HYQU-0097-V1","True","514","4276699","2026-08-14T01:34:01Z","2026-08-13T23:20:20Z","False","f877a188-b6af-401a-8b37-d880e40c7ce9","HYDRO QUEBEC","MRSA-HYQU-0097-V1","4276699","soleil.anker@ermco-eci.com","soleil.anker@ermco-eci.com"
"523","","","MSA-HYQU-0082","115","","4251001 SA","Up to Date","","106","106","0","ASAP","","HYQU","0","None","None","None","False","","","","","","","","","","","","","","","405","MRSA-HYQU-0082-V1","True","405","4251001 / 1166058","2026-08-14T01:34:01Z","2026-08-13T23:20:20Z","False","c07efef6-50f6-44a4-ab55-61b0966e4a02","HYDRO QUEBEC","MRSA-HYQU-0082-V1","4251001 / 1166058","soleil.anker@ermco-eci.com","soleil.anker@ermco-eci.com"
"524","","","MSA-HYQU-0071","115","","4276269 SA","Up to Date","","106","106","0","ASAP","","HYQU","0","None","None","None","False","","","","","","","","","","","","","","","406","MRSA-HYQU-0071-V1","True","381","4276269","2026-08-21T03:30:04Z","2026-08-13T23:20:20Z","False","8aef2d4b-3bc9-435b-aee5-23ea2d604479","HYDRO QUEBEC","MRSA-HYQU-0071-V1","4276269","soleil.anker@ermco-eci.com","soleil.anker@ermco-eci.com"
"525","","","MSA-HYQU-0068","115","","4261870 SA","Up to Date","","106","106","0","ASAP","","HYQU","0","None","None","None","False","","","","","","","","","","","","","","","407","MRSA-HYQU-0068-V1","True","378","4261870","2026-08-14T01:35:49Z","2026-08-13T23:20:21Z","False","e8271247-1528-4eef-b9f1-7cd8469a15f4","HYDRO QUEBEC","MRSA-HYQU-0068-V1","4261870","soleil.anker@ermco-eci.com","soleil.anker@ermco-eci.com"
"526","","","MSA-HYQU-0092","115","","TMP9 SA","Up to Date","","106","106","0","ASAP","","HYQU","0","None","None","None","False","","","","","","","","","","","","","","","408","MRSA-HYQU-0092-V1","True","440","TMP9","2026-08-14T01:35:48Z","2026-08-13T23:20:21Z","False","74a921e5-1cb4-4c97-9ebe-69d154200308","HYDRO QUEBEC","MRSA-HYQU-0092-V1","TMP9","soleil.anker@ermco-eci.com","soleil.anker@ermco-eci.com"
"527","","","MSA-HYQU-0002","115","","G21523 SA","Up to Date","","106","106","0","ASAP","","HYQU","0","None","None","None","False","","","","","","","","","","","","","","","409","MRSA-HYQU-0002-V1","True","468","G21523","2026-08-14T01:35:48Z","2026-08-13T23:20:22Z","False","03bec2a9-ea80-44da-a8d1-92357291dab5","HYDRO QUEBEC","MRSA-HYQU-0002-V1","G21523","soleil.anker@ermco-eci.com","soleil.anker@ermco-eci.com"
"528","","","MSA-HYQU-0076","115","","4251081/1166353 SA","Up to Date","","106","106","0","ASAP","","HYQU","0","None","None","None","False","","","","","","","","","","","","","","","410","MRSA-HYQU-0076-V1","True","398","4251081/1166353","2026-08-14T01:36:20Z","2026-08-13T23:20:22Z","False","317ca27e-5c77-4859-a340-627c41700eb8","HYDRO QUEBEC","MRSA-HYQU-0076-V1","4251081/1166353","soleil.anker@ermco-eci.com","soleil.anker@ermco-eci.com"
"529","","","MSA-HYQU-0077","115","","4251082/1166354 SA","Up to Date","","106","106","0","ASAP","","HYQU","0","None","None","None","False","","","","","","","","","","","","","","","411","MRSA-HYQU-0077-V1","True","399","4251082/1166354","2026-08-14T01:36:20Z","2026-08-13T23:20:22Z","False","92b0b659-1052-4c12-9b29-64b0bf052297","HYDRO QUEBEC","MRSA-HYQU-0077-V1","4251082/1166354","soleil.anker@ermco-eci.com","soleil.anker@ermco-eci.com"
"530","","","M-HYQU-0098","115","","36","New Model","","155","106","0","ASAP","","HYQU","0","None","None","None","False","","","","","","","","","","","","","","","414","MR-HYQU-0098-V1","False","","","2026-08-19T17:48:48Z","2026-08-19T17:48:13Z","False","388e6f41-4868-4b6a-b4b8-00c6f58466e8","HYDRO QUEBEC","MR-HYQU-0098-V1","","patrick.vaillancourt@pioneertransformers.com","soleil.anker@ermco-eci.com"
"531","","","M-ENMA-0056","18","","100311919","New Model","","155","106","0","ASAP","","ENMA","0","NETWORK","None","None","False","","","","","","","","","","","","","","16","415","MR-ENMA-0056-V1","False","","","2026-08-31T19:41:25Z","2026-08-25T14:05:13Z","False","82daf184-9015-4256-818e-aa0bda9b37db","ENMAX","MR-ENMA-0056-V1","","patrick.vaillancourt@pioneertransformers.com","soleil.anker@ermco-eci.com"
"532","","","M-ENMA-0057","18","","100311920","New Model","","155","106","0","ASAP","","ENMA","0","NETWORK","None","None","False","","","","","","","","","","","","","","16","416","MR-ENMA-0057-V1","False","","","2026-08-31T19:41:26Z","2026-08-25T14:13:30Z","False","632ca123-a2b8-4658-b875-3869b6295b24","ENMAX","MR-ENMA-0057-V1","","patrick.vaillancourt@pioneertransformers.com","soleil.anker@ermco-eci.com"
"536","","","M-MADD-0001","126","","XXXXX","New Model","","161","106","0","ASAP","","MADD","0","None","None","None","False","","","","","","","","","","","","","","","419","MR-MADD-0001-V1","False","","","2026-09-03T17:21:44Z","2026-09-03T17:21:10Z","False","83f382a7-77ab-48c3-9b04-07b222438848","MADDOX","MR-MADD-0001-V1","","dominic.lague@pioneertransformers.com","soleil.anker@ermco-eci.com"
"537","","","M-PITR-0005","74","","Proto","New Model","","155","105","0","ASAP","","PITR","0","MINPAD","None","None","False","","","","","","","","","","","","","","","420","MR-PITR-0005-V1","False","","","2026-09-08T16:00:01Z","2026-09-03T19:00:05Z","False","562788c6-0962-4c75-80ba-c2e1f93325de","PIONEER TRANSFORMERS","MR-PITR-0005-V1","","patrick.vaillancourt@pioneertransformers.com","angelique.tiago@pioneertransformers.com"
"538","","","M-ENMA-0058","18","","100311860","New Model","","161","161","0","ASAP","","ENMA","0","None","None","None","False","","","","","","","","","","","","","","","421","","False","","","2026-09-11T15:58:24Z","2026-09-11T15:58:22Z","False","82a9995f-a1da-4642-b775-780ad52cdf4d","ENMAX","MR-ENMA-0058-V1","","dominic.lague@pioneertransformers.com","dominic.lague@pioneertransformers.com"
"539","","","M-ENMA-0059","18","","100311933","New Model","","161","161","0","ASAP","","ENMA","0","None","None","None","False","","","","","","","","","","","","","","","422","","False","","","2026-09-11T16:00:07Z","2026-09-11T16:00:07Z","False","bb8e52e2-860a-40e1-95ef-9ca1774b4ceb","ENMAX","MR-ENMA-0059-V1","","dominic.lague@pioneertransformers.com","dominic.lague@pioneertransformers.com"
"540","","","M-HYQU-0099","115","","G21922-5","New Model","","155","155","0","ASAP","","HYQU","0","None","None","None","False","","","","","","","","","","","","","","","423","","False","","","2026-09-15T12:59:57Z","2026-09-15T12:59:55Z","False","cc90c830-099e-434b-b924-d8d7bea84c07","HYDRO QUEBEC","MR-HYQU-0099-V1","","patrick.vaillancourt@pioneertransformers.com","patrick.vaillancourt@pioneertransformers.com"
"541","","","M-MADD-0002","126","","GQ0223","New Model","","161","161","0","ASAP","","MADD","0","None","None","None","False","","","","","","","","","","","","","","","424","","False","","","2026-09-23T14:31:47Z","2026-09-23T14:31:44Z","False","91f151d4-4bfc-4806-ba38-e10f66d7bd02","MADDOX","MR-MADD-0002-V1","","dominic.lague@pioneertransformers.com","dominic.lague@pioneertransformers.com"
