"Id","Title","AuthorId","EditorId","OData__ColorTag","ModelID","ClientId","SpecID","ModelName","Notes","Client_ID_TextFiel","kVA_x0020_and_x0020_kV","Model_x0020_Type","Oil_x0020_Type","Core_x0020_Type","Phases","OilAmount","Cable","Form","Copper_x0028_LV_x0029_","Wire_x0028_HV_x0029_","Overcoil","Description","JS_x0020__x0023_","Spec_Revision","Spec_Date","Pioneer_Model_Code_TextField","PrimaryVoltage","SecondaryVoltage","ModelId2","DuplicateOrderId","Duplicate_Order_TextField","Family","Modified","Created","Attachments","GUID","Client","Model","DuplicateOrder","Author_Email","Editor_Email"
"2","","106","106","","MR-TOHY-0018-V1","68","TH-TS-DT-SUB-01","6683213","","TOHY","1000","SUBMERSIBLE","B2","","3","1410","na","7.875x13.25","33*14 45*14","114*228","15","[""SUBWAY""]","25","","","M-TOHY-0018","","","171","","","","2026-08-05T20:00:35Z","2026-08-05T17:21:47Z","False","44e07ca3-b282-4eac-a480-845b67c09f5f","TORONTO HYDRO","M-TOHY-0018","","soleil.anker@ermco-eci.com","soleil.anker@ermco-eci.com"
"3","","106","106","","MR-ENMA-0005-V1","18","506-3T85-003","100306582","","ENMA","2500","NETWORK","Midel","","3","2180","na","6,375x14,375","2x 33*16","2x 128*256","33","[""NETWORK""]","","","","M-ENMA-0005","","","41","","","","2026-08-05T20:00:01Z","2026-08-05T17:21:48Z","False","6fda84b1-21ae-4435-9fad-1a054470fff6","ENMAX","M-ENMA-0005","","soleil.anker@ermco-eci.com","soleil.anker@ermco-eci.com"
"4","","106","106","","MR-ENMA-0024-V1","18","506-3T85-003","61200220024","","ENMA","750","NETWORK","A2","","3","1720","","6.25x13.25","2x 45*16","91*182","16.75","[""NETWORK""]","16","","","M-ENMA-0024","","","62","","","C","2026-09-11T05:12:11Z","2026-08-05T17:21:48Z","False","4ff0ed30-e600-459f-ab9f-c183a370b914","ENMAX","M-ENMA-0024","","soleil.anker@ermco-eci.com","soleil.anker@ermco-eci.com"
"5","","106","106","","MR-ENMA-0030-V1","18","506-3T85-003","61200220056","","ENMA","1500","NETWORK","A2","","3","1935","","9x 12.5","2s 45*12","114*228","13.25","[""NETWORK""]","16","","","M-ENMA-0030","","","69","","","C","2026-09-11T05:12:15Z","2026-08-05T17:21:52Z","False","32792d25-06d0-48ac-a605-065ec333065e","ENMAX","M-ENMA-0030","","soleil.anker@ermco-eci.com","soleil.anker@ermco-eci.com"
"6","","106","106","","MR-ENMA-0033-V1","18","506-3T85-003","61200220112","","ENMA","500","NETWORK","A2","","3","1115","na","6x10.25","2x 45*10","11RD","10.75","[""NETWORK""]","16","","","M-ENMA-0033","","","72","","","C","2026-09-11T05:04:29Z","2026-08-05T17:21:52Z","False","6a4e767f-f687-4da3-9112-e546cf37f97f","ENMAX","M-ENMA-0033","","soleil.anker@ermco-eci.com","soleil.anker@ermco-eci.com"
"7","","106","106","","MR-ENMA-0035-V1","18","506-3T85-003","61200220116","","ENMA","750","NETWORK","A2","Cogent","3","1140","na","6.875x10.25","2x 45*14","81*162","14.75","[""NETWORK""]","16","","","M-ENMA-0035","","","75","","","","2026-08-05T20:00:05Z","2026-08-05T17:21:55Z","False","482d0213-ae2f-4a08-a67e-8cc0af126979","ENMAX","M-ENMA-0035","","soleil.anker@ermco-eci.com","soleil.anker@ermco-eci.com"
"8","","106","106","","MR-ENMA-0036-V1","18","506-3T85-003","61200220123","","ENMA","750","NETWORK","Midel","","3","1220","na","7.5x9.25","2x 45*16","81*162","17","[""NETWORK""]","16","","","M-ENMA-0036","","","76","","","","2026-08-05T20:00:05Z","2026-08-05T17:21:56Z","False","d0f7df82-5206-42fd-82af-da64b9e6446d","ENMAX","M-ENMA-0036","","soleil.anker@ermco-eci.com","soleil.anker@ermco-eci.com"
"9","","106","106","","MR-ENMA-0041-V1","18","506-3T85-003","61200220148","","ENMA","1000","NETWORK","A2","","3","1350","na","7.375x10.25","45*14","91*182","14.75","[""NETWORK""]","16","","","M-ENMA-0041","","","81","","","","2026-08-05T20:00:05Z","2026-08-05T17:21:57Z","False","576118af-9e2d-4e19-8916-d1ce803fc92b","ENMAX","M-ENMA-0041","","soleil.anker@ermco-eci.com","soleil.anker@ermco-eci.com"
"10","","106","106","","MR-LGEN-0002-V1","35","","1","","LGEN","0","ZIG ZAG","B2","","3","1410","na","7.875x13.25","33*14 45*14","114*228","15","[""ZIG ZAG""]","22","","","M-LGEN-0002","","","471","","","","2026-08-05T20:00:22Z","2026-08-05T17:21:59Z","False","af060231-1598-4a21-b880-94902cd2ae2d","LG§E","M-LGEN-0002","","soleil.anker@ermco-eci.com","soleil.anker@ermco-eci.com"
"11","","106","106","","MR-POMT-0001-V1","54","","10","","POMT","1000","SUBSTATION","A2","","3","1561","na","8.125x10.5","2x 45*16","128*256","16.75","[""SUBSTATION""]","19","","","M-POMT-0001","","","472","","","","2026-09-01T11:15:42Z","2026-08-05T17:22:01Z","False","119d3601-fbaf-4dec-8365-971bd403d134","PORT DE MTL","M-POMT-0001","","soleil.anker@ermco-eci.com","soleil.anker@ermco-eci.com"
"12","","106","106","","MR-TOHY-0034-V1","68","","1000000920","","TOHY","1500","SUBMERSIBLE","","","3","0","","","","","","[""SUBWAY""]","","","","M-TOHY-0034","","","394","","","","2026-08-05T20:00:37Z","2026-08-05T17:22:02Z","False","3daa3feb-7c00-4742-80a3-c454efe50dc8","TORONTO HYDRO","M-TOHY-0034","","soleil.anker@ermco-eci.com","soleil.anker@ermco-eci.com"
"13","","106","106","","MR-TOHY-0009-V1","68","TH-TS-DT-NT-01","100000875","","TOHY","300","NETWORK","B2","","3","1390","na","4.875x10.25","2x 45*10","10RD","11","[""NETWORK""]","15","","","M-TOHY-0009","","","162","","","","2026-08-05T20:00:34Z","2026-08-05T17:22:03Z","False","48781805-1d2c-4055-a44d-066791d0abd4","TORONTO HYDRO","M-TOHY-0009","","soleil.anker@ermco-eci.com","soleil.anker@ermco-eci.com"
"14","","106","106","","MR-TOHY-0010-V1","68","mix","100000919","","TOHY","1000","SUBMERSIBLE","B2","","3","2350","","6.75x12.25","2x 0.05*14","114*228","1475","[""SUBWAY""]","25","","","M-TOHY-0010","","","163","","","","2026-08-05T20:00:34Z","2026-08-05T17:22:05Z","False","505ffb15-2558-4fc6-a9d9-9e0e3c3dae74","TORONTO HYDRO","M-TOHY-0010","","soleil.anker@ermco-eci.com","soleil.anker@ermco-eci.com"
"15","","106","106","","MR-TOHY-0011-V1","68","mix","100000920","","TOHY","1500","NETWORK","B2","","3","2350","na","8.375x13.5","3x 45*14","2x 102*204","15","[""NETWORK""]","25","","","M-TOHY-0011","","","164","","","","2026-08-05T20:00:34Z","2026-08-05T17:22:06Z","False","3e45a468-d0ca-49bb-8a42-9b5f11134a57","TORONTO HYDRO","M-TOHY-0011","","soleil.anker@ermco-eci.com","soleil.anker@ermco-eci.com"
"16","","106","106","","MR-ALPO-0009-V1","2","SES-PD-197","1000050","","ALPO","750","NETWORK","FR3","","3","357","na","6.25x12.25","2x 45*20","81*162","21","[""NETWORK""]","16","","","M-ALPO-0009","","","129","","","","2026-08-05T19:59:58Z","2026-08-05T17:22:07Z","False","632bd63b-14ce-48c1-a49a-0b12f40c45ec","ALABAMA POWER","M-ALPO-0009","","soleil.anker@ermco-eci.com","soleil.anker@ermco-eci.com"
"17","","106","106","","MR-HYQU-0040-V1","115","","1001608","","HYQU","667","C2","A2","","1","700","0","10.375x13.5","2x 50*14","114*228","15","[""VAULT-1PH""]","3","","","M-HYQU-0040","","","348","","","","2026-08-05T20:00:15Z","2026-08-05T17:22:09Z","False","b1ba298c-f8e0-4792-909b-518996377eef","HYDRO QUEBEC","M-HYQU-0040","","soleil.anker@ermco-eci.com","soleil.anker@ermco-eci.com"
"18","","106","106","","MR-HYQU-0005-V1","115","STERD S5/010","1001893-22","","HYQU","500","ANNEX","A2","Amorphe","3","900","0","7.25x11.75","45*10","10RD","11","[""ANNEX""]","32","","","M-HYQU-0005","","","87","","","B1","2026-09-08T07:43:07Z","2026-08-05T17:22:10Z","False","71146a9b-37d5-45fb-83f3-9a7d8183fbb9","HYDRO QUEBEC","M-HYQU-0005","","soleil.anker@ermco-eci.com","soleil.anker@ermco-eci.com"
"20","","106","106","","MR-HYQU-0006-V1","115","STERD S5/010","1001903-22","","HYQU","1000","ANNEX","A2","Amorphe","3","1170","","7.75x14","50*14","102*204","15","[""ANNEX""]","32","","","M-HYQU-0006","","","88","","","C","2026-09-21T06:07:59Z","2026-08-05T17:22:13Z","False","ceef5d62-3bc7-4d39-a842-8a1463815595","HYDRO QUEBEC","M-HYQU-0006","","soleil.anker@ermco-eci.com","soleil.anker@ermco-eci.com"
"21","","106","106","","MR-HYQU-0007-V1","115","STERD S5/010","1001912-22","","HYQU","2000","ANNEX","A2","Cogent","3","1620","","10,75x13,5","2x 45*16","2x 102*204","16.75","[""ANNEX""]","32","","","M-HYQU-0007","","","89","","","C","2026-09-11T04:56:06Z","2026-08-05T17:22:14Z","False","aa0c7e68-845c-4d94-916f-d2ff9a1b8377","HYDRO QUEBEC","M-HYQU-0007","","soleil.anker@ermco-eci.com","soleil.anker@ermco-eci.com"
"22","","106","106","","MR-HYQU-0001-V1","115","","1001912-22A","","HYQU","2000","ANNEX","A2","Cogent","3","1620","","10.75x13.5","2x 45*16","2x 102*204","16.75","[""ANNEX""]","32","","","M-HYQU-0001","","","466","","","","2026-09-15T03:37:43Z","2026-08-05T17:22:15Z","False","626722af-96a0-489d-84d0-fb898ef1105a","HYDRO QUEBEC","M-HYQU-0001","","soleil.anker@ermco-eci.com","soleil.anker@ermco-eci.com"
"23","","106","106","","MR-HYQU-0043-V1","115","","1002081","","HYQU","333","SUBMERSIBLE","A2","Cogent","1","720","0","8.875x10.25","50*14","114*228","14.75","[""SUBWAY-1PH""]","27","","","M-HYQU-0043","","","351","","","","2026-08-05T20:00:16Z","2026-08-05T17:22:17Z","False","48f9bec6-bd10-41b2-aeea-5d31f2113e67","HYDRO QUEBEC","M-HYQU-0043","","soleil.anker@ermco-eci.com","soleil.anker@ermco-eci.com"
"24","","106","106","","MR-HYQU-0008-V1","115","STERD S5/011","1002104-22","","HYQU","250","SUBMERSIBLE","A2","","1","670","","7.125x12.25","33*10 50*10","91*182","11.5","[""SUBWAY""]","24","","","M-HYQU-0008","","","90","","","A","2026-09-15T03:37:43Z","2026-08-05T17:22:18Z","False","f3f0557c-2923-425b-af33-be5260aaf9a6","HYDRO QUEBEC","M-HYQU-0008","","soleil.anker@ermco-eci.com","soleil.anker@ermco-eci.com"
"26","","106","106","","MR-HYQU-0009-V1","115","STERD S5/011","1002113-22","","HYQU","333","SUBMERSIBLE","A2","Amorphe","1","670","na","8,75x11,75","2x 50*14","114*228","14.75","[""SUBWAY""]","24","","","M-HYQU-0009","","","91","","","A","2026-09-21T06:07:59Z","2026-08-05T17:22:20Z","False","652db2be-3831-4a74-acc4-140741da00c0","HYDRO QUEBEC","M-HYQU-0009","","soleil.anker@ermco-eci.com","soleil.anker@ermco-eci.com"
"27","","106","106","","MR-HYQU-0074-V1","115","","1002158-22","","HYQU","250","SUBMERSIBLE","","Amorphe","1","0","","","","","","[""SUBWAY-1PH""]","","","","M-HYQU-0074","","","396","","","","2026-08-05T20:00:19Z","2026-08-05T17:22:22Z","False","e594fa19-6a2d-4391-8a2f-7332f5612a20","HYDRO QUEBEC","M-HYQU-0074","","soleil.anker@ermco-eci.com","soleil.anker@ermco-eci.com"
"28","","106","106","","MR-HYQU-0075-V1","115","","1002178-22","","HYQU","250","SUBMERSIBLE","A2","Amorphe","1","490","","7.625x11.75","2x 45*12","91*182","13","[""SUBWAY-1PH""]","27","","","M-HYQU-0075","","","397","","","","2026-08-05T20:00:19Z","2026-08-05T17:22:23Z","False","7b9fb4f3-e56d-40a7-a82f-10888f55db46","HYDRO QUEBEC","M-HYQU-0075","","soleil.anker@ermco-eci.com","soleil.anker@ermco-eci.com"
"30","","106","106","","MR-HYQU-0012-V1","115","STERD S5/012","1002394-22","","HYQU","500","SUBMERSIBLE","A2","Amorphe","3","1010","0","8.75x8.875","33*14","81*162","15","[""SUBWAY""]","24","","","M-HYQU-0012","","","94","","","B1","2026-09-15T03:37:44Z","2026-08-05T17:22:26Z","False","56b1bb01-5ff9-4946-8814-89876655fd40","HYDRO QUEBEC","M-HYQU-0012","","soleil.anker@ermco-eci.com","soleil.anker@ermco-eci.com"
"32","","106","106","","MR-HYQU-0013-V1","115","STERD S5/012","1002403-22","","HYQU","1000","SUBMERSIBLE","A2","Amorphe","3","1510","na","10.375x11.75","33*14 50*14","128*256","15","[""SUBWAY""]","25","","","M-HYQU-0013","","","95","","","","2026-09-11T04:40:33Z","2026-08-05T17:22:30Z","False","b6364465-7e94-41d7-9b72-066166d2e2c4","HYDRO QUEBEC","M-HYQU-0013","","soleil.anker@ermco-eci.com","soleil.anker@ermco-eci.com"
"33","","106","106","","MR-HYQU-0047-V1","115","","1002417","","HYQU","300","SUBMERSIBLE","A2","","3","810","na","6x10.25","20*12","11RD","13.5","[""SUBWAY""]","24","","","M-HYQU-0047","","","355","","","","2026-08-05T20:00:16Z","2026-08-05T17:22:33Z","False","b6179ea3-6375-4c1f-a4e9-9bb48a7dd876","HYDRO QUEBEC","M-HYQU-0047","","soleil.anker@ermco-eci.com","soleil.anker@ermco-eci.com"
"35","","106","106","","MR-HYQU-0014-V1","115","STERD S5/011","1002458-22","","HYQU","167","SUBMERSIBLE","A2","Amorphe","1","260","0","7,875x11,75","2x 33*12","81*162","12.75","[""SUBWAY""]","24","","","M-HYQU-0014","","","96","","","A","2026-09-15T03:37:44Z","2026-08-05T17:22:35Z","False","a89aa1ed-02b0-4b91-b9cd-a5dd9074f736","HYDRO QUEBEC","M-HYQU-0014","","soleil.anker@ermco-eci.com","soleil.anker@ermco-eci.com"
"36","","106","106","","MR-HYQU-0015-V1","115","STERD S5/008","1002551-22","","HYQU","100","MINPAD","A2","Amorphe","1","360","0","7.25x8.875","33*12","11.5RD","12.75","[""MINPAD-1PH""]","1","","","M-HYQU-0015","","","97","","","A","2026-09-01T10:58:51Z","2026-08-05T17:22:36Z","False","a83c7f5e-d7f7-4df1-9a32-38f2b86f064a","HYDRO QUEBEC","M-HYQU-0015","","soleil.anker@ermco-eci.com","soleil.anker@ermco-eci.com"
"37","","106","106","","MR-PITR-0001-V1","74","","1002560-22","","PITR","100","PROTO MINIPAD","A2","","1","360","","","","","","[""PROTOTYPE""]","1","","","M-PITR-0001","","","464","","","A","2026-09-01T10:44:18Z","2026-08-05T17:22:38Z","False","6c99d525-1520-4a3c-a241-a66891f80bbd","PIONEER TRANSFORMERS","M-PITR-0001","","soleil.anker@ermco-eci.com","soleil.anker@ermco-eci.com"
"39","","106","106","","MR-HYQU-0016-V1","115","STERD S5/009","1002801-22","","HYQU","750","PADMOUNT","A2","Cogent","3","1650","0","7,5x12,25","45*14","91*182","15","[""PADMOUNT""]","5","","","M-HYQU-0016","","","98","","","B1","2026-09-21T06:08:32Z","2026-08-05T17:22:40Z","False","83e51c7d-4300-4bc8-b07e-c03a06250bd4","HYDRO QUEBEC","M-HYQU-0016","","soleil.anker@ermco-eci.com","soleil.anker@ermco-eci.com"
"41","","106","106","","MR-HYQU-0017-V1","115","STERD S5/009","1002812-22","","HYQU","1500","PADMOUNT","A2","Cogent","3","1810","0","10x13.5","2x 45*16","128*256","17","[""PADMOUNT""]","5","","","M-HYQU-0017","","","99","","","C","2026-09-21T06:08:52Z","2026-08-05T17:22:43Z","False","1e5cf8db-c0a4-4016-b978-f32e510b5cdf","HYDRO QUEBEC","M-HYQU-0017","","soleil.anker@ermco-eci.com","soleil.anker@ermco-eci.com"
"43","","106","106","","MR-HYQU-0018-V1","115","STERD S5/009","1002817-22","","HYQU","2500","PADMOUNT","A2","Cogent","3","1840","0","10,375x13,5","2x 45*16","2x 114*228","17","[""PADMOUNT""]","5","","","M-HYQU-0018","","","100","","","C","2026-09-11T04:54:53Z","2026-08-05T17:22:45Z","False","4bbe5161-1df1-4aa7-b7e1-422657dffa94","HYDRO QUEBEC","M-HYQU-0018","","soleil.anker@ermco-eci.com","soleil.anker@ermco-eci.com"
"44","","106","106","","MR-HYQU-0019-V1","115","STERD S5/009","1002839-22","","HYQU","500","PADMOUNT","A2","Cogent","3","1170","0","7.75*10.25","45*10","9RD","11.5","[""PADMOUNT""]","4","","","M-HYQU-0019","","","101","","","","2026-08-05T20:00:13Z","2026-08-05T17:22:46Z","False","58b3e4da-db9b-41f0-9ee0-385d289fcc98","HYDRO QUEBEC","M-HYQU-0019","","soleil.anker@ermco-eci.com","soleil.anker@ermco-eci.com"
"46","","106","106","","MR-HYQU-0020-V1","115","STERD S5/009","1002846-22","","HYQU","750","PADMOUNT","A2","Cogent","3","1620","0","7.5*10.25","45*12","91*182","13.25","[""PADMOUNT""]","5","","","M-HYQU-0020","","","102","","","","2026-08-05T20:00:13Z","2026-08-05T17:22:49Z","False","252e5f55-0a3f-4bbd-985b-143f094eba96","HYDRO QUEBEC","M-HYQU-0020","","soleil.anker@ermco-eci.com","soleil.anker@ermco-eci.com"
"48","","106","106","","MR-HYQU-0021-V1","115","STERD S5/009","1002851-22","","HYQU","1500","PADMOUNT","A2","Cogent","3","1820","0","9.875x13.5","2x 45*14","128*256","15","[""PADMOUNT""]","5","","","M-HYQU-0021","","","103","","","","2026-08-05T20:00:13Z","2026-08-05T17:22:52Z","False","295ba4a2-ec85-4530-a602-cbc1388ebfb7","HYDRO QUEBEC","M-HYQU-0021","","soleil.anker@ermco-eci.com","soleil.anker@ermco-eci.com"
"50","","106","106","","MR-HYQU-0022-V1","115","STERD S5/009","1002859-22","","HYQU","2500","PADMOUNT","A2","Cogent","3","1850","0","10.375x13.5","2x 45*16","2x 114*228","17","[""PADMOUNT""]","5","","","M-HYQU-0022","","","104","","","C","2026-09-11T04:35:39Z","2026-08-05T17:22:55Z","False","2c9b7198-151a-4966-b5c8-410bb38eb028","HYDRO QUEBEC","M-HYQU-0022","","soleil.anker@ermco-eci.com","soleil.anker@ermco-eci.com"
"51","","106","106","","MR-HYQU-0023-V1","115","STERD S5/009","1002882-22","","HYQU","750","PADMOUNT","A2","Cogent","","","?","7.5x12.25","45x14","91x182","15","[""PADMOUNT""]","5","","","M-HYQU-0023","","","105","","","","2026-08-05T20:00:13Z","2026-08-05T17:22:58Z","False","9ea32685-7414-48c6-9b2a-fa2299a2cc2c","HYDRO QUEBEC","M-HYQU-0023","","soleil.anker@ermco-eci.com","soleil.anker@ermco-eci.com"
"53","","106","106","","MR-HYQU-0024-V1","115","STERD S5/009","1002890-22","","HYQU","1500","PADMOUNT","A2","Cogent","3","1810","","10x13.5","2x 45*16","128*256","17","[""PADMOUNT""]","5","","","M-HYQU-0024","","","106","","","","2026-08-05T20:00:13Z","2026-08-05T17:23:01Z","False","92735068-db35-4f75-aaaf-0d6add8e5e53","HYDRO QUEBEC","M-HYQU-0024","","soleil.anker@ermco-eci.com","soleil.anker@ermco-eci.com"
"54","","106","106","","MR-ENMA-0002-V1","18","506-3T85-003","100305181","","ENMA","0","NETWORK","","","","","","","","","","[]","","","","M-ENMA-0002","","","38","","","","2026-08-05T19:47:30Z","2026-08-05T17:23:03Z","False","d1a97c8a-dab3-4b2e-9659-816c6f502c94","ENMAX","M-ENMA-0002","","soleil.anker@ermco-eci.com","soleil.anker@ermco-eci.com"
"55","","106","106","","MR-ENMA-0003-V1","18","506-3T85-003","100305186","","ENMA","0","NETWORK","","","","","","","","","","[]","","","","M-ENMA-0003","","","39","","","","2026-08-05T19:47:30Z","2026-08-05T17:23:05Z","False","2d06aedb-57f0-4c0c-83f9-fe981f647b6c","ENMAX","M-ENMA-0003","","soleil.anker@ermco-eci.com","soleil.anker@ermco-eci.com"
"56","","106","106","","MR-ENMA-0004-V1","18","506-3T85-003","100305187","","ENMA","0","NETWORK","","","","","","","","","","[]","","","","M-ENMA-0004","","","40","","","","2026-08-05T19:47:31Z","2026-08-05T17:23:07Z","False","6f791793-2759-42e6-b407-516cf5de9a68","ENMAX","M-ENMA-0004","","soleil.anker@ermco-eci.com","soleil.anker@ermco-eci.com"
"57","","106","106","","MR-ENMA-0006-V1","18","506-3T85-003","100306583","","ENMA","2500","NETWORK","MIDEL","Cogent","3","2180","na","6,375x14,375","2x 33*32","2x 128*256","33","[""NETWORK""]","16","","","M-ENMA-0006","","","42","","","","2026-08-05T20:00:01Z","2026-08-05T17:23:09Z","False","2a0fc96d-abac-4b52-a9e8-8a5af1a80d59","ENMAX","M-ENMA-0006","","soleil.anker@ermco-eci.com","soleil.anker@ermco-eci.com"
"58","","106","106","","MR-ENMA-0007-V1","18","506-3T85-003","100309628","","ENMA","750","NETWORK","","Cogent","","0","na","7.25x10.25","2x 45*14","11 RD","15.5","[""NETWORK""]","16","","","M-ENMA-0007","","","43","","","","2026-08-05T20:00:02Z","2026-08-05T17:23:10Z","False","0c46aa2a-88a5-480c-9ad7-715e19032219","ENMAX","M-ENMA-0007","","soleil.anker@ermco-eci.com","soleil.anker@ermco-eci.com"
"59","","106","106","","MR-ENMA-0008-V1","18","506-3T85-003","100309629","","ENMA","750","NETWORK","","","","0","na","7.25x10.25","2x 45*14","11 RD","15.5","[""NETWORK""]","16","","","M-ENMA-0008","","","44","","","","2026-08-05T20:00:02Z","2026-08-05T17:23:13Z","False","41244c45-2a69-45ad-b656-af8a42ebb1ae","ENMAX","M-ENMA-0008","","soleil.anker@ermco-eci.com","soleil.anker@ermco-eci.com"
"60","","106","106","","MR-ENMA-0009-V1","18","506-3T85-003","100309837","","ENMA","1000","NETWORK","","","","","","7.625x10.25","2x 50*16","10.5 RD","17","[""NETWORK""]","16","","","M-ENMA-0009","","","45","","","","2026-08-05T20:00:02Z","2026-08-05T17:23:15Z","False","4c471e3b-22f1-47c7-8174-54451c28d78a","ENMAX","M-ENMA-0009","","soleil.anker@ermco-eci.com","soleil.anker@ermco-eci.com"
"61","","106","106","","MR-ENMA-0010-V1","18","506-3T85-003","100309838","","ENMA","1000","NETWORK","","","","","","7.625x10.25","2x 50*16","10.5 RD","17","[""NETWORK""]","16","","","M-ENMA-0010","","","46","","","","2026-08-05T20:00:02Z","2026-08-05T17:23:17Z","False","e23d1849-c55b-4f62-a2ed-be7e555deed7","ENMAX","M-ENMA-0010","","soleil.anker@ermco-eci.com","soleil.anker@ermco-eci.com"
"62","","106","106","","MR-ENMA-0011-V1","18","506-3T85-003","100310233","","ENMA","2500","NETWORK","Midel","","3","2570","na","8.625x12.5","33*28 45*28","91*182","29","[""NETWORK""]","16","","","M-ENMA-0011","","","47","","","","2026-08-05T20:00:02Z","2026-08-05T17:23:19Z","False","e6ee78d1-f193-4ffb-a385-39f18dc438f3","ENMAX","M-ENMA-0011","","soleil.anker@ermco-eci.com","soleil.anker@ermco-eci.com"
"63","","106","106","","MR-ENMA-0012-V1","18","506-3T85-003","100310236","","ENMA","2500","NETWORK","Midel","","3","2570","na","8.625x12.5","33*28 45*28","91*182","29","[""NETWORK""]","16","","","M-ENMA-0012","","","48","","","","2026-08-05T20:00:02Z","2026-08-05T17:23:22Z","False","ccae9ff9-4d1e-4d72-b83b-08baa6cbcdb5","ENMAX","M-ENMA-0012","","soleil.anker@ermco-eci.com","soleil.anker@ermco-eci.com"
"64","","106","106","","MR-ENMA-0047-V1","18","","100311773","","ENMA","750","NETWORK","Midel","","3","1350","na","7.25x10.25","2x 45*14","11RD","15.5","[""NETWORK""]","16","","","M-ENMA-0047","","","386","","","","2026-08-05T20:00:06Z","2026-08-05T17:23:24Z","False","dc7cc985-2343-4c16-bbfd-4f74d19b110f","ENMAX","M-ENMA-0047","","soleil.anker@ermco-eci.com","soleil.anker@ermco-eci.com"
"65","","106","106","","MR-ENMA-0013-V1","18","","100311774","","ENMA","750","NETWORK","Midel","","3","1350","na","7.25x10.25","2x 45*14","11RD","15.5","[""NETWORK""]","16","","","M-ENMA-0013","","","49","","","","2026-08-05T20:00:02Z","2026-08-05T17:23:25Z","False","0c9b8ad1-7b48-419d-b6bd-fe051bb190a7","ENMAX","M-ENMA-0013","","soleil.anker@ermco-eci.com","soleil.anker@ermco-eci.com"
"66","","106","106","","MR-ENMA-0048-V1","18","","100311912","","ENMA","2000","NETWORK","Midel","","3","2510","","9x14.5","2x 45*20","2x 102*204","20.75","[""NETWORK""]","16","","","M-ENMA-0048","","","387","","","C","2026-09-11T04:49:54Z","2026-08-05T17:23:26Z","False","fead0ebf-724a-43ec-88e3-208f5b43c851","ENMAX","M-ENMA-0048","","soleil.anker@ermco-eci.com","soleil.anker@ermco-eci.com"
"67","","106","106","","MR-ENMA-0049-V1","18","","100311913","","ENMA","2000","NETWORK","Midel","","3","2510","","9x14.5","2x 45*20","2x 102*204","20.75","[""NETWORK""]","16","","","M-ENMA-0049","","","388","","","","2026-09-11T04:55:28Z","2026-08-05T17:23:28Z","False","2f85af0b-ca40-4689-8e9e-a93c295ba812","ENMAX","M-ENMA-0049","","soleil.anker@ermco-eci.com","soleil.anker@ermco-eci.com"
"68","","106","106","","MR-ENMA-0014-V1","18","506-3T85-003","100311915","","ENMA","1500","NETWORK","Midel","","3","2010","","9.125x12.5","33*16 45*16","128*256","16.75","[""NETWORK""]","16","","","M-ENMA-0014","","","50","","","","2026-09-15T03:37:45Z","2026-08-05T17:23:28Z","False","bb445dd7-759e-4a55-9aa5-26bacd5290c7","ENMAX","M-ENMA-0014","","soleil.anker@ermco-eci.com","soleil.anker@ermco-eci.com"
"69","","106","106","","MR-ENMA-0042-V1","18","506-3T85-003","100311916","","ENMA","1500","NETWORK","Midel","","3","2010","","9.125x12.5","33*16 45*16","128*256","16.75","[""NETWORK""]","16","","","M-ENMA-0042","","","82","","","C","2026-09-15T03:37:45Z","2026-08-05T17:23:30Z","False","4dd053fc-1f63-42af-b0bb-e01f0c726c65","ENMAX","M-ENMA-0042","","soleil.anker@ermco-eci.com","soleil.anker@ermco-eci.com"
"70","","106","106","","MR-ENMA-0015-V1","18","506-3T85-003","100311917","","ENMA","1000","NETWORK","Midel","","3","1570","","8.5x10.25","50*14","91*182","14.75","[""NETWORK""]","16","","","M-ENMA-0015","","","52","","","","2026-08-05T20:00:02Z","2026-08-05T17:23:32Z","False","92b1fb9c-5f66-47f4-abce-54c3ce97171c","ENMAX","M-ENMA-0015","","soleil.anker@ermco-eci.com","soleil.anker@ermco-eci.com"
"71","","106","106","","MR-ENMA-0016-V1","18","506-3T85-003","100311918","","ENMA","1000","NETWORK","Midel","","3","1570","","8.5x10.25","50*14","91*182","14.75","[""NETWORK""]","16","","","M-ENMA-0016","","","53","","","","2026-08-05T20:00:02Z","2026-08-05T17:23:32Z","False","3d0c27ac-cdea-431b-971f-cbb27ad02950","ENMAX","M-ENMA-0016","","soleil.anker@ermco-eci.com","soleil.anker@ermco-eci.com"
"72","","106","106","","MR-ENMA-0050-V1","18","","100311925","","ENMA","1000","NETWORK","Midel","","3","1500","","8.125x10.25","3x 45*20","114*228","21","[""NETWORK""]","16","","","M-ENMA-0050","","","389","","","","2026-09-15T03:37:45Z","2026-08-05T17:23:34Z","False","ba7bf9eb-8d09-4b40-a066-6aa9e358d443","ENMAX","M-ENMA-0050","","soleil.anker@ermco-eci.com","soleil.anker@ermco-eci.com"
"73","","106","106","","MR-ENMA-0051-V1","18","","100311926","","ENMA","1000","NETWORK","Midel","","3","1500","","8.125x10.25","3x 45*20","114*228","21","[""NETWORK""]","16","","","M-ENMA-0051","","","390","","","","2026-09-15T03:37:46Z","2026-08-05T17:23:35Z","False","f49d69fc-da36-4a44-9c50-7fdc9387e603","ENMAX","M-ENMA-0051","","soleil.anker@ermco-eci.com","soleil.anker@ermco-eci.com"
"74","","106","106","","MR-ENMA-0017-V1","18","506-3T85-003","100311927","","ENMA","750","NETWORK","Midel","","3","1220","","7.5x9.25","2x 45*16","81*162","17","[""NETWORK""]","16","","","M-ENMA-0017","","","54","","","","2026-09-11T04:56:28Z","2026-08-05T17:23:37Z","False","14292b1e-49e6-42fe-a5c3-a30b3796039e","ENMAX","M-ENMA-0017","","soleil.anker@ermco-eci.com","soleil.anker@ermco-eci.com"
"75","","106","106","","MR-ENMA-0018-V1","18","506-3T85-003","100311928","","ENMA","750","NETWORK","Midel","","3","1220","","7.5x9.25","2x 45*16","81*162","17","[""NETWORK""]","16","","","M-ENMA-0018","","","55","","","","2026-09-11T04:56:33Z","2026-08-05T17:23:37Z","False","3b96ad78-ff92-4d30-9e4c-bd309a98ea0d","ENMAX","M-ENMA-0018","","soleil.anker@ermco-eci.com","soleil.anker@ermco-eci.com"
"76","","106","106","","MR-ENMA-0052","18","","100311929","","ENMA","500","NETWORK","Midel","","3","1170","na","12x14.5","3x 45*18","4x114*228","19","[""NETWORK""]","24","","","M-ENMA-0052","","","391","","","C","2026-09-25T00:47:48Z","2026-08-05T17:23:39Z","False","3ebe3bd5-a403-4fe2-8927-db99209b6e59","ENMAX","M-ENMA-0052","","soleil.anker@ermco-eci.com","soleil.anker@ermco-eci.com"
"77","","106","106","","MR-ENMA-0053","18","","100311930","","ENMA","500","NETWORK","Midel","","3","1170","","6.5x9.25","2x 33*14","10RD","15","[""NETWORK""]","24","","","M-ENMA-0053","","","392","","","","2026-09-25T00:47:41Z","2026-08-05T17:23:40Z","False","0ef71682-db84-4daa-b8b2-fcea3d9c04e5","ENMAX","M-ENMA-0053","","soleil.anker@ermco-eci.com","soleil.anker@ermco-eci.com"
"78","","106","106","","MR-MAGA-0008-V1","37","","104129","","MAGA","500","NETWORK","FR3","","3","320","na","5.75x10.25","2x 50*12","9RD","13","[""NETWORK""]","15","","","M-MAGA-0008","","","311","","","B1","2026-09-11T05:03:05Z","2026-08-05T17:23:42Z","False","8491f03c-ac5b-434a-8cb6-53d18e099a28","MADISON GAS § ELECTRIC","M-MAGA-0008","","soleil.anker@ermco-eci.com","soleil.anker@ermco-eci.com"
"79","","106","106","","MR-MAGA-0009-V1","37","","104130","","MAGA","750","NETWORK","FR3","","3","330","","6,375x10,25","2x 50*16","102*204","16.75","[""NETWORK""]","16","","","M-MAGA-0009","","","312","","","B1","2026-09-11T05:12:00Z","2026-08-05T17:23:43Z","False","d1ac1ea3-28d1-4c73-a5f2-79fcd14a6455","MADISON GAS § ELECTRIC","M-MAGA-0009","","soleil.anker@ermco-eci.com","soleil.anker@ermco-eci.com"
"80","","106","106","","MR-MAGA-0010-V1","37","","104131","","MAGA","750","NETWORK","FR3","","3","355","","7x10.25","50*12","91*182","12.75","[""NETWORK""]","16","","","M-MAGA-0010","","","313","","","B1","2026-09-11T05:01:55Z","2026-08-05T17:23:43Z","False","fa6d3592-25e5-4cfe-9a4d-7bd81b8bb6fb","MADISON GAS § ELECTRIC","M-MAGA-0010","","soleil.anker@ermco-eci.com","soleil.anker@ermco-eci.com"
"81","","106","106","","MR-MAGA-0011-V1","37","","104132","","MAGA","1500","NETWORK","FR3","","3","485","","7x12,25","2x 50*16","114*228","14.75","[""NETWORK""]","16","","","M-MAGA-0011","","","314","","","","2026-08-05T20:00:25Z","2026-08-05T17:23:46Z","False","a49ebb6f-756b-4123-806a-4764dccc65b9","MADISON GAS § ELECTRIC","M-MAGA-0011","","soleil.anker@ermco-eci.com","soleil.anker@ermco-eci.com"
"82","","106","106","","MR-KBAU-0001-V1","117","","1044322","","KBAU","2500","NETWORK","FR3","Annexe","3","2410","","7.875x12.5","4x 50*16","2x 128*256","33","[""NETWORK""]","21","","","M-KBAU-0001","","","364","","","C","2026-09-11T05:13:04Z","2026-08-05T17:23:46Z","False","8dd18eb1-fdf3-4644-8225-f60da092c5be","KBS Austin","M-KBAU-0001","","soleil.anker@ermco-eci.com","soleil.anker@ermco-eci.com"
"83","","106","106","","MR-LGEN-0003-V1","35","LGE062395NET3","1073119","","LGEN","500","NETWORK","FR3","","3","266","","5.75x9.25","2x 0.05*14","81*162","14.75","[""NETWORK""]","15","","","M-LGEN-0003","","","187","","","B1","2026-09-11T04:56:41Z","2026-08-05T17:23:47Z","False","3e8a4dca-4b8b-4f99-af84-46848114dfb1","LG§E","M-LGEN-0003","","soleil.anker@ermco-eci.com","soleil.anker@ermco-eci.com"
"84","","106","106","","MR-LGEN-0004-V1","35","LG&E and KU ENERGY","1073127","","LGEN","750","NETWORK","FR3","","3","315","na","6.875x10.25","2x 50*16","102*204","17","[""NETWORK""]","16","","","M-LGEN-0004","","","188","","","B1","2026-09-11T04:57:58Z","2026-08-05T17:23:49Z","False","673fa1e2-bfde-48da-ac98-9d87c424ab65","LG§E","M-LGEN-0004","","soleil.anker@ermco-eci.com","soleil.anker@ermco-eci.com"
"85","","106","106","","MR-LGEN-0005-V1","35","LG&E and KU ENERGY","1073135","","LGEN","1000","NETWORK","FR3","","3","345","0","6.25x13.25","3x 45*20","114*228","21","[""NETWORK""]","16","","","M-LGEN-0005","","","189","","","","2026-09-01T11:15:38Z","2026-08-05T17:23:50Z","False","479dbfc4-1b9d-4adb-93b0-3d90e76f08ea","LG§E","M-LGEN-0005","","soleil.anker@ermco-eci.com","soleil.anker@ermco-eci.com"
"86","","106","106","","MR-LGEN-0006-V1","35","09-18-2017","1073186","","LGEN","750","NETWORK","FR3","","3","340","0","7.5x9.25","50*14","91*182","14.75","[""NETWORK""]","16","","","M-LGEN-0006","","","190","","","B1","2026-09-11T04:58:18Z","2026-08-05T17:23:51Z","False","29e6dea1-4144-4107-a7f7-6b12f3a0913c","LG§E","M-LGEN-0006","","soleil.anker@ermco-eci.com","soleil.anker@ermco-eci.com"
"87","","106","106","","MR-LGEN-0007-V1","35","LG&E and KU ENERGY","1073194","","LGEN","1000","NETWORK","FR3","","3","375","0","7x12.25","33*14 45*14","114*228","14.75","[""NETWORK""]","16","","","M-LGEN-0007","","","191","","","C","2026-09-11T04:58:30Z","2026-08-05T17:23:53Z","False","cd1f0cad-cda7-4d0d-9844-4f7a6da9516d","LG§E","M-LGEN-0007","","soleil.anker@ermco-eci.com","soleil.anker@ermco-eci.com"
"88","","106","106","","MR-XCEN-0001-V1","73","6110.0701","108860","","XCEN","750","NETWORK","FR3","","3","325","na","6.5x10.25","2x 50*16","102*204","16.75","[""NETWORK""]","16","","","M-XCEN-0001","","","241","","","B1","2026-09-11T04:53:24Z","2026-08-05T17:23:54Z","False","ecbe9cbb-fce2-4484-a40e-9b811f911b08","XCEL ENERGY NORTHERN","M-XCEN-0001","","soleil.anker@ermco-eci.com","soleil.anker@ermco-eci.com"
"89","","106","106","","MR-XCEN-0002-V1","73","6110.0701","108863","","XCEN","1000","NETWORK","FR3","","3","375","na","7x10.25","2x 45*24","128*256","24.75","[""NETWORK""]","16","","","M-XCEN-0002","","","242","","","C","2026-09-15T03:37:47Z","2026-08-05T17:23:56Z","False","c6b6bc14-60d2-4c07-929b-90ac6c731e8e","XCEL ENERGY NORTHERN","M-XCEN-0002","","soleil.anker@ermco-eci.com","soleil.anker@ermco-eci.com"
"90","","106","106","","MR-XCEN-0003-V1","73","6110.0701","108864","","XCEN","750","NETWORK","FR3","","3","355","na","6.375x10.25","50*14","91*182","14.75","[""NETWORK""]","16","","","M-XCEN-0003","","","243","","","B1","2026-09-11T04:58:01Z","2026-08-05T17:23:56Z","False","18aef2f1-2c76-443b-b0df-318e5e88092b","XCEL ENERGY NORTHERN","M-XCEN-0003","","soleil.anker@ermco-eci.com","soleil.anker@ermco-eci.com"
"91","","106","106","","MR-XCEN-0004-V1","73","6110.0701","108865","","XCEN","0","","","","","","","","","","","[]","","","","M-XCEN-0004","","","244","","","","2026-08-05T19:47:35Z","2026-08-05T17:23:58Z","False","e5747171-1346-41e0-86c8-7bf9b31b5f95","XCEL ENERGY NORTHERN","M-XCEN-0004","","soleil.anker@ermco-eci.com","soleil.anker@ermco-eci.com"
"92","","106","106","","MR-XCEN-0005-V1","73","6110.0701","108866","","XCEN","1500","NETWORK","FR3","","3","545","0","6.875x12.5","2x 45*20","128*256","20.75","[""NETWORK""]","16","","","M-XCEN-0005","","","245","","","C","2026-09-11T04:56:21Z","2026-08-05T17:23:59Z","False","a08a278c-4f96-4fa6-ae19-93e7f6fb82e2","XCEL ENERGY NORTHERN","M-XCEN-0005","","soleil.anker@ermco-eci.com","soleil.anker@ermco-eci.com"
"94","","106","106","","MR-HYQU-0025-V1","115","STERD S5/009","1089550-22","","HYQU","500","PADMOUNT","A2","Amorphe","1","1140","","7.25x11.75","33*12","9RD","13.5","[""PADMOUNT""]","4","","","M-HYQU-0025","","","107","","","B1","2026-09-21T06:08:15Z","2026-08-05T17:24:02Z","False","2f803f58-794c-436d-a2f8-45497c3de92c","HYDRO QUEBEC","M-HYQU-0025","","soleil.anker@ermco-eci.com","soleil.anker@ermco-eci.com"
"95","","106","106","","MR-HYQU-0026-V1","115","MYDS-065-1-78-4","1120261-22","","HYQU","667","ANNEX","","","","","","","","","","[""ANNEX""]","","","","M-HYQU-0026","","","108","","","","2026-08-05T20:00:14Z","2026-08-05T17:24:03Z","False","aa4d78f1-6c1b-4b48-a2f8-3911ebdff132","HYDRO QUEBEC","M-HYQU-0026","","soleil.anker@ermco-eci.com","soleil.anker@ermco-eci.com"
"96","","106","106","","MR-MAGA-0012-V1","37","","114282","","MAGA","750","NETWORK","FR3","","3","354","na","6.375x10.25","2x 50*16","102*204","16.75","[""NETWORK""]","16","","","M-MAGA-0012","","","319","","","","2026-08-05T20:00:25Z","2026-08-05T17:24:04Z","False","c393e8f8-6715-4393-83a9-8388b2a28001","MADISON GAS § ELECTRIC","M-MAGA-0012","","soleil.anker@ermco-eci.com","soleil.anker@ermco-eci.com"
"97","","106","106","","MR-HYQU-0027-V1","115","STERD S5/009","1144341-22","","HYQU","1500","PADMOUNT","A2","","3","1820","","9x13.5","33*16 50*16","114*228","17","[""PADMOUNT""]","5","","","M-HYQU-0027","","","109","","","","2026-08-05T20:00:14Z","2026-08-05T17:24:06Z","False","0c0b7044-1616-4519-8637-59c15c0c4e11","HYDRO QUEBEC","M-HYQU-0027","","soleil.anker@ermco-eci.com","soleil.anker@ermco-eci.com"
"99","","106","106","","MR-HYQU-0028-V1","115","STERD S5/009","1146703-22","","HYQU","2500","PADMOUNT","A2","","3","2270","0","10.5x13.5","2x 45*24","2x 114*228","25","[""PADMOUNT""]","5","","","M-HYQU-0028","","","110","","","","2026-08-05T20:00:14Z","2026-08-05T17:24:09Z","False","5835a09e-8462-4e79-9f2b-5387c7254979","HYDRO QUEBEC","M-HYQU-0028","","soleil.anker@ermco-eci.com","soleil.anker@ermco-eci.com"
"100","","106","106","","MR-MEEN-0001-V1","107","","1147005","","MEEN","7500","Substation","","","3","","","","","","","[""SUBSTATION""]","","","","M-MEEN-0001","","","459","","","","2026-08-05T20:00:25Z","2026-08-05T17:24:09Z","False","d5ce6095-a6be-4e66-946f-e111e604ee8d","MEG Energy","M-MEEN-0001","","soleil.anker@ermco-eci.com","soleil.anker@ermco-eci.com"
"101","","106","106","","MR-MEEN-0002-V1","107","","1147006","","MEEN","2500","Substation","","","3","","","","","","","[""SUBSTATION""]","","","","M-MEEN-0002","","","460","","","","2026-09-11T05:12:56Z","2026-08-05T17:24:11Z","False","c14e492a-1891-4587-9a31-88cbda5f3572","MEG Energy","M-MEEN-0002","","soleil.anker@ermco-eci.com","soleil.anker@ermco-eci.com"
"102","","106","106","","MR-MEEN-0003-V1","107","","1147007","","MEEN","2500","Substation","","","3","","","","","","","[""SUBSTATION""]","","","","M-MEEN-0003","","","461","","","","2026-08-05T20:00:26Z","2026-08-05T17:24:12Z","False","0f380119-f155-4d11-85dc-3f5637c0ba39","MEG Energy","M-MEEN-0003","","soleil.anker@ermco-eci.com","soleil.anker@ermco-eci.com"
"103","","106","106","","MR-MEEN-0004-V1","107","","1147011","","MEEN","7500","Substation","","","3","","","","","","","[""SUBSTATION""]","","","","M-MEEN-0004","","","462","","","","2026-09-11T05:04:39Z","2026-08-05T17:24:15Z","False","10548377-31ac-40a5-9faf-b71552849577","MEG Energy","M-MEEN-0004","","soleil.anker@ermco-eci.com","soleil.anker@ermco-eci.com"
"104","","106","106","","MR-MEEN-0005-V1","107","","1147012","","MEEN","1500","Substation","","","3","","","","","","","[""SUBSTATION""]","","","","M-MEEN-0005","","","463","","","","2026-08-05T20:00:26Z","2026-08-05T17:24:15Z","False","45771e8b-768a-4d0b-9e28-68f3578359e8","MEG Energy","M-MEEN-0005","","soleil.anker@ermco-eci.com","soleil.anker@ermco-eci.com"
"105","","106","106","","MR-HYQU-0029-V1","115","","1149646-22","","HYQU","500","PADMOUNT","","","","","","","","","","[""PADMOUNT""]","","","","M-HYQU-0029","","","111","","","","2026-08-05T20:00:14Z","2026-08-05T17:24:17Z","False","0652d371-7339-47e9-bcc2-e45fe57d1a73","HYDRO QUEBEC","M-HYQU-0029","","soleil.anker@ermco-eci.com","soleil.anker@ermco-eci.com"
"106","","106","106","","MR-HYQU-0037-V1","115","1600-00/20-070","1149647-22","","HYQU","750","PADMOUNT","A2","Amorphe","3","1655","","7.5x12.25","45*14","91*182","15","[""PADMOUNT""]","","","","M-HYQU-0037","","","120","","","","2026-09-21T06:09:03Z","2026-08-05T17:24:18Z","False","8d75dee7-1c78-4019-a221-e7ecb09a6cab","HYDRO QUEBEC","M-HYQU-0037","","soleil.anker@ermco-eci.com","soleil.anker@ermco-eci.com"
"107","","106","106","","MR-HYQU-0030-V1","115","STERD S5/009","1149648-22","","HYQU","1500","PADMOUNT","A2","","3","1835","","10x13.5","2x 45*16","128*256","17","[""PADMOUNT""]","5","","","M-HYQU-0030","","","113","","","","2026-09-15T03:37:46Z","2026-08-05T17:24:19Z","False","011e765b-10d9-4d42-9b79-db751132da88","HYDRO QUEBEC","M-HYQU-0030","","soleil.anker@ermco-eci.com","soleil.anker@ermco-eci.com"
"108","","106","106","","MR-HYQU-0058-V1","115","","1149649","","HYQU","2500","PADMOUNT","A2","","3","2330","0","10.5x13.5","2x 45*24","2x 114*228","25","[""PADMOUNT""]","5","","","M-HYQU-0058","","","367","","","","2026-08-05T20:00:17Z","2026-08-05T17:24:20Z","False","3ae25b33-3400-409d-a1d0-0ba6101729d3","HYDRO QUEBEC","M-HYQU-0058","","soleil.anker@ermco-eci.com","soleil.anker@ermco-eci.com"
"109","","106","106","","MR-HYQU-0031-V1","115","","1153212-22","","HYQU","500","PADMOUNT","","","","","","","","","","[""PADMOUNT""]","","","","M-HYQU-0031","","","114","","","","2026-08-05T20:00:14Z","2026-08-05T17:24:22Z","False","767dfe67-de9a-4947-896a-0b4d3e08da71","HYDRO QUEBEC","M-HYQU-0031","","soleil.anker@ermco-eci.com","soleil.anker@ermco-eci.com"
"110","","106","106","","MR-HYQU-0032-V1","115","STERD S5/009","1153214-22","","HYQU","1500","PADMOUNT","A2","","3","1830","","10x13.5","2x 45*16","128*256","17","[""PADMOUNT""]","5","","","M-HYQU-0032","","","115","","","","2026-08-05T20:00:14Z","2026-08-05T17:24:23Z","False","939c6145-d8e1-4aa2-a2bb-196c1e1bc8bc","HYDRO QUEBEC","M-HYQU-0032","","soleil.anker@ermco-eci.com","soleil.anker@ermco-eci.com"
"112","","106","106","","MR-HYQU-0033-V1","115","STERD S5/009","1153215-22","","HYQU","2500","PADMOUNT","A2","","3","2270","","10.5x13.5","2x 45*24","2x 114*228","25","[""PADMOUNT""]","5","","","M-HYQU-0033","","","116","","","C","2026-09-11T04:13:53Z","2026-08-05T17:24:26Z","False","ad712b54-d74a-43e8-af25-b75001471fa1","HYDRO QUEBEC","M-HYQU-0033","","soleil.anker@ermco-eci.com","soleil.anker@ermco-eci.com"
"113","","106","106","","MR-HYQU-0060-V1","115","","1166058","","HYQU","24.9","MALT","A2","Annexe","3","3440","na","ronde","125*400","125*400","34.625","[""MALT""]","22","","","M-HYQU-0060","","","369","","","","2026-09-11T05:10:02Z","2026-08-05T17:24:28Z","False","ff33b6d3-5e26-4193-85be-c40f768173d9","HYDRO QUEBEC","M-HYQU-0060","","soleil.anker@ermco-eci.com","soleil.anker@ermco-eci.com"
"114","","106","106","","MR-HYQU-0076-V1","115","","4251081/1166353","","HYQU","300","MALT + SA","A2","","3","0","","","","","0","[""MALT + SA""]","","","","M-HYQU-0076","","","398","","","","2026-09-11T05:10:34Z","2026-08-05T17:24:28Z","False","c2c0b405-87a8-4e46-b19a-2fc89e85504a","HYDRO QUEBEC","M-HYQU-0076","","soleil.anker@ermco-eci.com","soleil.anker@ermco-eci.com"
"115","","106","106","","MR-HYQU-0077-V1","115","","4251082/1166354","","HYQU","1000","MALT + SA","A2","","3","0","","","","","0","[""MALT + SA""]","","","","M-HYQU-0077","","","399","","","","2026-09-11T05:10:47Z","2026-08-05T17:24:31Z","False","d2f75e53-c892-4cdb-b580-48afae7d6149","HYDRO QUEBEC","M-HYQU-0077","","soleil.anker@ermco-eci.com","soleil.anker@ermco-eci.com"
"116","","106","106","","MR-HYQU-0034-V1","115","STERD S5/012","1166476-22","","HYQU","1000","SUBMERSIBLE","A2","Amorphe","3","1510","","9.75x11.75","33*14 50*14","128*256","15.25","[""SUBWAY""]","25","","","M-HYQU-0034","","","117","","","","2026-08-05T20:00:15Z","2026-08-05T17:24:32Z","False","2115dbd4-a998-4646-bbe2-0fa8655d06da","HYDRO QUEBEC","M-HYQU-0034","","soleil.anker@ermco-eci.com","soleil.anker@ermco-eci.com"
"117","","106","106","","MR-MAGA-0013-V1","37","","116807","","MAGA","500","NETWORK","FR3","","3","325","","6,375x9,25","2x 50*14","91*182","14.75","[""NETWORK""]","15","","","M-MAGA-0013","","","320","","","B1","2026-09-11T05:11:41Z","2026-08-05T17:24:34Z","False","17c3be84-86be-4054-9be0-2abd81df4036","MADISON GAS § ELECTRIC","M-MAGA-0013","","soleil.anker@ermco-eci.com","soleil.anker@ermco-eci.com"
"118","","106","106","","MR-HYQU-0035-V1","115","","1169812-22","","HYQU","3000","PADMOUNT","","","","","","","","","","[""PADMOUNT""]","","","","M-HYQU-0035","","","118","","","","2026-08-05T20:00:15Z","2026-08-05T17:24:36Z","False","9db301ab-1e34-44ee-8677-6317703449af","HYDRO QUEBEC","M-HYQU-0035","","soleil.anker@ermco-eci.com","soleil.anker@ermco-eci.com"
"119","","106","106","","MR-HYQU-0036-V1","115","","1169813-22","","HYQU","3000","PADMOUNT","","","","","","","","","","[""PADMOUNT""]","","","","M-HYQU-0036","","","119","","","","2026-08-05T20:00:15Z","2026-08-05T17:24:37Z","False","d6c54dae-e24d-4b8b-a20e-0ccd0d60080b","HYDRO QUEBEC","M-HYQU-0036","","soleil.anker@ermco-eci.com","soleil.anker@ermco-eci.com"
"120","","106","106","","MR-HYQU-0061-V1","115","","1171120","","HYQU","69","ZIG-ZAG","A2","Annexe","3","4720","","ronde","4x 88*111","4x 88*111","31.75","[""MALT""]","22","","","M-HYQU-0061","","","370","","","","2026-09-11T05:11:34Z","2026-08-05T17:24:38Z","False","f000e673-30ea-415e-b023-a52677b3cdea","HYDRO QUEBEC","M-HYQU-0061","","soleil.anker@ermco-eci.com","soleil.anker@ermco-eci.com"
"121","","106","106","","MR-HYQU-0078-V1","115","","4276269/1189342","","HYQU","3000","LTC","A2","","3","0","","","","","0","[""LTC""]","","","","M-HYQU-0078","","","400","","","","2026-09-11T05:10:44Z","2026-08-05T17:24:41Z","False","8de59b5e-5a89-47e1-9cc6-332dfead130c","HYDRO QUEBEC","M-HYQU-0078","","soleil.anker@ermco-eci.com","soleil.anker@ermco-eci.com"
"123","","106","106","","MR-HYQU-0080-V1","115","","4276087/1189361","","HYQU","1000","LTC","A2","","3","0","","","","","0","[""LTC""]","","","","M-HYQU-0080","","","402","","","","2026-09-11T05:08:56Z","2026-08-05T17:24:45Z","False","462a4469-712e-44af-9adc-4d703c1fcc5d","HYDRO QUEBEC","M-HYQU-0080","","soleil.anker@ermco-eci.com","soleil.anker@ermco-eci.com"
"124","","106","106","","MR-HYQU-0081-V1","115","","4276691/1189843","","HYQU","3000","LTC","A2","","3","0","","","","","0","[""LTC""]","","","","M-HYQU-0081","","","403","","","","2026-09-11T05:12:30Z","2026-08-05T17:24:46Z","False","c68ce874-1d09-48ec-b81f-cfcde8b1b1aa","HYDRO QUEBEC","M-HYQU-0081","","soleil.anker@ermco-eci.com","soleil.anker@ermco-eci.com"
"126","","106","106","","MR-HYQU-0062-V1","115","","1190831-22","","HYQU","3000","PADMOUNT","A2","","3","4260","","ronde","7x 65*232","108*253 126*271","34.88","[""PADMOUNT""]","5","","","M-HYQU-0062","","","371","","","","2026-09-11T05:12:07Z","2026-08-05T17:24:48Z","False","3c3b1a72-cdf5-4329-aaf2-220ba4fa26a8","HYDRO QUEBEC","M-HYQU-0062","","soleil.anker@ermco-eci.com","soleil.anker@ermco-eci.com"
"128","","106","106","","MR-HYQU-0011-V1","115","STERD S5/011","1191449-22","","HYQU","250","SUBMERSIBLE","A2","Amorphe","1","490","na","7.625x11.75","2x 45*12","91*182","13","[""SUBWAY-1PH""]","27","","","M-HYQU-0011","","","93","","","","2026-08-05T20:00:12Z","2026-08-05T17:24:51Z","False","c24a06fe-759f-4258-889b-b126eacfe1d6","HYDRO QUEBEC","M-HYQU-0011","","soleil.anker@ermco-eci.com","soleil.anker@ermco-eci.com"
"129","","106","106","","MR-HYQU-0010-V1","115","STERD S5/011","1191450-22","","HYQU","250","SUBMERSIBLE","A2","Amorphe","1","490","","8.5x11.75","45*16","102*204","16.75","[""SUBWAY""]","27","","","M-HYQU-0010","","","92","","","A","2026-09-11T04:24:28Z","2026-08-05T17:24:53Z","False","b2768a22-72f6-441e-b63f-473c2823af6c","HYDRO QUEBEC","M-HYQU-0010","","soleil.anker@ermco-eci.com","soleil.anker@ermco-eci.com"
"130","","106","106","","MR-MAGA-0014-V1","37","","119773","","MAGA","500","NETWORK","FR3","","3","330","","6.625x10.25","2x 50*14","102*204","14.75","[""NETWORK""]","15","","","M-MAGA-0014","","","321","","","B1","2026-09-11T04:21:57Z","2026-08-05T17:24:54Z","False","7e0444fa-23c8-4662-b082-9fc86bbf6f84","MADISON GAS § ELECTRIC","M-MAGA-0014","","soleil.anker@ermco-eci.com","soleil.anker@ermco-eci.com"
"131","","106","106","","MR-MAGA-0015-V1","37","","119774","","MAGA","500","NETWORK","FR3","","3","355","","6.625x10.25","2x 50*14","102*204","14.75","[""NETWORK""]","15","","","M-MAGA-0015","","","322","","","B1","2026-09-11T04:39:10Z","2026-08-05T17:24:56Z","False","b106fdd2-67b2-4f45-8426-a5504f9855b6","MADISON GAS § ELECTRIC","M-MAGA-0015","","soleil.anker@ermco-eci.com","soleil.anker@ermco-eci.com"
"132","","106","106","","MR-HYQU-0063-V1","115","","1203364","","HYQU","0","0","","","0","0","","","","","","[""Goujon""]","32","","","M-HYQU-0063","","","372","","","","2026-08-05T20:00:18Z","2026-08-05T17:24:57Z","False","6cf21fb1-31cb-4c3b-ba84-a1575bdd8c9f","HYDRO QUEBEC","M-HYQU-0063","","soleil.anker@ermco-eci.com","soleil.anker@ermco-eci.com"
"133","","106","106","","MR-EPCO-0001-V1","19","6200051529003","12587","","EPCO","750","NETWORK","LUMINOL","Annexe","3","1200","na","4.75x14.25","2x 50*14","102*204","14.75","[""NETWORK""]","16","","","M-EPCO-0001","","","250","","","","2026-08-05T20:00:07Z","2026-08-05T17:24:59Z","False","2c9419bd-21b8-441c-a09c-880f703e345d","EPCOR","M-EPCO-0001","","soleil.anker@ermco-eci.com","soleil.anker@ermco-eci.com"
"134","","106","106","","MR-ALPO-0010-V1","2","SES-PD-197","1281347","","ALPO","2000","NETWORK","FR3","","","2240","na","7.375x12.375","20*12","102*204","23","[""NETWORK""]","16","","","M-ALPO-0010","","","130","","","","2026-08-05T19:59:58Z","2026-08-05T17:25:00Z","False","aeea8932-b2c2-4565-920c-6bb2524e34f9","ALABAMA POWER","M-ALPO-0010","","soleil.anker@ermco-eci.com","soleil.anker@ermco-eci.com"
"135","","106","106","","MR-GEPO-0001-V1","23","SES-PD-197","132109","","GEPO","500","NETWORK","FR3","","3","254","na","5.5x10.25","33*14 50*14","81*162","14.75","[""NETWORK""]","15","","","M-GEPO-0001","","","131","","","","2026-09-15T03:37:46Z","2026-08-05T17:25:02Z","False","eeff36fc-d313-45b2-9c72-6987bd9bb8da","GEORGIA POWER","M-GEPO-0001","","soleil.anker@ermco-eci.com","soleil.anker@ermco-eci.com"
"136","","106","106","","MR-GEPO-0002-V1","23","SES-PD-197","132110","","GEPO","1000","NETWORK","FR3","","3","310","","7x10.25","2x 45*24","128*256","24.75","[""NETWORK""]","16","","","M-GEPO-0002","","","132","","","","2026-08-05T20:00:09Z","2026-08-05T17:25:04Z","False","72f92f23-6d79-4e7f-b198-c011333bae74","GEORGIA POWER","M-GEPO-0002","","soleil.anker@ermco-eci.com","soleil.anker@ermco-eci.com"
"137","","106","106","","MR-GEPO-0003-V1","23","SES-PD-197","132111","","GEPO","500","NETWORK","FR3","","3","270","0","5x10.25","33*14","81*162","14.75","[""NETWORK""]","15","","","M-GEPO-0003","","","133","","","","2026-08-05T20:00:09Z","2026-08-05T17:25:05Z","False","b041039f-c561-48cb-b8dd-3c708e35e59a","GEORGIA POWER","M-GEPO-0003","","soleil.anker@ermco-eci.com","soleil.anker@ermco-eci.com"
"138","","106","106","","MR-GEPO-0004-V1","23","SES-PD-197","132112","","GEPO","1000","NETWORK","FR3","","3","399","","6.375x12.25","2x 33*16","114*228","17","[""NETWORK""]","16","","","M-GEPO-0004","","","134","","","","2026-08-05T20:00:09Z","2026-08-05T17:25:06Z","False","8637add7-abe2-4e31-af27-af1b11d0b17e","GEORGIA POWER","M-GEPO-0004","","soleil.anker@ermco-eci.com","soleil.anker@ermco-eci.com"
"139","","106","106","","MR-GEPO-0005-V1","23","","132113","","GEPO","2000","NETWORK","FR3","","3","560","","7.375x13.5","2x 45*24","2x 114*228","25","[""NETWORK""]","16","","","M-GEPO-0005","","","135","","","","2026-09-11T04:40:30Z","2026-08-05T17:25:07Z","False","5cbb32e2-2e7a-4cb7-95f2-17de38aa070f","GEORGIA POWER","M-GEPO-0005","","soleil.anker@ermco-eci.com","soleil.anker@ermco-eci.com"
"140","","106","106","","MR-GEPO-0006-V1","23","","132114","","GEPO","500","NETWORK","FR3","","3","315","","5.625x12.25","2x 50*14","81*162","14.75","[""NETWORK""]","16","","","M-GEPO-0006","","","136","","","B1","2026-09-01T11:17:09Z","2026-08-05T17:25:10Z","False","3942a5a7-466b-40fa-b610-023958111e25","GEORGIA POWER","M-GEPO-0006","","soleil.anker@ermco-eci.com","soleil.anker@ermco-eci.com"
"141","","106","106","","MR-GEPO-0007-V1","23","SES-PD-197","132115","","GEPO","1000","NETWORK","FR3","","3","344","na","6.875x12.25","3x 45*20","114*228","21","[""NETWORK""]","16","","","M-GEPO-0007","","","137","","","","2026-08-05T20:00:09Z","2026-08-05T17:25:10Z","False","e291736a-44c4-4da8-a32f-35f525528f70","GEORGIA POWER","M-GEPO-0007","","soleil.anker@ermco-eci.com","soleil.anker@ermco-eci.com"
"142","","106","106","","MR-GEPO-0008-V1","23","SES-PD-197","132118","","GEPO","2000","NETWORK","FR3","","3","605","","9x10.5","2x 45*20","2x 114*228","20.75","[""NETWORK""]","16","","","M-GEPO-0008","","","138","","","","2026-09-11T04:39:41Z","2026-08-05T17:25:12Z","False","d3ec5e8e-9a5a-430e-af0a-20ef8c450489","GEORGIA POWER","M-GEPO-0008","","soleil.anker@ermco-eci.com","soleil.anker@ermco-eci.com"
"143","","106","106","","MR-GEPO-0009-V1","23","SES-PD-197","132119","","GEPO","500","NETWORK","FR3","","3","295","0","6.25x10.25","2x 50*14","9RD","15.5","[""NETWORK""]","16","","","M-GEPO-0009","","","139","","","B1","2026-09-01T11:16:58Z","2026-08-05T17:25:13Z","False","4ccf510e-96f7-47e3-8237-25f9f6955587","GEORGIA POWER","M-GEPO-0009","","soleil.anker@ermco-eci.com","soleil.anker@ermco-eci.com"
"144","","106","106","","MR-GEPO-0010-V1","23","SES-PD-197","132121","","GEPO","1000","NETWORK","FR3","","3","335","","7.75x10.25","2x 45*24","102*204","26","[""NETWORK""]","16","","","M-GEPO-0010","","","140","","","","2026-09-11T04:15:16Z","2026-08-05T17:25:15Z","False","f798103f-648b-4a83-96a7-df8aa7210e23","GEORGIA POWER","M-GEPO-0010","","soleil.anker@ermco-eci.com","soleil.anker@ermco-eci.com"
"145","","106","106","","MR-GEPO-0011-V1","23","SES-PD-197","132123","","GEPO","500","NETWORK","FR3","","3","305","","6.25x9.25","45*14","10.5rd","15","[""NETWORK""]","15","","","M-GEPO-0011","","","141","","","","2026-08-05T20:00:10Z","2026-08-05T17:25:16Z","False","fcbee786-42cf-48d9-8af3-4a1ba7c201a9","GEORGIA POWER","M-GEPO-0011","","soleil.anker@ermco-eci.com","soleil.anker@ermco-eci.com"
"146","","106","106","","MR-GEPO-0012-V1","23","SES-PD-197","132124","","GEPO","1000","NETWORK","FR3","","3","385","na","8.375x10.25","33*14 45*14","81*162","14.75","[""NETWORK""]","16","","","M-GEPO-0012","","","142","","","C","2026-09-11T04:16:17Z","2026-08-05T17:25:18Z","False","51c3c18f-08fe-46db-a2ac-c8448c8aebf8","GEORGIA POWER","M-GEPO-0012","","soleil.anker@ermco-eci.com","soleil.anker@ermco-eci.com"
"147","","106","106","","MR-GEPO-0013-V1","23","SES-PD-197","132125","","GEPO","2000","NETWORK","FR3","","3","585","na","7.25x13.5","2x 45*28","128*256","28.75","[""NETWORK""]","16","","","M-GEPO-0013","","","143","","","C","2026-09-15T03:37:47Z","2026-08-05T17:25:19Z","False","5ea2a29d-c9af-43ff-93d1-c57a40869666","GEORGIA POWER","M-GEPO-0013","","soleil.anker@ermco-eci.com","soleil.anker@ermco-eci.com"
"148","","106","106","","MR-GEPO-0014-V1","23","SES-PD-197","132128","","GEPO","3000","NETWORK","","","","","","","","","","[""NETWORK""]","","","","M-GEPO-0014","","","144","","","","2026-09-15T03:37:47Z","2026-08-05T17:25:21Z","False","3cf5f4bd-e653-476e-a8a1-f02abcfa5eaf","GEORGIA POWER","M-GEPO-0014","","soleil.anker@ermco-eci.com","soleil.anker@ermco-eci.com"
"149","","106","106","","MR-GEPO-0015-V1","23","SES-PD-197","132129","","GEPO","0","","","","","","","","","","","[]","","","","M-GEPO-0015","","","145","","","","2026-08-05T20:00:10Z","2026-08-05T17:25:22Z","False","05b35344-2a4c-4591-9b44-d14dcba03fd2","GEORGIA POWER","M-GEPO-0015","","soleil.anker@ermco-eci.com","soleil.anker@ermco-eci.com"
"150","","106","106","","MR-GEPO-0016-V1","23","SES-PD-197","132130","","GEPO","3000","NETWORK","FR3","","3","995","","9.5x12.375","45*10","128*256","23.25","[""NETWORK""]","16","","","M-GEPO-0016","","","146","","","C","2026-09-15T03:37:47Z","2026-08-05T17:25:24Z","False","c99b8d90-b095-49a0-8fdb-2ce687060408","GEORGIA POWER","M-GEPO-0016","","soleil.anker@ermco-eci.com","soleil.anker@ermco-eci.com"
"151","","106","106","","MR-GEPO-0017-V1","23","SES-PD-197","132132","","GEPO","0","","","","","","","","","","","[]","","","","M-GEPO-0017","","","147","","","","2026-08-05T20:00:10Z","2026-08-05T17:25:26Z","False","56464206-ce6a-48d0-9dce-0abb136d828f","GEORGIA POWER","M-GEPO-0017","","soleil.anker@ermco-eci.com","soleil.anker@ermco-eci.com"
"152","","106","106","","MR-PIRE-0001-V1","52","","139613","","PIRE","5000","POWER-W","FR3","","3","935","","10.785x12.5","2x 45*24","2x 114*228","25","[""SUBSTATION""]","20","","","M-PIRE-0001","","","335","","","","2026-08-05T20:00:28Z","2026-08-05T17:25:26Z","False","d4444abe-ecd3-4e55-a105-a65dbbbb55e7","PINNACLE RENEWABLE ENERGY","M-PIRE-0001","","soleil.anker@ermco-eci.com","soleil.anker@ermco-eci.com"
"153","","106","106","","MR-EPCO-0002-V1","19","6200051529003","15273","","EPCO","500","NETWORK","LUMINOL","Annexe","3","925","","5.625x10.25","2x 45*12","10RD","12.75","[""NETWORK""]","15","","","M-EPCO-0002","","","251","","","","2026-08-05T20:00:07Z","2026-08-05T17:25:29Z","False","ed57182f-4a89-4418-8054-853819bc8aea","EPCOR","M-EPCO-0002","","soleil.anker@ermco-eci.com","soleil.anker@ermco-eci.com"
"154","","106","106","","MR-AUEN-0001-V1","5","E-708","16817","","AUEN","1000","NETWORK","B2","","3","1370","na","6.625x13.25","2x 45*14","114*228","15","[""NETWORK""]","16","","","M-AUEN-0001","","","192","","","","2026-08-05T19:59:59Z","2026-08-05T17:25:30Z","False","f116cc1d-c732-4cad-b392-30d243b2229a","AUSTIN ENERGY","M-AUEN-0001","","soleil.anker@ermco-eci.com","soleil.anker@ermco-eci.com"
"155","","106","106","","MR-AUEN-0002-V1","5","E-709","16818","","AUEN","1000","NETWORK","B2","","3","1720","na","7.375x13.25","2x 33*16","9RD","16.75","[""PADMOUNT""]","16","","","M-AUEN-0002","","","193","","","","2026-09-15T03:37:48Z","2026-08-05T17:25:31Z","False","e0644fc3-b68b-43f3-b912-3520dabf1a6f","AUSTIN ENERGY","M-AUEN-0002","","soleil.anker@ermco-eci.com","soleil.anker@ermco-eci.com"
"156","","106","106","","MR-AUEN-0003-V1","5","E-708","16819","","AUEN","1500","NETWORK","B2","","3","1940","na","7.125x13.5","2x 50*16","114*228","17","[""NETWORK""]","16","","","M-AUEN-0003","","","194","","","","2026-08-05T19:59:59Z","2026-08-05T17:25:33Z","False","d699c2df-7b76-4e3a-be69-acfc5a031de5","AUSTIN ENERGY","M-AUEN-0003","","soleil.anker@ermco-eci.com","soleil.anker@ermco-eci.com"
"157","","106","106","","MR-AUEN-0004-V1","5","E-709","16820","","AUEN","1500","NETWORK","B2","","3","2170","na","8x13.5","2x 50*16","81*162","17","[""NETWORK""]","16","","","M-AUEN-0004","","","195","","","","2026-09-11T04:31:02Z","2026-08-05T17:25:34Z","False","6384930c-5efa-4aaf-a9c2-252e8b167277","AUSTIN ENERGY","M-AUEN-0004","","soleil.anker@ermco-eci.com","soleil.anker@ermco-eci.com"
"158","","106","106","","MR-AUEN-0005-V1","5","E-708","16821","","AUEN","2000","NETWORK","B2","","3","2330","","7.75x13.5","2x 45*18","2x 128*256","19.25","[""NETWORK""]","16","","","M-AUEN-0005","","","196","","","","2026-08-05T19:59:59Z","2026-08-05T17:25:36Z","False","dc3e0ce8-a7fb-4ad9-88f4-a161d7845389","AUSTIN ENERGY","M-AUEN-0005","","soleil.anker@ermco-eci.com","soleil.anker@ermco-eci.com"
"159","","106","106","","MR-AUEN-0006-V1","5","E-709","16822","","AUEN","2000","NETWORK","B2","Cogent","3","2320","na","8.125x13.5","2x 45*24","102*204","24.75","[""NETWORK""]","16","","","M-AUEN-0006","","","197","","","","2026-08-05T19:59:59Z","2026-08-05T17:25:37Z","False","8f9045a4-3200-4e18-aceb-a08ebb268d16","AUSTIN ENERGY","M-AUEN-0006","","soleil.anker@ermco-eci.com","soleil.anker@ermco-eci.com"
"160","","106","106","","MR-AUEN-0007-V1","5","E-708","16823","","AUEN","500","NETWORK","B2","","3","910","na","5.125x10.25","2x 50*14","81*162","15.5","[""NETWORK""]","15","","","M-AUEN-0007","","","198","","","","2026-08-05T19:59:59Z","2026-08-05T17:25:39Z","False","c7144c74-f7ab-4fb3-abb6-bf2fdc95037b","AUSTIN ENERGY","M-AUEN-0007","","soleil.anker@ermco-eci.com","soleil.anker@ermco-eci.com"
"161","","106","106","","MR-AUEN-0008-V1","5","E-708","16824","","AUEN","500","NETWORK","B2","","3","950","","5.125x10.25","45*14","91*182","14.75","[""NETWORK""]","15","","","M-AUEN-0008","","","199","","","","2026-08-05T19:59:59Z","2026-08-05T17:25:40Z","False","afc1f56d-f63c-470b-8a08-e09e9a0467e2","AUSTIN ENERGY","M-AUEN-0008","","soleil.anker@ermco-eci.com","soleil.anker@ermco-eci.com"
"162","","106","106","","MR-AUEN-0009-V1","5","E-709","16825","","AUEN","500","NETWORK","B2","","3","1010","na","6.125x12.25","2x 50*16","11.5 RD","16.75","[""NETWORK""]","15","","","M-AUEN-0009","","","200","","","","2026-08-05T19:59:59Z","2026-08-05T17:25:42Z","False","ab198a87-1633-4f01-be76-52013941c62b","AUSTIN ENERGY","M-AUEN-0009","","soleil.anker@ermco-eci.com","soleil.anker@ermco-eci.com"
"163","","106","106","","MR-AUEN-0010-V1","5","E-708","16826","","AUEN","500","NETWORK","B2","","3","1190","0","6.25x10.25","50*14","12.5RD","14.75","[""NETWORK""]","15","","","M-AUEN-0010","","","201","","","","2026-08-05T19:59:59Z","2026-08-05T17:25:44Z","False","0c25ee13-a914-44f8-8752-9cfeb9a40c43","AUSTIN ENERGY","M-AUEN-0010","","soleil.anker@ermco-eci.com","soleil.anker@ermco-eci.com"
"164","","106","106","","MR-AUEN-0011-V1","5","E-708","16827","","AUEN","750","NETWORK","B2","","3","1210","","6.25x10.25","2x 50*16","114*228","16.75","[""NETWORK""]","16","","","M-AUEN-0011","","","202","","","","2026-08-05T20:00:00Z","2026-08-05T17:25:44Z","False","4b97ba99-ebc7-486a-9f02-dd1b81f4c6ba","AUSTIN ENERGY","M-AUEN-0011","","soleil.anker@ermco-eci.com","soleil.anker@ermco-eci.com"
"165","","106","106","","MR-AUEN-0012-V1","5","E-709","16828","","AUEN","750","NETWORK","B2","","3","1470","0","5.5x13.25","2x 45*24","9RD","24.75","[""NETWORK""]","16","","","M-AUEN-0012","","","203","","","","2026-08-05T20:00:00Z","2026-08-05T17:25:47Z","False","ca543a0d-dd1a-41d2-a8d2-6485ac089135","AUSTIN ENERGY","M-AUEN-0012","","soleil.anker@ermco-eci.com","soleil.anker@ermco-eci.com"
"166","","106","106","","MR-CENO-0001-V1","75","","18334402","","CENO","3000","POWER-W","A2","","3","1930","","9.25x12.5","2x 45*24","114*228","25","[""SUBSTATION""]","19","","","M-CENO-0001","","","383","","","C","2026-09-01T11:19:52Z","2026-08-05T17:25:48Z","False","4bfb6cb6-730e-442d-9009-4567795a9524","CENOVUS","M-CENO-0001","","soleil.anker@ermco-eci.com","soleil.anker@ermco-eci.com"
"167","","106","106","","MR-CENO-0002-V1","75","","18334403","","CENO","2500","POWER-W","A2","","3","1645","","8.5x12.375","20*10","114*228","23.5","[""SUBSTATION""]","19","","","M-CENO-0002","","","384","","","C","2026-09-11T04:17:44Z","2026-08-05T17:25:49Z","False","76942489-10c8-4b78-a9a1-9e4f367bcc04","CENOVUS","M-CENO-0002","","soleil.anker@ermco-eci.com","soleil.anker@ermco-eci.com"
"168","","106","106","","MR-HYQU-0039-V1","115","","20757","","HYQU","29.4","ZIG-ZAG","A2","","3","3830","na","ronde","9x 70*219","9x 70*219","34","[""MALT""]","22","","","M-HYQU-0039","","","294","","","","2026-08-05T20:00:15Z","2026-08-05T17:25:50Z","False","6f4ecc58-11f2-4669-ae0b-bb9ee785bd31","HYDRO QUEBEC","M-HYQU-0039","","soleil.anker@ermco-eci.com","soleil.anker@ermco-eci.com"
"169","","106","106","","MR-MAGA-0007-V1","37","","21050","","MAGA","750","NETWORK","FR3","","3","330","","6.375x10.25","2x 50*16","102*204","16.75","[""NETWORK""]","38","","","M-MAGA-0007","","","295","","","B1","2026-09-08T07:44:49Z","2026-08-05T17:25:53Z","False","c561d711-abc2-4cd5-bd1d-2c7518d48f89","MADISON GAS § ELECTRIC","M-MAGA-0007","","soleil.anker@ermco-eci.com","soleil.anker@ermco-eci.com"
"170","","106","106","","MR-POSY-0001-V1","56","","21918","","POSY","2000","SUBSTATION","FR3","","3","700","","11.125x14.5","33*18 45*18","9RD","19","[""SUBSTATION""]","19","","","M-POSY-0001","","","296","","","","2026-09-11T04:35:34Z","2026-08-05T17:25:54Z","False","283b28a7-615e-4db7-93e7-df398156cf20","POWER SYSTEM SOLUTIONS","M-POSY-0001","","soleil.anker@ermco-eci.com","soleil.anker@ermco-eci.com"
"171","","106","106","","MR-AUEN-0013-V1","5","","22212","","AUEN","0","","","","","","","","","","","[]","","","","M-AUEN-0013","","","204","","","","2026-08-05T20:00:00Z","2026-08-05T17:25:56Z","False","15fb8b81-c433-4ed3-af8d-e82057bc121d","AUSTIN ENERGY","M-AUEN-0013","","soleil.anker@ermco-eci.com","soleil.anker@ermco-eci.com"
"172","","106","106","","MR-AUEN-0014-V1","5","","22213","","AUEN","0","","","","","","","","","","","[]","","","","M-AUEN-0014","","","205","","","","2026-08-05T20:00:00Z","2026-08-05T17:25:57Z","False","c228aefb-4ab7-4828-bf66-c9cb56a9e036","AUSTIN ENERGY","M-AUEN-0014","","soleil.anker@ermco-eci.com","soleil.anker@ermco-eci.com"
"173","","106","106","","MR-AUEN-0015-V1","5","E-708","23922","","AUEN","0","","","","","","","","","","","[]","","","","M-AUEN-0015","","","206","","","","2026-08-05T20:00:00Z","2026-08-05T17:25:59Z","False","64af0e2e-dafb-4b65-a418-392bb041ae86","AUSTIN ENERGY","M-AUEN-0015","","soleil.anker@ermco-eci.com","soleil.anker@ermco-eci.com"
"174","","106","106","","MR-AUEN-0016-V1","5","E-709","23923","","AUEN","0","","","","","","","","","","","[]","","","","M-AUEN-0016","","","207","","","","2026-08-05T20:00:00Z","2026-08-05T17:26:00Z","False","fc3db739-928d-407e-bd0b-f3f7713f2a29","AUSTIN ENERGY","M-AUEN-0016","","soleil.anker@ermco-eci.com","soleil.anker@ermco-eci.com"
"175","","106","106","","MR-AUEN-0017-V1","5","E-709","24126","","AUEN","0","","","","","","","","","","","[]","","","","M-AUEN-0017","","","208","","","","2026-08-05T20:00:00Z","2026-08-05T17:26:03Z","False","8c758697-dcb2-4f6a-a258-469059abceb9","AUSTIN ENERGY","M-AUEN-0017","","soleil.anker@ermco-eci.com","soleil.anker@ermco-eci.com"
"176","","106","106","","MR-AUEN-0018-V1","5","","24127","","AUEN","0","","","","","","","","","","","[]","","","","M-AUEN-0018","","","209","","","","2026-08-05T20:00:00Z","2026-08-05T17:26:04Z","False","e1f5d735-9f9a-4943-ae42-e1c4ecd80e85","AUSTIN ENERGY","M-AUEN-0018","","soleil.anker@ermco-eci.com","soleil.anker@ermco-eci.com"
"177","","106","106","","MR-AUEN-0019-V1","5","","24263","","AUEN","0","","","","","","","","","","","[]","","","","M-AUEN-0019","","","210","","","","2026-08-05T20:00:00Z","2026-08-05T17:26:06Z","False","e4f5db04-e0f7-496a-bc04-d0059bc5bbb3","AUSTIN ENERGY","M-AUEN-0019","","soleil.anker@ermco-eci.com","soleil.anker@ermco-eci.com"
"178","","106","106","","MR-LGEN-0001-V1","35","","25131","","LGEN","138","ZIG-ZAG","B2","Annexe","3","890","","ronde","81*162","81*162","19125","[""MALT""]","22","","","M-LGEN-0001","","","465","","","","2026-08-05T20:00:22Z","2026-08-05T17:26:09Z","False","49c2ab0b-b2cf-4f01-b225-5055de9d870e","LG§E","M-LGEN-0001","","soleil.anker@ermco-eci.com","soleil.anker@ermco-eci.com"
"179","","106","106","","MR-EPCO-0003-V1","19","6200051531100","29649","","EPCO","1000","NETWORK","LUMINOL","Annexe","3","1050","na","5.25x12.25","45*20","114*228","20.75","[""NETWORK""]","25","","","M-EPCO-0003","","","252","","","","2026-08-05T20:00:07Z","2026-08-05T17:26:09Z","False","0bf64218-2bee-4dd5-891b-abbfa861df0b","EPCOR","M-EPCO-0003","","soleil.anker@ermco-eci.com","soleil.anker@ermco-eci.com"
"180","","106","106","","MR-EPCO-0004-V1","19","6200051531100","29650","","EPCO","1500","NETWORK","Luminol","Annexe","3","1170","na","5.75x12.25","50*28","2x 102*204","2875","[""NETWORK""]","25","","","M-EPCO-0004","","","253","","","","2026-08-05T20:00:08Z","2026-08-05T17:26:12Z","False","6d079ee3-0014-44d8-959b-95e6ddb68e8e","EPCOR","M-EPCO-0004","","soleil.anker@ermco-eci.com","soleil.anker@ermco-eci.com"
"181","","106","106","","MR-EPCO-0005-V1","19","6200051531100","29651","","EPCO","2000","NETWORK","LUMINOL","Annexe","3","1320","na","7.25x12.5","50*28","2x 114*228","28.75","[""NETWORK""]","25","","","M-EPCO-0005","","","254","","","","2026-08-05T20:00:08Z","2026-08-05T17:26:12Z","False","8043d8e2-0e02-4d4e-b994-5d4faf344e3d","EPCOR","M-EPCO-0005","","soleil.anker@ermco-eci.com","soleil.anker@ermco-eci.com"
"182","","106","106","","MR-EPCO-0006-V1","19","6200051531100","29653","","EPCO","2500","NETWORK","A2","Annexe","3","1630","","8.5x13.5","2x 45*24","2x 128*256","25","[""NETWORK""]","25","","","M-EPCO-0006","","","255","","","","2026-08-05T20:00:08Z","2026-08-05T17:26:15Z","False","3b4ef004-1a37-4085-9c21-e5b5f66f2414","EPCOR","M-EPCO-0006","","soleil.anker@ermco-eci.com","soleil.anker@ermco-eci.com"
"183","","106","106","","MR-ALST-0001-V1","3","","300886782","","ALST","1520","POWER-W","FR3","","3","3110","","10.25x12.5","33*16 45*16","81*162","17","[""SUBSTATION""]","19","","","M-ALST-0001","","","393","","","","2026-08-05T19:59:58Z","2026-08-05T17:26:17Z","False","88d23b65-a40f-49e6-8d32-9072d9fab3b4","ALGOMA STEEL","M-ALST-0001","","soleil.anker@ermco-eci.com","soleil.anker@ermco-eci.com"
"184","","106","106","","MR-SCTE-0001-V1","101","","40Z0150","","SCTE","0","SPARE PARTS","","","0","0","","","","","","[""SPARE PARTS""]","32","","","M-SCTE-0001","","","404","","","","2026-08-05T20:00:32Z","2026-08-05T17:26:18Z","False","a97010dc-990e-46e2-851c-d737ceb3e167","SC TECHNICAL SERVICES LTD","M-SCTE-0001","","soleil.anker@ermco-eci.com","soleil.anker@ermco-eci.com"
"185","","106","106","","MR-FIEN-0001-V1","97","","4216","","FIEN","500","NETWORK","B2","","3","1030","","5.75x12.25","2x 45*12","128*256","13","[""NETWORK""]","15","","","M-FIEN-0001","","","276","","","B1","2026-09-11T04:31:33Z","2026-08-05T17:26:20Z","False","ba27f351-4627-4828-ac1c-fd16d6158ab5","FIRST ENERGY","M-FIEN-0001","","soleil.anker@ermco-eci.com","soleil.anker@ermco-eci.com"
"186","","106","106","","MR-HYQU-0073-V1","115","","42510001","","HYQU","24.9","ZIG-ZAG","A2","Annexe","3","3830","na","ronde","9x 64*207","9x 64*207","33.625","[""MALT""]","22","","","M-HYQU-0073","","","385","","","","2026-09-11T05:06:27Z","2026-08-05T17:26:21Z","False","7c3d519b-5bf8-40ab-9206-b302a095bf13","HYDRO QUEBEC","M-HYQU-0073","","soleil.anker@ermco-eci.com","soleil.anker@ermco-eci.com"
"187","","106","106","","MR-HYQU-0082-V1","115","","4251001 / 1166058","","HYQU","24.9","MALT","A2","Annexe","3","3830","na","ronde","9x 64*207","9x 64*207","33.625","[""MALT""]","22","","","M-HYQU-0082","","","405","","","","2026-09-11T05:11:28Z","2026-08-05T17:26:23Z","False","d479ee29-5587-4d32-81b3-1dfb1d49eae1","HYDRO QUEBEC","M-HYQU-0082","","soleil.anker@ermco-eci.com","soleil.anker@ermco-eci.com"
"188","","106","106","","MR-HYQU-0064-V1","115","","4251081","","HYQU","24.9","ZIG-ZAG + SA","A2","Annexe","3","5260","","ronde","9x 64*207","9x 64*207","33.625","[""MALT + SA""]","40","","","M-HYQU-0064","","","374","","","","2026-08-05T20:00:18Z","2026-08-05T17:26:24Z","False","3f44c097-f296-48af-a0d6-a9f48e87b365","HYDRO QUEBEC","M-HYQU-0064","","soleil.anker@ermco-eci.com","soleil.anker@ermco-eci.com"
"189","","106","106","","MR-HYQU-0065-V1","115","","4251082","","HYQU","24.94","POWER LTC","A2","Annexe","3","6210","","ronde","9x 70*244","9x 70*244","28.125","[""LTC""]","","","","M-HYQU-0065","","","375","","","C","2026-09-11T05:07:57Z","2026-08-05T17:26:26Z","False","dbcf42c9-2b6d-440f-ad58-a7e5f6ac25db","HYDRO QUEBEC","M-HYQU-0065","","soleil.anker@ermco-eci.com","soleil.anker@ermco-eci.com"
"190","","106","106","","MR-HYQU-0066-V1","115","","4261859","","HYQU","24.94","ZIG-ZAG","A2","Annexe","3","3444","","ronde","5x 70*246","5x 70*246","23.875","[""MALT""]","","","","M-HYQU-0066","","","376","","","","2026-09-11T05:11:23Z","2026-08-05T17:26:28Z","False","618d4d36-4c70-442f-80a6-37dedb070058","HYDRO QUEBEC","M-HYQU-0066","","soleil.anker@ermco-eci.com","soleil.anker@ermco-eci.com"
"191","","106","106","","MR-HYQU-0067-V1","115","","4261865","","HYQU","13.8","ZIG-ZAG + SA","","Annexe","3","","","ronde","","","","[""MALT + SA""]","40","","","M-HYQU-0067","","","377","","","","2026-09-11T05:11:47Z","2026-08-05T17:26:30Z","False","aecb6a27-ee00-495c-938c-f339a9603807","HYDRO QUEBEC","M-HYQU-0067","","soleil.anker@ermco-eci.com","soleil.anker@ermco-eci.com"
"192","","106","106","","MR-HYQU-0068-V1","115","","4261870","","HYQU","24.94","ZIG-ZAG + SA","A2","Annexe","3","6210","","ronde","9x 70*244","9x 70*244","28.125","[""MALT + SA""]","40","","","M-HYQU-0068","","","378","","","","2026-09-11T05:11:44Z","2026-08-05T17:26:31Z","False","cd64381d-c706-4cc1-b191-c0e3f6a67e98","HYDRO QUEBEC","M-HYQU-0068","","soleil.anker@ermco-eci.com","soleil.anker@ermco-eci.com"
"193","","106","106","","MR-HYQU-0069-V1","115","","4261871","","HYQU","26.4","ZIG-ZAG + SA","A2","Annexe","3","5260","","ronde","","","","[""MALT + SA""]","22","","","M-HYQU-0069","","","379","","","","2026-09-11T05:12:22Z","2026-08-05T17:26:32Z","False","9eece433-2ac6-44ed-9e4a-8771b86deb5a","HYDRO QUEBEC","M-HYQU-0069","","soleil.anker@ermco-eci.com","soleil.anker@ermco-eci.com"
"194","","106","106","","MR-HYQU-0070-V1","115","","4276087","","HYQU","12.5","ZIG-ZAG + SA","A2","Annexe","3","6200","","ronde","","","","[""MALT + SA""]","40","","","M-HYQU-0070","","","380","","","","2026-09-11T05:08:36Z","2026-08-05T17:26:34Z","False","e8663510-885a-443b-ad07-1e1bc5fdb8b6","HYDRO QUEBEC","M-HYQU-0070","","soleil.anker@ermco-eci.com","soleil.anker@ermco-eci.com"
"195","","106","106","","MR-HYQU-0071-V1","115","","4276269","","HYQU","12.5","LTC","A2","Annexe","3","8160","","ronde","","","30.25","[""LTC""]","","","","M-HYQU-0071","","","381","","","","2026-09-11T05:11:19Z","2026-08-05T17:26:35Z","False","6007b3e5-6084-468b-9a42-95787b9d945d","HYDRO QUEBEC","M-HYQU-0071","","soleil.anker@ermco-eci.com","soleil.anker@ermco-eci.com"
"196","","106","106","","MR-HYQU-0072-V1","115","","4276691","","HYQU","12.5","LTC","A2","Annexe","3","8200","","ronde","","","37.25","[""LTC""]","","","","M-HYQU-0072","","","382","","","","2026-09-11T05:06:39Z","2026-08-05T17:26:37Z","False","ead03c02-6d8d-4d9f-b545-15eef28a87ae","HYDRO QUEBEC","M-HYQU-0072","","soleil.anker@ermco-eci.com","soleil.anker@ermco-eci.com"
"197","","106","106","","MR-WESC-0002-V1","69","","43-8146","","WESC","1500","SUBSTATION","FR3","","3","700","","10.875x12.5","2x 33*16","11RD","17","[""SUBSTATION""]","19","","","M-WESC-0002","","","407","","","C","2026-09-11T04:26:26Z","2026-08-05T17:26:38Z","False","615afabb-7168-4db4-b85c-4c3095f7b228","WESCO","M-WESC-0002","","soleil.anker@ermco-eci.com","soleil.anker@ermco-eci.com"
"198","","106","106","","MR-OTHY-0010-V1","27","","518563","","OTHY","1500","C2","A2","","1","1950","","ronde","65*26","114*367 132*385","29","[""1PH-VAULT""]","27","","","M-OTHY-0010","","","336","","","C","2026-09-11T08:48:03Z","2026-08-05T17:26:41Z","False","89cba34a-eb44-408c-af63-4769a99d3434","OTTAWA HYDRO","M-OTHY-0010","","soleil.anker@ermco-eci.com","soleil.anker@ermco-eci.com"
"199","","106","105","","MR-LITE-0001-V1","98","","5200","","LITE","3000","FLAT FRONT","FR3","","3","740","","9.125x12.5","2x 33*24","114*228","25","[""FLAT FRONT""]","10","","","M-LITE-0001","","","278","","","C","2026-09-21T12:14:24Z","2026-08-05T17:26:42Z","False","c49f16be-26e5-41ae-8b5d-2866356f16f2","LTL (LINEMAN'S TESTING LAB)","M-LITE-0001","","soleil.anker@ermco-eci.com","angelique.tiago@pioneertransformers.com"
"200","","106","106","","MR-NAEL-0001-V1","42","ET-258-9","55-001","","NAEL","0","","","","","","","","","","","[]","","","","M-NAEL-0001","","","256","","","","2026-08-05T20:00:26Z","2026-08-05T17:26:44Z","False","034f41ad-1569-4dd0-81b3-dabfc1cd3c72","NASHVILLE ELECTRIC","M-NAEL-0001","","soleil.anker@ermco-eci.com","soleil.anker@ermco-eci.com"
"201","","106","105","","MR-FIEN-0003-V1","97","","557831","","FIEN","1500","PADMOUNT","B2","","3","4080","","","","","","[""PADMOUNT""]","5","","","M-FIEN-0003","","","443","","","","2026-09-22T16:03:58Z","2026-08-05T17:26:45Z","False","13e00526-4046-4da9-bd33-e68cda9d780d","FIRST ENERGY","M-FIEN-0003","","soleil.anker@ermco-eci.com","angelique.tiago@pioneertransformers.com"
"202","","106","106","","MR-FIEN-0002-V1","97","","557842","","FIEN","2500","PADMOUNT","B2","","3","4020","","8.5x13.375","33*10","128*256","23.25","[""PADMOUNT""]","5","","","M-FIEN-0002","","","337","","","","2026-09-15T03:37:48Z","2026-08-05T17:26:46Z","False","46d79d9b-efaf-4843-b6f1-eacd82ae7278","FIRST ENERGY","M-FIEN-0002","","soleil.anker@ermco-eci.com","soleil.anker@ermco-eci.com"
"203","","106","106","","MR-ENTE-0001-V1","100","","6000000974","","ENTE","1000","NETWORK","B2","","3","1430","","6.5x10.25","3x 45*28","2x 91*182","29","[""NETWORK""]","16","","","M-ENTE-0001","","","395","","","","2026-09-15T03:37:48Z","2026-08-05T17:26:49Z","False","c34f03e9-bc20-4b11-95b6-b0d13c4ec636","ENTERGY","M-ENTE-0001","","soleil.anker@ermco-eci.com","soleil.anker@ermco-eci.com"
"204","","106","106","","MR-ENMA-0019-V1","18","506-3T85-003","61200220012","","ENMA","500","NETWORK","A2","","3","1115","na","6x10.25","2x 45*10","11RD","10.75","[""NETWORK""]","15","","","M-ENMA-0019","","","56","","","C","2026-09-11T05:03:52Z","2026-08-05T17:26:49Z","False","acfad796-d1c2-4ac1-bd8e-0265ec6e4070","ENMAX","M-ENMA-0019","","soleil.anker@ermco-eci.com","soleil.anker@ermco-eci.com"
"205","","106","106","","MR-ENMA-0001-V1","18","506-3T85-003","61200220012-316L","","ENMA","500","NETWORK","A2","","","","","","","","","[]","","","","M-ENMA-0001","","","478","","","","2026-08-05T20:00:01Z","2026-08-05T17:26:52Z","False","ec7956c9-2d44-4d97-bc5a-2150d3f7aa3e","ENMAX","M-ENMA-0001","","soleil.anker@ermco-eci.com","soleil.anker@ermco-eci.com"
"206","","106","106","","MR-ENMA-0021-V1","18","506-3T85-003","61200220015","","ENMA","500","NETWORK","MIDEL","","3","1165","na","6.5x9.25","2x 33*14","10RD","15","[""NETWORK""]","15","","","M-ENMA-0021","","","59","","","","2026-08-05T20:00:03Z","2026-08-05T17:26:55Z","False","31a963dc-d7a3-439a-9b27-0c5ac4e1a991","ENMAX","M-ENMA-0021","","soleil.anker@ermco-eci.com","soleil.anker@ermco-eci.com"
"207","","106","106","","MR-ENMA-0022-V1","18","506-3T85-003","61200220016","","ENMA","750","NETWORK","A2","","3","1140","","6.875x10.25","2x 45*14","81*162","14.75","[""NETWORK""]","16","","","M-ENMA-0022","","","60","","","","2026-08-05T20:00:03Z","2026-08-05T17:26:57Z","False","6432de95-25e4-4fa2-8658-95332d02a666","ENMAX","M-ENMA-0022","","soleil.anker@ermco-eci.com","soleil.anker@ermco-eci.com"
"208","","106","106","","MR-ENMA-0023-V1","18","506-3T85-003","61200220023","","ENMA","750","NETWORK","Midel","","3","1220","na","7.5x9.25","2x 45*16","81*162","17","[""NETWORK""]","16","","","M-ENMA-0023","","","61","","","","2026-08-05T20:00:03Z","2026-08-05T17:27:00Z","False","0dae1614-695e-41d2-9023-eddc0ce76fe1","ENMAX","M-ENMA-0023","","soleil.anker@ermco-eci.com","soleil.anker@ermco-eci.com"
"209","","106","106","","MR-ENMA-0020-V1","18","506-3T85-003","61200220031","","ENMA","0","NETWORK","","","","","","","","","","[]","","","","M-ENMA-0020","","","58","","","","2026-08-05T20:00:03Z","2026-08-05T17:27:03Z","False","ae0d752b-ddee-498b-b79f-64c6ef24b079","ENMAX","M-ENMA-0020","","soleil.anker@ermco-eci.com","soleil.anker@ermco-eci.com"
"210","","106","106","","MR-ENMA-0025-V1","18","506-3T85-003","61200220039","","ENMA","0","","","","","","","","","","","[]","","","","M-ENMA-0025","","","64","","","","2026-08-05T20:00:04Z","2026-08-05T17:27:06Z","False","80bc53b6-2d70-435c-846d-d86a3cb4726d","ENMAX","M-ENMA-0025","","soleil.anker@ermco-eci.com","soleil.anker@ermco-eci.com"
"211","","106","106","","MR-ENMA-0026-V1","18","506-3T85-003","61200220040","","ENMA","750","NETWORK","A2","","3","1240","","7.75x9.25","45*14","81*162","15","[""NETWORK""]","16","","","M-ENMA-0026","","","65","","","","2026-08-05T20:00:04Z","2026-08-05T17:27:07Z","False","6a4d585f-f075-41b6-94a7-deea846b94e1","ENMAX","M-ENMA-0026","","soleil.anker@ermco-eci.com","soleil.anker@ermco-eci.com"
"212","","106","106","","MR-ENMA-0027-V1","18","506-3T85-003","61200220047","","ENMA","1000","NETWORK","0","","3","0","0","8.5x10.25","91x182","50*14","14.75","[""NETWORK""]","16","","","M-ENMA-0027","","","66","","","","2026-08-05T20:00:04Z","2026-08-05T17:27:10Z","False","77c441a3-2ed2-4152-95c0-686b56ab30da","ENMAX","M-ENMA-0027","","soleil.anker@ermco-eci.com","soleil.anker@ermco-eci.com"
"213","","106","106","","MR-ENMA-0028-V1","18","506-3T85-003","61200220048","","ENMA","1000","NETWORK","A2","","3","","na","7.375x10.25","45*14","91*182","14.75","[""NETWORK""]","16","","","M-ENMA-0028","","","67","","","","2026-08-05T20:00:04Z","2026-08-05T17:27:12Z","False","e895d2f0-362f-4a91-bb2c-5a42f4195cf7","ENMAX","M-ENMA-0028","","soleil.anker@ermco-eci.com","soleil.anker@ermco-eci.com"
"214","","106","106","","MR-ENMA-0029-V1","18","506-3T85-003","61200220055","","ENMA","0","","","","0","0","","","","","","[]","","","","M-ENMA-0029","","","68","","","","2026-08-05T20:00:04Z","2026-08-05T17:27:14Z","False","7c299c92-1144-47f6-a8b4-9983c44c5e4c","ENMAX","M-ENMA-0029","","soleil.anker@ermco-eci.com","soleil.anker@ermco-eci.com"
"215","","106","106","","MR-ENMA-0031-V1","18","506-3T85-003","61200220063","","ENMA","2000","NETWORK","Midel","","3","2500","0","9x14.5","2x 45*20","2x 102*204","20.75","[""NETWORK""]","16","","","M-ENMA-0031","","","70","","","","2026-08-05T20:00:04Z","2026-08-05T17:27:16Z","False","911fae96-0ac9-4479-818a-42a43df106a9","ENMAX","M-ENMA-0031","","soleil.anker@ermco-eci.com","soleil.anker@ermco-eci.com"
"216","","106","106","","MR-ENMA-0032-V1","18","506-3T85-003","61200220071","","ENMA","0","","","","0","0","","","","","","[]","","","","M-ENMA-0032","","","71","","","","2026-08-05T20:00:04Z","2026-08-05T17:27:18Z","False","556659f6-16bc-4dcc-a19c-39c089b11258","ENMAX","M-ENMA-0032","","soleil.anker@ermco-eci.com","soleil.anker@ermco-eci.com"
"217","","106","106","","MR-ENMA-0034-V1","18","506-3T85-003","61200220115","","ENMA","500","NETWORK","Midel","","3","1165","","6.5x9.25","2x 33*14","10RD","15","[""NETWORK""]","15","","","M-ENMA-0034","","","74","","","","2026-08-05T20:00:05Z","2026-08-05T17:27:20Z","False","9cf34056-f4a6-4d2c-b1f0-9d67e91adb04","ENMAX","M-ENMA-0034","","soleil.anker@ermco-eci.com","soleil.anker@ermco-eci.com"
"218","","106","106","","MR-ENMA-0037-V1","18","506-3T85-003","61200220124","","ENMA","1000","NETWORK","A2","","3","1720","","6.25x13.25","2x 45*16","91*182","16.75","[""NETWORK""]","16","","","M-ENMA-0037","","","77","","","C","2026-09-11T05:12:17Z","2026-08-05T17:27:22Z","False","4dfad1c4-6a58-43fe-89b8-4ab5407b8e61","ENMAX","M-ENMA-0037","","soleil.anker@ermco-eci.com","soleil.anker@ermco-eci.com"
"219","","106","106","","MR-ENMA-0038-V1","18","506-3T85-003","61200220131","","ENMA","0","","","","0","0","","","","","","[]","","","","M-ENMA-0038","","","78","","","","2026-08-05T20:00:05Z","2026-08-05T17:27:23Z","False","fcdfa51b-a1ec-433f-8aed-374a8ebbfdc0","ENMAX","M-ENMA-0038","","soleil.anker@ermco-eci.com","soleil.anker@ermco-eci.com"
"220","","106","106","","MR-ENMA-0039-V1","18","506-3T85-003","61200220140","","ENMA","750","NETWORK","A2","","3","1240","","7.75x9.25","45*14","81*162","15","[""NETWORK""]","16","","","M-ENMA-0039","","","79","","","","2026-08-05T20:00:05Z","2026-08-05T17:27:26Z","False","cd07f8eb-d375-4b4e-b7a8-ad3724cb26f5","ENMAX","M-ENMA-0039","","soleil.anker@ermco-eci.com","soleil.anker@ermco-eci.com"
"221","","106","106","","MR-ENMA-0040-V1","18","506-3T85-003","61200220147","","ENMA","1000","NETWORK","0","","3","0","0","8.5x10.25","91*182","50*14","14.75","[""NETWORK""]","16","","","M-ENMA-0040","","","80","","","","2026-08-05T20:00:05Z","2026-08-05T17:27:27Z","False","f6eac165-2364-4593-88e2-a8f958f0e04f","ENMAX","M-ENMA-0040","","soleil.anker@ermco-eci.com","soleil.anker@ermco-eci.com"
"222","","106","106","","MR-ENMA-0043-V1","18","506-3T85-003","61200220156","","ENMA","1500","NETWORK","Midel","","3","1935","","9x12.5","2x 45*12","114*228","13.25","[""NETWORK""]","16","","","M-ENMA-0043","","","83","","","C","2026-09-11T05:06:12Z","2026-08-05T17:27:29Z","False","739fa4c6-2755-45be-a2c3-9cf5f59f29af","ENMAX","M-ENMA-0043","","soleil.anker@ermco-eci.com","soleil.anker@ermco-eci.com"
"223","","106","106","","MR-ENMA-0044-V1","18","506-3T85-003","61200220163","","ENMA","2000","NETWORK","Midel","","3","2500","0","9x14.5","2x 45*20","2x 102*204","20.75","[""NETWORK""]","16","","","M-ENMA-0044","","","84","","","","2026-08-05T20:00:06Z","2026-08-05T17:27:31Z","False","0e478e7c-d9e1-4ddb-a3a8-ec62eae8262e","ENMAX","M-ENMA-0044","","soleil.anker@ermco-eci.com","soleil.anker@ermco-eci.com"
"224","","106","106","","MR-ENMA-0045-V1","18","506-3T85-003","61200220166","","ENMA","0","","","","0","0","","","","","","[]","","","","M-ENMA-0045","","","85","","","","2026-08-05T20:00:06Z","2026-08-05T17:27:32Z","False","afe77349-28c8-4e75-b651-0a5ea58d96b9","ENMAX","M-ENMA-0045","","soleil.anker@ermco-eci.com","soleil.anker@ermco-eci.com"
"225","","106","106","","MR-ENMA-0046-V1","18","506-3T85-003","61200220171","","ENMA","0","","","","0","0","","","","","","[]","","","","M-ENMA-0046","","","86","","","","2026-08-05T20:00:06Z","2026-08-05T17:27:35Z","False","223f36fe-0d86-4942-9c5c-0431c25d7695","ENMAX","M-ENMA-0046","","soleil.anker@ermco-eci.com","soleil.anker@ermco-eci.com"
"226","","106","106","","MR-OTHY-0001-V1","27","GMS-0002","616164","","OTHY","333","C2","B2","Cogent","1","450","na","7x13.25","33*10 50*10","114*228","11","[""VAULT-1PH""]","3","","","M-OTHY-0001","","","264","","","B1","2026-09-11T04:27:29Z","2026-08-05T17:27:35Z","False","60318e17-77d2-4b02-ad04-5630ac5f9ee6","OTTAWA HYDRO","M-OTHY-0001","","soleil.anker@ermco-eci.com","soleil.anker@ermco-eci.com"
"227","","106","106","","MR-OTHY-0011-V1","27","","616865","","OTHY","500","C2","B2","","1","620","na","8.5x13.5","2x 50*14","128*256","14.75","[""VAULT-1PH""]","3","","","M-OTHY-0011","","","339","","","B1","2026-09-15T03:37:48Z","2026-08-05T17:27:38Z","False","00c5b48c-475a-472f-b051-246134751028","OTTAWA HYDRO","M-OTHY-0011","","soleil.anker@ermco-eci.com","soleil.anker@ermco-eci.com"
"228","","106","106","","MR-OTHY-0002-V1","27","GMS-0002","617070","","OTHY","667","C2","B2","","1","710","","10.25x13.375","2x 50*14","2x 102*204","15","[""VAULT-1PH""]","3","","","M-OTHY-0002","","","266","","","","2026-08-05T20:00:27Z","2026-08-05T17:27:40Z","False","6a6f4ac9-b75a-4db4-be7a-15f621d4e303","OTTAWA HYDRO","M-OTHY-0002","","soleil.anker@ermco-eci.com","soleil.anker@ermco-eci.com"
"229","","106","106","","MR-OTHY-0003-V1","27","GMS-0002","617141","","OTHY","333","C2","B2","","1","540","","8.75x12.25","45*10 50*10","102*204","11","[""VAULT-1PH""]","3","","","M-OTHY-0003","","","267","","","","2026-08-05T20:00:27Z","2026-08-05T17:27:42Z","False","d06d36c7-b1e4-4f62-aaa7-f24dee594729","OTTAWA HYDRO","M-OTHY-0003","","soleil.anker@ermco-eci.com","soleil.anker@ermco-eci.com"
"231","","106","106","","MR-OTHY-0004-V1","27","GMS-0002","617211","","OTHY","667","C2","B2","Cogent","1","720","na","10.25x13.5","2x 50*14","2x 114*228","15","[""VAULT-1PH""]","3","","","M-OTHY-0004","","","268","","","B1","2026-09-11T04:31:49Z","2026-08-05T17:27:46Z","False","7277f43c-632e-4c6e-aa1a-55b398128cb1","OTTAWA HYDRO","M-OTHY-0004","","soleil.anker@ermco-eci.com","soleil.anker@ermco-eci.com"
"232","","106","106","","MR-OTHY-0005-V1","27","GMS-0002","617515","","OTHY","833","C2","B2","","1","887","na","9.875x13.5","3x 45*18","2x 128*256","19","[""VAULT-1PH""]","30","","","M-OTHY-0005","","","269","","","B2","2026-09-11T04:21:10Z","2026-08-05T17:27:48Z","False","7ceb6073-5368-4262-aad4-1868de7cecc7","OTTAWA HYDRO","M-OTHY-0005","","soleil.anker@ermco-eci.com","soleil.anker@ermco-eci.com"
"233","","106","106","","MR-OTHY-0006-V1","27","GMS-0002","617563","","OTHY","0","","","","","","","","","","","[]","","","","M-OTHY-0006","","","270","","","","2026-08-05T20:00:27Z","2026-08-05T17:27:48Z","False","7872a347-c195-43d4-aae3-6619a162bcbf","OTTAWA HYDRO","M-OTHY-0006","","soleil.anker@ermco-eci.com","soleil.anker@ermco-eci.com"
"234","","106","106","","MR-OTHY-0007-V1","27","GMS-0002","618509","","OTHY","1000","C2","B2","","1","900","na","12x14.5","3x 45*18","4x114*228","19","[""VAULT-1PH""]","3","","","M-OTHY-0007","","","271","","","B2","2026-09-11T04:37:18Z","2026-08-05T17:27:51Z","False","44095573-1a67-4de6-828d-9db36691a803","OTTAWA HYDRO","M-OTHY-0007","","soleil.anker@ermco-eci.com","soleil.anker@ermco-eci.com"
"235","","106","106","","MR-OTHY-0008-V1","27","GMS-0002","618513","","OTHY","1000","C2","B2","","","910","na","11.375x14.5","3x 45*18","128*256","19","[""VAULT-1PH""]","3","","","M-OTHY-0008","","","272","","","","2026-08-05T20:00:28Z","2026-08-05T17:27:52Z","False","88bcd869-1a80-409d-bbeb-9c09250e7afc","OTTAWA HYDRO","M-OTHY-0008","","soleil.anker@ermco-eci.com","soleil.anker@ermco-eci.com"
"236","","106","106","","MR-OTHY-0009-V1","27","GMS-0002","618527","","OTHY","833","C2","B2","Cogent","","1135","na","12.125x14.375","3x 45*24","128*256","25","[""VAULT-1PH""]","3","","","M-OTHY-0009","","","273","","","","2026-08-05T20:00:28Z","2026-08-05T17:27:56Z","False","afd618e8-d3a8-44c5-8b4a-f308cdd3635f","OTTAWA HYDRO","M-OTHY-0009","","soleil.anker@ermco-eci.com","soleil.anker@ermco-eci.com"
"237","","106","106","","MR-HYQU-0038-V1","115","","663","","HYQU","1000","ZIG-ZAG","A2","Annexe","3","6210","","ronde","9x 70*244","9x 70*244","28.125","[""MALT""]","22","","","M-HYQU-0038","","","275","","","","2026-09-11T05:11:08Z","2026-08-05T17:27:58Z","False","928f75e8-97bb-482d-85ef-bf805b09ac72","HYDRO QUEBEC","M-HYQU-0038","","soleil.anker@ermco-eci.com","soleil.anker@ermco-eci.com"
"238","","106","106","","MR-TOHY-0001-V1","68","TH-TS-DT-NT-01","6643201","","TOHY","500","NETWORK","B2","Cogent","3","1590","na","5.375x10.25","2x 50*14","81*162","15","[""NETWORK""]","15","","","M-TOHY-0001","","","154","","","","2026-08-05T20:00:33Z","2026-08-05T17:28:00Z","False","2de84661-002f-4d27-b9a5-d958839f0997","TORONTO HYDRO","M-TOHY-0001","","soleil.anker@ermco-eci.com","soleil.anker@ermco-eci.com"
"239","","106","106","","MR-TOHY-0002-V1","68","TH-TS-DT-NT-01","6643202-22","","TOHY","750","NETWORK","B2","Cogent","3","1560","na","5.875x10.25","2x 50*16","102*204","17","[""NETWORK""]","16","","","M-TOHY-0002","","","155","","","B1","2026-09-15T03:37:49Z","2026-08-05T17:28:02Z","False","b96f6c24-66ad-447e-8547-9082153a2426","TORONTO HYDRO","M-TOHY-0002","","soleil.anker@ermco-eci.com","soleil.anker@ermco-eci.com"
"241","","106","106","","MR-TOHY-0003-V1","68","TH-TS-DT-NT-01","6643203","","TOHY","1000","NETWORK","B2","","3","1850","na","6.75x12.25","1x 33*16 2x 50*16","2x 91*182","17","[""NETWORK""]","16","","","M-TOHY-0003","","","156","","","","2026-09-15T03:37:50Z","2026-08-05T17:28:08Z","False","4e3c2916-2da5-4acf-8d84-ab487314b657","TORONTO HYDRO","M-TOHY-0003","","soleil.anker@ermco-eci.com","soleil.anker@ermco-eci.com"
"242","","106","106","","MR-TOHY-0004-V1","68","TH-TS-DT-NT-01","6643211","","TOHY","1000","NETWORK","B2","","3","1850","na","6.875x12.25","2x 0.05*14","114*228","15","[""NETWORK""]","16","","","M-TOHY-0004","","","157","","","C","2026-09-11T04:17:58Z","2026-08-05T17:28:09Z","False","619d24c7-9809-4a25-a428-fccef58a5d1d","TORONTO HYDRO","M-TOHY-0004","","soleil.anker@ermco-eci.com","soleil.anker@ermco-eci.com"
"243","","106","106","","MR-TOHY-0005-V1","68","TH-TS-DT-NT-01","6643212","","TOHY","1500","NETWORK","B2","Cogent","","2200","na","8.625x12.5","2x 50*16","2x 102*204","17","[""NETWORK""]","16","","","M-TOHY-0005","","","158","","","","2026-08-05T20:00:34Z","2026-08-05T17:28:12Z","False","7716d4f9-1361-4d03-b672-7758f84a9aae","TORONTO HYDRO","M-TOHY-0005","","soleil.anker@ermco-eci.com","soleil.anker@ermco-eci.com"
"244","","106","106","","MR-TOHY-0006-V1","68","TH-TS-DT-NT-01","6643213","","TOHY","2000","NETWORK","B2","Cogent","3","2470","na","9.375x12.5","33*20 2x 45*20","128*256","21","[""NETWORK""]","16","","","M-TOHY-0006","","","159","","","","2026-08-05T20:00:34Z","2026-08-05T17:28:14Z","False","bc103b2b-6ce4-4dbf-88f8-9257ba99bbba","TORONTO HYDRO","M-TOHY-0006","","soleil.anker@ermco-eci.com","soleil.anker@ermco-eci.com"
"245","","106","106","","MR-TOHY-0007-V1","68","D-14-11","6643222","","TOHY","0","","","","","","","","","","","[]","","","","M-TOHY-0007","","","160","","","","2026-08-05T20:00:34Z","2026-08-05T17:28:17Z","False","59191efd-26ce-47f6-bccf-8ace48853d52","TORONTO HYDRO","M-TOHY-0007","","soleil.anker@ermco-eci.com","soleil.anker@ermco-eci.com"
"246","","106","106","","MR-TOHY-0008-V1","68","D-14-11","6643223","","TOHY","0","","","","","","","","","","","[]","","","","M-TOHY-0008","","","161","","","","2026-08-05T20:00:34Z","2026-08-05T17:28:18Z","False","49e08973-281f-46d0-84db-6a968ffcd929","TORONTO HYDRO","M-TOHY-0008","","soleil.anker@ermco-eci.com","soleil.anker@ermco-eci.com"
"247","","106","106","","MR-TOHY-0012-V1","68","TH-TS-DT-SUB-01","6683202","","TOHY","300","SUBMERSIBLE","B2","","3","1230","na","5.25x10.25","2x 45*10","10RD","11","[""SUBWAY""]","24","","","M-TOHY-0012","","","165","","","","2026-08-05T20:00:35Z","2026-08-05T17:28:19Z","False","55690766-c4a0-4ab7-8d07-eb74469fb6cd","TORONTO HYDRO","M-TOHY-0012","","soleil.anker@ermco-eci.com","soleil.anker@ermco-eci.com"
"248","","106","106","","MR-TOHY-0013-V1","68","TH-TS-DT-SUB-01","6683203","","TOHY","500","SUBMERSIBLE","B2","","3","1130","","5.875x10.25","2x 50*14","81*162","15","[""SUBWAY""]","24","","","M-TOHY-0013","","","166","","","","2026-08-05T20:00:35Z","2026-08-05T17:28:23Z","False","482f8a57-06d8-451f-bc87-34e68daa2eb6","TORONTO HYDRO","M-TOHY-0013","","soleil.anker@ermco-eci.com","soleil.anker@ermco-eci.com"
"249","","106","106","","MR-TOHY-0014-V1","68","TH-TS-DT-SUB-01","6683204","","TOHY","0","","","","","","","","","","","[]","","","","M-TOHY-0014","","","167","","","","2026-08-05T20:00:35Z","2026-08-05T17:28:24Z","False","93028b4f-3a0d-4ad8-a362-c7d34d262787","TORONTO HYDRO","M-TOHY-0014","","soleil.anker@ermco-eci.com","soleil.anker@ermco-eci.com"
"250","","106","106","","MR-TOHY-0015-V1","68","TH-TS-DT-SUB-01","6683205","","TOHY","0","","","","","","","","","","","[]","","","","M-TOHY-0015","","","168","","","","2026-08-05T20:00:35Z","2026-08-05T17:28:26Z","False","daaf9ffc-8d28-44c2-b031-7978a93b5f8e","TORONTO HYDRO","M-TOHY-0015","","soleil.anker@ermco-eci.com","soleil.anker@ermco-eci.com"
"251","","106","106","","MR-TOHY-0016-V1","68","TH-TS-DT-SUB-01","6683211","","TOHY","500","SUBMERSIBLE","B2","","3","1100","na","5.75x10.25","45*14","81*162","15","[""SUBWAY""]","25","","","M-TOHY-0016","","","169","","","","2026-08-05T20:00:35Z","2026-08-05T17:28:27Z","False","f26f7425-b94d-4c4c-8a29-f3a98d4037d2","TORONTO HYDRO","M-TOHY-0016","","soleil.anker@ermco-eci.com","soleil.anker@ermco-eci.com"
"252","","106","106","","MR-TOHY-0017-V1","68","TH-TS-DT-SUB-01","6683212","","TOHY","750","SUBMERSIBLE","B2","","3","1150","","6.75x10.25","45*16","114*228","17","[""SUBWAY""]","25","","","M-TOHY-0017","","","170","","","","2026-08-05T20:00:35Z","2026-08-05T17:28:29Z","False","4d6cebf7-771d-46a7-9bc0-4b01b441ace7","TORONTO HYDRO","M-TOHY-0017","","soleil.anker@ermco-eci.com","soleil.anker@ermco-eci.com"
"253","","106","106","","MR-TOHY-0019-V1","68","TH-TS-DT-SUB-01","6683214","","TOHY","1500","SUBMERSIBLE","B2","","3","1650","na","10.125x13.5","2x 45*14","2x 102*204","15","[""SUBWAY""]","25","","","M-TOHY-0019","","","172","","","","2026-08-05T20:00:35Z","2026-08-05T17:28:31Z","False","50f5e4b9-1172-4bc4-b162-feba573a5cf5","TORONTO HYDRO","M-TOHY-0019","","soleil.anker@ermco-eci.com","soleil.anker@ermco-eci.com"
"254","","106","106","","MR-TOHY-0020-V1","68","TH-TS-DT-SUB-01","6683215","","TOHY","2000","SUBMERSIBLE","B2","","3","1610","0","10.75x13.5","2x 50*16","2x 114*228","17","[""SUBWAY""]","25","","","M-TOHY-0020","","","173","","","","2026-09-15T03:37:49Z","2026-08-05T17:28:33Z","False","96a85b81-37b8-491c-8d0a-35c1ee08c521","TORONTO HYDRO","M-TOHY-0020","","soleil.anker@ermco-eci.com","soleil.anker@ermco-eci.com"
"255","","106","106","","MR-TOHY-0021-V1","68","TH-TS-DT-SUB-01","6683216","","TOHY","0","","","","","","","","","","","[]","","","","M-TOHY-0021","","","174","","","","2026-08-05T20:00:36Z","2026-08-05T17:28:35Z","False","cf7ae91f-c21b-4f60-b6ec-8e3bad1e6592","TORONTO HYDRO","M-TOHY-0021","","soleil.anker@ermco-eci.com","soleil.anker@ermco-eci.com"
"256","","106","106","","MR-TOHY-0023-V1","68","DT-SW-02R1","6683221","","TOHY","0","","","","","","","","","","","[]","","","","M-TOHY-0023","","","176","","","","2026-08-05T20:00:36Z","2026-08-05T17:28:38Z","False","249be11c-b4ad-4747-babe-b735aa82d173","TORONTO HYDRO","M-TOHY-0023","","soleil.anker@ermco-eci.com","soleil.anker@ermco-eci.com"
"257","","106","106","","MR-TOHY-0024-V1","68","TH-TS-DT-NT-02","6683222","","TOHY","0","","","","","","","","","","","[]","","","","M-TOHY-0024","","","177","","","","2026-08-05T20:00:36Z","2026-08-05T17:28:39Z","False","cb5d8834-ddfa-4e5f-877c-bc764c74982c","TORONTO HYDRO","M-TOHY-0024","","soleil.anker@ermco-eci.com","soleil.anker@ermco-eci.com"
"258","","106","106","","MR-TOHY-0025-V1","68","TH-TS-DT-NT-02","6683223","","TOHY","500","SUBMERSIBLE","B2","","3","1110","na","6.125x10.25","33*16  50*16","81*162","17","[""SUBWAY""]","24","","","M-TOHY-0025","","","178","","","","2026-08-05T20:00:36Z","2026-08-05T17:28:41Z","False","0f944e03-0cee-47b9-82f0-99ffd4ec80d2","TORONTO HYDRO","M-TOHY-0025","","soleil.anker@ermco-eci.com","soleil.anker@ermco-eci.com"
"259","","106","106","","MR-TOHY-0026-V1","68","TH-TS-DT-NT-02","6683224","","TOHY","750","SUBMERSIBLE","B2","","3","1350","na","7.25x12.25","2x 50*16","114*228","17","[""SUBWAY""]","25","","","M-TOHY-0026","","","179","","","","2026-08-05T20:00:36Z","2026-08-05T17:28:42Z","False","243d6a9f-cd01-451a-9bf0-ac5611e0d3b8","TORONTO HYDRO","M-TOHY-0026","","soleil.anker@ermco-eci.com","soleil.anker@ermco-eci.com"
"260","","106","106","","MR-TOHY-0027-V1","68","TH-TS-DT-NT-02","6683231","","TOHY","0","","","","","","","","","","","[]","","","","M-TOHY-0027","","","180","","","","2026-08-05T20:00:36Z","2026-08-05T17:28:45Z","False","0e431d36-d9f5-4685-9452-c085ac062954","TORONTO HYDRO","M-TOHY-0027","","soleil.anker@ermco-eci.com","soleil.anker@ermco-eci.com"
"261","","106","106","","MR-TOHY-0028-V1","68","TH-TS-DT-NT-02","6683232","","TOHY","750","SUBMERSIBLE","B2","","3","1210","","7.125x12.25","50*16","114*228","17","[""SUBWAY""]","25","","","M-TOHY-0028","","","181","","","","2026-08-05T20:00:36Z","2026-08-05T17:28:45Z","False","ded4f294-c49c-4fc2-919a-8014d93e1bd5","TORONTO HYDRO","M-TOHY-0028","","soleil.anker@ermco-eci.com","soleil.anker@ermco-eci.com"
"262","","106","106","","MR-TOHY-0029-V1","68","TH-TS-DT-NT-02","6689423","","TOHY","0","","","","","","","","","","","[]","","","","M-TOHY-0029","","","182","","","","2026-08-05T20:00:36Z","2026-08-05T17:28:48Z","False","42004e0f-3632-4d49-838c-42505a09a399","TORONTO HYDRO","M-TOHY-0029","","soleil.anker@ermco-eci.com","soleil.anker@ermco-eci.com"
"263","","106","106","","MR-TOHY-0030-V1","68","","6689424","","TOHY","0","","","","","","","","","","","[]","","","","M-TOHY-0030","","","183","","","","2026-08-05T20:00:36Z","2026-08-05T17:28:50Z","False","19e70167-24c5-45c7-96b0-10dceddf992f","TORONTO HYDRO","M-TOHY-0030","","soleil.anker@ermco-eci.com","soleil.anker@ermco-eci.com"
"264","","106","106","","MR-TOHY-0022-V1","68","","6689441","","TOHY","0","","","","","","","","","","","[]","","","","M-TOHY-0022","","","175","","","","2026-08-05T20:00:36Z","2026-08-05T17:28:52Z","False","15e3c073-7a9f-41dc-b898-53b56255f339","TORONTO HYDRO","M-TOHY-0022","","soleil.anker@ermco-eci.com","soleil.anker@ermco-eci.com"
"265","","106","106","","MR-ALPO-0001-V1","2","ADP-54-160-11-0","68580","","ALPO","500","NETWORK","FR3","","3","262","na","5.75x10.25","2x 45*14","2x 128*256","13","[""NETWORK""]","16","","","M-ALPO-0001","","","121","","","","2026-08-05T19:59:57Z","2026-08-05T17:28:53Z","False","576e7aae-2c77-451b-88e3-cae94caf29dc","ALABAMA POWER","M-ALPO-0001","","soleil.anker@ermco-eci.com","soleil.anker@ermco-eci.com"
"266","","106","106","","MR-ALPO-0002-V1","2","SES-PD-197","68585","","ALPO","1000","NETWORK","FR3","","3","370","na","6.25x12.25","3x 45*20","114*228","21","[""NETWORK""]","16","","","M-ALPO-0002","","","122","","","","2026-08-05T19:59:57Z","2026-08-05T17:28:56Z","False","019b094f-218a-48bd-8cbf-f8587b5d3fd3","ALABAMA POWER","M-ALPO-0002","","soleil.anker@ermco-eci.com","soleil.anker@ermco-eci.com"
"267","","106","106","","MR-ALPO-0003-V1","2","SES-PD-197","68586","","ALPO","0","","","","","","","","","","","[]","","","","M-ALPO-0003","","","123","","","","2026-08-05T19:59:57Z","2026-08-05T17:28:57Z","False","0145532a-5e10-42ae-a9dd-af85f56eb17d","ALABAMA POWER","M-ALPO-0003","","soleil.anker@ermco-eci.com","soleil.anker@ermco-eci.com"
"268","","106","106","","MR-ALPO-0004-V1","2","SES-PD-197","68587","","ALPO","750","NETWORK","FR3","","3","357","na","6,875x10,25","2x 33*12","91*162","11","[""NETWORK""]","16","","","M-ALPO-0004","","","124","","","","2026-08-05T19:59:57Z","2026-08-05T17:29:00Z","False","01155fad-92e7-4841-bcdd-10b151fd9924","ALABAMA POWER","M-ALPO-0004","","soleil.anker@ermco-eci.com","soleil.anker@ermco-eci.com"
"269","","106","106","","MR-ALPO-0005-V1","2","SES-PD-197","68588","","ALPO","1000","NETWORK","FR3","","3","400","na","6.75x12.25","2x 33*14","102*204","15","[""NETWORK""]","16","","","M-ALPO-0005","","","125","","","","2026-09-11T04:37:59Z","2026-08-05T17:29:00Z","False","4463edba-b7aa-4bf7-9b3b-88fc04d5dd90","ALABAMA POWER","M-ALPO-0005","","soleil.anker@ermco-eci.com","soleil.anker@ermco-eci.com"
"270","","106","106","","MR-ALPO-0006-V1","2","SES-PD-197","68589","","ALPO","1500","NETWORK","FR3","","3","525","na","8,625x10,5","2x 45*16","128*256","17","[""NETWORK""]","16","","","M-ALPO-0006","","","126","","","","2026-08-05T19:59:58Z","2026-08-05T17:29:03Z","False","aabe1155-3766-48fb-bdda-fea60abe61af","ALABAMA POWER","M-ALPO-0006","","soleil.anker@ermco-eci.com","soleil.anker@ermco-eci.com"
"271","","106","106","","MR-ALPO-0007-V1","2","SES-PD-197","68590","","ALPO","2000","NETWORK","FR3","","3","525","","7.25x12.5","2x 45*24","2x 114*228","25","[""NETWORK""]","16","","","M-ALPO-0007","","","127","","","","2026-09-11T04:37:05Z","2026-08-05T17:29:04Z","False","4076a6fc-c52a-4175-9ae3-a6e3034305f6","ALABAMA POWER","M-ALPO-0007","","soleil.anker@ermco-eci.com","soleil.anker@ermco-eci.com"
"272","","106","106","","MR-ALPO-0008-V1","2","ADP-54-160-11-0","68591","","ALPO","0","","","","","","","","","","","[]","","","","M-ALPO-0008","","","128","","","","2026-08-05T19:59:58Z","2026-08-05T17:29:07Z","False","0efb98d3-c1ef-480a-88da-b45bcaa41988","ALABAMA POWER","M-ALPO-0008","","soleil.anker@ermco-eci.com","soleil.anker@ermco-eci.com"
"273","","106","106","","MR-XCEN-0006-V1","73","6110.0701","6863","","XCEN","0","","","","","","","","","","","[]","","","","M-XCEN-0006","","","246","","","","2026-08-05T20:00:38Z","2026-08-05T17:29:09Z","False","acb2f3b2-b634-43a5-bff4-5e32b678a3b0","XCEL ENERGY NORTHERN","M-XCEN-0006","","soleil.anker@ermco-eci.com","soleil.anker@ermco-eci.com"
"274","","106","106","","MR-XCEN-0007-V1","73","6110.0701","6864","","XCEN","0","","","","","","","","","","","[]","","","","M-XCEN-0007","","","247","","","","2026-08-05T20:00:38Z","2026-08-05T17:29:10Z","False","71e2187e-74da-4905-85e3-feb5de76d0ff","XCEL ENERGY NORTHERN","M-XCEN-0007","","soleil.anker@ermco-eci.com","soleil.anker@ermco-eci.com"
"275","","106","106","","MR-XCEN-0008-V1","73","6110.0701","6865","","XCEN","1500","NETWORK","FR3","","3","535","na","8.125x10.5","2x 45*16","128*256","16.75","[""NETWORK""]","16","","","M-XCEN-0008","","","248","","","C","2026-09-11T04:56:00Z","2026-08-05T17:29:13Z","False","51db21f3-f56a-4979-b5cd-3c480d1ae1f8","XCEL ENERGY NORTHERN","M-XCEN-0008","","soleil.anker@ermco-eci.com","soleil.anker@ermco-eci.com"
"276","","106","106","","MR-XCEN-0009-V1","73","6110.0701","69305","","XCEN","500","NETWORK","FR3","","3","275","na","5.25x10.25","45*14","9RD","15","[""NETWORK""]","15","","","M-XCEN-0009","","","249","","","","2026-08-05T20:00:38Z","2026-08-05T17:29:14Z","False","e68742c2-fd8b-406f-8768-0d24ac5ceacb","XCEL ENERGY NORTHERN","M-XCEN-0009","","soleil.anker@ermco-eci.com","soleil.anker@ermco-eci.com"
"277","","106","106","","MR-LISA-0001-V1","36","","94949","","LISA","3750","POWER-W","B2","","3","3710","na","12.375x14.375","2x 33*10","91*182","23.75","[""SUBSTATION""]","20","","","M-LISA-0001","","","309","","","","2026-08-05T20:00:23Z","2026-08-05T17:29:17Z","False","da0ace45-68ac-4849-9477-bfc0d6e539db","LIZCO SALES","M-LISA-0001","","soleil.anker@ermco-eci.com","soleil.anker@ermco-eci.com"
"278","","106","106","","MR-TOHY-0031-V1","68","TH-TS-DT-NT-02","9663048","","TOHY","0","","","","","","","","","","","[]","","","","M-TOHY-0031","","","184","","","","2026-08-05T20:00:37Z","2026-08-05T17:29:19Z","False","a561712b-8d02-4670-a178-177d578265f2","TORONTO HYDRO","M-TOHY-0031","","soleil.anker@ermco-eci.com","soleil.anker@ermco-eci.com"
"279","","106","106","","MR-TOHY-0032-V1","68","","9665274","","TOHY","2000","NETWORK","B2","Cogent","","2210","na","11x13.5","2x 50*16","114*228","17.25","[""NETWORK""]","16","","","M-TOHY-0032","","","185","","","","2026-08-05T20:00:37Z","2026-08-05T17:29:19Z","False","9239bc91-a975-4901-9276-f0b0e388caea","TORONTO HYDRO","M-TOHY-0032","","soleil.anker@ermco-eci.com","soleil.anker@ermco-eci.com"
"280","","106","106","","MR-TOHY-0033-V1","68","","9665275","","TOHY","1000","NETWORK","B2","Cogent","","690","na","7.5x13.25","2x 33*14","114*228","15","[""NETWORK""]","16","","","M-TOHY-0033","","","186","","","","2026-08-05T20:00:37Z","2026-08-05T17:29:22Z","False","950b2690-e382-484a-95e8-7e6a7b282015","TORONTO HYDRO","M-TOHY-0033","","soleil.anker@ermco-eci.com","soleil.anker@ermco-eci.com"
"281","","106","106","","MR-NAEL-0002-V1","42","ET-258-12","966600000","","NAEL","750","NETWORK","B2","","3","1230","na","6.75x10.25","2x 0.05*16","102*204","16.75","[""NETWORK""]","16","","","M-NAEL-0002","","","257","","","B1","2026-09-11T04:28:04Z","2026-08-05T17:29:24Z","False","b2aa8761-ea7f-4600-abbf-32c003ecab24","NASHVILLE ELECTRIC","M-NAEL-0002","","soleil.anker@ermco-eci.com","soleil.anker@ermco-eci.com"
"282","","106","106","","MR-NAEL-0003-V1","42","ET-258-10","966620000","","NAEL","750","NETWORK","B2","","3","1160","na","6x10.25","50*14","91*182","14.75","[""NETWORK""]","16","","","M-NAEL-0003","","","258","","","","2026-09-15T03:37:49Z","2026-08-05T17:29:26Z","False","c2c69bad-9c3c-40cb-adb6-a822bd785c57","NASHVILLE ELECTRIC","M-NAEL-0003","","soleil.anker@ermco-eci.com","soleil.anker@ermco-eci.com"
"283","","106","106","","MR-NAEL-0004-V1","42","ET-258-10","966635000","","NAEL","0","","","","","","","","","","","[]","","","","M-NAEL-0004","","","259","","","","2026-08-05T20:00:26Z","2026-08-05T17:29:27Z","False","b3ff6ab9-362d-4637-8030-fe266da158bc","NASHVILLE ELECTRIC","M-NAEL-0004","","soleil.anker@ermco-eci.com","soleil.anker@ermco-eci.com"
"284","","106","106","","MR-NAEL-0005-V1","42","ET-258-12","966640000","","NAEL","0","","","","","","","","","","","[]","","","","M-NAEL-0005","","","260","","","","2026-08-05T20:00:26Z","2026-08-05T17:29:30Z","False","46304f3f-1427-444d-a6b1-7bfe4a1c5e50","NASHVILLE ELECTRIC","M-NAEL-0005","","soleil.anker@ermco-eci.com","soleil.anker@ermco-eci.com"
"285","","106","106","","MR-NAEL-0006-V1","42","ET-258-12","966652000","","NAEL","1500","NETWORK","B2","","3","1930","na","6.75x13.5","45*16 50*16","128*256","16.75","[""NETWORK""]","16","","","M-NAEL-0006","","","261","","","","2026-08-05T20:00:27Z","2026-08-05T17:29:31Z","False","92a8974c-98b0-405d-92c9-7335dee1485e","NASHVILLE ELECTRIC","M-NAEL-0006","","soleil.anker@ermco-eci.com","soleil.anker@ermco-eci.com"
"286","","106","106","","MR-NAEL-0007-V1","42","ET-258-12","966656000","","NAEL","2000","NETWORK","B2","","3","2290","na","8.875x12.5","2x 45*20","114*228","20.75","[""NETWORK""]","16","","","M-NAEL-0007","","","262","","","","2026-08-05T20:00:27Z","2026-08-05T17:29:32Z","False","6547d61c-b3aa-443b-ad45-088d9ce820bc","NASHVILLE ELECTRIC","M-NAEL-0007","","soleil.anker@ermco-eci.com","soleil.anker@ermco-eci.com"
"287","","106","106","","MR-NAEL-0008-V1","42","ET-258-12","966660000","","NAEL","0","","","","","","","","","","","[]","","","","M-NAEL-0008","","","263","","","","2026-08-05T20:00:27Z","2026-08-05T17:29:35Z","False","6c71bdee-5fc4-4a50-b97b-3d134e1b18ec","NASHVILLE ELECTRIC","M-NAEL-0008","","soleil.anker@ermco-eci.com","soleil.anker@ermco-eci.com"
"288","","106","106","","MR-LISA-0002-V1","36","","97666","","LISA","5000","POWER-W","FR3","","3","1205","na","11.25x14.375","45*10","3x 114*228","23.25","[""SUBSTATION""]","20","","","M-LISA-0002","","","310","","","","2026-08-05T20:00:23Z","2026-08-05T17:29:36Z","False","bf86053c-aad2-4064-8dc6-c3a84463eec9","LIZCO SALES","M-LISA-0002","","soleil.anker@ermco-eci.com","soleil.anker@ermco-eci.com"
"289","","106","106","","MR-LISA-0003-V1","36","","A454200","","LISA","2000","POWER-W","B2","","3","2805","","10.375x13.5","2x 33*18","9RD","18.75","[""SUBSTATION""]","19","","","M-LISA-0003","","","409","","","","2026-08-05T20:00:23Z","2026-08-05T17:29:39Z","False","676e4d99-eb18-4088-9974-de34428543c9","LIZCO SALES","M-LISA-0003","","soleil.anker@ermco-eci.com","soleil.anker@ermco-eci.com"
"290","","106","106","","MR-LISA-0004-V1","36","","A454300","","LISA","3000","POWER-W","B2","","3","2510","","9.375 x 14.5","1x 33*28 1x50*28","91*182","30.75","[""SUBSTATION""]","19","","","M-LISA-0004","","","410","","","","2026-08-05T20:00:23Z","2026-08-05T17:29:40Z","False","55470a03-61e8-473c-b544-4f152fe08284","LIZCO SALES","M-LISA-0004","","soleil.anker@ermco-eci.com","soleil.anker@ermco-eci.com"
"291","","106","106","","MR-SIEN-0001-V1","62","","E21011","","SIEN","1000","SUBSTATION","","","3","0","","","","","","[""SUBSTATION""]","","","","M-SIEN-0001","","","411","","","","2026-08-05T20:00:32Z","2026-08-05T17:29:42Z","False","c78ab6e0-46b0-421e-9945-915e6ab14a08","SIEMENS ENERGY","M-SIEN-0001","","soleil.anker@ermco-eci.com","soleil.anker@ermco-eci.com"
"292","","106","106","","MR-SIEN-0002-V1","62","","E21012","","SIEN","2000","SUBSTATION","","","3","0","","","","","","[""SUBSTATION""]","","","","M-SIEN-0002","","","412","","","","2026-08-05T20:00:32Z","2026-08-05T17:29:43Z","False","31061fa4-aaa8-47e3-9436-707b51d8c7c6","SIEMENS ENERGY","M-SIEN-0002","","soleil.anker@ermco-eci.com","soleil.anker@ermco-eci.com"
"293","","106","106","","MR-SIEN-0003-V1","62","","E21014","","SIEN","1000","SUBSTATION","","","3","0","","","","","","[""SUBSTATION""]","19","","","M-SIEN-0003","","","413","","","","2026-09-01T10:44:28Z","2026-08-05T17:29:46Z","False","44cb4f12-fe23-4a86-9369-ac00f4f11597","SIEMENS ENERGY","M-SIEN-0003","","soleil.anker@ermco-eci.com","soleil.anker@ermco-eci.com"
"294","","106","106","","MR-SIEN-0004-V1","62","","E21015","","SIEN","2000","SUBSTATION","","","3","0","","","","","","[""SUBSTATION""]","19","","","M-SIEN-0004","","","414","","","","2026-09-11T05:04:43Z","2026-08-05T17:29:47Z","False","1ff10c42-4acb-4131-ae93-34929e085552","SIEMENS ENERGY","M-SIEN-0004","","soleil.anker@ermco-eci.com","soleil.anker@ermco-eci.com"
"295","","106","106","","MR-CAIN-0001-V1","102","","E21016","","CAIN","3000","PADMOUNT","","","3","0","","","","","","[""PADMOUNT""]","5","","","M-CAIN-0001","","","415","","","","2026-09-11T05:04:45Z","2026-08-05T17:29:50Z","False","36e3f138-9228-47cf-ab87-229103acd478","CAPSTONE INFRASTRUCTURE","M-CAIN-0001","","soleil.anker@ermco-eci.com","soleil.anker@ermco-eci.com"
"296","","106","106","","MR-CRSC-0001-V1","103","","FAN KIT","","CRSC","0","PARTS","","","0","0","","","","","","[""PARTS""]","1","","","M-CRSC-0001","","","416","","","","2026-08-05T20:00:01Z","2026-08-05T17:29:51Z","False","bb6ac78f-f7c9-4d71-9689-e07b54388bd6","CRSC","M-CRSC-0001","","soleil.anker@ermco-eci.com","soleil.anker@ermco-eci.com"
"297","","106","106","","MR-HYQU-0083-V1","115","","G1168A122","","HYQU","0","0","","","0","0","","","","","","[""PLAQUE ANCRAGE""]","32","","","M-HYQU-0083","","","417","","","","2026-08-05T20:00:20Z","2026-08-05T17:29:54Z","False","e46dcc75-828f-4ba3-9b56-b99b470785ad","HYDRO QUEBEC","M-HYQU-0083","","soleil.anker@ermco-eci.com","soleil.anker@ermco-eci.com"
"298","","106","106","","MR-PITR-0002-V1","74","","G15545","","PITR","1500","C2","FR3","","3","515","","10x10.5","2x 33*16","91*182","17","[""VAULT-1PH""]","3","","","M-PITR-0002","","","418","","","","2026-08-05T20:00:28Z","2026-08-05T17:29:56Z","False","9caffa46-8600-4a85-9852-809098fe08ab","PIONEER TRANSFORMERS","M-PITR-0002","","soleil.anker@ermco-eci.com","soleil.anker@ermco-eci.com"
"299","","106","106","","MR-PITR-0003-V1","74","","G16948","","PITR","20","C2","FR3","","1","146","0","6.835x10.375","102*204","19RD","17.5","[""VAULT-1PH""]","3","","","M-PITR-0003","","","419","","","","2026-08-05T20:00:28Z","2026-08-05T17:29:58Z","False","d8bc559b-5009-47e5-836a-007c2821e076","PIONEER TRANSFORMERS","M-PITR-0003","","soleil.anker@ermco-eci.com","soleil.anker@ermco-eci.com"
"300","","106","106","","MR-GOSO-0001-V1","104","","G19515","","GOSO","4889","PADMOUNT","","","3","0","","","","","","[""PADMOUNT""]","32","","","M-GOSO-0001","","","420","","","","2026-09-11T05:12:36Z","2026-08-05T17:29:59Z","False","16ae92eb-8038-4e9c-aaa7-f4f7e2b79fcc","GOLDEN SOUTH WIND","M-GOSO-0001","","soleil.anker@ermco-eci.com","soleil.anker@ermco-eci.com"
"301","","106","106","","MR-TECO-0001-V1","67","","G19921","","TECO","2500","POWER-W","LUMINOL","","3","2430","","8.75x10.5","2x 45*20","128*256","21","[""SUBSTATION""]","19","","","M-TECO-0001","","","421","","","","2026-08-05T20:00:33Z","2026-08-05T17:30:00Z","False","9758a77e-256b-4cbf-9033-f0fe6ff1ed57","TECHNO CONTACT","M-TECO-0001","","soleil.anker@ermco-eci.com","soleil.anker@ermco-eci.com"
"302","","106","106","","MR-TECO-0007-V1","67","","G20162","","TECO","750","SUBSTATION","","","3","0","","","","","","[""SUBSTATION""]","","","","M-TECO-0007","","","447","","","","2026-09-11T05:10:54Z","2026-08-05T17:30:03Z","False","531f871c-b5a8-4013-a05a-eb9a8a55c31e","TECHNO CONTACT","M-TECO-0007","","soleil.anker@ermco-eci.com","soleil.anker@ermco-eci.com"
"303","","106","106","","MR-TECO-0005-V1","67","","G20163","","TECO","1250","SUBSTATION","","","3","0","","","","","","[""SUBSTATION""]","19","","","M-TECO-0005","","","445","","","","2026-08-05T20:00:33Z","2026-08-05T17:30:05Z","False","58549512-a418-46a9-a28c-72304be2e260","TECHNO CONTACT","M-TECO-0005","","soleil.anker@ermco-eci.com","soleil.anker@ermco-eci.com"
"304","","106","106","","MR-TECO-0004-V1","67","","G20164W2","","TECO","2000","SUBSTATION","FR3","","3","570","","","","","","[""SUBSTATION""]","20","","","M-TECO-0004","","","442","","","","2026-09-11T04:15:30Z","2026-08-05T17:30:07Z","False","271e8a8f-cb52-4ab6-b077-3b2682eb4269","TECHNO CONTACT","M-TECO-0004","","soleil.anker@ermco-eci.com","soleil.anker@ermco-eci.com"
"305","","106","106","","MR-TECO-0006-V1","67","","G20165","","TECO","3750","SUBSTATION","","","3","0","","","","","","[""SUBSTATION""]","20","","","M-TECO-0006","","","446","","","","2026-08-05T20:00:33Z","2026-08-05T17:30:08Z","False","ea16d40c-21be-4058-b6c8-5f692c2ec85d","TECHNO CONTACT","M-TECO-0006","","soleil.anker@ermco-eci.com","soleil.anker@ermco-eci.com"
"306","","106","106","","MR-BEEL-0001-V1","6","","G20877","","BEEL","2500","SUBSTATION","","","3","","","","","","","[""SUBSTATION""]","19","","","M-BEEL-0001","","","473","","","","2026-09-08T08:10:05Z","2026-08-05T19:04:43Z","False","e3af07e8-4cc7-4839-82de-3fec5d105300","BEAVER ELECTRICAL ","M-BEEL-0001","","soleil.anker@ermco-eci.com","soleil.anker@ermco-eci.com"
"307","","106","106","","MR-XCEN-0010-V1","73","","G20883","","XCEN","1500","NETWORK","","","3","0","","","","","","[""NETWORK""]","16","","","M-XCEN-0010","","","444","","","","2026-08-05T20:00:39Z","2026-08-05T19:04:43Z","False","e6798f8a-f8f9-42c1-aae5-7a76550c2a0a","XCEL ENERGY NORTHERN","M-XCEN-0010","","soleil.anker@ermco-eci.com","soleil.anker@ermco-eci.com"
"309","","106","106","","MR-HYQU-0002-V1","115","","G21523","","HYQU","24.94","ZIG-ZAG + SA","A2","Annexe","3","5160","","ronde","9x 64*207","9x 64*207","33.625","[""MALT + SA""]","40","","","M-HYQU-0002","","","468","","","","2026-09-11T04:56:38Z","2026-08-05T19:04:47Z","False","cbed3601-227f-481b-88e3-9af51646328f","HYDRO QUEBEC","M-HYQU-0002","","soleil.anker@ermco-eci.com","soleil.anker@ermco-eci.com"
"310","","106","106","","MR-TECO-0002-V1","67","","G21730","","TECO","500","PADMOUNT","B2","","3","1108","","6x10.25","45x12","81*162","13","[""PADMOUNT""]","4","","","M-TECO-0002","","","422","","","","2026-08-05T20:00:33Z","2026-08-05T19:04:51Z","False","7b7572dd-8b83-4d7f-95da-766f72ceaf54","TECHNO CONTACT","M-TECO-0002","","soleil.anker@ermco-eci.com","soleil.anker@ermco-eci.com"
"311","","106","106","","MR-TECO-0003-V1","67","","G21731","","TECO","2500","POWER-W","","","3","0","","","","","","[""SUBSTATION""]","","","","M-TECO-0003","","","423","","","","2026-08-05T20:00:33Z","2026-08-05T19:04:54Z","False","5063aec8-598c-4312-9aff-f33ce92535a9","TECHNO CONTACT","M-TECO-0003","","soleil.anker@ermco-eci.com","soleil.anker@ermco-eci.com"
"312","","106","106","","MR-POWE-0001-V1","57","","G21778","","POWE","1500","POWER-W","B2","","3","2610","","9.875x12.5","45*16","11.5RD","16.75","[""SUBSTATION""]","19","","","M-POWE-0001","","","467","","","","2026-08-05T20:00:29Z","2026-08-05T19:04:56Z","False","37613330-b13a-4020-a4c8-9d98c615907f","POWERTECK","M-POWE-0001","","soleil.anker@ermco-eci.com","soleil.anker@ermco-eci.com"
"313","","106","106","","MR-LGEN-0008-V1","35","","G21931","","LGEN","13.8","MALT","B2","Annexe","3","890","","ronde","81*162","81*162","19.125","[""MALT""]","22","","","M-LGEN-0008","","","424","","","","2026-08-05T20:00:23Z","2026-08-05T19:04:59Z","False","ede692aa-7c4a-49eb-9b88-d0c875e670f3","LG§E","M-LGEN-0008","","soleil.anker@ermco-eci.com","soleil.anker@ermco-eci.com"
"314","","106","106","","MR-ELPA-0001-V1","110","","G22063","","ELPA","500","NETWORK","","","3","","","5.75x10.25","2x 45*16","81*162","16.75","[""NETWORK""]","","","","M-ELPA-0001","","","479","","","B1","2026-09-11T04:20:28Z","2026-08-05T19:05:02Z","False","14fc4af4-67bd-410e-963f-732c4ac28a3e","EL PASO ELECTRIC","M-ELPA-0001","","soleil.anker@ermco-eci.com","soleil.anker@ermco-eci.com"
"315","","106","105","","MR-ELPA-0002-V1","110","","G22064","","ELPA","1000","NETWORK","FR3","","3","330","","6.5x12.25","2x 33*16","102*204","17","[""NETWORK""]","","","","M-ELPA-0002","","","480","","","","2026-09-22T16:44:46Z","2026-08-05T19:05:04Z","False","3a673703-a8e5-45ed-8201-840551801f9b","EL PASO ELECTRIC","M-ELPA-0002","","soleil.anker@ermco-eci.com","angelique.tiago@pioneertransformers.com"
"316","","106","106","","MR-KORT-0001-V1","33","DS1410","KSMUD10010961","","KORT","1000","NETWORK","FR3","Cogent","3","315","na","6.875x12.25","2x 33*16","114*228","17.25","[""NETWORK""]","16","","","M-KORT-0001","","","236","","","","2026-08-05T20:00:22Z","2026-08-05T19:05:05Z","False","67e6b68e-6182-4329-a8fe-1ddc0c55b0e9","KORTICK","M-KORT-0001","","soleil.anker@ermco-eci.com","soleil.anker@ermco-eci.com"
"317","","106","106","","MR-KORT-0002-V1","33","DS1410","KSMUD10011580","","KORT","750","NETWORK","FR3","Cogent","3","296","na","6.875x10.25","50*14","102*204","14.75","[""NETWORK""]","16","","","M-KORT-0002","","","237","","","","2026-08-05T20:00:22Z","2026-08-05T19:05:08Z","False","0039992c-dea7-4c25-acdd-69ff7e07946f","KORTICK","M-KORT-0002","","soleil.anker@ermco-eci.com","soleil.anker@ermco-eci.com"
"318","","106","106","","MR-KORT-0003-V1","33","DS1410","KSMUD10011581","","KORT","750","NETWORK","FR3","Cogent","3","296","na","7.25x10.25","2x 50*16","102*204","16.75","[""NETWORK""]","16","","","M-KORT-0003","","","238","","","","2026-08-05T20:00:22Z","2026-08-05T19:05:09Z","False","69c76318-05f9-4220-8823-d10d2ac3df62","KORTICK","M-KORT-0003","","soleil.anker@ermco-eci.com","soleil.anker@ermco-eci.com"
"319","","106","106","","MR-KORT-0004-V1","33","DS1410","KSMUD10011582","","KORT","500","NETWORK","FR3","Cogent","3","245","na","5.75x10.25","2x 45*14","91*182","14.75","[""NETWORK""]","15","","","M-KORT-0004","","","239","","","","2026-08-05T20:00:22Z","2026-08-05T19:05:13Z","False","b273acd4-404e-4dbb-b84c-4d94a882f4bc","KORTICK","M-KORT-0004","","soleil.anker@ermco-eci.com","soleil.anker@ermco-eci.com"
"320","","106","106","","MR-KORT-0005-V1","33","DS1410","KSMUD10028678","","KORT","1500","NETWORK","FR3","","3","558","na","8.125x10.5","2x 50*16","2x 102*204","17","[""NETWORK""]","16","","","M-KORT-0005","","","240","","","","2026-09-15T03:37:50Z","2026-08-05T19:05:15Z","False","3a61061e-ee91-45ac-840d-97715acd921a","KORTICK","M-KORT-0005","","soleil.anker@ermco-eci.com","soleil.anker@ermco-eci.com"
"321","","106","106","","MR-ATCO-0001-V1","108","","M-ATCO-0001","","ATCO","15000","SUBSTATION","","","3","","","","","","","[""SUBSTATION""]","","","","M-ATCO-0001","","","474","","","","2026-08-05T19:59:58Z","2026-08-05T19:05:19Z","False","c7849713-81e2-4fb4-8cb7-237220730686","ATCO","M-ATCO-0001","","soleil.anker@ermco-eci.com","soleil.anker@ermco-eci.com"
"322","","106","106","","MR-MULT-0001-V1","41","","M-MULT-0001","","MULT","","SUBSTATION","","","3","","","","","","","[""SUBSTATION""]","","","","M-MULT-0001","","","476","","","","2026-09-11T05:04:36Z","2026-08-05T19:05:21Z","False","5d09a995-5eaa-4d4d-912b-31e5f33258bf","MULTITECH","M-MULT-0001","","soleil.anker@ermco-eci.com","soleil.anker@ermco-eci.com"
"323","","106","106","","MR-RIED-0001-V1","109","","M-RIED-0001","","RIED","2500","PADMOUNT","","","3","","","","","","","[""PADMOUNT""]","","","","M-RIED-0001","","","475","","","","2026-09-08T08:10:25Z","2026-08-05T19:05:24Z","False","cd8f2301-02c7-4c06-bdfb-e56d13dea3f6","Rising Edge Group","M-RIED-0001","","soleil.anker@ermco-eci.com","soleil.anker@ermco-eci.com"
"324","","106","106","","MR-WESC-0001-V1","69","","M-WESC-0001","","WESC","1500","SUBSTATION","","","3","","","","","","","[""SUBSTATION""]","","","","M-WESC-0001","","","477","","","","2026-09-01T10:44:35Z","2026-08-05T19:05:27Z","False","ceb778c9-e0eb-4532-84bc-fcd81da78ace","WESCO","M-WESC-0001","","soleil.anker@ermco-eci.com","soleil.anker@ermco-eci.com"
"325","","106","106","","MR-HYQU-0004-V1","115","","N/A","","HYQU","","","","","","","","","","","","[]","","","","M-HYQU-0004","","","470","","","","2026-09-11T04:37:33Z","2026-08-05T19:08:01Z","False","5551de15-f16a-4d16-83d3-db016788dfbd","HYDRO QUEBEC","M-HYQU-0004","","soleil.anker@ermco-eci.com","soleil.anker@ermco-eci.com"
"326","","106","106","","MR-MULT-0002-V1","41","","NY250137-40380-M","","MULT","1000","PADMOUNT","B2","","3","2640","","9.375x10.25","45*16","13RD","17","[""PADMOUNT""]","5","","","M-MULT-0002","","","425","","","C","2026-09-11T04:18:21Z","2026-08-05T19:08:02Z","False","0c8f9e8f-c36e-421e-9610-3732b95566cc","MULTITECH","M-MULT-0002","","soleil.anker@ermco-eci.com","soleil.anker@ermco-eci.com"
"327","","106","106","","MR-UNUT-0001-V1","105","","P170C7B7ABI","","UNUT","5000","PADMOUNT","","","3","0","","","","","","[""PADMOUNT""]","6","","","M-UNUT-0001","","","426","","","","2026-08-05T20:00:37Z","2026-08-05T19:08:04Z","False","50de24be-73d1-4df2-8851-a146bcb17d8e","UNITED UTILITY SUPPLY","M-UNUT-0001","","soleil.anker@ermco-eci.com","soleil.anker@ermco-eci.com"
"330","","106","106","","MR-KEEL-0001-V1","106","","PI750NETCOH","","KEEL","750","NETWORK","B2","","3","1170","","6.75x10.25","2x 50*16","102*204","17","[""NETWORK""]","16","","","M-KEEL-0001","","","427","","","","2026-08-05T20:00:21Z","2026-08-05T19:08:12Z","False","c006d012-d46d-4863-94ed-3bdfa42eccca","KENTUCKY ELECTRIC","M-KEEL-0001","","soleil.anker@ermco-eci.com","soleil.anker@ermco-eci.com"
"331","","106","106","","MR-HYQU-0003-V1","115","","REPARATION","","HYQU","","PADMOUNT","","","3","","0","","","","","[""PADMOUNT""]","5","","","M-HYQU-0003","","","469","","","","2026-08-05T20:00:11Z","2026-08-05T19:08:14Z","False","7b918a93-174c-4c0b-9c81-6d7cbe27a04f","HYDRO QUEBEC","M-HYQU-0003","","soleil.anker@ermco-eci.com","soleil.anker@ermco-eci.com"
"332","","106","106","","MR-HITA-0001-V1","26","","T1.AL.TA1","","HITA","3000","POWER-LTC","A2","Annexe","3","6310","na","ronde","2x 32*34.5","2x 126*256","36.75","[""SUBSTATION LTC""]","21","","","M-HITA-0001","","","428","","","","2026-08-05T20:00:11Z","2026-08-05T19:08:15Z","False","2de516ed-dc49-48d8-a71e-1de0919b2a5e","HITACHI","M-HITA-0001","","soleil.anker@ermco-eci.com","soleil.anker@ermco-eci.com"
"333","","106","106","","MR-HITA-0002-V1","26","","T1.AL.TA2","","HITA","3000","POWER-LTC","A2","Annexe","3","0","na","ronde","2x 32*34.5","2x 126*256","36.75","[""SUBSTATION LTC""]","21","","","M-HITA-0002","","","429","","","","2026-08-05T20:00:11Z","2026-08-05T19:08:20Z","False","f7c12b49-62b8-4dae-8905-801f4f397283","HITACHI","M-HITA-0002","","soleil.anker@ermco-eci.com","soleil.anker@ermco-eci.com"
"334","","106","106","","MR-HITA-0003-V1","26","","TMP1","","HITA","0","POWER-LTC","A2","Annexe","3","6310","na","ronde","2x 32*34.5","2x 126*256","36.75","[""SUBSTATION LTC""]","21","","","M-HITA-0003","","","430","","","","2026-08-05T20:00:11Z","2026-08-05T19:08:23Z","False","cfee2ea3-8e35-45a8-9cd6-b7059549f8ef","HITACHI","M-HITA-0003","","soleil.anker@ermco-eci.com","soleil.anker@ermco-eci.com"
"335","","106","105","","MR-HYQU-0084-V1","115","","TMP10","","HYQU","3000","POWER-LTC","A2","Annexe","3","6900","","ronde","2x 35*34","2x 112*270 130*288","37.25","[""SUBSTATION LTC""]","21","","","M-HYQU-0084","","","431","","","","2026-09-21T12:25:48Z","2026-08-05T19:08:25Z","False","c542ae71-2c0f-422f-8338-e11d7fe24b98","HYDRO QUEBEC","M-HYQU-0084","","soleil.anker@ermco-eci.com","angelique.tiago@pioneertransformers.com"
"336","","106","106","","MR-HYQU-0085-V1","115","","TMP11","","HYQU","3000","POWER-LTC","A2","Annexe","3","8160","","ronde","","","","[""SUBSTATION LTC""]","21","","","M-HYQU-0085","","","432","","","","2026-09-11T05:06:50Z","2026-08-05T19:08:28Z","False","1b63c9ef-8e9f-4f67-9d68-1d926d8e89b2","HYDRO QUEBEC","M-HYQU-0085","","soleil.anker@ermco-eci.com","soleil.anker@ermco-eci.com"
"337","","106","106","","MR-ENBR-0001-V1","17","","TMP2","","ENBR","10000","POWER-S","LUMINOL","","3","6200","na","ronde","35*24.88","2x 110*364","56","[""SUBST-STACK""]","23","","","M-ENBR-0001","","","433","","","","2026-08-05T20:00:01Z","2026-08-05T19:08:31Z","False","133ecd65-2c33-47d6-95e1-737f5b052fc4","ENBRIDGE","M-ENBR-0001","","soleil.anker@ermco-eci.com","soleil.anker@ermco-eci.com"
"338","","106","106","","MR-HYQU-0086-V1","115","","TMP3","","HYQU","24.94","ZIG-ZAG + SA","A2","Annexe","3","5980","na","ronde","9x 70*244","9x 70*244","28.125","[""MALT + SA""]","40","","","M-HYQU-0086","","","434","","","","2026-08-05T20:00:20Z","2026-08-05T19:08:33Z","False","84fc26ac-0329-4923-9aac-0071535a49ed","HYDRO QUEBEC","M-HYQU-0086","","soleil.anker@ermco-eci.com","soleil.anker@ermco-eci.com"
"339","","106","106","","MR-HYQU-0087-V1","115","","TMP4","","HYQU","24.94","ZIG-ZAG + SA","A2","Annexe","3","5980","na","9.375x10.25","50*14","81*162","15","[""MALT + SA""]","40","","","M-HYQU-0087","","","435","","","","2026-08-05T20:00:20Z","2026-08-05T19:08:34Z","False","9e2b5f05-8263-49cd-97a2-d97890e75ce9","HYDRO QUEBEC","M-HYQU-0087","","soleil.anker@ermco-eci.com","soleil.anker@ermco-eci.com"
"340","","106","106","","MR-HYQU-0088-V1","115","","TMP5","","HYQU","24.94","ZIG-ZAG","A2","Annexe","3","3830","na","ronde","9x 64*207","9x 64*207","33.625","[""MALT""]","22","","","M-HYQU-0088","","","436","","","","2026-08-05T20:00:21Z","2026-08-05T19:08:39Z","False","fc120dbe-6c40-423b-8251-a1d38d77294d","HYDRO QUEBEC","M-HYQU-0088","","soleil.anker@ermco-eci.com","soleil.anker@ermco-eci.com"
"341","","106","106","","MR-HYQU-0089-V1","115","","TMP6","","HYQU","24.94","ZIG-ZAG + SA","A2","Annexe","3","5250","na","8.375x9.25","45*10","11.5RD","11.25","[""MALT + SA""]","40","","","M-HYQU-0089","","","437","","","","2026-08-05T20:00:21Z","2026-08-05T19:08:40Z","False","e52a2596-bfec-46e6-a5bc-45834dba76b5","HYDRO QUEBEC","M-HYQU-0089","","soleil.anker@ermco-eci.com","soleil.anker@ermco-eci.com"
"342","","106","106","","MR-HYQU-0090-V1","115","","TMP7","","HYQU","3000","POWER-LTC","A2","Annexe","3","8080","","ronde","2x 44*29","9x 70*252","31","[""SUBSTATION LTC""]","21","","","M-HYQU-0090","","","438","","","","2026-08-05T20:00:21Z","2026-08-05T19:08:44Z","False","fcf2b996-402b-45fe-8431-d63fb4886d6d","HYDRO QUEBEC","M-HYQU-0090","","soleil.anker@ermco-eci.com","soleil.anker@ermco-eci.com"
"343","","106","106","","MR-HYQU-0091-V1","115","","TMP8","","HYQU","24.94","POWER-LTC","B2","Annexe","3","6280","na","ronde","2x 35*30.250","2x 113*266","32.5","[""SUBSTATION LTC""]","21","","","M-HYQU-0091","","","439","","","","2026-08-05T20:00:21Z","2026-08-05T19:08:48Z","False","4245adcb-a0e6-4dbf-8db8-2271394405ca","HYDRO QUEBEC","M-HYQU-0091","","soleil.anker@ermco-eci.com","soleil.anker@ermco-eci.com"
"344","","106","106","","MR-HYQU-0092-V1","115","","TMP9","","HYQU","4.16","ZIG-ZAG + SA","A2","Annexe","3","2970","","ronde","152*430","152*430","25.375","[""MALT + SA""]","40","","","M-HYQU-0092","","","440","","","C","2026-09-15T03:37:51Z","2026-08-05T19:08:51Z","False","44d46c7e-07d6-44c2-86de-a13dc6418f50","HYDRO QUEBEC","M-HYQU-0092","","soleil.anker@ermco-eci.com","soleil.anker@ermco-eci.com"
"345","","106","106","","MR-PSEG-0001-V1","59","1-F-4","W007136","","PSEG","0","","","","","","","","","","","[]","","","","M-PSEG-0001","","","211","","","","2026-08-05T20:00:29Z","2026-08-05T19:11:53Z","False","2f56252d-34fb-4c95-b379-e6e948280fa7","PSE§G ","M-PSEG-0001","","soleil.anker@ermco-eci.com","soleil.anker@ermco-eci.com"
"346","","106","106","","MR-PSEG-0002-V1","59","1-F-4","W007156","","PSEG","0","","","","","","","","","","","[]","","","","M-PSEG-0002","","","212","","","","2026-08-05T20:00:29Z","2026-08-05T19:15:27Z","False","07fc25bf-c9e4-4fd5-9b63-a8c22445a648","PSE§G ","M-PSEG-0002","","soleil.anker@ermco-eci.com","soleil.anker@ermco-eci.com"
"347","","106","106","","MR-PSEG-0003-V1","59","ED-OP-SP-7107 (1-N-7)","W007800","","PSEG","2000","NETWORK","FR3","Cogent","","620","na","8.5x12.375","33*10","102*204","23","[""NETWORK""]","16","","","M-PSEG-0003","","","213","","","","2026-08-05T20:00:29Z","2026-08-05T19:15:41Z","False","6f57b567-600f-4c06-9986-53f31eb1a871","PSE§G ","M-PSEG-0003","","soleil.anker@ermco-eci.com","soleil.anker@ermco-eci.com"
"348","","106","106","","MR-PSEG-0004-V1","59","ED-OP-SP-7107 (1-N-7)","W007802","","PSEG","1500","NETWORK","FR3","","3","325","","7.25x13.5","2x 50*16","2x 102*204","17","[""NETWORK""]","16","","","M-PSEG-0004","","","214","","","","2026-08-05T20:00:29Z","2026-08-05T19:15:54Z","False","5cce8872-3686-49cb-8d40-2b079de17b3f","PSE§G ","M-PSEG-0004","","soleil.anker@ermco-eci.com","soleil.anker@ermco-eci.com"
"349","","106","106","","MR-PSEG-0005-V1","59","","W007804","","PSEG","0","","","","","","","","","","","[]","","","","M-PSEG-0005","","","215","","","","2026-08-05T20:00:29Z","2026-08-05T19:16:30Z","False","8a95a49f-eb22-4f06-afc2-f917e1099892","PSE§G ","M-PSEG-0005","","soleil.anker@ermco-eci.com","soleil.anker@ermco-eci.com"
"350","","106","106","","MR-PSEG-0006-V1","59","ED-OP-SP-7107 (1-N-7)","W007808","","PSEG","0","","","","","","","","","","","[]","","","","M-PSEG-0006","","","216","","","","2026-08-05T20:00:30Z","2026-08-05T19:19:09Z","False","016ef33a-e73f-42c5-88c6-18e7514903d5","PSE§G ","M-PSEG-0006","","soleil.anker@ermco-eci.com","soleil.anker@ermco-eci.com"
"351","","106","106","","MR-PSEG-0007-V1","59","ED-OP-SP-7107 (1-N-7)","W007812","","PSEG","750","NETWORK","FR3","","3","325","0","6.375x10.25","2x 50*16","102*204","16.75","[""NETWORK""]","16","","","M-PSEG-0007","","","217","","","","2026-08-05T20:00:30Z","2026-08-05T19:19:19Z","False","d4f62f91-077e-4928-8374-15c2ae6cf68d","PSE§G ","M-PSEG-0007","","soleil.anker@ermco-eci.com","soleil.anker@ermco-eci.com"
"352","","106","106","","MR-PSEG-0008-V1","59","ED-OP-SP-7107 (1-N-7)","W007814","","PSEG","0","","","","","","","","","","","[]","","","","M-PSEG-0008","","","218","","","","2026-08-05T20:00:30Z","2026-08-05T19:19:26Z","False","d14ef9ca-59df-4a0a-8eed-29b576ac4f87","PSE§G ","M-PSEG-0008","","soleil.anker@ermco-eci.com","soleil.anker@ermco-eci.com"
"353","","106","106","","MR-PSEG-0009-V1","59","ED-OP-SP-7107 (1-N-7)","W007816","","PSEG","0","","","","","","","","","","","[]","","","","M-PSEG-0009","","","219","","","","2026-08-05T20:00:30Z","2026-08-05T19:19:33Z","False","2b479f3e-b3b4-4e9a-a5fa-caf994e2f506","PSE§G ","M-PSEG-0009","","soleil.anker@ermco-eci.com","soleil.anker@ermco-eci.com"
"354","","106","106","","MR-PSEG-0010-V1","59","ED-OP-SP-7107 (1-N-7)","W007818","","PSEG","0","","","","","","","","","","","[]","","","","M-PSEG-0010","","","220","","","","2026-08-05T20:00:30Z","2026-08-05T19:19:38Z","False","995c61bf-a89c-43cd-929d-b6047a2a30e1","PSE§G ","M-PSEG-0010","","soleil.anker@ermco-eci.com","soleil.anker@ermco-eci.com"
"355","","106","106","","MR-PSEG-0011-V1","59","1-J-8","W007820","","PSEG","750","NETWORK","FR3","","3","390","0","7.375x12.25","33*10  50*10","2x 128*256","11","[""NETWORK""]","16","","","M-PSEG-0011","","","221","","","","2026-08-05T20:00:30Z","2026-08-05T19:19:44Z","False","351af519-84d9-4fe4-b964-9cd0f7d96c72","PSE§G ","M-PSEG-0011","","soleil.anker@ermco-eci.com","soleil.anker@ermco-eci.com"
"356","","106","106","","MR-PSEG-0012-V1","59","1-J-8","W007822","","PSEG","1000","NETWORK","FR3","","3","455","na","7.375x13.25","33*12 45*12","3x 128*256","13","[""NETWORK""]","16","","","M-PSEG-0012","","","222","","","","2026-08-05T20:00:30Z","2026-08-05T19:19:50Z","False","780a37b9-cc45-4d0f-b3c5-f67e4121bfc8","PSE§G ","M-PSEG-0012","","soleil.anker@ermco-eci.com","soleil.anker@ermco-eci.com"
"357","","106","106","","MR-PSEG-0013-V1","59","1-J-8","W007826","","PSEG","300","NETWORK","FR3","","3","214","na","4.5x10.25","2x 33*10","2x 102*204","10.75","[""NETWORK""]","15","","","M-PSEG-0013","","","223","","","","2026-08-05T20:00:30Z","2026-08-05T19:19:55Z","False","729b4436-93d0-4fd6-a19f-f25d21866a7f","PSE§G ","M-PSEG-0013","","soleil.anker@ermco-eci.com","soleil.anker@ermco-eci.com"
"358","","106","106","","MR-PSEG-0014-V1","59","1-J-8","W007828","","PSEG","0","","","","","","","","","","","[]","","","","M-PSEG-0014","","","224","","","","2026-08-05T20:00:30Z","2026-08-05T19:20:00Z","False","7d8c8a9b-6b6b-4bbc-810e-6a6819af3cf7","PSE§G ","M-PSEG-0014","","soleil.anker@ermco-eci.com","soleil.anker@ermco-eci.com"
"359","","106","106","","MR-PSEG-0015-V1","59","1-J-8","W007830","","PSEG","750","NETWORK","FR3","","3","312","","6.875x10.25","2x 45*18","4x 114*228","19.25","[""NETWORK""]","16","","","M-PSEG-0015","","","225","","","","2026-08-05T20:00:31Z","2026-08-05T19:20:04Z","False","bece669a-7f64-4bb8-8f60-3c44225ab0e1","PSE§G ","M-PSEG-0015","","soleil.anker@ermco-eci.com","soleil.anker@ermco-eci.com"
"360","","106","106","","MR-PSEG-0016-V1","59","1-J-8","W007832","","PSEG","1000","NETWORK","FR3","","3","420","","6.875x13.25","3x 45*18","4x 128*256","19","[""NETWORK""]","16","","","M-PSEG-0016","","","226","","","","2026-08-05T20:00:31Z","2026-08-05T19:20:10Z","False","8e239047-8c44-4d6e-9c8d-b960c50b082c","PSE§G ","M-PSEG-0016","","soleil.anker@ermco-eci.com","soleil.anker@ermco-eci.com"
"361","","106","106","","MR-PSEG-0017-V1","59","ED-OP-SP-7107 (1-N-7)","W008600","","PSEG","0","","","","","","","","","","","[]","","","","M-PSEG-0017","","","227","","","","2026-08-05T20:00:31Z","2026-08-05T19:20:18Z","False","d59854f6-9ed1-4391-859d-cb0ba154140a","PSE§G ","M-PSEG-0017","","soleil.anker@ermco-eci.com","soleil.anker@ermco-eci.com"
"362","","106","106","","MR-PSEG-0018-V1","59","ED-OP-SP-7107 (1-N-7)","W008602","","PSEG","0","","","","","","","","","","","[]","","","","M-PSEG-0018","","","228","","","","2026-08-05T20:00:31Z","2026-08-05T19:20:56Z","False","76b1f16c-28eb-4ca2-8158-fef21f7b6c92","PSE§G ","M-PSEG-0018","","soleil.anker@ermco-eci.com","soleil.anker@ermco-eci.com"
"363","","106","106","","MR-PSEG-0019-V1","59","ED-OP-SP-7107 (1-N-7)","W008604","","PSEG","1000","NETWORK","FR3","","3","555","","7.5x13.25","33*24 2x 45*24","91*182","25","[""NETWORK""]","16","","","M-PSEG-0019","","","229","","","","2026-08-05T20:00:31Z","2026-08-05T19:20:56Z","False","1318828b-c197-4855-9221-2a2f6c13ff17","PSE§G ","M-PSEG-0019","","soleil.anker@ermco-eci.com","soleil.anker@ermco-eci.com"
"364","","106","106","","MR-PSEG-0020-V1","59","ED-OP-SP-7107 (1-N-7)","W008606","","PSEG","750","NETWORK","FR3","","","368","na","6.875x12.25","2x 33*14","10.5rd","15","[""NETWORK""]","16","","","M-PSEG-0020","","","230","","","","2026-08-05T20:00:31Z","2026-08-05T19:20:56Z","False","189a8877-541b-4309-9aa3-a1539217b244","PSE§G ","M-PSEG-0020","","soleil.anker@ermco-eci.com","soleil.anker@ermco-eci.com"
"365","","106","106","","MR-PSEG-0021-V1","59","ED-OP-SP-7107 (1-N-7)","W008608","","PSEG","1000","NETWORK","FR3","","3","368","","7.25x12.25","2x 33*16","9RD","17.5","[""NETWORK""]","16","","","M-PSEG-0021","","","231","","","","2026-08-05T20:00:31Z","2026-08-05T19:20:57Z","False","4fa0f4a0-f6a9-410c-ad27-b4c85f9a5040","PSE§G ","M-PSEG-0021","","soleil.anker@ermco-eci.com","soleil.anker@ermco-eci.com"
"366","","106","106","","MR-PSEG-0022-V1","59","ED-OP-SP-7107 (1-N-7)","W008610","","PSEG","1000","","","","","","","","","","","[]","","","","M-PSEG-0022","","","232","","","","2026-08-05T20:00:31Z","2026-08-05T19:20:57Z","False","dd468d8e-556b-4e18-8e33-7ab737c9ebfa","PSE§G ","M-PSEG-0022","","soleil.anker@ermco-eci.com","soleil.anker@ermco-eci.com"
"367","","106","106","","MR-PSEG-0023-V1","59","ED-OP-SP-7107 (1-N-7)","W008612","","PSEG","0","","","","","","","","","","","[]","","","","M-PSEG-0023","","","233","","","","2026-08-05T20:00:31Z","2026-08-05T19:20:58Z","False","2b552702-5860-40f5-8a5d-3959def6d6ea","PSE§G ","M-PSEG-0023","","soleil.anker@ermco-eci.com","soleil.anker@ermco-eci.com"
"368","","106","106","","MR-PSEG-0024-V1","59","ED-OP-SP-7107 (1-N-7)","W008614","","PSEG","0","","","","","","","","","","","[]","","","","M-PSEG-0024","","","234","","","","2026-08-05T20:00:32Z","2026-08-05T19:20:58Z","False","21e164e7-e161-405d-9a49-e52380f8e1cf","PSE§G ","M-PSEG-0024","","soleil.anker@ermco-eci.com","soleil.anker@ermco-eci.com"
"369","","106","106","","MR-PSEG-0025-V1","59","","W008616","","PSEG","0","","","","","","","","","","","[]","","","","M-PSEG-0025","","","235","","","","2026-08-05T20:00:32Z","2026-08-05T19:20:58Z","False","838e48aa-53e0-43ec-a9d5-964e828206f6","PSE§G ","M-PSEG-0025","","soleil.anker@ermco-eci.com","soleil.anker@ermco-eci.com"
"370","","106","106","","MR-GTWO-0001-V1","22","","WRG3015.FANKIT","","GTWO","0","SPARE PARTS","","","0","0","","","","","","[""SPARE PARTS""]","36","","","M-GTWO-0001","","","441","","","","2026-08-05T20:00:10Z","2026-08-05T19:20:59Z","False","0d8c4756-f6f2-4449-a40c-a1fc39d95dcc","G.T. WOOD","M-GTWO-0001","","soleil.anker@ermco-eci.com","soleil.anker@ermco-eci.com"
"371","","106","106","","MR-MAGA-0001-V1","37","2022-NTR-1","X104129","","MAGA","500","NETWORK","FR3","","","","","","","","","[]","","","","M-MAGA-0001","","","148","","","","2026-08-05T20:00:24Z","2026-08-05T19:20:59Z","False","b4536ab7-1c26-4fd3-95db-007c248da8ba","MADISON GAS § ELECTRIC","M-MAGA-0001","","soleil.anker@ermco-eci.com","soleil.anker@ermco-eci.com"
"372","","106","106","","MR-MAGA-0002-V1","37","2023-NTR-1","X104130","","MAGA","750","NETWORK","FR3","","","","","","","","","[]","","","","M-MAGA-0002","","","149","","","","2026-08-05T20:00:24Z","2026-08-05T19:21:00Z","False","7ebbf250-acd1-4074-be05-b0e4bbacc1b8","MADISON GAS § ELECTRIC","M-MAGA-0002","","soleil.anker@ermco-eci.com","soleil.anker@ermco-eci.com"
"373","","106","106","","MR-MAGA-0003-V1","37","2020-NTR1","X104131","","MAGA","750","NETWORK","FR3","","","","","","","","","[]","","","","M-MAGA-0003","","","150","","","","2026-08-05T20:00:24Z","2026-08-05T19:21:00Z","False","389bc2c5-addd-41b2-8639-99c57f23ad93","MADISON GAS § ELECTRIC","M-MAGA-0003","","soleil.anker@ermco-eci.com","soleil.anker@ermco-eci.com"
"374","","106","106","","MR-MAGA-0004-V1","37","2023-NTR-1","X104132","","MAGA","1500","NETWORK","FR3","","","","","","","","","[]","","","","M-MAGA-0004","","","151","","","","2026-08-05T20:00:24Z","2026-08-05T19:21:00Z","False","fb254a9d-0d52-4cd9-ba55-ee6f5800952f","MADISON GAS § ELECTRIC","M-MAGA-0004","","soleil.anker@ermco-eci.com","soleil.anker@ermco-eci.com"
"375","","106","106","","MR-MAGA-0005-V1","37","2023-NTR-2","X114282","","MAGA","750","NETWORK","FR3","","","","","","","","","[]","","","","M-MAGA-0005","","","152","","","","2026-08-05T20:00:24Z","2026-08-05T19:21:00Z","False","7ec721aa-f495-4abf-bb9b-4c9f8d975317","MADISON GAS § ELECTRIC","M-MAGA-0005","","soleil.anker@ermco-eci.com","soleil.anker@ermco-eci.com"
"376","","106","106","","MR-MAGA-0006-V1","37","2022-NTR-2","X116807","","MAGA","500","NETWORK","","","3","","","","","","","[""NETWORK""]","15","","","M-MAGA-0006","","","153","","","","2026-08-05T20:00:24Z","2026-08-05T19:21:01Z","False","f3f66430-d0de-4482-b3e2-2c48d152031f","MADISON GAS § ELECTRIC","M-MAGA-0006","","soleil.anker@ermco-eci.com","soleil.anker@ermco-eci.com"
"377","","106","106","","MR-FIEN-0004-V1","97","","100153683","","FIEN","5000","PADMOUNT","","","3","","","11.875x14.375","0.015*24","2x 91*182","26","[""PADMOUNT""]","6","","","M-FIEN-0004","","","503","","","","2026-09-11T04:56:50Z","2026-08-05T19:21:01Z","False","5506f10f-e7c8-4029-9af9-2960cf4a57e8","FIRST ENERGY","M-FIEN-0004
","","soleil.anker@ermco-eci.com","soleil.anker@ermco-eci.com"
"378","","106","106","","MR-REDE-0001-V1","61","","53188","","REDE","1000","SUBMERSIBLE","B2","","3","","","7.75x13.25","2x 45*10","102*204","11","[]","","","","M-REDE-0001","","","506","","","","2026-09-11T04:35:07Z","2026-08-05T19:21:02Z","False","c5307f0c-aa51-475d-af5c-69b3b7c7fd2c","RED DEER","M-REDE-0001","","soleil.anker@ermco-eci.com","soleil.anker@ermco-eci.com"
"379","","106","106","","MR-EXEL-0001-V1","121","","1394755","","EXEL","750","NETWORK","FR3","","3","","","6.375x10.25","2x 50*18","114*228","19","[""NETWORK""]","","","","M-EXEL-0001","","","500","","","","2026-09-11T04:56:56Z","2026-08-05T19:21:02Z","False","6ff4521e-1f77-4ce1-ba30-b4542f9c0248","EXELON","M-EXEL-0001","","soleil.anker@ermco-eci.com","soleil.anker@ermco-eci.com"
"380","","106","106","","MR-PITR-0004-V1","74","","P20004","","PITR","500","NETWORK","FR3","","3","396","","7.5x14.25","2x 50*14","10RD","15","[""NETWORK""]","32","","","M-PITR-0004","","","496","","","","2026-09-11T04:26:53Z","2026-08-05T19:21:02Z","False","1f5f05f6-c4ed-4c7d-b2e2-d06525983b46","PIONEER TRANSFORMERS","M-PITR-0004","","soleil.anker@ermco-eci.com","soleil.anker@ermco-eci.com"
"381","","106","106","","MR-EPBC-0002-V1","119","","G22084","","EPBC","750","NETWORK","FR3","","3","458","","6.75 x 12.25","2x 50*16","114*228","17","[""NETWORK""]","15","","","M-EPBC-0002","","","482","","","","2026-09-11T04:25:55Z","2026-08-05T19:21:03Z","False","3eaddc88-fbf5-4f33-b176-8cfc30ee7f7c","ELECTRIC POWER BOARD","M-EPBC-0002","","soleil.anker@ermco-eci.com","soleil.anker@ermco-eci.com"
"382","","106","106","","MR-EPBC-0001-V1","119","","G22083","","EPBC","500","NETWORK","FR3","","3","318","","6.125 x 10.25","2x 50*14","81*162","15","[""NETWORK""]","15","","","M-EPBC-0001","","","481","","","","2026-09-11T04:24:50Z","2026-08-05T19:21:04Z","False","92ebd530-f065-4740-b0da-6ace2e0b015b","ELECTRIC POWER BOARD","M-EPBC-0001","","soleil.anker@ermco-eci.com","soleil.anker@ermco-eci.com"
"383","","106","106","","MR-HYQU-0079-V1","115","","4276086/1189360","","HYQU","3000","LTC","","","3","0","","","","","","[""LTC""]","22","","","M-HYQU-0079","","","401","","","","2026-09-11T05:11:53Z","2026-08-05T19:21:04Z","False","3d199bc9-0900-4cde-b6f0-f5d1601eb85a","HYDRO QUEBEC","M-HYQU-0079","","soleil.anker@ermco-eci.com","soleil.anker@ermco-eci.com"
"384","","106","106","","MR-HYQU-0094-V1","115","","G22110","","HYQU","500","MALT + SA","","","3","","","","","","","[""MALT + SA""]","22","","","M-HYQU-0094","","","502","","","","2026-09-11T05:03:43Z","2026-08-05T19:21:04Z","False","998d5cf0-16cf-4bf3-a4d2-94d34c7146a6","HYDRO QUEBEC","M-HYQU-0094","","soleil.anker@ermco-eci.com","soleil.anker@ermco-eci.com"
"385","","106","106","","MR-LISA-0005-V1","36","","132123LIZ","","LISA","4000","PADMOUNT","","","3","","","","","","","[""PADMOUNT""]","6","","","M-LISA-0005","","","495","","","","2026-09-11T04:51:16Z","2026-08-05T19:21:05Z","False","a6ccba97-068e-40bb-b00d-1a93feb6217b","LIZCO SALES","M-LISA-0005","","soleil.anker@ermco-eci.com","soleil.anker@ermco-eci.com"
"386","","106","106","","MR-WIHI-0001-V1","71","","167-278-01 / 25Z0110","","WIHI","0","PARTS","","","","","","","","","","[""PARTS""]","0","","","M-WIHI-0001","","","499","","","","2026-09-11T05:05:02Z","2026-08-05T19:21:05Z","False","39fefd17-8309-4b5b-920a-e80810ff439e","WILSON HIGH VOLTAGE","M-WIHI-0001","","soleil.anker@ermco-eci.com","soleil.anker@ermco-eci.com"
"387","","106","106","","MR-HYQU-0093-V1","115","","1002560","","HYQU","167","MINPAD","A2","","1","335","","7.25x8.875","45*16","9RD","17.25","[""MINPAD-1HP""]","1","","","M-HYQU-0093","","","498","","","A","2026-09-21T06:09:51Z","2026-08-05T19:21:05Z","False","6b6e8c1c-2add-48c1-b1fa-e541fee4d996","HYDRO QUEBEC","M-HYQU-0093","","soleil.anker@ermco-eci.com","soleil.anker@ermco-eci.com"
"388","","106","106","","MR-HYQU-0095-V1","115","","4301872/1204685","","HYQU","6000","MALT + SA","","","3","","","","","","","[""MALT + SA""]","22","","","M-HYQU-0095","","","493","","","","2026-09-11T05:10:08Z","2026-08-05T19:21:06Z","False","469feed6-d855-4050-bb89-e4bf89d75413","HYDRO QUEBEC","M-HYQU-0095","","soleil.anker@ermco-eci.com","soleil.anker@ermco-eci.com"
"389","","106","106","","MR-TRIV-0001-V1","122","","WRG3027.FANKIT","","TRIV","0","","","","3","","","","","","","[]","0","","","M-TRIV-0001","","","508","","","","2026-09-11T05:05:07Z","2026-08-05T19:21:06Z","False","4bc66a98-2310-4957-a83a-b281fd28fb82","TRIVOLT","M-TRIV-0001","","soleil.anker@ermco-eci.com","soleil.anker@ermco-eci.com"
"390","","106","106","","MR-ATCO-0002-V1","108","","1147003","","ATCO","1500","","","","3","","","","","","","[]","0","","","M-ATCO-0002","","","507","","","","2026-09-11T05:04:24Z","2026-08-05T19:21:07Z","False","72c83bbf-61c2-4e5d-9e21-3f2fc15f2587","ATCO","M-ATCO-0002","","soleil.anker@ermco-eci.com","soleil.anker@ermco-eci.com"
"395","","106","106","","MR-ENMA-0054-V1","18","","61200220024-316L","","ENMA","0","None","None","None","","","","","","","","[]","","","","M-ENMA-0054","","","511","","","","2026-08-17T19:07:03Z","2026-08-10T19:55:17Z","False","5036241f-b338-48e2-a527-4290d6941b52","ENMAX","M-ENMA-0054","","soleil.anker@ermco-eci.com","soleil.anker@ermco-eci.com"
"396","","106","106","","MR-ENMA-0055-V1","18","","±61200220112","","ENMA","0","None","None","None","","","","","","","","[]","","","","M-ENMA-0055","","","512","","","","2026-08-17T19:06:30Z","2026-08-10T20:15:30Z","False","4367e457-45bb-4eb5-ad71-a336faebad49","ENMAX","M-ENMA-0055","","soleil.anker@ermco-eci.com","soleil.anker@ermco-eci.com"
"397","","106","106","","MRSA-HYQU-0064-V1","115","","4251081 SA","","HYQU","24.9","ZIG-ZAG + SA","","Annexe","3","","","5,625x9,25","2x 45*10","12RD","11","[""MALT + SA""]","","","","MSA-HYQU-0064","","","515","","","","2026-08-13T23:29:23Z","2026-08-13T23:28:46Z","False","25d85b8d-a990-439a-9067-76068477fc4e","HYDRO QUEBEC","MSA-HYQU-0064","","soleil.anker@ermco-eci.com","soleil.anker@ermco-eci.com"
"398","","106","106","","MRSA-HYQU-0066-V1","115","","4261859 SA","","HYQU","24.94","ZIG-ZAG + SA","","Annexe","3","","0","8,375x9,25","45*10","11,5RD","1125","[""MALT + SA""]","","","","MSA-HYQU-0066","","","516","","","","2026-08-13T23:29:23Z","2026-08-13T23:28:47Z","False","f1a8723a-64e3-4bfb-8df2-a5969ecdc6e7","HYDRO QUEBEC","MSA-HYQU-0066","","soleil.anker@ermco-eci.com","soleil.anker@ermco-eci.com"
"399","","106","106","","MRSA-HYQU-0069-V1","115","","4261871 SA","","HYQU","264","ZIG-ZAG + SA","","Annexe","3","","","5,625x9,25","2x 45*10","12RD","11","[""MALT + SA""]","","","","MSA-HYQU-0069","","","517","","","","2026-09-11T05:12:26Z","2026-08-13T23:28:47Z","False","63b557b3-ffca-4ffc-96d7-24a31a351429","HYDRO QUEBEC","MSA-HYQU-0069","","soleil.anker@ermco-eci.com","soleil.anker@ermco-eci.com"
"400","","106","106","","MRSA-HYQU-0096-V1","115","","426870 SA","","HYQU","24.94","ZIG-ZAG + SA","","Annexe","3","","","9,375x10,25","50*14","9RD","15","[""MALT + SA""]","","","","MSA-HYQU-0096","","","518","","","","2026-08-13T23:29:23Z","2026-08-13T23:28:47Z","False","7ab1cb7b-8f27-41a7-b49d-aa51e5be6983","HYDRO QUEBEC","MSA-HYQU-0096","","soleil.anker@ermco-eci.com","soleil.anker@ermco-eci.com"
"401","","106","106","","MRSA-HYQU-0065-V1","115","","4251082 SA","","HYQU","24.94","ZIG-ZAG + SA","","Annexe","3","","","9,375x10,25","50*14","81*162","15","[""MALT + SA""]","","","","MSA-HYQU-0065","","","519","","","C","2026-09-11T05:08:01Z","2026-08-13T23:28:48Z","False","3d6b7ea0-f275-4930-8489-d67427e8c1ed","HYDRO QUEBEC","MSA-HYQU-0065","","soleil.anker@ermco-eci.com","soleil.anker@ermco-eci.com"
"402","","106","106","","MRSA-HYQU-0067-V1","115","","4261865 SA","","HYQU","13.8","ZIG-ZAG + SA","","Annexe","3","","","","","","","[""MALT + SA""]","","","","MSA-HYQU-0067","","","520","","","","2026-09-11T05:11:51Z","2026-08-13T23:28:48Z","False","619dfc6b-c89c-4a7f-9302-5b17e73c4214","HYDRO QUEBEC","MSA-HYQU-0067","","soleil.anker@ermco-eci.com","soleil.anker@ermco-eci.com"
"403","","106","106","","MRSA-HYQU-0070-V1","115","","4276087 SA","","HYQU","12.5","ZIG-ZAG + SA","","Annexe","3","","","","","","","[""MALT + SA""]","","","","MSA-HYQU-0070","","","521","","","","2026-09-11T05:08:39Z","2026-08-13T23:28:48Z","False","520b3b44-7135-4f0d-9401-2cd4398aeda9","HYDRO QUEBEC","MSA-HYQU-0070","","soleil.anker@ermco-eci.com","soleil.anker@ermco-eci.com"
"404","","106","106","","MRSA-HYQU-0097-V1","115","","4276699 SA","","HYQU","12.5","ZIG-ZAG + SA","","Annexe","3","","","","","","","[""MALT + SA""]","","","","MSA-HYQU-0097","","","522","","","","2026-08-13T23:29:24Z","2026-08-13T23:28:49Z","False","c89afbc9-bca7-4e3c-a7eb-18fa03ee89d3","HYDRO QUEBEC","MSA-HYQU-0097","","soleil.anker@ermco-eci.com","soleil.anker@ermco-eci.com"
"405","","106","106","","MRSA-HYQU-0082-V1","115","","4251001 SA","","HYQU","24.94","ZIG-ZAG + SA","","Annexe","3","","","","","","","[""MALT + SA""]","","","","MSA-HYQU-0082","","","523","","","","2026-08-13T23:29:23Z","2026-08-13T23:28:51Z","False","9c9549c4-41c4-4c84-a30a-82e9ca5d8f37","HYDRO QUEBEC","MSA-HYQU-0082","","soleil.anker@ermco-eci.com","soleil.anker@ermco-eci.com"
"406","","106","106","","MRSA-HYQU-0071-V1","115","","4276269","","HYQU","12.5","POWER-LTC","","Annexe","3","","","","","","","[""SUBSTATION + LTC""]","","","","MSA-HYQU-0071","","","524","","","","2026-08-13T23:29:23Z","2026-08-13T23:28:53Z","False","66e4a237-4f0f-4fcd-9b14-a9f7964ded36","HYDRO QUEBEC","MSA-HYQU-0071","","soleil.anker@ermco-eci.com","soleil.anker@ermco-eci.com"
"407","","106","106","","MRSA-HYQU-0068-V1","115","","4261870 SA","","HYQU","24.94","ZIG-ZAG + SA","","Annexe","3","","","9,375x10,25","0.05*14","81*162","15","[""MALT + SA""]","","","","MSA-HYQU-0068","","","525","","","","2026-09-11T05:10:37Z","2026-08-13T23:28:53Z","False","8a824fef-ed43-4244-b283-abf66d004be2","HYDRO QUEBEC","MSA-HYQU-0068","","soleil.anker@ermco-eci.com","soleil.anker@ermco-eci.com"
"408","","106","106","","MRSA-HYQU-0092-V1","115","","TMP9 SA","","HYQU","4.16","ZIG-ZAG + SA","","Annexe","3","","","5,75x9,25","33*60","102*204","6.75","[""MALT + SA""]","","","","MSA-HYQU-0092","","","526","","","C","2026-09-01T11:22:09Z","2026-08-13T23:28:55Z","False","20820400-9817-4940-8add-d92c43634472","HYDRO QUEBEC","MSA-HYQU-0092","","soleil.anker@ermco-eci.com","soleil.anker@ermco-eci.com"
"409","","106","106","","MRSA-HYQU-0002-V1","115","","G21523 SA","","HYQU","24.94","ZIG-ZAG + SA","","Annexe","3","","","8,25x10,25","45*14","9RD","15","[""MALT + SA""]","","","","MSA-HYQU-0002","","","527","","","","2026-09-11T04:56:45Z","2026-08-13T23:28:56Z","False","310b3cfa-0bfc-434e-b2d1-6a4797830a7f","HYDRO QUEBEC","MSA-HYQU-0002","","soleil.anker@ermco-eci.com","soleil.anker@ermco-eci.com"
"410","","106","106","","MRSA-HYQU-0076-V1","115","","4251081/1166353 SA","","HYQU","300","MALT + SA","","","3","","","","","","","[""MALT + SA""]","","","","MSA-HYQU-0076","","","528","","","","2026-09-11T05:10:42Z","2026-08-13T23:28:57Z","False","2a0e45a5-af61-4fe3-9405-d555e33e1fa3","HYDRO QUEBEC","MSA-HYQU-0076","","soleil.anker@ermco-eci.com","soleil.anker@ermco-eci.com"
"411","","106","106","","MRSA-HYQU-0077-V1","115","","4251082/1166354 SA","","HYQU","1000","MALT + SA","","","3","","","","","","","[""MALT + SA""]","","","","MSA-HYQU-0077","","","529","","","","2026-09-11T05:10:51Z","2026-08-13T23:28:58Z","False","ac563697-4776-459c-9ebf-f917d0a774ec","HYDRO QUEBEC","MSA-HYQU-0077","","soleil.anker@ermco-eci.com","soleil.anker@ermco-eci.com"
"412","","106","106","","MR-HYQU-0096-V1","115","","426870","","HYQU","0","None","None","None","","","","","","","","[]","","","","M-HYQU-0096","","","513","","","","2026-08-13T23:38:30Z","2026-08-13T23:37:58Z","False","38b50844-d851-4934-a937-1006b704ec3a","HYDRO QUEBEC","M-HYQU-0096","","soleil.anker@ermco-eci.com","soleil.anker@ermco-eci.com"
"413","","106","106","","MR-HYQU-0097-V1","115","","4276699","","HYQU","0","None","None","None","","","","","","","","[]","","","","M-HYQU-0097","","","514","","","","2026-08-13T23:38:30Z","2026-08-13T23:37:58Z","False","27f2ee6e-0f5b-4e9d-9224-a87a49b0f055","HYDRO QUEBEC","M-HYQU-0097","","soleil.anker@ermco-eci.com","soleil.anker@ermco-eci.com"
"414","","155","106","","MR-HYQU-0098-V1","115","","36","","HYQU","0","None","None","None","","","","","","","","[]","","","","","","","","","","","2026-09-11T05:06:15Z","2026-08-19T17:48:16Z","False","6598173d-9419-4ccc-a723-3b34ad4208ab","HYDRO QUEBEC","","","patrick.vaillancourt@pioneertransformers.com","soleil.anker@ermco-eci.com"
"415","","155","106","","MR-ENMA-0056-V1","18","","100311919","","","750","NETWORK","Midel","None","3","","","","","","","[""NETWORK""]","25","","","","","","","","","","2026-09-11T04:51:21Z","2026-08-25T14:05:14Z","False","be2902d6-05ae-4387-9b6f-aef868a036e3","ENMAX","","","patrick.vaillancourt@pioneertransformers.com","soleil.anker@ermco-eci.com"
"416","","155","106","","MR-ENMA-0057-V1","18","","100311920","","","750","NETWORK","Midel","None","3","","","","","","","[""NETWORK""]","25","","","","","","","","","","2026-09-11T04:51:27Z","2026-08-25T14:13:31Z","False","86227664-3b75-46ef-a04b-9cbb152a3064","ENMAX","","","patrick.vaillancourt@pioneertransformers.com","soleil.anker@ermco-eci.com"
"417","","31","31","","","18","506-3T85-003","100311916","","","0","NETWORK","None","None","3","","","","","","","[]","","","","","","","","","","","2026-08-27T14:50:13Z","2026-08-27T14:34:07Z","False","a90d48b0-822b-4204-b48f-7136c983a61a","ENMAX","","","nharsan@pioneertransformers.com","nharsan@pioneertransformers.com"
"419","","161","106","","MR-MADD-0001-V1","126","","XXXXX","","","0","None","None","None","","","","","","","","[]","","","","","","","","","","","2026-09-11T05:04:49Z","2026-09-03T17:21:11Z","False","50c4b9d1-18ad-4733-a6db-a308d491d482","MADDOX","","","dominic.lague@pioneertransformers.com","soleil.anker@ermco-eci.com"
"420","","155","106","","MR-PITR-0005-V1","74","","Proto","<div class=""ExternalClass40ABC902D4134801A7A2CB8AE47226B8"">2 x cuve de minipad 167kva de chez Cadorette</div>","","0","None","None","None","","","","","","","","[]","","","","","","","","","","","2026-09-11T04:18:42Z","2026-09-03T19:00:07Z","False","b89223b4-e507-4048-afab-aba7acead5eb","PIONEER TRANSFORMERS","","","patrick.vaillancourt@pioneertransformers.com","soleil.anker@ermco-eci.com"
"421","","161","105","","MR-ENMA-0058-V1","18","","100311860","","","2500","NETWORK","None","None","3","","","","","","","[]","","","","","","","","","","","2026-09-14T17:52:32Z","2026-09-11T15:58:23Z","False","cbd8a04c-9508-4551-a728-aaefb7aedfe7","ENMAX","","","dominic.lague@pioneertransformers.com","angelique.tiago@pioneertransformers.com"
"422","","161","105","","MR-ENMA-0059-V1","18","","100311933","","","2500","NETWORK","None","None","3","","","","","","","[]","","","","","","","","","","","2026-09-14T17:53:12Z","2026-09-11T16:00:07Z","False","619e13ab-604c-4fd6-8052-ffd8ca65c37d","ENMAX","","","dominic.lague@pioneertransformers.com","angelique.tiago@pioneertransformers.com"
"423","","155","106","","MR-HYQU-0099-V1","115","","G21922-5","","","0","None","None","None","","","","","","","","[]","31","","","","","","540","","","","2026-09-21T06:07:16Z","2026-09-15T12:59:56Z","False","0f857aac-52e8-4615-bbf4-4e66ab264ed8","HYDRO QUEBEC","M-HYQU-0099","","patrick.vaillancourt@pioneertransformers.com","soleil.anker@ermco-eci.com"
"424","","161","106","","MR-MADD-0002-V1","126","","GQ0223","","MADD","0","None","None","None","","","","","","","","[]","","","","","","","541","","","","2026-09-25T00:48:41Z","2026-09-23T14:31:45Z","False","8b842191-2f7a-4f03-8f52-fc22b4b40a69","MADDOX","M-MADD-0002","","dominic.lague@pioneertransformers.com","soleil.anker@ermco-eci.com"
