"Id","Title","OData__ColorTag","Order_x0020_Number1","ClientId","ModelId","Qty","Order_x0020_Type1","Order_x0020_Date","Initial_x0020_Promised_x0020_Dat","Lead_x0020_Time","Order_x0020_Folder","Ing_x002e__x0020_Due_x0020_Date","Order_x0020_Step","Receive_x0020_CRM_x0020_Sales_x0","Assigne_x0020_Sales_x0020_Order_","Create_x0020_and_x0020_Organize_","Complete_x0020_Job_x0020_Scope_x","Order_x0020_Entry_x0020_Status","TaskStatus","Note","Review_x0020_Project_x0020_Folde","Review_x0020_If_x0020_There_x002","Reference_x0020_Design_x0020_Ava","Send_x0020_approval_x0020_drawin","Define_x0020_feedback_x0020_dead","Follow_x002d_up_x0020_with_x0020","Send_x0020_Q_x0026_A_x0020_or_x0","Send_x0020_Engineering_x0020_Q_x","PO","Price","Province_x002F_State","WET_x002d_WETP","Indexing","New_x0020_model_x0020_to_x0020_b","SA","Review_x0020_or_x0020_create_x00","ModelRevisionId","EngineeringRequired","LDs","ClientDateStatus","SalesNotes","OrderStatus","Client_ID_TextField","Model_ID_TextField","Model_Revision_ID_TextField","Estimated_x0020_Delivery_x0020_D","FX_x0020_Rate","Price_x0020_CAD","Price_x0020_USD","Modified","Created","AuthorId","EditorId","Attachments","GUID","Client","Model","ModelRevision","Author_Email","Editor_Email"
"4","","","21865","115","466","5","Standard","2025-11-19T05:00:00Z","2026-05-28T04:00:00Z","28","","2025-10-16T04:00:00Z","","","","","","","","","","","","","","","","","","","","","","","","","22","","","","","","HYQU","M-HYQU-0001","MR-HYQU-0001-V1","2026-09-01T04:00:00Z","1.38000000000000","","","2026-09-10T22:15:33Z","2026-04-24T15:30:58Z","106","106","False","ac20fb88-440d-4000-8b27-fc26eb65d377","HYDRO QUEBEC","1001912-22A","MR-HYQU-0001-V1","soleil.anker@ermco-eci.com","soleil.anker@ermco-eci.com"
"5","","","21589","68","162","1","Standard","2024-11-19T05:00:00Z","2026-01-31T05:00:00Z","20","","2025-08-16T04:00:00Z","","","","","","","","","","","","","","","","","","","","","","","","","13","","","","","","TOHY","M-TOHY-0009","MR-TOHY-0009-V1","2025-07-07T04:00:00Z","1.44000000000000","","","2026-09-10T22:15:34Z","2026-04-24T15:30:58Z","106","106","False","e7ed9fee-edc5-4ed5-a447-601a90e66783","TORONTO HYDRO","100000875","MR-TOHY-0009-V1","soleil.anker@ermco-eci.com","soleil.anker@ermco-eci.com"
"6","","","WRG3025","115","417","1","Warranty","2026-03-15T04:00:00Z","2026-05-01T04:00:00Z","28","","2025-09-19T04:00:00Z","","","","","","","","","","","","","","","","","","6000","","","","","","","297","","","","","","HYQU","M-HYQU-0083","MR-HYQU-0083-V1","2026-12-26T05:00:00Z","1.38000000000000","8280.00000000000","6000.00000000000","2026-09-10T22:15:34Z","2026-04-24T15:30:59Z","106","106","False","c8617ba5-a1fa-48ac-89fd-a2c56afe4800","HYDRO QUEBEC","G1168A122","MR-HYQU-0083-V1","soleil.anker@ermco-eci.com","soleil.anker@ermco-eci.com"
"7","","","21717","68","162","1","Standard","2025-05-13T04:00:00Z","2026-03-31T04:00:00Z","20","","2025-10-14T04:00:00Z","","","","","","","","","","","","","","","","","","","","","","","","","13","","","","","","TOHY","M-TOHY-0009","MR-TOHY-0009-V1","2025-12-29T05:00:00Z","1.44000000000000","","","2026-09-10T22:15:34Z","2026-04-24T15:31:00Z","106","106","False","bfbb905e-622e-4a96-b735-656700aac2b8","TORONTO HYDRO","100000875","MR-TOHY-0009-V1","soleil.anker@ermco-eci.com","soleil.anker@ermco-eci.com"
"8","","","WRG3024","101","404","2","Warranty","2026-02-23T05:00:00Z","2026-02-27T05:00:00Z","26","","2025-08-01T04:00:00Z","","","","","","","","","","","","","","","","","","0","","","","","","","184","","","","","","SCTE","M-SCTE-0001","MR-SCTE-0001-V1","2026-11-22T05:00:00Z","1.38000000000000","0","0","2026-08-21T05:25:48Z","2026-04-24T15:31:00Z","106","106","False","cb3b1bad-ac05-43ac-9e1f-017cdf471013","SC TECHNICAL SERVICES LTD","40Z0150","MR-SCTE-0001-V1","soleil.anker@ermco-eci.com","soleil.anker@ermco-eci.com"
"9","","","21866","115","96","2","Standard","2025-11-19T05:00:00Z","2026-05-28T04:00:00Z","28","","2025-10-16T04:00:00Z","","","","","","","","","","","","","","","","","","","","","","","","","35","","","","","","HYQU","M-HYQU-0014","MR-HYQU-0014-V1","2026-09-01T04:00:00Z","1.38000000000000","","","2026-09-10T22:15:35Z","2026-04-24T15:31:01Z","106","106","False","5d979a3a-cd6d-4f7d-a96f-6eb144acdaa8","HYDRO QUEBEC","1002458-22","MR-HYQU-0014-V1","soleil.anker@ermco-eci.com","soleil.anker@ermco-eci.com"
"10","","","21863","68","170","1","Standard","2025-11-12T05:00:00Z","2026-04-15T04:00:00Z","20","","2025-10-29T04:00:00Z","","","","","","","","","","","","","","","","","","","","","","","","","252","","","","","","TOHY","M-TOHY-0017","MR-TOHY-0017-V1","2026-06-30T04:00:00Z","1.38000000000000","","","2026-09-10T22:15:35Z","2026-04-24T15:31:03Z","106","106","False","5a60ddca-0a94-47fe-8ed0-913a98570110","TORONTO HYDRO","6683212","MR-TOHY-0017-V1","soleil.anker@ermco-eci.com","soleil.anker@ermco-eci.com"
"11","","","21827","115","100","6","Standard","2025-10-16T04:00:00Z","2026-04-30T04:00:00Z","28","","2025-09-18T04:00:00Z","","","","","","","","","","","","","","","","","","","","","","","","","43","","","","","","HYQU","M-HYQU-0018","MR-HYQU-0018-V1","2026-07-29T04:00:00Z","1.38000000000000","","","2026-09-10T22:15:35Z","2026-04-24T15:31:03Z","106","106","False","ec0d5994-7895-4a72-bebc-5dcc2540a453","HYDRO QUEBEC","1002817-22","MR-HYQU-0018-V1","soleil.anker@ermco-eci.com","soleil.anker@ermco-eci.com"
"12","","","WRG3023","115","372","20","Warranty","2026-02-11T05:00:00Z","2026-05-15T04:00:00Z","28","","2025-10-03T04:00:00Z","","","","","","","","","","","","","","","","","","4492.8","","","","","","","132","","","","","","HYQU","M-HYQU-0063","MR-HYQU-0063-V1","2026-11-24T05:00:00Z","1.38000000000000","6200.06400000000","4492.80000000000","2026-09-10T22:15:35Z","2026-04-24T15:31:04Z","106","106","False","0778e31f-1b5e-4353-8cd4-0508aac51e3d","HYDRO QUEBEC","1203364","MR-HYQU-0063-V1","soleil.anker@ermco-eci.com","soleil.anker@ermco-eci.com"
"13","","","21883","68","173","1","Standard","2025-11-21T05:00:00Z","2026-04-30T04:00:00Z","20","","2025-11-13T05:00:00Z","","","","","","","","","","","","","","","","","","","","","","","","","254","","","","","","TOHY","M-TOHY-0020","MR-TOHY-0020-V1","2026-07-09T04:00:00Z","1.38000000000000","","","2026-09-10T22:15:34Z","2026-04-24T15:31:05Z","106","106","False","ff418606-1c48-4596-b4d7-749c71bc7772","TORONTO HYDRO","6683215","MR-TOHY-0020-V1","soleil.anker@ermco-eci.com","soleil.anker@ermco-eci.com"
"14","","","21824","115","90","8","Standard","2025-10-16T04:00:00Z","2026-04-30T04:00:00Z","28","","2025-09-18T04:00:00Z","","","","","","","","","","","","","","","","","","","","","","","","","24","","","","","","HYQU","M-HYQU-0008","MR-HYQU-0008-V1","2026-07-29T04:00:00Z","1.38000000000000","","","2026-09-10T22:15:34Z","2026-04-24T15:31:06Z","106","106","False","76e6c711-9a62-4bc0-be55-26a149449e5f","HYDRO QUEBEC","1002104-22","MR-HYQU-0008-V1","soleil.anker@ermco-eci.com","soleil.anker@ermco-eci.com"
"15","","","21812","68","157","1","Standard","2025-09-24T04:00:00Z","2026-04-30T04:00:00Z","20","","2025-11-13T05:00:00Z","","","","","","","","","","","","","","","","","","","","","","","","","242","","","","","","TOHY","M-TOHY-0004","MR-TOHY-0004-V1","2026-05-12T04:00:00Z","1.38000000000000","","","2026-09-10T22:15:34Z","2026-04-24T15:31:07Z","106","106","False","22553dba-0186-4d4d-a140-330de7524a96","TORONTO HYDRO","6643211","MR-TOHY-0004-V1","soleil.anker@ermco-eci.com","soleil.anker@ermco-eci.com"
"16","","","21825","115","94","2","Standard","2025-10-16T04:00:00Z","2026-04-30T04:00:00Z","28","","2025-09-18T04:00:00Z","","","","","","","","","","","","","","","","","","","","","","","","","30","","","","","","HYQU","M-HYQU-0012","MR-HYQU-0012-V1","2026-07-29T04:00:00Z","1.38000000000000","","","2026-09-10T22:15:34Z","2026-04-24T15:31:08Z","106","106","False","6c8f9e44-459a-4e77-9920-0d77dfbf0a7a","HYDRO QUEBEC","1002394-22","MR-HYQU-0012-V1","soleil.anker@ermco-eci.com","soleil.anker@ermco-eci.com"
"17","","","WRG3015","22","441","1","Warranty","2025-11-10T05:00:00Z","2026-02-10T05:00:00Z","26","","2025-07-15T04:00:00Z","","","","","","","","","","","","","","","","","","0","","","","","","","370","","","","","","GTWO","M-GTWO-0001","MR-GTWO-0001-V1","2026-08-09T04:00:00Z","1.38000000000000","0","0","2026-08-21T05:26:01Z","2026-04-24T15:31:08Z","106","106","False","41cfee9b-00b7-47f4-a642-54425ca39c0c","G.T. WOOD","WRG3015.FANKIT","MR-GTWO-0001-V1","soleil.anker@ermco-eci.com","soleil.anker@ermco-eci.com"
"18","","","21808","73","242","1","Standard","2025-09-19T04:00:00Z","2026-04-30T04:00:00Z","20","","2025-11-13T05:00:00Z","","","","","","","","","","","","","","","","","4501964315","74281.69","USA","WET","Y","","","","89","","","","","","XCEN","M-XCEN-0002","M-XCEN-0002","2026-05-07T04:00:00Z","1.38000000000000","102508.732200000","74281.6900000000","2026-09-10T22:15:35Z","2026-04-24T15:31:09Z","106","106","False","774a350e-e110-4999-b974-4e931e8d3469","XCEL ENERGY NORTHERN","108863","MR-XCEN-0002-V1","soleil.anker@ermco-eci.com","soleil.anker@ermco-eci.com"
"19","","","E21016","102","415","1","ETS","2026-02-02T05:00:00Z","2026-10-05T04:00:00Z","26","","2026-03-09T04:00:00Z","","","","","","","","","","","","","","","","","1003537","296962","ON","WETP","N","","","","295","","","","","Active","CAIN","M-CAIN-0001","MR-CAIN-0001-V1","2026-11-01T04:00:00Z","1.38000000000000","296962.000000000","215189.855072464","2026-09-11T05:04:44Z","2026-04-24T15:31:10Z","106","106","False","21121927-5ff9-4d53-a174-77aed98c153b","CAPSTONE INFRASTRUCTURE","E21016","MR-CAIN-0001-V1","soleil.anker@ermco-eci.com","soleil.anker@ermco-eci.com"
"20","","","21867","115","117","1","Standard","2025-11-19T05:00:00Z","2026-05-28T04:00:00Z","28","","2025-10-16T04:00:00Z","","","","","","","","","","","","","","","","","","","","","","","","","116","","","","","","HYQU","M-HYQU-0034","MR-HYQU-0034-V1","2026-09-01T04:00:00Z","1.38000000000000","","","2026-09-10T22:15:35Z","2026-04-24T15:31:11Z","106","106","False","ebe086f1-b42b-4ef8-a42c-56c43c991370","HYDRO QUEBEC","1166476-22","MR-HYQU-0034-V1","soleil.anker@ermco-eci.com","soleil.anker@ermco-eci.com"
"21","","","E21015","62","414","1","ETS","2026-01-19T05:00:00Z","2026-07-01T04:00:00Z","26","","2025-12-03T05:00:00Z","","","","","","","","","","","","","","","","","4502703332","303570","PE","WETP","N","","","","294","","","","","Active","SIEN","M-SIEN-0004","MR-SIEN-0004-V1","2026-10-18T04:00:00Z","1.38000000000000","303570.000000000","219978.260869565","2026-09-11T05:04:41Z","2026-04-24T15:31:12Z","106","106","False","bff85983-87d2-4764-a39d-948652713d84","SIEMENS ENERGY","E21015","MR-SIEN-0004-V1","soleil.anker@ermco-eci.com","soleil.anker@ermco-eci.com"
"22","","","21818","23","142","10","Standard","2025-10-03T04:00:00Z","2026-04-30T04:00:00Z","18","","2025-11-27T05:00:00Z","","","","","","","","","","","","","","","","","GPC11541688","104817","USA","WET","N","","","","146","","","","","","GEPO","M-GEPO-0012","MR-GEPO-0012-V1","2026-05-07T04:00:00Z","1.38000000000000","144647.460000000","104817.000000000","2026-09-10T22:15:35Z","2026-04-24T15:31:13Z","106","106","False","94c15e7e-0ba8-4e95-90b4-78c13541b3ce","GEORGIA POWER","132124","MR-GEPO-0012-V1","soleil.anker@ermco-eci.com","soleil.anker@ermco-eci.com"
"23","","","21718","115","98","2","Standard","2025-05-15T04:00:00Z","2026-05-31T04:00:00Z","28","","2025-10-19T04:00:00Z","","","","","","","","","","","","","","","","","","","","","","","","","39","","","","","","HYQU","M-HYQU-0016","MR-HYQU-0016-V1","2026-02-25T05:00:00Z","1.38000000000000","","","2026-09-10T22:15:35Z","2026-04-24T15:31:14Z","106","106","False","85ecd81b-fa18-4c5f-8824-504d7128a198","HYDRO QUEBEC","1002801-22","MR-HYQU-0016-V1","soleil.anker@ermco-eci.com","soleil.anker@ermco-eci.com"
"24","","","E21014","62","413","1","ETS","2026-01-19T05:00:00Z","2026-07-01T04:00:00Z","26","","2025-12-03T04:00:00Z","","","","","","","","","","","","","","","","","4502703331","210435","PE","WETP","N","","","","293","","","","","Active","SIEN","M-SIEN-0003","MR-SIEN-0003-V1","2026-10-18T05:00:00Z","1.38000000000000","210435.000000000","152489.130434783","2026-09-01T10:44:29Z","2026-04-24T15:31:14Z","106","106","False","ad078045-ea44-490d-b568-c2e8cf6a9782","SIEMENS ENERGY","E21014","MR-SIEN-0003-V1","soleil.anker@ermco-eci.com","soleil.anker@ermco-eci.com"
"25","","","E21007","107","463","1","ETS","2025-03-19T04:00:00Z","2026-08-20T04:00:00Z","26","","2026-01-22T05:00:00Z","","","","","","","","","","","","","","","","","MEG-10027-PO-6102-01","172435","AB","WETP","N","","","","100","","","","","Active","MEEN","M-MEEN-0005","MR-MEEN-0001-V1","2025-12-16T05:00:00Z","1.44000000000000","172435.000000000","119746.527777778","2026-09-11T05:04:26Z","2026-04-24T15:31:14Z","106","106","False","7886849a-5bf2-4e5f-8f28-7a5c34e26674","MEG Energy","1147005","MR-MEEN-0001-V1","soleil.anker@ermco-eci.com","soleil.anker@ermco-eci.com"
"26","","","21549","68","163","2","Standard","2024-08-21T04:00:00Z","2026-01-31T05:00:00Z","20","","2025-08-16T04:00:00Z","","","","","","","","","","","","","","","","","4500120012-10","141800","ON","WET","Y","","","","14","","","","","","TOHY","M-TOHY-0010","MR-TOHY-0010-V1","2025-04-08T04:00:00Z","1.44000000000000","141800.000000000","98472.2222222222","2026-09-10T22:15:35Z","2026-04-24T15:31:16Z","106","106","False","a10d02b2-e740-471b-8b7b-2584837e2c42","TORONTO HYDRO","100000919","MR-TOHY-0010-V1","soleil.anker@ermco-eci.com","soleil.anker@ermco-eci.com"
"27","","","E21011","107","462","1","ETS","2025-03-18T04:00:00Z","2026-08-20T04:00:00Z","26","","2026-01-22T05:00:00Z","","","","","","","","","","","","","","","","","MEG-10012-PO-6102-01","477782","AB","WETP","N","","","","103","","","","","Active","MEEN","M-MEEN-0004","MR-MEEN-0004-V1","2025-12-15T05:00:00Z","1.44000000000000","477782.000000000","331793.055555556","2026-09-11T05:04:38Z","2026-04-24T15:31:17Z","106","106","False","39be7aa4-b76d-4be1-9e01-f7d1182b3155","MEG Energy","1147011","MR-MEEN-0004-V1","soleil.anker@ermco-eci.com","soleil.anker@ermco-eci.com"
"28","","","E21010","69","477","2","ETS","2025-04-10T04:00:00Z","","26","","1899-06-03T00:00:00Z","","","","","","","","","","","","","","","","","4513486760","381990","ON","WETP","N","","","","324","","","","","Active","WESC","M-WESC-0001","MR-WESC-0001-V1","2026-01-07T04:00:00Z","1.38000000000000","381990.000000000","276804.347826087","2026-09-01T10:44:36Z","2026-04-24T15:31:19Z","106","106","False","27d01fef-56af-4b30-bb96-69dcb8ef6c19","WESCO","M-WESC-0001","MR-WESC-0001-V1","soleil.anker@ermco-eci.com","soleil.anker@ermco-eci.com"
"29","","","21889","18","60","1","Standard","2025-12-10T05:00:00Z","2026-06-30T04:00:00Z","20","","2026-01-13T05:00:00Z","","","","","","","","","","","","","","","","","MX1-EX24289","171004.34","AB","WET","Y","","","","207","","","","","","ENMA","M-ENMA-0022","MR-ENMA-0022-V1","2026-07-28T04:00:00Z","1.38000000000000","171004.340000000","123916.188405797","2026-09-10T22:15:35Z","2026-04-24T15:31:19Z","106","106","False","0747e5f6-f000-4083-a25e-b6e3394da9a3","ENMAX","61200220016","MR-ENMA-0022-V1","soleil.anker@ermco-eci.com","soleil.anker@ermco-eci.com"
"30","","","21856","35","189","2","Standard","2025-11-05T05:00:00Z","2026-06-01T04:00:00Z","20","","2025-12-15T05:00:00Z","","","","","","","","","","","","","","","","","1155481-4","71578.19","USA","WET","","","","","85","","","","","","LGEN","M-LGEN-0005","MR-LGEN-0005-V1","2026-06-23T04:00:00Z","1.38000000000000","98777.9022000000","71578.1900000000","2026-09-10T22:15:35Z","2026-04-24T15:31:20Z","106","106","False","0c1c16b0-b7c6-40c0-b25c-b1da93642292","LG§E","1073135","MR-LGEN-0005-V1","soleil.anker@ermco-eci.com","soleil.anker@ermco-eci.com"
"31","","","E21009","41","476","1","ETS","2025-02-26T05:00:00Z","","26","","1899-06-03T04:00:00Z","","","","","","","","","","","","","","","","","250024-027940","418400","ON","WETP","N","","","","322","","","","","Active","MULT","M-MULT-0001","MR-MULT-0001-V1","2025-11-25T05:00:00Z","1.44000000000000","418400.000000000","290555.555555556","2026-09-11T05:04:35Z","2026-04-24T15:31:21Z","106","106","False","2b36e7cc-ff16-476b-9837-bc15166c763d","MULTITECH","M-MULT-0001","MR-MULT-0001-V1","soleil.anker@ermco-eci.com","soleil.anker@ermco-eci.com"
"33","","","21721","115","91","18","Standard","2025-05-15T04:00:00Z","2026-05-31T04:00:00Z","28","","2025-10-19T04:00:00Z","","","","","","","","","","","","","","","","","4513323196","32693.22","QC","WET","N","","","","26","","","","","","HYQU","M-HYQU-0009","MR-HYQU-0009-V1","2026-02-25T05:00:00Z","1.38000000000000","32693.2200000000","23690.7391304348","2026-09-10T22:15:35Z","2026-04-24T15:31:22Z","106","106","False","733a6537-09b8-4dfd-902c-e2cfcc930fad","HYDRO QUEBEC","1002113-22","MR-HYQU-0009-V1","soleil.anker@ermco-eci.com","soleil.anker@ermco-eci.com"
"34","","","E21003","108","474","1","ETS","2025-04-14T04:00:00Z","","26","","1899-06-03T04:00:00Z","","","","","","","","","","","","","","","","","1300035741","717266","AB","WETP","N","","","","321","","","","","","ATCO","M-ATCO-0001","MR-ATCO-0001-V1","2026-01-11T05:00:00Z","1.38000000000000","717266.000000000","519757.971014493","2026-08-21T05:26:26Z","2026-04-24T15:31:23Z","106","106","False","d70156ba-8ebd-46bb-a05a-f56ec7cc0f2e","ATCO","M-ATCO-0001","MR-ATCO-0001-V1","soleil.anker@ermco-eci.com","soleil.anker@ermco-eci.com"
"35","","","21804","18","54","1","Standard","2025-09-19T04:00:00Z","2026-05-31T04:00:00Z","20","","2025-12-14T05:00:00Z","","","","","","","","","","","","","","","","","MX1-EX23663","471735.89","QC","WET","Y","","","","74","","","","","","ENMA","M-ENMA-0017","MR-ENMA-0017-V1","2026-05-07T04:00:00Z","1.38000000000000","471735.890000000","341837.601449275","2026-09-10T22:15:36Z","2026-04-24T15:31:24Z","106","106","False","dda93145-9310-4e14-ba26-3fc2e7bb0754","ENMAX","100311927","MR-ENMA-0017-V1","soleil.anker@ermco-eci.com","soleil.anker@ermco-eci.com"
"36","","","21806","18","54","1","Standard","2025-09-19T04:00:00Z","2026-05-31T04:00:00Z","20","","2025-12-14T05:00:00Z","","","","","","","","","","","","","","","","","MX1-EX23661","194340.13","QC","WET","Y","","","","74","","","","","","ENMA","M-ENMA-0017","MR-ENMA-0017-V1","2026-05-07T04:00:00Z","1.38000000000000","194340.130000000","140826.181159420","2026-09-10T22:15:36Z","2026-04-24T15:31:25Z","106","106","False","2120e67d-3179-4ef7-b353-1360a53f8bda","ENMAX","100311927","MR-ENMA-0017-V1","soleil.anker@ermco-eci.com","soleil.anker@ermco-eci.com"
"37","","","21805","18","55","1","Standard","2025-09-19T04:00:00Z","2026-05-31T04:00:00Z","20","","2025-12-14T05:00:00Z","","","","","","","","","","","","","","","","","MX1-EX23663","194340.13","QC","WET","Y","","","","75","","","","","","ENMA","M-ENMA-0018","MR-ENMA-0018-V1","2026-05-07T04:00:00Z","1.38000000000000","194340.130000000","140826.181159420","2026-09-10T22:15:36Z","2026-04-24T15:31:26Z","106","106","False","80788092-9f17-4be7-a7b0-75c5f0edd6dc","ENMAX","100311928","MR-ENMA-0018-V1","soleil.anker@ermco-eci.com","soleil.anker@ermco-eci.com"
"38","","","E21006","107","460","2","ETS","2025-03-18T04:00:00Z","","26","","1899-06-03T04:00:00Z","","","","","","","","","","","","","","","","","MEG-10027-PO-6102-01","267425","AB","WETP","N","","","","101","","","","","Active","MEEN","M-MEEN-0002","MR-MEEN-0002-V1","2025-12-15T05:00:00Z","1.44000000000000","267425.000000000","185711.805555556","2026-09-11T05:12:55Z","2026-04-24T15:31:27Z","106","106","False","17db00ea-1bdf-4359-8c9d-ffeda72e53f4","MEG Energy","1147006","MR-MEEN-0002-V1","soleil.anker@ermco-eci.com","soleil.anker@ermco-eci.com"
"39","","","21807","18","55","1","Standard","2025-09-19T04:00:00Z","2026-05-31T04:00:00Z","20","","2025-12-14T05:00:00Z","","","","","","","","","","","","","","","","","MX1-EX23661","194340.13","QC","WET","Y","","","","75","","","","","","ENMA","M-ENMA-0018","MR-ENMA-0018-V1","2026-05-07T04:00:00Z","1.38000000000000","194340.130000000","140826.181159420","2026-09-10T22:15:36Z","2026-04-24T15:31:28Z","106","106","False","9bbd3034-193e-4f22-8172-caaa4708a265","ENMAX","100311928","MR-ENMA-0018-V1","soleil.anker@ermco-eci.com","soleil.anker@ermco-eci.com"
"40","","","E21005A","107","459","1","ETS","2025-03-18T04:00:00Z","","26","","1899-06-03T04:00:00Z","","","","","","","","","","","","","","","","","MEG-10012-PO-6102-01","477782","AB","WETP","N","","","","100","","","","","","MEEN","M-MEEN-0001","MR-MEEN-0001-V1","2025-12-15T05:00:00Z","1.44000000000000","477782.000000000","331793.055555556","2026-08-21T05:26:38Z","2026-04-24T15:31:29Z","106","106","False","5be635a8-326a-4115-b4d2-33613da71738","MEG Energy","1147005","MR-MEEN-0001-V1","soleil.anker@ermco-eci.com","soleil.anker@ermco-eci.com"
"41","","","21900","115","90","8","Standard","2025-12-15T05:00:00Z","2026-12-17T05:00:00Z","28","","2026-05-07T04:00:00Z","","","","","","","","","","","","","","","","","4513512805","44816.62","QC","WET","Y","","","","24","False","","","","Active","HYQU","M-HYQU-0008","MR-HYQU-0008-V1","2026-09-27T04:00:00Z","1.38000000000000","44816.6200000000","32475.8115942029","2026-09-11T04:26:00Z","2026-04-24T15:31:29Z","106","106","False","dfbbff25-99ea-473d-b94d-41f61015355d","HYDRO QUEBEC","1002104-22","MR-HYQU-0008-V1","soleil.anker@ermco-eci.com","soleil.anker@ermco-eci.com"
"42","","","E21004","109","475","1","ETS","2025-05-13T04:00:00Z","","26","","1899-06-03T04:00:00Z","","","","","","","","","","","","","","","","","126732","187345","AB","WETP","N","","","","323","","","","","Active","RIED","M-RIED-0001","MR-RIED-0001-V1","2026-02-09T05:00:00Z","1.38000000000000","187345.000000000","135757.246376812","2026-09-08T08:10:24Z","2026-04-24T15:31:30Z","106","106","False","0ee9b088-8ee8-4ea1-8f13-1cb2c7ebd34f","Rising Edge Group","M-RIED-0001","MR-RIED-0001-V1","soleil.anker@ermco-eci.com","soleil.anker@ermco-eci.com"
"43","","","21815","115","371","2","Standard","2025-10-01T04:00:00Z","2028-01-25T05:00:00Z","28","","2027-06-15T04:00:00Z","","","","","","","","","","","","","","","","","4513437216","471735.89","QC","WET","Y","","","","126","True","True","Confirmed","","Active","HYQU","M-HYQU-0062","MR-HYQU-0062-V1","2026-07-14T04:00:00Z","1.38000000000000","471735.890000000","341837.601449275","2026-09-11T05:12:06Z","2026-04-24T15:31:31Z","106","106","False","2a60e2ef-8be3-4983-a443-08e317de9566","HYDRO QUEBEC","1190831-22","MR-HYQU-0062-V1","soleil.anker@ermco-eci.com","soleil.anker@ermco-eci.com"
"44","","","21728","115","430","1","Standard","2025-05-23T04:00:00Z","","28","","1899-05-20T04:00:00Z","","","","","","","","","","","","","","","","","R&D","0","","","","","False","","334","","","","","","HYQU","M-HITA-0003","MR-HITA-0003-V1","2026-03-05T05:00:00Z","1.38000000000000","0","0","2026-09-10T22:15:36Z","2026-04-24T15:31:31Z","106","106","False","75c59ba9-24d6-4434-ae8d-55f6536df4de","HYDRO QUEBEC","TMP1","MR-HITA-0003-V1","soleil.anker@ermco-eci.com","soleil.anker@ermco-eci.com"
"45","","","21729","115","430","1","Standard","2025-05-23T04:00:00Z","","28","","1899-05-20T04:00:00Z","","","","","","","","","","","","","","","","","R&D","0","","","","","","","334","","","","","","HYQU","M-HITA-0003","MR-HITA-0003-V1","2026-03-05T05:00:00Z","1.38000000000000","0","0","2026-09-10T22:15:36Z","2026-04-24T15:31:32Z","106","106","False","a694830c-40a7-4fe0-ae2a-92251df9024e","HYDRO QUEBEC","TMP1","MR-HITA-0003-V1","soleil.anker@ermco-eci.com","soleil.anker@ermco-eci.com"
"46","","","21999","115","90","4","Standard","2026-04-10T04:00:00Z","2027-04-29T04:00:00Z","28","","2026-09-17T04:00:00Z","","","","","","","","","","","","","","","","","4513621573","44665.15","QC","WET","Y","","","","24","True","","","","Active","HYQU","M-HYQU-0008","MR-HYQU-0008-V1","2027-01-21T05:00:00Z","1.39000000000000","44665.1500000000","32133.2014388489","2026-09-11T04:51:47Z","2026-04-24T15:31:33Z","106","106","False","c6ac67a5-9ddb-4672-ac83-d332a18ecd2b","HYDRO QUEBEC","1002104-22","MR-HYQU-0008-V1","soleil.anker@ermco-eci.com","soleil.anker@ermco-eci.com"
"47","","","21871","115","92","2","Standard","2025-11-19T05:00:00Z","2026-05-28T04:00:00Z","28","","2025-10-16T04:00:00Z","","","","","","","","","","","","","","","","","4513486767","43105.98","QC","WET","Y","","","","129","","","","","","HYQU","M-HYQU-0010","MR-HYQU-0010-V1","2026-09-01T04:00:00Z","1.38000000000000","43105.9800000000","31236.2173913044","2026-09-10T22:15:37Z","2026-04-24T15:31:34Z","106","106","False","002f62f7-b06b-4926-a499-ff9daaf9c636","HYDRO QUEBEC","1191450-22","MR-HYQU-0010-V1","soleil.anker@ermco-eci.com","soleil.anker@ermco-eci.com"
"48","","","21996","115","90","10","Standard","2026-04-10T04:00:00Z","2026-10-30T04:00:00Z","28","","2026-03-20T04:00:00Z","","","","","","","","","","","","","","","","","4513621572","44665.15","QC","WET","Y","","","","24","True","","","","Active","HYQU","M-HYQU-0008","MR-HYQU-0008-V1","2027-01-21T05:00:00Z","1.39000000000000","44665.1500000000","32133.2014388489","2026-09-11T04:19:30Z","2026-04-24T15:31:34Z","106","106","False","a16879b0-f10d-4b89-84ed-4f965c4c2301","HYDRO QUEBEC","1002104-22","MR-HYQU-0008-V1","soleil.anker@ermco-eci.com","soleil.anker@ermco-eci.com"
"49","","","21936","68","170","1","Standard","2026-01-22T05:00:00Z","2026-07-03T04:00:00Z","20","","2026-01-16T05:00:00Z","","","","","","","","","","","","","","","","","4500154016","68920.29","ON","WET","Y","","","","252","","","","","","TOHY","M-TOHY-0017","MR-TOHY-0017-V1","2026-09-09T04:00:00Z","1.38000000000000","68920.2900000000","49942.2391304348","2026-09-10T22:15:37Z","2026-04-24T15:31:35Z","106","106","False","8daeeda2-797f-4122-ac41-fc208c0c4aaa","TORONTO HYDRO","6683212","MR-TOHY-0017-V1","soleil.anker@ermco-eci.com","soleil.anker@ermco-eci.com"
"50","","","22016","37","320","2","Standard","2026-04-14T04:00:00Z","2027-11-30T05:00:00Z","16","","2027-07-13T04:00:00Z","","","","","","","","","","","","","","","","","MGE094220","105238.28","WI","WET","Y","","","","117","False","","","","Active","MAGA","M-MAGA-0013","MR-MAGA-0013-V1","2026-11-02T05:00:00Z","1.38000000000000","145228.826400000","105238.280000000","2026-09-11T05:03:10Z","2026-04-24T15:31:35Z","106","106","False","aef13133-1d5a-4d69-8ed5-e75a3f17d53b","MADISON GAS § ELECTRIC","116807","MR-MAGA-0013-V1","soleil.anker@ermco-eci.com","soleil.anker@ermco-eci.com"
"51","","","21920","115","90","8","Standard","2026-01-15T05:00:00Z","2026-07-30T04:00:00Z","28","","2025-12-18T05:00:00Z","","","","","","","","","","","","","","","","","4513534360","44816.62","QC","WET","N","","","","24","","","","","","HYQU","M-HYQU-0008","MR-HYQU-0008-V1","2026-10-28T04:00:00Z","1.38000000000000","44816.6200000000","32475.8115942029","2026-09-10T22:15:37Z","2026-04-24T15:31:36Z","106","106","False","d8e77b03-a76d-4f63-a66d-2dea6a481061","HYDRO QUEBEC","1002104-22","MR-HYQU-0008-V1","soleil.anker@ermco-eci.com","soleil.anker@ermco-eci.com"
"52","","","21977","115","96","5","Standard","2026-03-15T04:00:00Z","2027-03-25T04:00:00Z","28","","2026-08-13T04:00:00Z","","","","","","","","","","","","","","","","","4513596095","26587.59","QC","WET","Y","","","","35","False","","","","Active","HYQU","M-HYQU-0014","MR-HYQU-0014-V1","2026-12-26T05:00:00Z","1.38000000000000","26587.5900000000","19266.3695652174","2026-09-11T04:50:16Z","2026-04-24T15:31:37Z","106","106","False","6a92f919-75c4-438e-bd10-b4ca920abe67","HYDRO QUEBEC","1002458-22","MR-HYQU-0014-V1","soleil.anker@ermco-eci.com","soleil.anker@ermco-eci.com"
"53","","","21976","115","94","5","Standard","2026-03-15T04:00:00Z","2027-03-25T04:00:00Z","28","","2026-08-13T04:00:00Z","","","","","","","","","","","","","","","","","4513596095","51415.46","QC","WET","Y","","","","30","False","","","","Active","HYQU","M-HYQU-0012","MR-HYQU-0012-V1","2026-12-26T05:00:00Z","1.38000000000000","51415.4600000000","37257.5797101449","2026-09-11T04:44:19Z","2026-04-24T15:31:37Z","106","106","False","22551ac2-c3ab-433c-b411-db931d8bc6ad","HYDRO QUEBEC","1002394-22","MR-HYQU-0012-V1","soleil.anker@ermco-eci.com","soleil.anker@ermco-eci.com"
"54","","","21945","115","107","2","Standard","2026-02-11T05:00:00Z","2026-08-27T04:00:00Z","28","","2026-01-15T05:00:00Z","","","","","","","","","","","","","","","","","4513563161 ","44062.66","QC","WET","Y","","","","94","False","","","","Active","HYQU","M-HYQU-0025","MR-HYQU-0025-V1","2026-11-24T05:00:00Z","1.38000000000000","44062.6600000000","31929.4637681159","2026-09-10T22:15:37Z","2026-04-24T15:31:38Z","106","106","False","bc41f484-1aeb-42df-9853-551255fd314c","HYDRO QUEBEC","1089550-22","MR-HYQU-0025-V1","soleil.anker@ermco-eci.com","soleil.anker@ermco-eci.com"
"55","","","22015","37","311","2","Standard","2026-04-14T04:00:00Z","2027-10-31T04:00:00Z","16","","2027-06-13T04:00:00Z","","","","","","","","","","","","","","","","","MGE094219","101027.37","WI","WET","Y","","","","78","True","","","","Active","MAGA","M-MAGA-0008","MR-MAGA-0008-V1","2026-11-02T05:00:00Z","1.38000000000000","139417.770600000","101027.370000000","2026-09-11T05:03:04Z","2026-04-24T15:31:39Z","106","106","False","dbc14455-935c-4305-854d-98307f1a603f","MADISON GAS § ELECTRIC","104129","MR-MAGA-0008-V1","soleil.anker@ermco-eci.com","soleil.anker@ermco-eci.com"
"56","","","21786","115","91","14","Standard","2025-08-25T04:00:00Z","2026-08-31T04:00:00Z","28","","2026-01-19T05:00:00Z","","","","","","","","","","","","","","","","","4513406461","32693.22","QC","WET","Y","","","","26","False","True","Confirmed","","Active","HYQU","M-HYQU-0009","MR-HYQU-0009-V1","2026-06-07T04:00:00Z","1.38000000000000","32693.2200000000","23690.7391304348","2026-09-10T22:15:37Z","2026-04-24T15:31:40Z","106","106","False","115fe5e2-4844-4d7c-beb2-4ea04f1e8983","HYDRO QUEBEC","1002113-22","MR-HYQU-0009-V1","soleil.anker@ermco-eci.com","soleil.anker@ermco-eci.com"
"57","","","21787","115","94","5","Standard","2025-08-25T04:00:00Z","2026-08-31T04:00:00Z","28","","2026-01-19T05:00:00Z","","","","","","","","","","","","","","","","","4513406461","48306.08","QC","WET","Y","","","","30","False","True","Confirmed","","Active","HYQU","M-HYQU-0012","MR-HYQU-0012-V1","2026-06-07T04:00:00Z","1.38000000000000","48306.0800000000","35004.4057971015","2026-09-10T22:15:37Z","2026-04-24T15:31:40Z","106","106","False","e1cab4a7-7792-4129-ae61-3768cad387e5","HYDRO QUEBEC","1002394-22","MR-HYQU-0012-V1","soleil.anker@ermco-eci.com","soleil.anker@ermco-eci.com"
"58","","","22014","37","312","2","Standard","2026-04-14T04:00:00Z","2027-09-30T04:00:00Z","16","","2027-05-13T04:00:00Z","","","","","","","","","","","","","","","","","MGE094218","118070.53","WI","WET","Y","","","","79","False","","","","Active","MAGA","M-MAGA-0009","MR-MAGA-0009-V1","2026-11-02T05:00:00Z","1.38000000000000","162937.331400000","118070.530000000","2026-09-11T05:11:59Z","2026-04-24T15:31:41Z","106","106","False","11cb5bfe-6f66-461b-9f4a-24049fc03b8a","MADISON GAS § ELECTRIC","104130","MR-MAGA-0009-V1","soleil.anker@ermco-eci.com","soleil.anker@ermco-eci.com"
"59","","","21971","115","90","8","Standard","2026-03-15T04:00:00Z","2026-09-25T04:00:00Z","28","","2026-02-13T05:00:00Z","","","","","","","","","","","","","","","","","4513596094","44665.15","QC","WET","Y","","","","24","False","","","","Active","HYQU","M-HYQU-0008","MR-HYQU-0008-V1","2026-12-26T05:00:00Z","1.38000000000000","44665.1500000000","32366.0507246377","2026-09-11T04:13:11Z","2026-04-24T15:31:42Z","106","106","False","1b8ca647-0295-450e-9b50-72d5e6c47349","HYDRO QUEBEC","1002104-22","MR-HYQU-0008-V1","soleil.anker@ermco-eci.com","soleil.anker@ermco-eci.com"
"60","","","21966","115","91","3","Standard","2026-03-15T04:00:00Z","2026-09-25T04:00:00Z","28","","2026-02-13T05:00:00Z","","","","","","","","","","","","","","","","","4513596093","34797.62","QC","WET","Y","","","","26","","","","","Active","HYQU","M-HYQU-0009","MR-HYQU-0009-V1","2026-12-26T05:00:00Z","1.38000000000000","34797.6200000000","25215.6666666667","2026-09-10T22:15:38Z","2026-04-24T15:31:42Z","106","106","False","c60a2a21-2369-47a2-99c9-8e057be4589b","HYDRO QUEBEC","1002113-22","MR-HYQU-0009-V1","soleil.anker@ermco-eci.com","soleil.anker@ermco-eci.com"
"61","","","21959","35","187","2","Standard","2026-03-10T04:00:00Z","2027-03-05T05:00:00Z","20","","2026-09-18T04:00:00Z","","","","","","","","","","","","","","","","","1155481-7","50850.51","KY","WET","Y","","","","83","False","","","","Active","LGEN","M-LGEN-0003","MR-LGEN-0003-V1","2026-10-26T04:00:00Z","1.38000000000000","70173.7038000000","50850.5100000000","2026-09-11T04:43:55Z","2026-04-24T15:31:43Z","106","106","False","d4ae730d-b117-46c7-add5-4c5a0e43773b","LG§E","1073119","MR-LGEN-0003-V1","soleil.anker@ermco-eci.com","soleil.anker@ermco-eci.com"
"62","","","21726","37","312","2","Standard","2025-05-22T04:00:00Z","2026-05-31T04:00:00Z","16","","2026-01-11T05:00:00Z","","","","","","","","","","","","","","","","","MGE082448","117942.44","US","WET","N","","","","79","","","","","","MAGA","M-MAGA-0009","MR-MAGA-0009-V1","2025-12-10T05:00:00Z","1.44000000000000","169837.113600000","117942.440000000","2026-09-10T22:15:38Z","2026-04-24T15:31:44Z","106","106","False","2badccf1-77b1-4890-8b4b-348e34d9494b","MADISON GAS § ELECTRIC","104130","MR-MAGA-0009-V1","soleil.anker@ermco-eci.com","soleil.anker@ermco-eci.com"
"63","","","21814","115","371","11","Standard","2025-10-01T04:00:00Z","2027-01-21T05:00:00Z","28","","2026-06-11T04:00:00Z","","","","","","","","","","","","","","","","","4513437216","471735.89","QC","WET","Y","","","","126","True","True","Confirmed","","Active","HYQU","M-HYQU-0062","MR-HYQU-0062-V1","2026-07-14T04:00:00Z","1.38000000000000","471735.890000000","341837.601449275","2026-09-11T04:53:41Z","2026-04-24T15:31:45Z","106","106","False","d4658a0b-8ff9-4fd2-b34e-90895f8aa47b","HYDRO QUEBEC","1190831-22","MR-HYQU-0062-V1","soleil.anker@ermco-eci.com","soleil.anker@ermco-eci.com"
"64","","","22013","37","313","2","Standard","2026-04-14T04:00:00Z","2027-08-31T04:00:00Z","16","","2027-04-13T04:00:00Z","","","","","","","","","","","","","","","","","MGE094217","115758.66","WI","WET","Y","","","","80","False","","","","Active","MAGA","M-MAGA-0010","MR-MAGA-0010-V1","2026-11-02T05:00:00Z","1.38000000000000","159746.950800000","115758.660000000","2026-09-11T05:01:54Z","2026-04-24T15:31:45Z","106","106","False","7eb0ab5b-824f-44ab-8519-e7906a1547c2","MADISON GAS § ELECTRIC","104131","MR-MAGA-0010-V1","soleil.anker@ermco-eci.com","soleil.anker@ermco-eci.com"
"65","","","21661","115","375","3","Standard","2025-04-07T04:00:00Z","2027-12-31T05:00:00Z","28","","2027-05-21T04:00:00Z","","","","","","","","","","","","","","","","","4513272136","715509.79","QC","WET","Y","","True","","189","True","","Confirmed","","Active","HYQU","M-HYQU-0065","MR-HYQU-0065-V1","2026-01-18T05:00:00Z","1.38000000000000","715509.790000000","518485.355072464","2026-09-11T05:08:00Z","2026-04-24T15:31:46Z","106","106","False","cdc6d05b-a248-49fc-a438-b20fabdd6a5f","HYDRO QUEBEC","4251082","MR-HYQU-0065-V1","soleil.anker@ermco-eci.com","soleil.anker@ermco-eci.com"
"66","","","21925","115","91","10","Standard","2026-01-14T05:00:00Z","2027-01-28T05:00:00Z","28","","2026-06-18T04:00:00Z","","","","","","","","","","","","","","","","","4513534368","34841.25","QC","WET","N","","","","26","False","","","","Active","HYQU","M-HYQU-0009","MR-HYQU-0009-V1","2026-10-27T04:00:00Z","1.38000000000000","34841.2500000000","25247.2826086957","2026-09-11T04:57:29Z","2026-04-24T15:31:47Z","106","106","False","888195a6-5317-425e-9757-f643a629a25c","HYDRO QUEBEC","1002113-22","MR-HYQU-0009-V1","soleil.anker@ermco-eci.com","soleil.anker@ermco-eci.com"
"67","","","21820","23","143","10","Standard","2025-10-03T04:00:00Z","2026-05-31T04:00:00Z","18","","2025-12-28T05:00:00Z","","","","","","","","","","","","","","","","","GPC11541688","165463","USA","WET","N","","","","147","","","","","","GEPO","M-GEPO-0013","MR-GEPO-0013-V1","2026-05-07T04:00:00Z","1.38000000000000","228338.940000000","165463.000000000","2026-09-10T22:15:38Z","2026-04-24T15:31:48Z","106","106","False","fe3605ec-b80a-4efb-a030-ffb273432f79","GEORGIA POWER","132125","MR-GEPO-0013-V1","soleil.anker@ermco-eci.com","soleil.anker@ermco-eci.com"
"68","","","21837","23","143","10","Standard","2025-10-03T04:00:00Z","2026-06-30T04:00:00Z","18","","2026-01-27T05:00:00Z","","","","","","","","","","","","","","","","","GPC11541688","165463","USA","WET","N","","","","147","","","","","","GEPO","M-GEPO-0013","MR-GEPO-0013-V1","2026-05-07T04:00:00Z","1.38000000000000","228338.940000000","165463.000000000","2026-09-10T22:15:38Z","2026-04-24T15:31:48Z","106","106","False","d1849b0c-fe10-4276-8811-b2389e369684","GEORGIA POWER","132125","MR-GEPO-0013-V1","soleil.anker@ermco-eci.com","soleil.anker@ermco-eci.com"
"69","","","22012","37","320","2","Standard","2026-04-14T04:00:00Z","2027-07-31T04:00:00Z","16","","2027-03-13T05:00:00Z","","","","","","","","","","","","","","","","","MGE094216","105238.28","WI","WET","Y","","","","117","False","","","","Active","MAGA","M-MAGA-0013","MR-MAGA-0013-V1","2026-11-02T05:00:00Z","1.38000000000000","145228.826400000","105238.280000000","2026-09-11T05:00:24Z","2026-04-24T15:31:49Z","106","106","False","011ac3fd-180b-44a0-90a8-85f52e59a4e9","MADISON GAS § ELECTRIC","116807","MR-MAGA-0013-V1","soleil.anker@ermco-eci.com","soleil.anker@ermco-eci.com"
"70","","","21850","37","312","2","Standard","2025-10-29T04:00:00Z","2026-08-29T04:00:00Z","16","","2026-04-11T04:00:00Z","","","","","","","","","","","","","","","","","MGE087156","114385.14","USA","WET","","","","","79","True","","","","Active","MAGA","M-MAGA-0009","MR-MAGA-0009-V1","2026-05-19T04:00:00Z","1.38000000000000","157851.493200000","114385.140000000","2026-09-10T22:15:40Z","2026-04-24T15:31:49Z","106","106","False","56b2fa8e-5bdc-45ab-8bed-fd0c5c303f1b","MADISON GAS § ELECTRIC","104130","MR-MAGA-0009-V1","soleil.anker@ermco-eci.com","soleil.anker@ermco-eci.com"
"71","","","21904","115","99","5","Standard","2025-12-15T05:00:00Z","2026-12-17T05:00:00Z","28","","2026-05-07T04:00:00Z","","","","","","","","","","","","","","","","","4513512805","107690.92","QC","WET","Y","","","","41","False","","","","Active","HYQU","M-HYQU-0017","MR-HYQU-0017-V1","2026-09-27T04:00:00Z","1.38000000000000","107690.920000000","78036.8985507246","2026-09-11T04:34:08Z","2026-04-24T15:31:51Z","106","106","False","80fd8cf2-7c1e-4ae3-9c94-ab2283045e9c","HYDRO QUEBEC","1002812-22","MR-HYQU-0017-V1","soleil.anker@ermco-eci.com","soleil.anker@ermco-eci.com"
"72","","","22011","37","311","2","Standard","2026-04-14T04:00:00Z","2027-07-01T04:00:00Z","16","","2027-02-11T05:00:00Z","","","","","","","","","","","","","","","","","MGE094215","101027.37","WI","WET","Y","","","","78","True","","","","Active","MAGA","M-MAGA-0008","MR-MAGA-0008-V1","2026-11-02T05:00:00Z","1.38000000000000","139417.770600000","101027.370000000","2026-09-11T04:59:30Z","2026-04-24T15:31:51Z","106","106","False","7807a8d9-48da-4715-b7e2-1e38736838e7","MADISON GAS § ELECTRIC","104129","MR-MAGA-0008-V1","soleil.anker@ermco-eci.com","soleil.anker@ermco-eci.com"
"73","","","21794","115","98","5","Standard","2025-09-11T04:00:00Z","2026-09-24T04:00:00Z","28","","2026-02-12T05:00:00Z","","","","","","","","","","","","","","","","","4513423898","72355.53","QC","WET","Y","","","","39","False","True","Confirmed","","Active","HYQU","M-HYQU-0016","MR-HYQU-0016-V1","2026-06-24T04:00:00Z","1.38000000000000","72355.5300000000","52431.5434782609","2026-09-10T22:15:40Z","2026-04-24T15:31:52Z","106","106","False","5c7cf5e7-674b-4a55-9e47-689be3eadfec","HYDRO QUEBEC","1002801-22","MR-HYQU-0016-V1","soleil.anker@ermco-eci.com","soleil.anker@ermco-eci.com"
"74","","","21793","115","96","5","Standard","2025-09-11T04:00:00Z","2026-09-24T04:00:00Z","28","","2026-02-12T05:00:00Z","","","","","","","","","","","","","","","","","4513423898","26628.57","QC","WET","Y","","","","35","False","True","Confirmed","","Active","HYQU","M-HYQU-0014","MR-HYQU-0014-V1","2026-06-24T04:00:00Z","1.38000000000000","26628.5700000000","19296.0652173913","2026-09-11T04:17:53Z","2026-04-24T15:31:52Z","106","106","False","1a8a1acf-a804-4626-a8d0-636fbe1ed502","HYDRO QUEBEC","1002458-22","MR-HYQU-0014-V1","soleil.anker@ermco-eci.com","soleil.anker@ermco-eci.com"
"75","","","21832","115","99","11","Standard","2025-10-16T04:00:00Z","2026-10-30T04:00:00Z","28","","2026-03-20T04:00:00Z","","","","","","","","","","","","","","","","","4513454476","107690.92","QC","WET","N","","","","41","False","True","Confirmed","","Active","HYQU","M-HYQU-0017","MR-HYQU-0017-V1","2026-07-29T04:00:00Z","1.38000000000000","107690.920000000","78036.8985507246","2026-09-11T04:19:58Z","2026-04-24T15:31:53Z","106","106","False","fda32ff5-0ec3-4274-9f5b-d4af497b11c9","HYDRO QUEBEC","1002812-22","MR-HYQU-0017-V1","soleil.anker@ermco-eci.com","soleil.anker@ermco-eci.com"
"76","","","21876","115","99","5","Standard","2025-11-19T05:00:00Z","2026-11-26T05:00:00Z","28","","2026-04-16T04:00:00Z","","","","","","","","","","","","","","","","","4513486769","107690.92","QC","WET","Y","","","","41","False","","","","Active","HYQU","M-HYQU-0017","MR-HYQU-0017-V1","2026-09-01T04:00:00Z","1.38000000000000","107690.920000000","78036.8985507246","2026-09-11T04:22:14Z","2026-04-24T15:31:54Z","106","106","False","0660b18f-1f58-4933-8cea-c877370a5b43","HYDRO QUEBEC","1002812-22","MR-HYQU-0017-V1","soleil.anker@ermco-eci.com","soleil.anker@ermco-eci.com"
"77","","","22010","37","313","2","Standard","2026-04-14T04:00:00Z","2027-05-31T04:00:00Z","16","","2027-01-11T05:00:00Z","","","","","","","","","","","","","","","","","MGE094214","115758.66","WI","WET","Y","","","","80","False","","","","Active","MAGA","M-MAGA-0010","MR-MAGA-0010-V1","2026-11-02T05:00:00Z","1.38000000000000","159746.950800000","115758.660000000","2026-09-11T04:55:06Z","2026-04-24T15:31:55Z","106","106","False","33f35905-7f90-43c7-bc41-4b2ddc6313a4","MADISON GAS § ELECTRIC","104131","MR-MAGA-0010-V1","soleil.anker@ermco-eci.com","soleil.anker@ermco-eci.com"
"78","","","21874","115","96","5","Standard","2025-11-19T05:00:00Z","2026-11-26T05:00:00Z","28","","2026-04-16T04:00:00Z","","","","","","","","","","","","","","","","","4513486769","26628.57","QC","WET","Y","","","","35","False","","","","Active","HYQU","M-HYQU-0014","MR-HYQU-0014-V1","2026-09-01T04:00:00Z","1.38000000000000","26628.5700000000","19296.0652173913","2026-09-11T04:20:53Z","2026-04-24T15:31:55Z","106","106","False","44ef184b-ec71-49ca-879b-d57591d5d0e9","HYDRO QUEBEC","1002458-22","MR-HYQU-0014-V1","soleil.anker@ermco-eci.com","soleil.anker@ermco-eci.com"
"79","","","21823","115","466","2","Standard","2025-10-16T04:00:00Z","2026-04-30T04:00:00Z","28","","2025-09-18T04:00:00Z","","","","","","","","","","","","","","","","","","","","","","","","","22","","","","","","HYQU","M-HYQU-0001","MR-HYQU-0001-V1","2026-07-29T04:00:00Z","1.38000000000000","","","2026-09-10T22:15:40Z","2026-04-24T15:31:56Z","106","106","False","704b64be-1539-4723-b52f-ba91fdb2a792","HYDRO QUEBEC","1001912-22A","MR-HYQU-0001-V1","soleil.anker@ermco-eci.com","soleil.anker@ermco-eci.com"
"80","","","22009","37","320","2","Standard","2026-04-14T04:00:00Z","2027-04-30T04:00:00Z","16","","2026-12-11T05:00:00Z","","","","","","","","","","","","","","","","","MGE094213","105238.28","WI","WET","Y","","","","117","False","","","","Active","MAGA","M-MAGA-0013","MR-MAGA-0013-V1","2026-11-02T05:00:00Z","1.38000000000000","145228.826400000","105238.280000000","2026-09-11T04:52:59Z","2026-04-24T15:31:57Z","106","106","False","1d1e2cb4-46d4-4913-b8f2-c9fa1aa0fc2c","MADISON GAS § ELECTRIC","116807","MR-MAGA-0013-V1","soleil.anker@ermco-eci.com","soleil.anker@ermco-eci.com"
"81","","","22008","37","320","2","Standard","2026-04-14T04:00:00Z","2027-03-31T04:00:00Z","16","","2026-11-11T05:00:00Z","","","","","","","","","","","","","","","","","MGE094212","100894.37","WI","WET","Y","","","","117","False","","","","Active","MAGA","M-MAGA-0013","MR-MAGA-0013-V1","2026-11-02T05:00:00Z","1.38000000000000","139234.230600000","100894.370000000","2026-09-11T04:51:06Z","2026-04-24T15:31:58Z","106","106","False","1c81a5cd-5dda-4c43-9dd0-69f4962315fc","MADISON GAS § ELECTRIC","116807","MR-MAGA-0013-V1","soleil.anker@ermco-eci.com","soleil.anker@ermco-eci.com"
"82","","","22007","37","313","2","Standard","2026-04-14T04:00:00Z","2027-02-28T05:00:00Z","16","","2026-10-11T04:00:00Z","","","","","","","","","","","","","","","","","MGE094211","115758.66","WI","WET","Y","","","","80","False","","","","Active","MAGA","M-MAGA-0010","MR-MAGA-0010-V1","2026-11-02T05:00:00Z","1.38000000000000","159746.950800000","115758.660000000","2026-09-11T04:39:46Z","2026-04-24T15:31:58Z","106","106","False","0e0081ce-6491-465c-bd82-8f48de2d64c6","MADISON GAS § ELECTRIC","104131","MR-MAGA-0010-V1","soleil.anker@ermco-eci.com","soleil.anker@ermco-eci.com"
"83","","","22006","37","311","2","Standard","2026-04-14T04:00:00Z","2027-01-31T05:00:00Z","16","","2026-09-13T04:00:00Z","","","","","","","","","","","","","","","","","MGE094210","101027.37","WI","WET","Y","","","","78","True","","","","Active","MAGA","M-MAGA-0008","MR-MAGA-0008-V1","2026-11-02T05:00:00Z","1.38000000000000","139417.770600000","101027.370000000","2026-09-11T04:54:33Z","2026-04-24T15:31:59Z","106","106","False","c0e2ca14-65dd-41c4-b14e-422a847addb9","MADISON GAS § ELECTRIC","104129","MR-MAGA-0008-V1","soleil.anker@ermco-eci.com","soleil.anker@ermco-eci.com"
"84","","","21870","115","109","3","Standard","2025-11-19T05:00:00Z","2026-05-28T04:00:00Z","28","","2025-10-16T04:00:00Z","","","","","","","","","","","","","","","","","4513486764","101432.03","QC","WET","Y","","","","97","","","","","","HYQU","M-HYQU-0027","MR-HYQU-0027-V1","2026-09-01T04:00:00Z","1.38000000000000","101432.030000000","73501.4710144928","2026-09-10T22:15:40Z","2026-04-24T15:32:00Z","106","106","False","09d46cf6-30d9-4f20-b4eb-d324b7653be7","HYDRO QUEBEC","1144341-22","MR-HYQU-0027-V1","soleil.anker@ermco-eci.com","soleil.anker@ermco-eci.com"
"86","","","22005","37","311","2","Standard","","2027-01-14T05:00:00Z","16","","2026-08-27T04:00:00Z","","","","","","","","","","","","","","","","","MGE094209","101027.37","WI","WET","Y","","","","78","True","","","","Active","MAGA","M-MAGA-0008","MR-MAGA-0008-V1","","","","","2026-09-11T04:33:51Z","2026-04-24T15:37:39Z","106","106","False","560c8e13-3c71-471d-be66-75d0b9acb613","MADISON GAS § ELECTRIC","104129","MR-MAGA-0008-V1","soleil.anker@ermco-eci.com","soleil.anker@ermco-eci.com"
"87","","","21895","115","90","8","Standard","2025-12-15T05:00:00Z","2026-06-25T04:00:00Z","28","","2025-11-13T05:00:00Z","","","","","","","","","","","","","","","","","4513512803","44816.62","QC","WET","Y","","","","24","","","","","","HYQU","M-HYQU-0008","MR-HYQU-0008-V1","2026-09-27T04:00:00Z","1.38000000000000","44816.6200000000","32475.8115942029","2026-09-10T22:15:41Z","2026-04-24T15:37:40Z","106","106","False","724dd210-aa34-470f-a8e5-30c95f0552fd","HYDRO QUEBEC","1002104-22","MR-HYQU-0008-V1","soleil.anker@ermco-eci.com","soleil.anker@ermco-eci.com"
"88","","","22004","73","241","2","Standard","2026-04-13T04:00:00Z","2027-04-07T04:00:00Z","20","","2026-10-21T04:00:00Z","","","","","","","","","","","","","","","","","4502151901","78616","MN","WET","Y","","","","88","False","","","","Active","XCEN","M-XCEN-0001","MR-XCEN-0001-V1","2026-11-29T05:00:00Z","1.38000000000000","108490.080000000","78616.0000000000","2026-09-11T04:52:00Z","2026-04-24T15:37:41Z","106","106","False","9816cfd4-4c0d-4ffd-a0bd-f8aeb8798271","XCEL ENERGY NORTHERN","108860","MR-XCEN-0001-V1","soleil.anker@ermco-eci.com","soleil.anker@ermco-eci.com"
"89","","","21943","115","90","8","Standard","2026-02-11T05:00:00Z","2026-08-27T04:00:00Z","28","","2026-01-15T05:00:00Z","","","","","","","","","","","","","","","","","4513563161 ","44816.62","QC","WET","Y","","","","24","False","","","","Active","HYQU","M-HYQU-0008","MR-HYQU-0008-V1","2026-11-24T05:00:00Z","1.38000000000000","44816.6200000000","32475.8115942029","2026-09-11T04:15:07Z","2026-04-24T15:37:41Z","106","106","False","59f2c9f9-ee0c-481b-8b8d-7a9ed7885888","HYDRO QUEBEC","1002104-22","MR-HYQU-0008-V1","soleil.anker@ermco-eci.com","soleil.anker@ermco-eci.com"
"90","","","21838","23","136","5","Standard","2025-10-03T04:00:00Z","2026-08-31T04:00:00Z","18","","2026-03-30T04:00:00Z","","","","","","","","","","","","","","","","","GPC11541688","87188","USA","WET","N","","","","140","True","True","Pending","","Active","GEPO","M-GEPO-0006","MR-GEPO-0006-V1","2026-05-07T04:00:00Z","1.38000000000000","120319.440000000","87188.0000000000","2026-09-10T22:15:41Z","2026-04-24T15:37:42Z","106","106","False","43b344ae-34e8-4e3d-9229-588d7cda6b13","GEORGIA POWER","132114","MR-GEPO-0006-V1","soleil.anker@ermco-eci.com","soleil.anker@ermco-eci.com"
"91","","","22003","115","99","5","Standard","2026-04-10T04:00:00Z","2027-04-29T04:00:00Z","28","","2026-09-17T04:00:00Z","","","","","","","","","","","","","","","","","4513621573","106687.31","QC","WET","Y","","","","41","True","","","","Active","HYQU","M-HYQU-0017","MR-HYQU-0017-V1","2027-01-21T05:00:00Z","1.39000000000000","106687.310000000","76753.4604316547","2026-09-11T04:53:20Z","2026-04-24T15:37:43Z","106","106","False","ccee4ad2-bb28-4bf4-8904-c6f114c3e087","HYDRO QUEBEC","1002812-22","MR-HYQU-0017-V1","soleil.anker@ermco-eci.com","soleil.anker@ermco-eci.com"
"92","","","21858","35","191","2","Standard","2025-11-05T05:00:00Z","2026-06-01T04:00:00Z","20","","2025-12-15T05:00:00Z","","","","","","","","","","","","","","","","","1155481-4","64199.34","USA","WET","","","","","87","","","","","","LGEN","M-LGEN-0007","MR-LGEN-0007-V1","2026-06-23T04:00:00Z","1.38000000000000","88595.0892000000","64199.3400000000","2026-09-10T22:15:42Z","2026-04-24T15:37:43Z","106","106","False","19ee7bd6-115a-4e66-b681-75f96c1b08c2","LG§E","1073194","MR-LGEN-0007-V1","soleil.anker@ermco-eci.com","soleil.anker@ermco-eci.com"
"93","","","21830","115","94","5","Standard","2025-10-16T04:00:00Z","2026-10-30T04:00:00Z","28","","2026-03-20T04:00:00Z","","","","","","","","","","","","","","","","","4513454476","51494.7","QC","WET","Y","","","","30","False","True","Confirmed","","Active","HYQU","M-HYQU-0012","MR-HYQU-0012-V1","2026-07-29T04:00:00Z","1.38000000000000","51494.7000000000","37315.0000000000","2026-09-11T04:17:10Z","2026-04-24T15:37:44Z","106","106","False","ee56fccf-ea4a-4bda-821b-f8fcf4c846f6","HYDRO QUEBEC","1002394-22","MR-HYQU-0012-V1","soleil.anker@ermco-eci.com","soleil.anker@ermco-eci.com"
"94","","","21873","115","90","8","Standard","2025-11-19T05:00:00Z","2026-11-26T05:00:00Z","28","","2026-04-16T04:00:00Z","","","","","","","","","","","","","","","","","4513486769","44816.62","QC","WET","Y","","","","24","False","","","","Active","HYQU","M-HYQU-0008","MR-HYQU-0008-V1","2026-09-01T04:00:00Z","1.38000000000000","44816.6200000000","32475.8115942029","2026-09-11T04:20:17Z","2026-04-24T15:37:45Z","106","106","False","fe059ac2-0c9b-4af9-8f86-54771e54f4e2","HYDRO QUEBEC","1002104-22","MR-HYQU-0008-V1","soleil.anker@ermco-eci.com","soleil.anker@ermco-eci.com"
"95","","","21869","115","98","6","Standard","2025-11-19T05:00:00Z","2026-05-28T04:00:00Z","28","","2025-10-16T04:00:00Z","","","","","","","","","","","","","","","","","4513486764","72355.53","QC","WET","Y","","","","39","","","","","","HYQU","M-HYQU-0016","MR-HYQU-0016-V1","2026-09-01T04:00:00Z","1.38000000000000","72355.5300000000","52431.5434782609","2026-09-10T22:15:41Z","2026-04-24T15:37:46Z","106","106","False","7eb0ee04-b27c-46e8-81db-e601a6d12b44","HYDRO QUEBEC","1002801-22","MR-HYQU-0016-V1","soleil.anker@ermco-eci.com","soleil.anker@ermco-eci.com"
"96","","","21974","115","90","5","Standard","2026-03-15T04:00:00Z","2027-03-25T04:00:00Z","28","","2026-08-13T04:00:00Z","","","","","","","","","","","","","","","","","4513596095","44665.15","QC","WET","Y","","","","24","False","","","","Active","HYQU","M-HYQU-0008","MR-HYQU-0008-V1","2026-12-26T05:00:00Z","1.38000000000000","44665.1500000000","32366.0507246377","2026-09-11T04:42:56Z","2026-04-24T15:37:46Z","106","106","False","905b05f1-5ee8-43ee-9cc5-ce453c30b98e","HYDRO QUEBEC","1002104-22","MR-HYQU-0008-V1","soleil.anker@ermco-eci.com","soleil.anker@ermco-eci.com"
"97","","","21499","115","378","3","Standard","2024-06-12T04:00:00Z","2027-06-03T04:00:00Z","28","","2026-10-22T04:00:00Z","","","","","","","","","","","","","","","","","4513030221","728790.33","QC","WETP","Y","","True","","192","True","","","","Active","HYQU","M-HYQU-0068","MR-HYQU-0068-V1","2025-03-25T04:00:00Z","1.44000000000000","728790.330000000","506104.395833333","2026-09-11T05:10:36Z","2026-04-24T15:37:47Z","106","106","False","efcfba9a-e6b4-4bbe-b3b7-11c700b02647","HYDRO QUEBEC","4261870","MR-HYQU-0068-V1","soleil.anker@ermco-eci.com","soleil.anker@ermco-eci.com"
"98","","","21981","115","398","1","Standard","2026-03-15T04:00:00Z","2027-12-16T05:00:00Z","28","","2027-05-06T04:00:00Z","","","","","","","","","","","","","","","","","4513571697","541210.51","QC","WET","Y","","True","","114","True","","","","Active","HYQU","M-HYQU-0076","MR-HYQU-0076-V1","2026-12-26T05:00:00Z","1.38000000000000","541210.510000000","392181.528985507","2026-09-11T05:07:36Z","2026-04-24T15:37:48Z","106","106","False","c3b586b7-b6e8-456a-bfa0-1a3a833b58f7","HYDRO QUEBEC","4251081/1166353","MR-HYQU-0076-V1","soleil.anker@ermco-eci.com","soleil.anker@ermco-eci.com"
"99","","","21987","115","403","1","Standard","2026-03-17T04:00:00Z","2027-11-30T05:00:00Z","28","","2027-04-20T04:00:00Z","","","","","","","","","","","","","","","","","4513571697","868176.46","QC","WET","Y","","True","","124","True","True","","","Active","HYQU","M-HYQU-0081","MR-HYQU-0081-V1","2026-12-28T05:00:00Z","1.38000000000000","868176.460000000","629113.376811594","2026-09-11T05:07:25Z","2026-04-24T15:37:48Z","106","106","False","91309192-eb23-4e7f-b310-5b4e266652ff","HYDRO QUEBEC","4276691/1189843","MR-HYQU-0081-V1","soleil.anker@ermco-eci.com","soleil.anker@ermco-eci.com"
"100","","","21857","35","190","2","Standard","2025-11-05T05:00:00Z","2026-06-01T04:00:00Z","20","","2025-12-15T05:00:00Z","","","","","","","","","","","","","","","","","1155481-4","55854.28","USA","WET","","","","","86","","","","","","LGEN","M-LGEN-0006","MR-LGEN-0006-V1","2026-06-23T04:00:00Z","1.38000000000000","77078.9064000000","55854.2800000000","2026-09-10T22:15:42Z","2026-04-24T15:37:49Z","106","106","False","f07dd880-b6af-4815-98eb-490bf0f58928","LG§E","1073186","MR-LGEN-0006-V1","soleil.anker@ermco-eci.com","soleil.anker@ermco-eci.com"
"101","","","22002","115","98","3","Standard","2026-04-10T04:00:00Z","2027-04-29T04:00:00Z","28","","2026-09-17T04:00:00Z","","","","","","","","","","","","","","","","","4513621573","71681.23","QC","WET","Y","","","","39","True","","","","Active","HYQU","M-HYQU-0016","MR-HYQU-0016-V1","2027-01-21T05:00:00Z","1.39000000000000","71681.2300000000","51569.2302158273","2026-09-11T04:52:50Z","2026-04-24T15:37:50Z","106","106","False","ed68dce4-b596-4769-a913-e02b1e3d6273","HYDRO QUEBEC","1002801-22","MR-HYQU-0016-V1","soleil.anker@ermco-eci.com","soleil.anker@ermco-eci.com"
"102","","","21408","115","440","1","Standard","2024-04-16T04:00:00Z","2026-01-30T05:00:00Z","28","","2025-06-20T04:00:00Z","","","","","","","","","","","","","","","","","4512977310","626750","QC","WET","Y","","True","","344","True","False","","","Active","HYQU","M-HYQU-0092","MR-HYQU-0092-V1","2025-01-27T05:00:00Z","1.44000000000000","626750.000000000","435243.055555556","2026-09-10T22:15:42Z","2026-04-24T15:37:50Z","106","106","False","58d47a83-0f8e-4e71-abd9-cf64ecdbca79","HYDRO QUEBEC","TMP9","MR-HYQU-0092-V1","soleil.anker@ermco-eci.com","soleil.anker@ermco-eci.com"
"103","","","21778","57","467","1","Standard","2025-08-21T04:00:00Z","2026-05-31T04:00:00Z","26","","2025-11-02T04:00:00Z","","","","","","","","","","","","","","","","","2025-P010","162650","ON","WETP","N","","","","312","","","","","","POWE","M-POWE-0001","MR-POWE-0001-V1","2026-05-20T04:00:00Z","1.38000000000000","162650.000000000","117862.318840580","2026-08-21T05:28:16Z","2026-04-24T15:37:51Z","106","106","False","1d755f03-7d4b-4fff-a69c-b3628918d684","POWERTECK","G21778","MR-POWE-0001-V1","soleil.anker@ermco-eci.com","soleil.anker@ermco-eci.com"
"104","","","21819","23","132","5","Standard","2025-10-03T04:00:00Z","2026-05-31T04:00:00Z","18","","2025-12-28T05:00:00Z","","","","","","","","","","","","","","","","","GPC11541688","471735.89","USA","WET","N","","","","136","","","","","","GEPO","M-GEPO-0002","MR-GEPO-0002-V1","2026-05-07T04:00:00Z","1.38000000000000","650995.528200000","471735.890000000","2026-09-10T22:15:42Z","2026-04-24T15:37:52Z","106","106","False","14d3eaa1-60ff-4a17-851c-c9b83e1b3609","GEORGIA POWER","132110","MR-GEPO-0002-V1","soleil.anker@ermco-eci.com","soleil.anker@ermco-eci.com"
"105","","","21719","115","96","5","Standard","2025-05-15T04:00:00Z","2026-05-31T04:00:00Z","28","","2025-10-19T04:00:00Z","","","","","","","","","","","","","","","","","4513323196","24979.69","QC","WET","N","","","","35","","","","","","HYQU","M-HYQU-0014","MR-HYQU-0014-V1","2026-02-25T05:00:00Z","1.38000000000000","24979.6900000000","18101.2246376812","2026-09-10T22:15:42Z","2026-04-24T15:37:53Z","106","106","False","6e5c66a7-e598-4624-9cb8-89b1af71fa81","HYDRO QUEBEC","1002458-22","MR-HYQU-0014-V1","soleil.anker@ermco-eci.com","soleil.anker@ermco-eci.com"
"106","","","22001","115","94","8","Standard","2026-04-10T04:00:00Z","2027-04-29T04:00:00Z","28","","2026-09-17T04:00:00Z","","","","","","","","","","","","","","","","","4513621573","51415.46","QC","WET","Y","","","","30","True","","","","Active","HYQU","M-HYQU-0012","MR-HYQU-0012-V1","2027-01-21T05:00:00Z","1.39000000000000","51415.4600000000","36989.5395683453","2026-09-11T04:53:12Z","2026-04-24T15:37:53Z","106","106","False","e821a1f4-3868-45cd-b021-224c090fae9f","HYDRO QUEBEC","1002394-22","MR-HYQU-0012-V1","soleil.anker@ermco-eci.com","soleil.anker@ermco-eci.com"
"107","","","21894","115","89","4","Standard","2025-12-15T05:00:00Z","2026-06-25T04:00:00Z","28","","2025-11-13T05:00:00Z","","","","","","","","","","","","","","","","","4513512803","91836","QC","WET","Y","","","","21","","","","","","HYQU","M-HYQU-0007","MR-HYQU-0007-V1","2026-09-27T04:00:00Z","1.38000000000000","91836.0000000000","66547.8260869565","2026-09-10T22:15:42Z","2026-04-24T15:37:54Z","106","106","False","f09c657e-56cd-4895-986e-0046446320e7","HYDRO QUEBEC","1001912-22","MR-HYQU-0007-V1","soleil.anker@ermco-eci.com","soleil.anker@ermco-eci.com"
"108","","","21998","115","88","3","Standard","2026-04-10T04:00:00Z","2026-10-30T04:00:00Z","28","","2026-03-20T04:00:00Z","","","","","","","","","","","","","","","","","4513621572","64592.28","QC","WET","Y","","","","20","True","","","","Active","HYQU","M-HYQU-0006","MR-HYQU-0006-V1","2027-01-21T05:00:00Z","1.39000000000000","64592.2800000000","46469.2661870504","2026-09-11T04:19:33Z","2026-04-24T15:37:55Z","106","106","False","ee58a93e-de95-41e6-8f4c-455afa3b0ab4","HYDRO QUEBEC","1001903-22","MR-HYQU-0006-V1","soleil.anker@ermco-eci.com","soleil.anker@ermco-eci.com"
"109","","","21720","115","94","5","Standard","2025-05-15T04:00:00Z","2026-05-31T04:00:00Z","28","","2025-10-19T04:00:00Z","","","","","","","","","","","","","","","","","4513323196","48306.08","QC","WET","N","","","","30","","","","","","HYQU","M-HYQU-0012","MR-HYQU-0012-V1","2026-02-25T05:00:00Z","1.38000000000000","48306.0800000000","35004.4057971015","2026-09-10T22:15:42Z","2026-04-24T15:37:55Z","106","106","False","10fe79f7-3c60-4a89-9474-8eef6d3147e5","HYDRO QUEBEC","1002394-22","MR-HYQU-0012-V1","soleil.anker@ermco-eci.com","soleil.anker@ermco-eci.com"
"110","","","21810","27","267","3","Standard","2025-09-23T04:00:00Z","2026-06-30T04:00:00Z","18","","2026-01-27T05:00:00Z","","","","","","","","","","","","","","","","","163220","37800","ON","WET","N","","","","229","","","","","","OTHY","M-OTHY-0003","MR-OTHY-0003-V1","2026-04-27T04:00:00Z","1.38000000000000","37800.0000000000","27391.3043478261","2026-09-10T22:15:42Z","2026-04-24T15:37:56Z","106","106","False","df02f73c-f2f0-4e12-b734-6226c4228cea","OTTAWA HYDRO","617141","MR-OTHY-0003-V1","soleil.anker@ermco-eci.com","soleil.anker@ermco-eci.com"
"111","","","21657","27","336","1","Standard","2025-03-19T04:00:00Z","2025-10-31T04:00:00Z","18","","2025-05-30T04:00:00Z","","","","","","","","","","","","","","","","","156744","102000","ON","WET","N","","","","198","True","True","Confirmed","","Active","OTHY","M-OTHY-0010","MR-OTHY-0010-V1","2025-10-21T04:00:00Z","1.44000000000000","102000.000000000","70833.3333333333","2026-09-11T04:15:36Z","2026-04-24T15:37:57Z","106","106","False","1d4d58ae-b773-4fa2-b191-78ce6eafabe2","OTTAWA HYDRO","518563","MR-OTHY-0010-V1","soleil.anker@ermco-eci.com","soleil.anker@ermco-eci.com"
"112","","","21878","115","88","2","Standard","2025-11-19T05:00:00Z","2026-05-28T04:00:00Z","28","","2025-10-16T04:00:00Z","","","","","","","","","","","","","","","","","4513486760","64691.83","QC","WET","Y","","","","20","","","","","","HYQU","M-HYQU-0006","MR-HYQU-0006-V1","2026-09-01T04:00:00Z","1.38000000000000","64691.8300000000","46878.1376811594","2026-09-10T22:15:44Z","2026-04-24T15:37:58Z","106","106","False","d45b23c0-96eb-4042-a8e6-42ba4f75fd2d","HYDRO QUEBEC","1001903-22","MR-HYQU-0006-V1","soleil.anker@ermco-eci.com","soleil.anker@ermco-eci.com"
"113","","","21611","115","375","1","Standard","2025-01-09T05:00:00Z","2026-06-30T04:00:00Z","28","","2025-11-18T05:00:00Z","","","","","","","","","","","","","","","","","4513196682","772406.6","QC","WET","Y","","True","","189","True","","Confirmed","","Active","HYQU","M-HYQU-0065","MR-HYQU-0065-V1","2025-10-22T04:00:00Z","1.44000000000000","772406.600000000","536393.472222222","2026-09-11T08:36:29Z","2026-04-24T15:37:58Z","106","106","False","acb17246-671c-4f50-9f48-5e94be9efb18","HYDRO QUEBEC","4251082","MR-HYQU-0065-V1","soleil.anker@ermco-eci.com","soleil.anker@ermco-eci.com"
"114","","","22000","115","91","8","Standard","2026-04-10T04:00:00Z","2027-04-29T04:00:00Z","28","","2026-09-17T04:00:00Z","","","","","","","","","","","","","","","","","4513621573","34797.62","QC","WET","Y","","","","26","True","","","","Active","HYQU","M-HYQU-0009","MR-HYQU-0009-V1","2027-01-21T05:00:00Z","1.39000000000000","34797.6200000000","25034.2589928058","2026-09-11T04:52:37Z","2026-04-24T15:37:59Z","106","106","False","1f0a965c-f02c-4903-82a1-b4e7cb4e94b1","HYDRO QUEBEC","1002113-22","MR-HYQU-0009-V1","soleil.anker@ermco-eci.com","soleil.anker@ermco-eci.com"
"115","","","21885","27","271","3","Standard","2025-11-26T05:00:00Z","2026-04-10T04:00:00Z","18","","2025-11-07T05:00:00Z","","","","","","","","","","","","","","","","","164776-OP","67130","ON","WET","N","","","","234","","","","","","OTHY","M-OTHY-0007","MR-OTHY-0007-V1","2026-06-30T04:00:00Z","1.38000000000000","67130.0000000000","48644.9275362319","2026-09-10T22:15:43Z","2026-04-24T15:38:00Z","106","106","False","498409f5-87c4-4d32-9ded-6924c8afdf0b","OTTAWA HYDRO","618509","MR-OTHY-0007-V1","soleil.anker@ermco-eci.com","soleil.anker@ermco-eci.com"
"116","","","21912","23","146","10","Standard","2026-01-08T05:00:00Z","2027-01-15T05:00:00Z","18","","2026-08-14T04:00:00Z","","","","","","","","","","","","","","","","","GPC11563097","172093","GA","WET","","","","","150","True","","","","Active","GEPO","M-GEPO-0016","MR-GEPO-0016-V1","2026-08-12T04:00:00Z","1.38000000000000","237488.340000000","172093.000000000","2026-09-11T04:14:45Z","2026-04-24T15:38:00Z","106","106","False","e1f84282-215a-4483-aa93-0d2a8736eda2","GEORGIA POWER","132130","MR-GEPO-0016-V1","soleil.anker@ermco-eci.com","soleil.anker@ermco-eci.com"
"117","","","21914","100","395","2","Standard","2026-01-14T05:00:00Z","2026-06-26T04:00:00Z","26","","2025-11-28T05:00:00Z","","","","","","","","","","","","","","","","","62508464","123155","NO","WET","N","","","","203","","","","","","ENTE","M-ENTE-0001","M-ENTE-0001","2026-10-13T04:00:00Z","1.38000000000000","169953.900000000","123155.000000000","2026-08-21T05:28:36Z","2026-04-24T15:38:02Z","106","106","False","c369273a-1f2d-41f9-b44b-0b75d92fe587","ENTERGY","6000000974","MR-ENTE-0001-V1","soleil.anker@ermco-eci.com","soleil.anker@ermco-eci.com"
"118","","","21888","27","266","3","Standard","2025-11-28T05:00:00Z","2026-05-01T04:00:00Z","18","","2025-11-28T05:00:00Z","","","","","","","","","","","","","","","","","164990","51080","ON","WET","N","","","","228","","","","","","OTHY","M-OTHY-0002","MR-OTHY-0002-V1","2026-07-02T04:00:00Z","1.38000000000000","51080.0000000000","37014.4927536232","2026-09-10T22:15:43Z","2026-04-24T15:38:02Z","106","106","False","07bdd9f0-76d4-4c5a-afdc-174be723cff3","OTTAWA HYDRO","617070","MR-OTHY-0002-V1","soleil.anker@ermco-eci.com","soleil.anker@ermco-eci.com"
"119","","","21893","115","88","4","Standard","2025-12-15T05:00:00Z","2026-06-25T04:00:00Z","28","","2025-11-13T05:00:00Z","","","","","","","","","","","","","","","","","4513512803","64691.83","QC","WET","Y","","","","20","","","","","","HYQU","M-HYQU-0006","MR-HYQU-0006-V1","2026-09-27T04:00:00Z","1.38000000000000","64691.8300000000","46878.1376811594","2026-09-10T22:15:43Z","2026-04-24T15:38:02Z","106","106","False","5c45ca6f-2635-4494-8206-6e91ab53037e","HYDRO QUEBEC","1001903-22","MR-HYQU-0006-V1","soleil.anker@ermco-eci.com","soleil.anker@ermco-eci.com"
"120","","","21735","73","242","1","Standard","2025-06-06T04:00:00Z","2026-05-31T04:00:00Z","20","","2025-12-14T05:00:00Z","","","","","","","","","","","","","","","","","4501901744","77598.68","US","WET","Y","","","","89","","","","","","XCEN","M-XCEN-0002","M-XCEN-0002","2026-01-22T05:00:00Z","1.38000000000000","107086.178400000","77598.6800000000","2026-09-10T22:15:43Z","2026-04-24T15:38:03Z","106","106","False","5143fa36-6c59-4e9c-9a5c-8390e2530ea9","XCEL ENERGY NORTHERN","108863","MR-XCEN-0002-V1","soleil.anker@ermco-eci.com","soleil.anker@ermco-eci.com"
"121","","","21756","33","239","3","Standard","2025-07-04T04:00:00Z","2026-05-31T04:00:00Z","16","","2026-01-11T05:00:00Z","","","","","","","","","","","","","","","","","P91720","69891.57","US","WET","N","","","","319","","","","","","KORT","M-KORT-0004","MR-KORT-0004-V1","2026-01-22T05:00:00Z","1.38000000000000","96450.3666000000","69891.5700000000","2026-09-10T22:15:44Z","2026-04-24T15:38:04Z","106","106","False","e00843cf-1524-4ab5-b7d1-b0a6349f8493","KORTICK","KSMUD10011582","MR-KORT-0004-V1","soleil.anker@ermco-eci.com","soleil.anker@ermco-eci.com"
"122","","","21809","27","264","3","Standard","2025-09-23T04:00:00Z","2026-06-30T04:00:00Z","18","","2026-01-27T05:00:00Z","","","","","","","","","","","","","","","","","163220","36425","ON","WET","N","","","","226","","","","","","OTHY","M-OTHY-0001","MR-OTHY-0001-V1","2026-04-27T04:00:00Z","1.38000000000000","36425.0000000000","26394.9275362319","2026-09-10T22:15:44Z","2026-04-24T15:38:05Z","106","106","False","735ba5c9-b3b5-4cb0-ab7f-aa0903caf0c5","OTTAWA HYDRO","616164","MR-OTHY-0001-V1","soleil.anker@ermco-eci.com","soleil.anker@ermco-eci.com"
"123","","","21997","115","99","4","Standard","2026-04-10T04:00:00Z","2026-10-30T04:00:00Z","28","","2026-03-20T04:00:00Z","","","","","","","","","","","","","","","","","4513621572","106687.31","QC","WET","Y","","","","41","True","","","","Active","HYQU","M-HYQU-0017","MR-HYQU-0017-V1","2027-01-21T05:00:00Z","1.39000000000000","106687.310000000","76753.4604316547","2026-09-11T04:18:27Z","2026-04-24T15:38:05Z","106","106","False","570d8602-de66-4fa9-a5cc-a851de44c089","HYDRO QUEBEC","1002812-22","MR-HYQU-0017-V1","soleil.anker@ermco-eci.com","soleil.anker@ermco-eci.com"
"124","","","21899","115","106","2","Standard","2025-12-15T05:00:00Z","2026-06-25T04:00:00Z","28","","2025-11-13T05:00:00Z","","","","","","","","","","","","","","","","","4513512803","85848.73","QC","WET","Y","","","","53","","","","","","HYQU","M-HYQU-0024","MR-HYQU-0024-V1","2026-09-27T04:00:00Z","1.38000000000000","85848.7300000000","62209.2246376812","2026-09-10T22:15:44Z","2026-04-24T15:38:05Z","106","106","False","ae2f1e19-5b81-4cf7-847a-50cc3a96d214","HYDRO QUEBEC","1002890-22","MR-HYQU-0024-V1","soleil.anker@ermco-eci.com","soleil.anker@ermco-eci.com"
"125","","","21992","27","271","6","Standard","2026-04-10T04:00:00Z","2026-09-30T04:00:00Z","18","","2026-04-29T04:00:00Z","","","","","","","","","","","","","","","","","168281 - OP","50985","ON","WET","N","","","","234","False","","","","Active","OTHY","M-OTHY-0007","MR-OTHY-0007-V1","2026-11-12T05:00:00Z","1.38000000000000","50985.0000000000","36945.6521739130","2026-09-11T04:24:24Z","2026-04-24T15:38:07Z","106","106","False","c7f04dee-f3a1-46a2-9a44-e82d7e9ae6de","OTTAWA HYDRO","618509","MR-OTHY-0007-V1","soleil.anker@ermco-eci.com","soleil.anker@ermco-eci.com"
"126","","","21722","27","273","1","Standard","2025-05-22T04:00:00Z","2026-05-30T04:00:00Z","18","","2025-12-27T05:00:00Z","","","","","","","","","","","","","","","","","159988","44785","ON","WET","N","","","","325","","","","","","OTHY","M-OTHY-0009","MR-HYQU-0004-V1","2025-12-24T05:00:00Z","1.44000000000000","44785.0000000000","31100.6944444444","2026-09-10T22:15:45Z","2026-04-24T15:38:07Z","106","106","False","1db510e1-dc3a-40b8-82cd-8773b6233554","OTTAWA HYDRO","618527","MR-HYQU-0004-V1","soleil.anker@ermco-eci.com","soleil.anker@ermco-eci.com"
"127","","","21872","115","93","4","Standard","2025-11-19T05:00:00Z","2026-05-28T04:00:00Z","28","","2025-10-16T04:00:00Z","","","","","","","","","","","","","","","","","4513486767","44394.82","QC","WET","Y","","","","128","","","","","","HYQU","M-HYQU-0011","MR-HYQU-0011-V1","2026-09-01T04:00:00Z","1.38000000000000","44394.8200000000","32170.1594202899","2026-09-10T22:15:45Z","2026-04-24T15:38:08Z","106","106","False","5131a91e-651a-4f9c-885a-6b429c82bd95","HYDRO QUEBEC","1191449-22","MR-HYQU-0011-V1","soleil.anker@ermco-eci.com","soleil.anker@ermco-eci.com"
"128","","","21406","115","385","1","Standard","2024-04-11T04:00:00Z","2026-04-13T04:00:00Z","28","","2025-09-01T04:00:00Z","","","","","","","","","","","","","","","","","4512973934","383533.16","QC","WET","Y","","","","186","","","","","","HYQU","M-HYQU-0073","MR-HYQU-0073-V1","2025-01-22T05:00:00Z","1.44000000000000","383533.160000000","266342.472222222","2026-09-10T22:15:45Z","2026-04-24T15:38:08Z","106","106","False","a7d66162-4cc5-4980-818a-6a035f024195","HYDRO QUEBEC","42510001","MR-HYQU-0073-V1","soleil.anker@ermco-eci.com","soleil.anker@ermco-eci.com"
"129","","","21913","23","146","7","Standard","2026-01-08T05:00:00Z","2027-01-15T05:00:00Z","18","","2026-08-14T04:00:00Z","","","","","","","","","","","","","","","","","GPC11563097","172093","GA","WET","","","","","150","True","","","","Active","GEPO","M-GEPO-0016","MR-GEPO-0016-V1","2026-08-12T04:00:00Z","1.38000000000000","237488.340000000","172093.000000000","2026-09-11T04:36:24Z","2026-04-24T15:38:09Z","106","106","False","c8837efc-81f6-4ceb-b52c-4d5dcee3bb6d","GEORGIA POWER","132130","MR-GEPO-0016-V1","soleil.anker@ermco-eci.com","soleil.anker@ermco-eci.com"
"130","","","21991","27","268","3","Standard","2026-04-10T04:00:00Z","2026-09-30T04:00:00Z","18","","2026-04-29T04:00:00Z","","","","","","","","","","","","","","","","","168281 - OP","67475","ON","WET","N","","","","231","False","","","","Active","OTHY","M-OTHY-0004","MR-OTHY-0004-V1","2026-11-12T05:00:00Z","1.38000000000000","67475.0000000000","48894.9275362319","2026-09-11T04:19:00Z","2026-04-24T15:38:09Z","106","106","False","5886af14-89bc-4fc0-bb88-43e4129dbeba","OTTAWA HYDRO","617211","MR-OTHY-0004-V1","soleil.anker@ermco-eci.com","soleil.anker@ermco-eci.com"
"131","","","21882","37","320","2","Standard","2025-11-17T05:00:00Z","2026-07-31T04:00:00Z","16","","2026-03-13T04:00:00Z","","","","","","","","","","","","","","","","","MGE088187","100894.37","US","WET","Y","","","","117","","","","","","MAGA","M-MAGA-0013","MR-MAGA-0013-V1","2026-06-07T04:00:00Z","1.38000000000000","139234.230600000","100894.370000000","2026-09-10T22:15:44Z","2026-04-24T15:38:10Z","106","106","False","2fe3940f-6d98-4fc1-ade4-e777f8195bbd","MADISON GAS § ELECTRIC","116807","MR-MAGA-0013-V1","soleil.anker@ermco-eci.com","soleil.anker@ermco-eci.com"
"132","","","21931","35","424","1","Standard","2026-01-12T05:00:00Z","2026-06-30T04:00:00Z","20","","2026-01-13T05:00:00Z","","","","","","","","","","","","","","","","","1193535","73130","USA","WETP","Y","","","","313","","","","","","LGEN","M-LGEN-0008","MR-LGEN-0008-V1","2026-08-30T04:00:00Z","1.38000000000000","100919.400000000","73130.0000000000","2026-09-10T22:15:44Z","2026-04-24T15:38:11Z","106","106","False","4de5eb9a-d504-4ea8-8964-ce1bf0db424d","LG§E","G21931","MR-LGEN-0008-V1","soleil.anker@ermco-eci.com","soleil.anker@ermco-eci.com"
"133","","","21748","115","98","2","Standard","2025-06-12T04:00:00Z","2026-06-30T04:00:00Z","28","","2025-11-18T05:00:00Z","","","","","","","","","","","","","","","","","4513346660","66685.63","QC","WET","Y","","","","39","","","","","","HYQU","M-HYQU-0016","MR-HYQU-0016-V1","2026-03-25T04:00:00Z","1.38000000000000","66685.6300000000","48322.9202898551","2026-09-10T22:15:45Z","2026-04-24T15:38:12Z","106","106","False","59e028a6-ab99-4273-808f-6dfe10a3b2c2","HYDRO QUEBEC","1002801-22","MR-HYQU-0016-V1","soleil.anker@ermco-eci.com","soleil.anker@ermco-eci.com"
"134","","","21989","97","443","1","Standard","2026-03-31T04:00:00Z","2026-10-30T04:00:00Z","18","","2026-05-29T04:00:00Z","","","","","","","","","","","","","","","","","48268145","125684","PA","WET","N","","","","201","True","","","","Active","FIEN","M-FIEN-0003","MR-FIEN-0003-V1","2026-11-02T05:00:00Z","1.38000000000000","173443.920000000","125684.000000000","2026-09-11T04:32:00Z","2026-04-24T15:38:12Z","106","106","False","832cb132-5302-402a-811c-865d18fc186b","FIRST ENERGY","557831","MR-FIEN-0003-V1","soleil.anker@ermco-eci.com","soleil.anker@ermco-eci.com"
"135","","","21995","115","104","2","Standard","2026-04-10T04:00:00Z","2026-10-30T04:00:00Z","28","","2026-03-20T04:00:00Z","","","","","","","","","","","","","","","","","4513621571","101193.19","QC","WET","Y","","","","50","True","","","","Active","HYQU","M-HYQU-0022","MR-HYQU-0022-V1","2027-01-21T05:00:00Z","1.39000000000000","101193.190000000","72800.8561151079","2026-09-11T04:17:05Z","2026-04-24T15:38:12Z","106","106","False","10e4d3aa-6943-459d-bde1-4c27905ade12","HYDRO QUEBEC","1002859-22","MR-HYQU-0022-V1","soleil.anker@ermco-eci.com","soleil.anker@ermco-eci.com"
"136","","","21986","115","401","1","Standard","2026-03-17T04:00:00Z","2027-09-30T04:00:00Z","28","","2027-02-18T05:00:00Z","","","","","","","","","","","","","","","","","4513571697","882956.26","QC","WET","Y","","True","","383","True","True","","","Active","HYQU","M-HYQU-0079","MR-HYQU-0079-V1","2026-12-28T05:00:00Z","1.38000000000000","882956.260000000","639823.376811594","2026-09-11T05:11:52Z","2026-04-24T15:38:13Z","106","106","False","044dc0af-ee55-40dc-b8e5-1eafe3bfefae","HYDRO QUEBEC","4276086/1189360","MR-HYQU-0079-V1","soleil.anker@ermco-eci.com","soleil.anker@ermco-eci.com"
"137","","","21994","115","94","3","Standard","2026-04-10T04:00:00Z","2026-10-30T04:00:00Z","28","","2026-03-20T04:00:00Z","","","","","","","","","","","","","","","","","4513621571","51415.46","QC","WET","Y","","","","30","True","","","","Active","HYQU","M-HYQU-0012","MR-HYQU-0012-V1","2027-01-21T05:00:00Z","1.39000000000000","51415.4600000000","36989.5395683453","2026-09-11T04:17:51Z","2026-04-24T15:38:14Z","106","106","False","e61ac515-aae1-472a-9fde-73ec6407a31c","HYDRO QUEBEC","1002394-22","MR-HYQU-0012-V1","soleil.anker@ermco-eci.com","soleil.anker@ermco-eci.com"
"138","","","21727","37","312","2","Standard","2025-05-22T04:00:00Z","2026-06-30T04:00:00Z","16","","2026-02-10T05:00:00Z","","","","","","","","","","","","","","","","","MGE082449","117942.44","US","WET","N","","","","79","","","","","","MAGA","M-MAGA-0009","MR-MAGA-0009-V1","2025-12-10T05:00:00Z","1.44000000000000","169837.113600000","117942.440000000","2026-09-10T22:15:45Z","2026-04-24T15:38:15Z","106","106","False","6fc6ebb0-d6c3-4c66-81f8-abf99a523d87","MADISON GAS § ELECTRIC","104130","MR-MAGA-0009-V1","soleil.anker@ermco-eci.com","soleil.anker@ermco-eci.com"
"139","","","21789","115","98","5","Standard","2025-08-25T04:00:00Z","2026-08-31T04:00:00Z","28","","2026-01-19T05:00:00Z","","","","","","","","","","","","","","","","","4513406461","66685.63","QC","WET","Y","","","","39","False","True","Confirmed","","Active","HYQU","M-HYQU-0016","MR-HYQU-0016-V1","2026-06-07T04:00:00Z","1.38000000000000","66685.6300000000","48322.9202898551","2026-09-10T22:15:45Z","2026-04-24T15:38:15Z","106","106","False","71e47f61-4752-4c3d-9bc4-de79c108eaf7","HYDRO QUEBEC","1002801-22","MR-HYQU-0016-V1","soleil.anker@ermco-eci.com","soleil.anker@ermco-eci.com"
"140","","","21985","115","400","1","Standard","2026-03-17T04:00:00Z","2027-10-28T04:00:00Z","28","","2027-03-18T04:00:00Z","","","","","","","","","","","","","","","","","4513571697","953900.82","QC","WET","Y","","True","","121","True","True","","","Active","HYQU","M-HYQU-0078","MR-HYQU-0078-V1","2026-12-28T05:00:00Z","1.38000000000000","953900.820000000","691232.478260870","2026-09-11T05:07:17Z","2026-04-24T15:38:17Z","106","106","False","1c6512e7-75f0-4ada-a3a7-e3a0c7c689bf","HYDRO QUEBEC","4276269/1189342","MR-HYQU-0078-V1","soleil.anker@ermco-eci.com","soleil.anker@ermco-eci.com"
"141","","","21788","115","96","5","Standard","2025-08-25T04:00:00Z","2026-08-31T04:00:00Z","28","","2026-01-19T05:00:00Z","","","","","","","","","","","","","","","","","4513406461","24979.69","QC","WET","Y","","","","35","","","","","","HYQU","M-HYQU-0014","MR-HYQU-0014-V1","2026-06-07T04:00:00Z","1.38000000000000","24979.6900000000","18101.2246376812","2026-09-10T22:15:46Z","2026-04-24T15:38:17Z","106","106","False","e3857df7-3c50-43b3-a0a1-178fa5b964fb","HYDRO QUEBEC","1002458-22","MR-HYQU-0014-V1","soleil.anker@ermco-eci.com","soleil.anker@ermco-eci.com"
"142","","","21993","115","91","8","Standard","2026-04-10T04:00:00Z","2026-10-30T04:00:00Z","28","","2026-03-20T04:00:00Z","","","","","","","","","","","","","","","","","4513621571","34797.62","QC","WET","Y","","","","26","True","","","","Active","HYQU","M-HYQU-0009","MR-HYQU-0009-V1","2027-01-21T05:00:00Z","1.39000000000000","34797.6200000000","25034.2589928058","2026-09-11T04:16:24Z","2026-04-24T15:38:17Z","106","106","False","333e76b7-9dd7-4c88-8ed0-d175e454fe92","HYDRO QUEBEC","1002113-22","MR-HYQU-0009-V1","soleil.anker@ermco-eci.com","soleil.anker@ermco-eci.com"
"143","","","21984","115","402","1","Standard","2026-03-17T04:00:00Z","2027-07-29T04:00:00Z","28","","2026-12-17T05:00:00Z","","","","","","","","","","","","","","","","","4513571697","730519.92","QC","WET","Y","","True","","123","True","True","","","Active","HYQU","M-HYQU-0080","MR-HYQU-0080-V1","2026-12-28T05:00:00Z","1.38000000000000","730519.920000000","529362.260869565","2026-09-11T05:06:41Z","2026-04-24T15:38:18Z","106","106","False","99173117-c8cc-4fe9-9560-da0e5048158b","HYDRO QUEBEC","4276087/1189361","MR-HYQU-0080-V1","soleil.anker@ermco-eci.com","soleil.anker@ermco-eci.com"
"144","","","21745","115","91","18","Standard","2025-06-12T04:00:00Z","2026-06-30T04:00:00Z","28","","2025-11-18T05:00:00Z","","","","","","","","","","","","","","","","","4513346660","32693.22","QC","WET","Y","","","","26","","","","","","HYQU","M-HYQU-0009","MR-HYQU-0009-V1","2026-03-25T04:00:00Z","1.38000000000000","32693.2200000000","23690.7391304348","2026-09-10T22:15:46Z","2026-04-24T15:38:19Z","106","106","False","86ed0da3-294c-463d-8d69-7b8de28daa16","HYDRO QUEBEC","1002113-22","MR-HYQU-0009-V1","soleil.anker@ermco-eci.com","soleil.anker@ermco-eci.com"
"145","","","21983","97","337","1","Standard","2026-03-17T04:00:00Z","2026-12-22T05:00:00Z","18","","2026-07-21T04:00:00Z","","","","","","","","","","","","","","","","","48266228","120281","PA","WET","N","","","","202","False","","","","Active","FIEN","M-FIEN-0002","MR-FIEN-0002-V1","2026-10-19T04:00:00Z","1.38000000000000","165987.780000000","120281.000000000","2026-09-11T04:33:13Z","2026-04-24T15:38:21Z","106","106","False","95972bb9-3617-42a5-8f41-e42e9d257264","FIRST ENERGY","557842","MR-FIEN-0002-V1","soleil.anker@ermco-eci.com","soleil.anker@ermco-eci.com"
"146","","","21747","115","96","5","Standard","2025-06-12T04:00:00Z","2026-06-30T04:00:00Z","28","","2025-11-18T05:00:00Z","","","","","","","","","","","","","","","","","4513346660","24979.69","QC","WET","Y","","","","35","","","","","","HYQU","M-HYQU-0014","MR-HYQU-0014-V1","2026-03-25T04:00:00Z","1.38000000000000","24979.6900000000","18101.2246376812","2026-09-10T22:15:46Z","2026-04-24T15:38:20Z","106","106","False","c244238a-57ee-4063-8392-66b664f579c7","HYDRO QUEBEC","1002458-22","MR-HYQU-0014-V1","soleil.anker@ermco-eci.com","soleil.anker@ermco-eci.com"
"147","","","21982","115","399","1","Standard","2026-03-17T04:00:00Z","2027-08-31T04:00:00Z","28","","2027-01-19T05:00:00Z","","","","","","","","","","","","","","","","","4513571697","623903.22","QC","WET","Y","","True","","115","True","","","","Active","HYQU","M-HYQU-0077","MR-HYQU-0077-V1","2026-12-28T05:00:00Z","1.38000000000000","623903.220000000","452103.782608696","2026-09-11T05:06:52Z","2026-04-24T15:38:22Z","106","106","False","e12d0af1-ac78-471f-ba55-e658cd7c817a","HYDRO QUEBEC","4251082/1166354","MR-HYQU-0077-V1","soleil.anker@ermco-eci.com","soleil.anker@ermco-eci.com"
"148","","","21881","37","320","2","Standard","2025-11-17T05:00:00Z","2026-08-28T04:00:00Z","16","","2026-04-10T04:00:00Z","","","","","","","","","","","","","","","","","MGE088186","100894.37","US","WET","Y","","","","117","True","","","","Active","MAGA","M-MAGA-0013","MR-MAGA-0013-V1","2026-06-07T04:00:00Z","1.38000000000000","139234.230600000","100894.370000000","2026-09-10T22:15:46Z","2026-04-24T15:38:23Z","106","106","False","f59ca977-7aef-4e74-863a-6e16b1ec8233","MADISON GAS § ELECTRIC","116807","MR-MAGA-0013-V1","soleil.anker@ermco-eci.com","soleil.anker@ermco-eci.com"
"149","","","21941","115","88","3","Standard","2026-02-11T05:00:00Z","2026-08-27T04:00:00Z","28","","2026-01-15T05:00:00Z","","","","","","","","","","","","","","","","","4513563156","64691.83","QC","WET","Y","","","","20","False","","","","Active","HYQU","M-HYQU-0006","MR-HYQU-0006-V1","2026-11-24T05:00:00Z","1.38000000000000","64691.8300000000","46878.1376811594","2026-09-10T22:15:46Z","2026-04-24T15:38:23Z","106","106","False","e512eb9c-be71-470b-a39b-c6ddb0c819de","HYDRO QUEBEC","1001903-22","MR-HYQU-0006-V1","soleil.anker@ermco-eci.com","soleil.anker@ermco-eci.com"
"150","","","21980","18","390","1","Standard","2026-03-12T04:00:00Z","2026-08-30T04:00:00Z","20","","2026-03-15T04:00:00Z","","","","","","","","","","","","","","","","","MX1-EX24416","251394.34","AB","WET","N","","","","73","True","","","","Active","ENMA","M-ENMA-0051","MR-ENMA-0051-V1","2026-10-28T04:00:00Z","1.38000000000000","251394.340000000","182169.811594203","2026-09-11T04:28:10Z","2026-04-24T15:38:23Z","106","106","False","934ed94d-ad58-4659-b091-4f8e14fbb4dd","ENMAX","100311926","MR-ENMA-0051-V1","soleil.anker@ermco-eci.com","soleil.anker@ermco-eci.com"
"151","","","21868","115","99","4","Standard","2025-11-19T05:00:00Z","2026-05-28T04:00:00Z","28","","2025-10-16T04:00:00Z","","","","","","","","","","","","","","","","","4513486760","107690.92","QC","WET","Y","","","","41","","","","","","HYQU","M-HYQU-0017","MR-HYQU-0017-V1","2026-09-01T04:00:00Z","1.38000000000000","107690.920000000","78036.8985507246","2026-09-10T22:15:46Z","2026-04-24T15:38:24Z","106","106","False","96507a64-6c6b-4573-9eb0-9abebc24eb4a","HYDRO QUEBEC","1002812-22","MR-HYQU-0017-V1","soleil.anker@ermco-eci.com","soleil.anker@ermco-eci.com"
"152","","","21979","18","389","1","Standard","2026-03-12T04:00:00Z","2026-08-30T04:00:00Z","20","","2026-03-15T04:00:00Z","","","","","","","","","","","","","","","","","MX1-EX24416","251394.34","AB","WET","N","","","","72","True","","","","Active","ENMA","M-ENMA-0050","MR-ENMA-0050-V1","2026-10-28T04:00:00Z","1.38000000000000","251394.340000000","182169.811594203","2026-09-11T04:20:01Z","2026-04-24T15:38:25Z","106","106","False","66b66c7a-c894-4282-b5cf-12b4bdbfd8fc","ENMAX","100311925","MR-ENMA-0050-V1","soleil.anker@ermco-eci.com","soleil.anker@ermco-eci.com"
"153","","","21909","23","138","2","Standard","2026-01-08T05:00:00Z","2027-01-15T05:00:00Z","18","","2026-08-14T04:00:00Z","","","","","","","","","","","","","","","","","GPC11563097","153221","GA","WET","","","","","142","True","","","","Active","GEPO","M-GEPO-0008","MR-GEPO-0008-V1","2026-08-12T04:00:00Z","1.38000000000000","211444.980000000","153221.000000000","2026-09-11T04:39:40Z","2026-04-24T15:38:26Z","106","106","False","c37ad10f-94ff-43db-9f89-fecd898c2d46","GEORGIA POWER","132118","MR-GEPO-0008-V1","soleil.anker@ermco-eci.com","soleil.anker@ermco-eci.com"
"154","","","21953","27","268","6","Standard","2026-02-18T05:00:00Z","2026-07-24T04:00:00Z","18","","2026-02-20T05:00:00Z","","","","","","","","","","","","","","","","","166917 - OP","50505","ON","WET","N","","","","231","","","","","","OTHY","M-OTHY-0004","MR-OTHY-0004-V1","2026-09-22T04:00:00Z","1.38000000000000","50505.0000000000","36597.8260869565","2026-09-10T22:15:47Z","2026-04-24T15:38:26Z","106","106","False","7ae2421a-c0b9-41cb-8173-64bb84c8b9a4","OTTAWA HYDRO","617211","MR-OTHY-0004-V1","soleil.anker@ermco-eci.com","soleil.anker@ermco-eci.com"
"155","","","21910","23","140","3","Standard","2026-01-08T05:00:00Z","2027-01-15T05:00:00Z","18","","2026-08-14T04:00:00Z","","","","","","","","","","","","","","","","","GPC11563097","117161","GA","WET","","","","","144","True","","","","Active","GEPO","M-GEPO-0010","MR-GEPO-0010-V1","2026-08-12T04:00:00Z","1.38000000000000","161682.180000000","117161.000000000","2026-09-11T04:15:15Z","2026-04-24T15:38:27Z","106","106","False","dd6d0037-909f-4085-8624-4110a1e20aef","GEORGIA POWER","132121","MR-GEPO-0010-V1","soleil.anker@ermco-eci.com","soleil.anker@ermco-eci.com"
"156","","","21990","27","339","3","Standard","2026-04-10T04:00:00Z","2026-12-18T05:00:00Z","18","","2026-07-17T04:00:00Z","","","","","","","","","","","","","","","","","168281 - OP","67475","ON","WET","N","","","","227","False","","","","Active","OTHY","M-OTHY-0011","MR-OTHY-0011-V1","2026-11-12T05:00:00Z","1.38000000000000","67475.0000000000","48894.9275362319","2026-09-11T04:41:24Z","2026-04-24T15:38:28Z","106","106","False","6e42a737-4255-4de8-bb40-79203f7f9dd6","OTTAWA HYDRO","616865","MR-OTHY-0011-V1","soleil.anker@ermco-eci.com","soleil.anker@ermco-eci.com"
"157","","","21952","115","92","1","Standard","2026-02-11T05:00:00Z","2026-08-27T04:00:00Z","28","","2026-01-15T05:00:00Z","","","","","","","","","","","","","","","","","4513563165","43105.98","QC","WET","Y","","","","129","False","","","","Active","HYQU","M-HYQU-0010","MR-HYQU-0010-V1","2026-11-24T05:00:00Z","1.38000000000000","43105.9800000000","31236.2173913044","2026-09-10T22:15:47Z","2026-04-24T15:38:28Z","106","106","False","39d0b906-f633-42d1-b43a-88d70bff29bc","HYDRO QUEBEC","1191450-22","MR-HYQU-0010-V1","soleil.anker@ermco-eci.com","soleil.anker@ermco-eci.com"
"158","","","21988","5","195","1","Standard","2026-03-26T04:00:00Z","2026-10-30T04:00:00Z","16","","2026-06-12T04:00:00Z","","","","","","","","","","","","","","","","","1082218","111700","TX","WET","N","","","","157","True","","","","Active","AUEN","M-AUEN-0004","MR-AUEN-0004-V1","2026-10-14T04:00:00Z","1.38000000000000","154146.000000000","111700.000000000","2026-09-11T04:31:02Z","2026-04-24T15:38:29Z","106","106","False","b194200a-eecc-43cd-bab5-fd2a03cfe582","AUSTIN ENERGY","16820","MR-AUEN-0004-V1","soleil.anker@ermco-eci.com","soleil.anker@ermco-eci.com"
"159","","","21773","73","242","1","Standard","2025-08-15T04:00:00Z","2026-07-31T04:00:00Z","20","","2026-02-13T05:00:00Z","","","","","","","","","","","","","","","","","4501952692","74282","USA","WET","N","","","","89","","","","","","XCEN","M-XCEN-0002","M-XCEN-0002","2026-04-02T04:00:00Z","1.38000000000000","102509.160000000","74282.0000000000","2026-09-10T22:15:47Z","2026-04-24T15:38:29Z","106","106","False","2ab143b3-ec89-43af-96c3-30e04f1bcf01","XCEL ENERGY NORTHERN","108863","MR-XCEN-0002-V1","soleil.anker@ermco-eci.com","soleil.anker@ermco-eci.com"
"160","","","21973","115","89","3","Standard","2026-03-15T04:00:00Z","2027-03-25T04:00:00Z","28","","2026-08-13T04:00:00Z","","","","","","","","","","","","","","","","","4513596095","91525.61","QC","WET","Y","","","","21","False","","","","Active","HYQU","M-HYQU-0007","MR-HYQU-0007-V1","2026-12-26T05:00:00Z","1.38000000000000","91525.6100000000","66322.9057971015","2026-09-11T04:42:41Z","2026-04-24T15:38:30Z","106","106","False","5e517a72-aed7-423c-aadb-574d9ce4f240","HYDRO QUEBEC","1001912-22","MR-HYQU-0007-V1","soleil.anker@ermco-eci.com","soleil.anker@ermco-eci.com"
"161","","","21839","23","139","10","Standard","2025-10-03T04:00:00Z","2026-08-31T04:00:00Z","18","","2026-03-30T04:00:00Z","","","","","","","","","","","","","","","","","GPC11541688","86238","USA","WET","N","","","","143","True","True","Pending","","Active","GEPO","M-GEPO-0009","MR-GEPO-0009-V1","2026-05-07T04:00:00Z","1.38000000000000","119008.440000000","86238.0000000000","2026-09-10T22:15:48Z","2026-04-24T15:38:30Z","106","106","False","5fe28c51-bd3d-4e7e-9f6f-b68cfb75e511","GEORGIA POWER","132119","MR-GEPO-0009-V1","soleil.anker@ermco-eci.com","soleil.anker@ermco-eci.com"
"162","","","21972","115","116","1","Standard","2026-03-15T04:00:00Z","2026-09-25T04:00:00Z","28","","2026-02-13T05:00:00Z","","","","","","","","","","","","","","","","","4513596094","162200.57","QC","WET","Y","","","","112","False","","","","Active","HYQU","M-HYQU-0033","MR-HYQU-0033-V1","2026-12-26T05:00:00Z","1.38000000000000","162200.570000000","117536.644927536","2026-09-11T04:13:52Z","2026-04-24T15:38:31Z","106","106","False","090a5a5f-df22-4bcb-a351-6342929a7c56","HYDRO QUEBEC","1153215-22","MR-HYQU-0033-V1","soleil.anker@ermco-eci.com","soleil.anker@ermco-eci.com"
"163","","","21844","54","472","1","Standard","2025-10-29T04:00:00Z","2026-06-30T04:00:00Z","26","","2025-12-02T04:00:00Z","","","","","","","","","","","","","","","","","2800671","105215","QC","WET","N","","","","11","True","True","Confirmed","","Active","POMT","M-POMT-0001","MR-POMT-0001-V1","2026-07-28T04:00:00Z","1.38000000000000","105215.000000000","76242.7536231884","2026-09-01T11:15:43Z","2026-04-24T15:38:33Z","106","106","False","29bc68cd-276a-470c-b92d-4a96fdb04d68","PORT DE MTL","10","MR-POMT-0001-V1","soleil.anker@ermco-eci.com","soleil.anker@ermco-eci.com"
"164","","","21776","75","383","1","Standard","2025-08-21T04:00:00Z","2026-03-31T04:00:00Z","26","","2025-09-02T04:00:00Z","","","","","","","","","","","","","","","","","8401823268","203890","AB","WET","N","","","","166","True","False","Confirmed","","Active","CENO","M-CENO-0001","MR-CENO-0001-V1","2026-05-20T04:00:00Z","1.38000000000000","203890.000000000","147746.376811594","2026-09-01T11:19:52Z","2026-04-24T15:38:33Z","106","106","False","3387c3a0-eb7f-408b-8b46-1d8009687b7b","CENOVUS","18334402","MR-CENO-0001-V1","soleil.anker@ermco-eci.com","soleil.anker@ermco-eci.com"
"165","","","21835","41","425","1","Standard","2025-10-21T04:00:00Z","2026-09-15T04:00:00Z","26","","2026-02-17T05:00:00Z","","","","","","","","","","","","","","","","","250137-030927","148500","ON","WET","Y","","","","326","True","False","Confirmed","","Active","MULT","M-MULT-0002","MR-MULT-0002-V1","2026-07-20T04:00:00Z","1.38000000000000","148500.000000000","107608.695652174","2026-09-11T04:18:20Z","2026-04-24T15:38:33Z","106","106","False","399bd20b-3bcf-41ad-b0e4-7b7531ee297d","MULTITECH","NY250137-40380-M","MR-MULT-0002-V1","soleil.anker@ermco-eci.com","soleil.anker@ermco-eci.com"
"166","","","21892","115","87","1","Standard","2025-12-15T05:00:00Z","2026-06-25T04:00:00Z","28","","2025-11-13T05:00:00Z","","","","","","","","","","","","","","","","","4513512803","49348.1","QC","WET","Y","","","","18","","","","","","HYQU","M-HYQU-0005","MR-HYQU-0005-V1","2026-09-27T04:00:00Z","1.38000000000000","49348.1000000000","35759.4927536232","2026-09-10T22:15:48Z","2026-04-24T15:40:34Z","106","106","False","4fabde5d-ca21-4115-a7f3-a2cfca1f1df5","HYDRO QUEBEC","1001893-22","MR-HYQU-0005-V1","soleil.anker@ermco-eci.com","soleil.anker@ermco-eci.com"
"167","","","21777","75","384","1","Standard","2025-08-21T04:00:00Z","2026-03-31T04:00:00Z","26","","2025-09-02T04:00:00Z","","","","","","","","","","","","","","","","","8401823268","184775","AB","WET","N","","","","167","True","False","Confirmed","","Active","CENO","M-CENO-0002","MR-CENO-0002-V1","2026-05-20T04:00:00Z","1.38000000000000","184775.000000000","133894.927536232","2026-09-11T04:17:37Z","2026-04-24T15:40:35Z","106","106","False","536ac09e-daec-4994-a40e-8a1571ef5cd0","CENOVUS","18334403","MR-CENO-0002-V1","soleil.anker@ermco-eci.com","soleil.anker@ermco-eci.com"
"168","","","21970","115","88","2","Standard","2026-03-15T04:00:00Z","2026-09-25T04:00:00Z","28","","2026-02-13T05:00:00Z","","","","","","","","","","","","","","","","","4513596094","64592.28","QC","WET","Y","","","","20","False","","","","Active","HYQU","M-HYQU-0006","MR-HYQU-0006-V1","2026-12-26T05:00:00Z","1.38000000000000","64592.2800000000","46806.0000000000","2026-09-11T04:17:13Z","2026-04-24T15:40:36Z","106","106","False","79868d66-f006-4299-a304-ae4da19b1cb1","HYDRO QUEBEC","1001903-22","MR-HYQU-0006-V1","soleil.anker@ermco-eci.com","soleil.anker@ermco-eci.com"
"169","","","21790","73","243","3","Standard","2025-09-10T04:00:00Z","2026-08-31T04:00:00Z","20","","2026-03-16T04:00:00Z","","","","","","","","","","","","","","","","","4501974959","56679.72","USA","WET","Y","","","","90","","","","","","XCEN","M-XCEN-0003","MR-XCEN-0003-V1","2026-04-28T04:00:00Z","1.38000000000000","78218.0136000000","56679.7200000000","2026-09-10T22:15:49Z","2026-04-24T15:40:36Z","106","106","False","cb9b5b0d-9041-4fc0-8330-b2b95f01cef8","XCEL ENERGY NORTHERN","108864","MR-XCEN-0003-V1","soleil.anker@ermco-eci.com","soleil.anker@ermco-eci.com"
"170","","","21886","18","391","2","Standard","2025-11-25T05:00:00Z","2026-09-30T04:00:00Z","20","","2026-04-15T04:00:00Z","","","","","","","","","","","","","","","","","MX1-EX24262","153207.22","AB","WET","Y","","","","76","True","True","Confirmed","","Active","ENMA","M-ENMA-0052","MR-ENMA-0052-V1","2026-07-13T04:00:00Z","1.38000000000000","153207.220000000","111019.724637681","2026-09-11T04:27:43Z","2026-04-24T15:40:37Z","106","106","False","f152d10c-4ed5-484a-86b8-a4702d56c4db","ENMAX","100311929","MR-ENMA-0052","soleil.anker@ermco-eci.com","soleil.anker@ermco-eci.com"
"171","","","21978","115","98","5","Standard","2026-03-15T04:00:00Z","2027-03-25T04:00:00Z","28","","2026-08-13T04:00:00Z","","","","","","","","","","","","","","","","","4513596095","71681.23","QC","WET","Y","","","","39","False","","","","Active","HYQU","M-HYQU-0016","MR-HYQU-0016-V1","2026-12-26T05:00:00Z","1.38000000000000","71681.2300000000","51942.9202898551","2026-09-11T04:50:32Z","2026-04-24T15:40:38Z","106","106","False","a82c3ca7-70d1-46bd-9b2c-26d45af8e4c6","HYDRO QUEBEC","1002801-22","MR-HYQU-0016-V1","soleil.anker@ermco-eci.com","soleil.anker@ermco-eci.com"
"172","","","21831","115","96","5","Standard","2025-10-16T04:00:00Z","2026-10-30T04:00:00Z","28","","2026-03-20T04:00:00Z","","","","","","","","","","","","","","","","","4513454476","26628.57","QC","WET","Y","","","","35","False","True","Confirmed","","Active","HYQU","M-HYQU-0014","MR-HYQU-0014-V1","2026-07-29T04:00:00Z","1.38000000000000","26628.5700000000","19296.0652173913","2026-09-11T04:19:47Z","2026-04-24T15:40:38Z","106","106","False","b241feea-d653-4707-95d2-01daf5fd5ce8","HYDRO QUEBEC","1002458-22","MR-HYQU-0014-V1","soleil.anker@ermco-eci.com","soleil.anker@ermco-eci.com"
"173","","","21896","115","96","2","Standard","2025-12-15T05:00:00Z","2026-06-25T04:00:00Z","28","","2025-11-13T05:00:00Z","","","","","","","","","","","","","","","","","4513512803","26628.57","QC","WET","Y","","","","35","","","","","","HYQU","M-HYQU-0014","MR-HYQU-0014-V1","2026-09-27T04:00:00Z","1.38000000000000","26628.5700000000","19296.0652173913","2026-09-10T22:15:48Z","2026-04-24T15:40:39Z","106","106","False","74f053e0-25f3-4dbd-bc92-651b6fc3fdf0","HYDRO QUEBEC","1002458-22","MR-HYQU-0014-V1","soleil.anker@ermco-eci.com","soleil.anker@ermco-eci.com"
"174","","","21887","18","392","2","Standard","2025-11-25T05:00:00Z","2026-09-30T04:00:00Z","20","","2026-04-15T04:00:00Z","","","","","","","","","","","","","","","","","MX1-EX24262","153207.22","AB","WET","Y","","","","77","True","True","Confirmed","","Active","ENMA","M-ENMA-0053","MR-ENMA-0053-V1","2026-07-13T04:00:00Z","1.38000000000000","153207.220000000","111019.724637681","2026-09-11T04:35:59Z","2026-04-24T15:40:40Z","106","106","False","c1a4f05d-a48c-4281-b606-1174ac17ac93","ENMAX","100311930","MR-ENMA-0053","soleil.anker@ermco-eci.com","soleil.anker@ermco-eci.com"
"175","","","21956","37","322","2","Standard","2026-02-20T05:00:00Z","2026-09-30T04:00:00Z","16","","2026-05-13T04:00:00Z","","","","","","","","","","","","","","","","","MGE092518","97492","WI","WET","Y","","","","131","True","","","","Active","MAGA","M-MAGA-0015","MR-MAGA-0015-V1","2026-09-10T04:00:00Z","1.38000000000000","134538.960000000","97492.0000000000","2026-09-11T04:39:09Z","2026-04-24T15:40:40Z","106","106","False","08d2139d-bbfb-4600-b28b-9658c9110391","MADISON GAS § ELECTRIC","119774","MR-MAGA-0015-V1","soleil.anker@ermco-eci.com","soleil.anker@ermco-eci.com"
"176","","","21908","23","135","6","Standard","2026-01-08T05:00:00Z","2027-01-15T05:00:00Z","18","","2026-08-14T04:00:00Z","","","","","","","","","","","","","","","","","GPC11563097","152668","GA","WET","","","","","139","True","","","","Active","GEPO","M-GEPO-0005","MR-GEPO-0005-V1","2026-08-12T04:00:00Z","1.38000000000000","210681.840000000","152668.000000000","2026-09-11T04:40:29Z","2026-04-24T15:40:41Z","106","106","False","3c41f85b-847c-43c9-8d36-99d5bb52776c","GEORGIA POWER","132113","MR-GEPO-0005-V1","soleil.anker@ermco-eci.com","soleil.anker@ermco-eci.com"
"177","","","21963","2","127","2","Standard","2026-03-12T04:00:00Z","2026-10-07T04:00:00Z","20","","2026-04-22T04:00:00Z","","","","","","","","","","","","","","","","","APC11038744","158370","AL","WET","N","","","","271","True","","","","Active","ALPO","M-ALPO-0007","MR-ALPO-0007-V1","2026-10-28T04:00:00Z","1.38000000000000","218550.600000000","158370.000000000","2026-09-11T04:37:04Z","2026-04-24T15:40:42Z","106","106","False","4704bc45-4769-4597-b49f-32936b7e384c","ALABAMA POWER","68590","MR-ALPO-0007-V1","soleil.anker@ermco-eci.com","soleil.anker@ermco-eci.com"
"178","","","21880","37","320","1","Standard","2025-11-17T05:00:00Z","2026-09-30T04:00:00Z","16","","2026-05-13T04:00:00Z","","","","","","","","","","","","","","","","","MGE088185","100894.37","US","WET","Y","","","","117","True","","","","Active","MAGA","M-MAGA-0013","MR-MAGA-0013-V1","2026-06-07T04:00:00Z","1.38000000000000","139234.230600000","100894.370000000","2026-09-11T05:11:39Z","2026-04-24T15:40:43Z","106","106","False","5c415dd9-3a49-445c-bd15-149e03be029d","MADISON GAS § ELECTRIC","116807","MR-MAGA-0013-V1","soleil.anker@ermco-eci.com","soleil.anker@ermco-eci.com"
"179","","","21962","98","278","1","Standard","2026-03-10T04:00:00Z","2026-12-15T05:00:00Z","26","","2026-05-19T04:00:00Z","","","","","","","","","","","","","","","","","PO2047101","182885","ON","WETP","N","","","","199","True","","","","Active","LITE","M-LITE-0001","MR-LITE-0001-V1","2026-12-07T05:00:00Z","1.38000000000000","182885.000000000","132525.362318841","2026-09-11T04:43:02Z","2026-04-24T15:40:43Z","106","106","False","d0f59617-29cb-4151-b8c9-a2646a1fe912","LTL (LINEMAN'S TESTING LAB)","5200","MR-LITE-0001-V1","soleil.anker@ermco-eci.com","soleil.anker@ermco-eci.com"
"180","","","21955","37","321","2","Standard","2026-02-20T05:00:00Z","2026-09-30T04:00:00Z","16","","2026-05-13T04:00:00Z","","","","","","","","","","","","","","","","","MGE092518","100519","WI","WET","Y","","","","130","True","","","","Active","MAGA","M-MAGA-0014","MR-MAGA-0014-V1","2026-09-10T04:00:00Z","1.38000000000000","138716.220000000","100519.000000000","2026-09-11T04:21:55Z","2026-04-24T15:40:45Z","106","106","False","54966824-b09d-429b-b06d-0ddb5086fe57","MADISON GAS § ELECTRIC","119773","MR-MAGA-0014-V1","soleil.anker@ermco-eci.com","soleil.anker@ermco-eci.com"
"181","","","21879","37","320","1","Standard","2025-11-17T05:00:00Z","2026-10-30T04:00:00Z","16","","2026-06-12T04:00:00Z","","","","","","","","","","","","","","","","","MGE088191","100894.37","US","WET","Y","","","","117","True","","","","Active","MAGA","M-MAGA-0013","MR-MAGA-0013-V1","2026-06-07T04:00:00Z","1.38000000000000","139234.230600000","100894.370000000","2026-09-11T04:19:55Z","2026-04-24T15:40:45Z","106","106","False","370d502b-430d-489a-a44f-50bd0ed06260","MADISON GAS § ELECTRIC","116807","MR-MAGA-0013-V1","soleil.anker@ermco-eci.com","soleil.anker@ermco-eci.com"
"182","","","21958","97","337","1","Standard","2026-03-04T05:00:00Z","2026-12-09T05:00:00Z","18","","2026-07-08T04:00:00Z","","","","","","","","","","","","","","","","","48264255","120281","PA","WET","N","","","","202","True","","","","Active","FIEN","M-FIEN-0002","MR-FIEN-0002-V1","2026-10-06T04:00:00Z","1.38000000000000","165987.780000000","120281.000000000","2026-09-11T04:43:58Z","2026-04-24T15:40:45Z","106","106","False","3c79a630-040d-4858-ba4d-8d6ce85d12f6","FIRST ENERGY","557842","MR-FIEN-0002-V1","soleil.anker@ermco-eci.com","soleil.anker@ermco-eci.com"
"183","","","21897","115","99","4","Standard","2025-12-15T05:00:00Z","2026-06-25T04:00:00Z","28","","2025-11-13T05:00:00Z","","","","","","","","","","","","","","","","","4513512803","107690.92","QC","WET","Y","","","","41","","","","","","HYQU","M-HYQU-0017","MR-HYQU-0017-V1","2026-09-27T04:00:00Z","1.38000000000000","107690.920000000","78036.8985507246","2026-09-10T22:15:49Z","2026-04-24T15:40:46Z","106","106","False","a576309a-cfb2-4814-95f5-669d50330729","HYDRO QUEBEC","1002812-22","MR-HYQU-0017-V1","soleil.anker@ermco-eci.com","soleil.anker@ermco-eci.com"
"184","","","21746","115","94","5","Standard","2025-06-12T04:00:00Z","2026-06-30T04:00:00Z","28","","2025-11-18T05:00:00Z","","","","","","","","","","","","","","","","","4513346660","48306.08","QC","WET","Y","","","","30","","","","","","HYQU","M-HYQU-0012","MR-HYQU-0012-V1","2026-03-25T04:00:00Z","1.38000000000000","48306.0800000000","35004.4057971015","2026-09-10T22:15:49Z","2026-04-24T15:40:47Z","106","106","False","6006e6f5-b63e-4e7d-86f0-a30d206004f1","HYDRO QUEBEC","1002394-22","MR-HYQU-0012-V1","soleil.anker@ermco-eci.com","soleil.anker@ermco-eci.com"
"185","","","21975","115","91","5","Standard","2026-03-15T04:00:00Z","2027-03-25T04:00:00Z","28","","2026-08-13T04:00:00Z","","","","","","","","","","","","","","","","","4513596095","34797.62","QC","WET","Y","","","","26","False","","","","Active","HYQU","M-HYQU-0009","MR-HYQU-0009-V1","2026-12-26T05:00:00Z","1.38000000000000","34797.6200000000","25215.6666666667","2026-09-11T04:43:43Z","2026-04-24T15:40:47Z","106","106","False","5a70a692-1460-446f-b7ea-cff42d6b4c96","HYDRO QUEBEC","1002113-22","MR-HYQU-0009-V1","soleil.anker@ermco-eci.com","soleil.anker@ermco-eci.com"
"186","","","21772","73","242","2","Standard","2025-08-15T04:00:00Z","2026-06-30T04:00:00Z","20","","2026-01-13T05:00:00Z","","","","","","","","","","","","","","","","","4501952682","74282","US","WET","N","","","","89","","","","","","XCEN","M-XCEN-0002","M-XCEN-0002","2026-04-02T04:00:00Z","1.38000000000000","102509.160000000","74282.0000000000","2026-09-10T22:15:49Z","2026-04-24T15:40:48Z","106","106","False","3d7241d1-b9eb-4ea9-8c9d-4e3335c45d38","XCEL ENERGY NORTHERN","108863","MR-XCEN-0002-V1","soleil.anker@ermco-eci.com","soleil.anker@ermco-eci.com"
"187","","","21918","56","296","1","Standard","2026-01-12T05:00:00Z","2026-11-30T05:00:00Z","26","","2026-05-04T04:00:00Z","","","","","","","","","","","","","","","","","PSSLPO-2766","216445","ON","WETP","N","","","","170","True","","","","Active","POSY","M-POSY-0001","MR-POSY-0001-V1","2026-10-11T04:00:00Z","1.38000000000000","216445.000000000","156844.202898551","2026-09-11T04:35:33Z","2026-04-24T15:40:49Z","106","106","False","456a8516-592e-4d56-ba07-928319f1f588","POWER SYSTEM SOLUTIONS","21918","MR-POSY-0001-V1","soleil.anker@ermco-eci.com","soleil.anker@ermco-eci.com"
"188","","","21906","35","187","2","Standard","2025-12-12T05:00:00Z","2026-12-11T05:00:00Z","20","","2026-06-26T04:00:00Z","","","","","","","","","","","","","","","","","1155481-6","50850.51","US","WET","Y","","","","83","False","","","","Active","LGEN","M-LGEN-0003","MR-LGEN-0003-V1","2026-07-30T04:00:00Z","1.38000000000000","70173.7038000000","50850.5100000000","2026-09-11T04:24:01Z","2026-04-24T15:40:49Z","106","106","False","98857808-5830-4d48-9180-f95b52d57646","LG§E","1073119","MR-LGEN-0003-V1","soleil.anker@ermco-eci.com","soleil.anker@ermco-eci.com"
"189","","","21523","115","468","3","Standard","2024-07-18T04:00:00Z","2027-01-10T05:00:00Z","28","","2026-05-31T04:00:00Z","","","","","","","","","","","","","","","","","4513062475","749255.33","QC","WETP","Y","","True","","309","True","","","","Active","HYQU","M-HYQU-0002","MR-HYQU-0002-V1","2025-04-30T04:00:00Z","1.44000000000000","749255.330000000","520316.201388889","2026-09-11T04:56:44Z","2026-04-24T15:40:50Z","106","106","False","1d653719-fd11-4389-938d-73b5fe97b468","HYDRO QUEBEC","G21523","MR-HYQU-0002-V1","soleil.anker@ermco-eci.com","soleil.anker@ermco-eci.com"
"190","","","21937","69","407","1","Standard","2026-01-22T05:00:00Z","2026-12-04T05:00:00Z","26","","2026-05-08T04:00:00Z","","","","","","","","","","","","","","","","","2335-904200","174900","ON","WETP","N","","","","197","False","","","","Active","WESC","M-WESC-0002","MR-WESC-0002-V1","2026-10-21T04:00:00Z","1.38000000000000","174900.000000000","126739.130434783","2026-09-11T04:26:24Z","2026-04-24T15:40:51Z","106","106","False","9192b76e-902c-48bc-81ae-9f8a657cb986","WESCO","43-8146","MR-WESC-0002-V1","soleil.anker@ermco-eci.com","soleil.anker@ermco-eci.com"
"191","","","21934","18","387","2","Standard","2026-01-22T05:00:00Z","2026-12-31T05:00:00Z","20","","2026-07-16T04:00:00Z","","","","","","","","","","","","","","","","","MX1-EX24693","293482.61","AB","WET","N","","","","66","True","","","","Active","ENMA","M-ENMA-0048","MR-ENMA-0048-V1","2026-09-09T04:00:00Z","1.38000000000000","293482.610000000","212668.557971014","2026-09-11T04:44:33Z","2026-04-24T15:40:52Z","106","106","False","f1cf5942-892e-455c-a181-9e320d1f5556","ENMAX","100311912","MR-ENMA-0048-V1","soleil.anker@ermco-eci.com","soleil.anker@ermco-eci.com"
"192","","","21935","18","388","2","Standard","2026-01-22T05:00:00Z","2026-12-31T05:00:00Z","20","","2026-07-16T04:00:00Z","","","","","","","","","","","","","","","","","MX1-EX24693","293482.61","ON","WET","N","","","","67","True","","","","Active","ENMA","M-ENMA-0049","MR-ENMA-0049-V1","2026-09-09T04:00:00Z","1.38000000000000","293482.610000000","212668.557971014","2026-09-11T04:55:27Z","2026-04-24T15:40:52Z","106","106","False","e584772b-42e4-464d-9249-a7a744adcdb4","ENMAX","100311913","MR-ENMA-0049-V1","soleil.anker@ermco-eci.com","soleil.anker@ermco-eci.com"
"193","","","21939","97","276","1","Standard","2026-02-09T05:00:00Z","2026-12-23T05:00:00Z","18","","2026-07-22T04:00:00Z","","","","","","","","","","","","","","","","","45600044","75150","PA","WET","N","","","","185","True","","","","Active","FIEN","M-FIEN-0001","MR-FIEN-0001-V1","2026-09-13T04:00:00Z","1.38000000000000","103707.000000000","75150.0000000000","2026-09-11T04:31:32Z","2026-04-24T15:40:53Z","106","106","False","df92bc78-d890-4808-97a5-ddfe5f0ab05e","FIRST ENERGY","4216","MR-FIEN-0001-V1","soleil.anker@ermco-eci.com","soleil.anker@ermco-eci.com"
"194","","","21660","115","381","2","Standard","2025-03-19T04:00:00Z","2028-04-30T04:00:00Z","28","","2027-09-19T04:00:00Z","","","","","","","","","","","","","","","","","4513227831","1016347","QC","WET","Y","","True","","195","True","True","Confirmed","","Active","HYQU","M-HYQU-0071","MR-HYQU-0071-V1","2025-12-30T05:00:00Z","1.44000000000000","1016347.00000000","705796.527777778","2026-09-11T05:11:18Z","2026-04-24T15:40:54Z","106","106","False","0513b623-9597-4cca-abcc-1b390c84ef48","HYDRO QUEBEC","4276269","MR-HYQU-0071-V1","soleil.anker@ermco-eci.com","soleil.anker@ermco-eci.com"
"195","","","21924","115","89","3","Standard","2026-01-14T05:00:00Z","2027-01-28T05:00:00Z","28","","2026-06-18T04:00:00Z","","","","","","","","","","","","","","","","","4513534368","91836","QC","WET","N","","","","21","False","","","","Active","HYQU","M-HYQU-0007","MR-HYQU-0007-V1","2026-10-27T04:00:00Z","1.38000000000000","91836.0000000000","66547.8260869565","2026-09-11T04:56:05Z","2026-04-24T15:40:54Z","106","106","False","5b1c3499-5045-4b04-ac61-7a3dd79841da","HYDRO QUEBEC","1001912-22","MR-HYQU-0007-V1","soleil.anker@ermco-eci.com","soleil.anker@ermco-eci.com"
"196","","","21654","19","255","3","Standard","2025-03-19T04:00:00Z","2026-04-30T04:00:00Z","18","","2025-11-27T05:00:00Z","","","","","","","","","","","","","","","","","796214","280919.54","AB","WET","Y","","","","182","","","","","","EPCO","M-EPCO-0006","MR-EPCO-0006-V1","2025-10-21T04:00:00Z","1.44000000000000","280919.540000000","195083.013888889","2026-09-10T22:15:50Z","2026-04-24T15:40:55Z","106","106","False","d31891c6-3526-4800-ad66-e12cfa0ececa","EPCOR","29653","MR-EPCO-0006-V1","soleil.anker@ermco-eci.com","soleil.anker@ermco-eci.com"
"197","","","21852","37","314","2","Standard","2025-10-29T04:00:00Z","2026-07-29T04:00:00Z","16","","2026-03-11T04:00:00Z","","","","","","","","","","","","","","","","","MGE087158","146181.01","USA","WET","","","","","81","","","","","","MAGA","M-MAGA-0011","MR-MAGA-0011-V1","2026-05-19T04:00:00Z","1.38000000000000","201729.793800000","146181.010000000","2026-09-10T22:15:50Z","2026-04-24T15:40:56Z","106","106","False","1dbcdcc0-e0ef-46f4-b53c-d7a65ce12397","MADISON GAS § ELECTRIC","104132","MR-MAGA-0011-V1","soleil.anker@ermco-eci.com","soleil.anker@ermco-eci.com"
"198","","","21946","115","90","5","Standard","2026-02-11T05:00:00Z","2027-02-25T05:00:00Z","28","","2026-07-16T04:00:00Z","","","","","","","","","","","","","","","","","4513563162 ","44816.62","QC","WET","Y","","","","24","False","","","","Active","HYQU","M-HYQU-0008","MR-HYQU-0008-V1","2026-11-24T05:00:00Z","1.38000000000000","44816.6200000000","32475.8115942029","2026-09-11T04:37:00Z","2026-04-24T15:40:57Z","106","106","False","d0617056-c359-47f2-8ae3-f5a0bb16ac3c","HYDRO QUEBEC","1002104-22","MR-HYQU-0008-V1","soleil.anker@ermco-eci.com","soleil.anker@ermco-eci.com"
"199","","","21759","115","91","18","Standard","2025-07-11T04:00:00Z","2026-07-31T04:00:00Z","28","","2025-12-19T05:00:00Z","","","","","","","","","","","","","","","","","4513374021","32693.22","QC","WET","N","","","","26","","","","","","HYQU","M-HYQU-0009","MR-HYQU-0009-V1","2026-04-23T04:00:00Z","1.38000000000000","32693.2200000000","23690.7391304348","2026-09-10T22:15:50Z","2026-04-24T15:40:57Z","106","106","False","020078fb-55d1-4152-8640-92fb0762524a","HYDRO QUEBEC","1002113-22","MR-HYQU-0009-V1","soleil.anker@ermco-eci.com","soleil.anker@ermco-eci.com"
"200","","","21662","115","369","1","Standard","2025-04-07T04:00:00Z","2027-02-28T05:00:00Z","28","","2026-07-19T04:00:00Z","","","","","","","","","","","","","","","","","4513025879","344562.22","QC","WET","Y","","True","","113","True","True","Confirmed","","Active","HYQU","M-HYQU-0060","MR-HYQU-0060-V1","2026-01-18T05:00:00Z","1.38000000000000","344562.220000000","249682.768115942","2026-09-11T04:58:52Z","2026-04-24T15:40:58Z","106","106","False","d1853479-52b7-4fb7-b350-fca8895fc107","HYDRO QUEBEC","1166058","MR-HYQU-0060-V1","soleil.anker@ermco-eci.com","soleil.anker@ermco-eci.com"
"201","","","21663","115","382","1","Standard","2025-04-07T04:00:00Z","2027-05-31T04:00:00Z","28","","2026-10-19T04:00:00Z","","","","","","","","","","","","","","","","","4513268958","1242043.43","QC","WET","Y","","True","","196","True","True","Confirmed","","Active","HYQU","M-HYQU-0072","MR-HYQU-0072-V1","2026-01-18T05:00:00Z","1.38000000000000","1242043.43000000","900031.471014493","2026-09-11T05:06:37Z","2026-04-24T15:40:59Z","106","106","False","af04882e-2cb5-4cac-a366-b2ef42c69594","HYDRO QUEBEC","4276691","MR-HYQU-0072-V1","soleil.anker@ermco-eci.com","soleil.anker@ermco-eci.com"
"202","","","21665","115","377","3","Standard","2025-04-09T04:00:00Z","2027-08-31T04:00:00Z","28","","2027-01-19T05:00:00Z","","","","","","","","","","","","","","","","","4513247870","1035147.71","QC","WET","Y","","True","","191","True","","Confirmed","","Active","HYQU","M-HYQU-0067","MR-HYQU-0067-V1","2026-01-20T05:00:00Z","1.38000000000000","1035147.71000000","750107.036231884","2026-09-11T05:11:50Z","2026-04-24T15:41:00Z","106","106","False","d13247ab-3c43-4cdc-9f13-5ebc29d51457","HYDRO QUEBEC","4261865","MR-HYQU-0067-V1","soleil.anker@ermco-eci.com","soleil.anker@ermco-eci.com"
"203","","","21898","115","100","2","Standard","2025-12-15T05:00:00Z","2026-06-25T04:00:00Z","28","","2025-11-13T05:00:00Z","","","","","","","","","","","","","","","","","4513512803","100115.75","QC","WET","Y","","","","43","","","","","","HYQU","M-HYQU-0018","MR-HYQU-0018-V1","2026-09-27T04:00:00Z","1.38000000000000","100115.750000000","72547.6449275362","2026-09-10T22:15:51Z","2026-04-24T15:41:00Z","106","106","False","864e6fb3-b0a8-4055-bd4b-b7050bd38e45","HYDRO QUEBEC","1002817-22","MR-HYQU-0018-V1","soleil.anker@ermco-eci.com","soleil.anker@ermco-eci.com"
"204","","","21749","115","379","1","Standard","2025-06-13T04:00:00Z","2027-12-31T05:00:00Z","28","","2027-05-21T04:00:00Z","","","","","","","","","","","","","","","","","4513281317","568664.71","QC","WET","Y","","True","","193","True","True","Confirmed","","Active","HYQU","M-HYQU-0069","MR-HYQU-0069-V1","2026-03-26T04:00:00Z","1.38000000000000","568664.710000000","412075.876811594","2026-09-11T05:11:11Z","2026-04-24T15:41:01Z","106","106","False","e85e5fc7-4d77-4f87-8c16-112eed6cb9be","HYDRO QUEBEC","4261871","MR-HYQU-0069-V1","soleil.anker@ermco-eci.com","soleil.anker@ermco-eci.com"
"205","","","21664","115","380","1","Standard","2025-04-07T04:00:00Z","2028-04-30T04:00:00Z","28","","2027-09-19T04:00:00Z","","","","","","","","","","","","","","","","","4513265370","794562.63","QC","WET","Y","","True","","194","True","","Confirmed","","Active","HYQU","M-HYQU-0070","MR-HYQU-0070-V1","2026-01-18T05:00:00Z","1.38000000000000","794562.630000000","575770.021739130","2026-09-11T05:08:38Z","2026-04-24T15:41:02Z","106","106","False","e423da16-9eea-4e09-a150-ce78ab3b2983","HYDRO QUEBEC","4276087","MR-HYQU-0070-V1","soleil.anker@ermco-eci.com","soleil.anker@ermco-eci.com"
"206","","","21932","115","379","1","Standard","2026-01-22T05:00:00Z","2030-01-25T05:00:00Z","28","","2029-06-15T04:00:00Z","","","","","","","","","","","","","","","","","4513531464","629346.1","QC","WET","Y","","True","","193","True","","","","Active","HYQU","M-HYQU-0069","MR-HYQU-0069-V1","2026-11-04T05:00:00Z","1.38000000000000","629346.100000000","456047.898550725","2026-09-11T05:12:25Z","2026-04-24T15:41:02Z","106","106","False","6c412e96-699f-4fda-b5c7-bcbfd74aa49b","HYDRO QUEBEC","4261871","MR-HYQU-0069-V1","soleil.anker@ermco-eci.com","soleil.anker@ermco-eci.com"
"207","","","21969","115","104","2","Standard","2026-03-15T04:00:00Z","2026-09-25T04:00:00Z","28","","2026-02-13T05:00:00Z","","","","","","","","","","","","","","","","","4513596093","101193.19","QC","WET","Y","","","","50","False","","","","Active","HYQU","M-HYQU-0022","MR-HYQU-0022-V1","2026-12-26T05:00:00Z","1.38000000000000","101193.190000000","73328.3985507246","2026-09-11T04:17:07Z","2026-04-24T15:41:03Z","106","106","False","5af87f5e-0cc2-4ff1-847e-006e57fdf3fe","HYDRO QUEBEC","1002859-22","MR-HYQU-0022-V1","soleil.anker@ermco-eci.com","soleil.anker@ermco-eci.com"
"208","","","21050W1","37","295","1","Standard","2025-10-29T04:00:00Z","2099-01-01T05:00:00Z","16","","2098-08-14T04:00:00Z","","","","","","","","","","","","","","","","","","0","","","","","","","169","True","","","","Active","MAGA","M-MAGA-0007","MR-MAGA-0007-V1","2026-05-19T04:00:00Z","1.38000000000000","0","0","2026-09-10T22:15:51Z","2026-04-24T15:41:05Z","106","106","False","a04666a1-1cb0-412e-b763-e332219e1f3e","MADISON GAS § ELECTRIC","21050","MR-MAGA-0007-V1","soleil.anker@ermco-eci.com","soleil.anker@ermco-eci.com"
"209","","","21040W2","68","155","1","Standard","2026-01-08T05:00:00Z","2099-01-01T05:00:00Z","20","","2098-07-17T04:00:00Z","","","","","","","","","","","","","","","","","","0","","","","","","","239","True","","","","Active","TOHY","M-TOHY-0002","MR-TOHY-0002-V1","2026-08-26T04:00:00Z","1.38000000000000","0","0","2026-09-11T04:15:41Z","2026-04-24T15:41:04Z","106","106","False","a6502dad-9068-4f75-8b42-fab42873f0be","TORONTO HYDRO","6643202-22","MR-TOHY-0002-V1","soleil.anker@ermco-eci.com","soleil.anker@ermco-eci.com"
"210","","","20164W2","67","442","1","Standard","2026-02-24T05:00:00Z","2026-06-30T04:00:00Z","26","","2025-12-02T05:00:00Z","","","","","","","","","","","","","","","","","","0","","","","","","","304","","","","","Active","TECO","M-TECO-0004","MR-TECO-0004-V1","2026-11-23T05:00:00Z","1.38000000000000","0","0","2026-09-11T04:15:29Z","2026-04-24T15:41:06Z","106","106","False","a0295464-7ab9-40f3-9bb2-657bdd3e86e1","TECHNO CONTACT","G20164W2","MR-TECO-0004-V1","soleil.anker@ermco-eci.com","soleil.anker@ermco-eci.com"
"211","","","19515","104","420","1","Standard","2026-01-18T05:00:00Z","2027-02-28T05:00:00Z","26","","2026-08-02T04:00:00Z","","","","","","","","","","","","","","","","","","86017","","","","","","","300","","","","","Active","GOSO","M-GOSO-0001","MR-GOSO-0001-V1","2026-10-17T04:00:00Z","1.38000000000000","118703.460000000","86017.0000000000","2026-09-11T05:12:35Z","2026-04-24T15:41:06Z","106","106","False","ef092803-b5c9-4f77-9c78-059f524c47b9","GOLDEN SOUTH WIND","G19515","MR-GOSO-0001-V1","soleil.anker@ermco-eci.com","soleil.anker@ermco-eci.com"
"212","","","21968","115","96","4","Standard","2026-03-15T04:00:00Z","2026-09-25T04:00:00Z","28","","2026-02-13T05:00:00Z","","","","","","","","","","","","","","","","","4513596093","26587.59","QC","WET","Y","","","","35","False","","","","Active","HYQU","M-HYQU-0014","MR-HYQU-0014-V1","2026-12-26T05:00:00Z","1.38000000000000","26587.5900000000","19266.3695652174","2026-09-10T22:15:51Z","2026-04-24T15:41:07Z","106","106","False","9990899a-1412-4f30-8502-c647fd2a95f1","HYDRO QUEBEC","1002458-22","MR-HYQU-0014-V1","soleil.anker@ermco-eci.com","soleil.anker@ermco-eci.com"
"213","","","20883W1","73","444","1","Standard","2026-03-19T04:00:00Z","2026-08-19T04:00:00Z","20","","2026-03-04T05:00:00Z","","","","","","","","","","","","","","","","","","","","","","","","","307","","","","","","XCEN","M-XCEN-0010","MR-XCEN-0010-V1","2026-11-04T05:00:00Z","1.38000000000000","","","2026-09-10T22:15:51Z","2026-04-24T15:41:08Z","106","106","False","fda464a4-a166-43e5-bc62-f39a9412d999","XCEL ENERGY NORTHERN","G20883","MR-XCEN-0010-V1","soleil.anker@ermco-eci.com","soleil.anker@ermco-eci.com"
"214","","","21967","115","94","5","Standard","2026-03-15T04:00:00Z","2026-09-25T04:00:00Z","28","","2026-02-13T05:00:00Z","","","","","","","","","","","","","","","","","4513596093","51415.46","QC","WET","Y","","","","30","False","","","","Active","HYQU","M-HYQU-0012","MR-HYQU-0012-V1","2026-12-26T05:00:00Z","1.38000000000000","51415.4600000000","37257.5797101449","2026-09-11T04:16:05Z","2026-04-24T15:41:08Z","106","106","False","fda8b68e-ebc7-441e-9774-18f573778e15","HYDRO QUEBEC","1002394-22","MR-HYQU-0012-V1","soleil.anker@ermco-eci.com","soleil.anker@ermco-eci.com"
"215","","","21761","115","96","5","Standard","2025-07-11T04:00:00Z","2026-07-31T04:00:00Z","28","","2025-12-19T05:00:00Z","","","","","","","","","","","","","","","","","4513374021","24979.69","QC","WET","N","","","","35","","","","","","HYQU","M-HYQU-0014","MR-HYQU-0014-V1","2026-04-23T04:00:00Z","1.38000000000000","24979.6900000000","18101.2246376812","2026-09-10T22:15:52Z","2026-04-24T15:41:08Z","106","106","False","467abb0b-3174-4937-872c-16e6ba549ea4","HYDRO QUEBEC","1002458-22","MR-HYQU-0014-V1","soleil.anker@ermco-eci.com","soleil.anker@ermco-eci.com"
"216","","","21922","115","98","8","Standard","2026-01-14T05:00:00Z","2026-07-30T04:00:00Z","28","","2025-12-18T05:00:00Z","","","","","","","","","","","","","","","","","4513534366","72355.53","QC","WET","N","","","","39","","","","","","HYQU","M-HYQU-0016","MR-HYQU-0016-V1","2026-10-27T04:00:00Z","1.38000000000000","72355.5300000000","52431.5434782609","2026-09-10T22:15:52Z","2026-04-24T15:41:10Z","106","106","False","071243d3-26ac-48b9-882c-5428b37cd539","HYDRO QUEBEC","1002801-22","MR-HYQU-0016-V1","soleil.anker@ermco-eci.com","soleil.anker@ermco-eci.com"
"217","","","21803","115","91","8","Standard","2025-09-11T04:00:00Z","2026-09-24T04:00:00Z","28","","2026-02-12T05:00:00Z","","","","","","","","","","","","","","","","","4513423898","34851.25","QC","WET","Y","","","","26","False","True","Confirmed","","Active","HYQU","M-HYQU-0009","MR-HYQU-0009-V1","2026-06-24T04:00:00Z","1.38000000000000","34851.2500000000","25254.5289855072","2026-09-11T04:18:47Z","2026-04-24T15:41:10Z","106","106","False","42259ca0-800b-46be-b9a7-e8255e8f8705","HYDRO QUEBEC","1002113-22","MR-HYQU-0009-V1","soleil.anker@ermco-eci.com","soleil.anker@ermco-eci.com"
"218","","","21840","23","142","10","Standard","2025-10-03T04:00:00Z","2026-08-31T04:00:00Z","18","","2026-03-30T04:00:00Z","","","","","","","","","","","","","","","","","GPC11541688","104817","USA","WET","N","","","","146","True","True","Pending","","Active","GEPO","M-GEPO-0012","MR-GEPO-0012-V1","2026-05-07T04:00:00Z","1.38000000000000","144647.460000000","104817.000000000","2026-09-11T04:16:16Z","2026-04-24T15:41:11Z","106","106","False","aa7525e7-df6c-4cda-b1b7-fe3ed7226ecd","GEORGIA POWER","132124","MR-GEPO-0012-V1","soleil.anker@ermco-eci.com","soleil.anker@ermco-eci.com"
"219","","","21841","23","143","10","Standard","2025-10-03T04:00:00Z","2026-09-30T04:00:00Z","18","","2026-04-29T04:00:00Z","","","","","","","","","","","","","","","","","GPC11541688","165463","USA","WET","N","","","","147","True","True","Pending","","Active","GEPO","M-GEPO-0013","MR-GEPO-0013-V1","2026-05-07T04:00:00Z","1.38000000000000","228338.940000000","165463.000000000","2026-09-11T04:25:45Z","2026-04-24T15:41:12Z","106","106","False","418bfe5d-a9bf-49b1-84e0-aeec59604eb5","GEORGIA POWER","132125","MR-GEPO-0013-V1","soleil.anker@ermco-eci.com","soleil.anker@ermco-eci.com"
"220","","","21965","115","87","4","Standard","2026-03-15T04:00:00Z","2026-09-25T04:00:00Z","28","","2026-02-13T05:00:00Z","","","","","","","","","","","","","","","","","4513596093","49272.17","QC","WET","Y","","","","18","False","","","","Active","HYQU","M-HYQU-0005","MR-HYQU-0005-V1","2026-12-26T05:00:00Z","1.38000000000000","49272.1700000000","35704.4710144928","2026-09-10T22:15:52Z","2026-04-24T15:41:13Z","106","106","False","7a861623-e3a4-47f2-aa1d-60de1bd3c60e","HYDRO QUEBEC","1001893-22","MR-HYQU-0005-V1","soleil.anker@ermco-eci.com","soleil.anker@ermco-eci.com"
"221","","","21842","23","143","5","Standard","2025-10-03T04:00:00Z","2026-09-30T04:00:00Z","18","","2026-04-29T04:00:00Z","","","","","","","","","","","","","","","","","GPC11541688","165463","USA","WET","N","","","","147","True","True","Pending","","Active","GEPO","M-GEPO-0013","MR-GEPO-0013-V1","2026-05-07T04:00:00Z","1.38000000000000","228338.940000000","165463.000000000","2026-09-11T04:34:57Z","2026-04-24T15:41:13Z","106","106","False","55ec70bd-d6e3-401b-9a54-2af53f1fa7c6","GEORGIA POWER","132125","MR-GEPO-0013-V1","soleil.anker@ermco-eci.com","soleil.anker@ermco-eci.com"
"222","","","21964","2","125","3","Standard","2026-03-12T04:00:00Z","2026-10-07T04:00:00Z","20","","2026-04-22T04:00:00Z","","","","","","","","","","","","","","","","","APC11038744","100100.5","AL","WET","N","","","","269","True","","","","Active","ALPO","M-ALPO-0005","MR-ALPO-0005-V1","2026-10-28T04:00:00Z","1.38000000000000","138138.690000000","100100.500000000","2026-09-11T04:37:57Z","2026-04-24T15:41:14Z","106","106","False","f667011d-f3ce-4f89-86f6-b25e13540511","ALABAMA POWER","68588","MR-ALPO-0005-V1","soleil.anker@ermco-eci.com","soleil.anker@ermco-eci.com"
"223","","","21875","115","98","5","Standard","2025-11-19T05:00:00Z","2026-11-26T05:00:00Z","28","","2026-04-16T04:00:00Z","","","","","","","","","","","","","","","","","4513486769","72355.53","QC","WET","Y","","","","39","False","","","","Active","HYQU","M-HYQU-0016","MR-HYQU-0016-V1","2026-09-01T04:00:00Z","1.38000000000000","72355.5300000000","52431.5434782609","2026-09-11T04:21:17Z","2026-04-24T15:41:15Z","106","106","False","a6de74c3-af86-44c0-9346-083e42e92024","HYDRO QUEBEC","1002801-22","MR-HYQU-0016-V1","soleil.anker@ermco-eci.com","soleil.anker@ermco-eci.com"
"224","","","21853","37","312","2","Standard","2025-10-29T04:00:00Z","2026-12-29T05:00:00Z","16","","2026-08-11T04:00:00Z","","","","","","","","","","","","","","","","","MGE087159","114385.14","USA","WET","","","","","79","False","","","","Active","MAGA","M-MAGA-0009","MR-MAGA-0009-V1","2026-05-19T04:00:00Z","1.38000000000000","157851.493200000","114385.140000000","2026-09-11T04:25:24Z","2026-04-24T15:41:16Z","106","106","False","01096d3a-0500-49d1-a34a-b3958f9a854a","MADISON GAS § ELECTRIC","104130","MR-MAGA-0009-V1","soleil.anker@ermco-eci.com","soleil.anker@ermco-eci.com"
"225","","","21919","115","87","3","Standard","2026-01-15T05:00:00Z","2026-07-30T04:00:00Z","28","","2025-12-18T05:00:00Z","","","","","","","","","","","","","","","","","4513534360","49348.1","QC","WET","N","","","","18","","","","","","HYQU","M-HYQU-0005","MR-HYQU-0005-V1","2026-10-28T04:00:00Z","1.38000000000000","49348.1000000000","35759.4927536232","2026-09-10T22:15:53Z","2026-04-24T15:41:17Z","106","106","False","4d7427ed-6a9a-4ea6-aad7-4daf2819f47b","HYDRO QUEBEC","1001893-22","MR-HYQU-0005-V1","soleil.anker@ermco-eci.com","soleil.anker@ermco-eci.com"
"226","","","21714","117","364","4","Standard","2025-05-13T04:00:00Z","2026-01-31T05:00:00Z","26","","2025-07-05T04:00:00Z","","","","","","","","","","","","","","","","","1074523","167095","US","WET","Y","","","","82","False","True","Confirmed","","Active","KBAU","M-KBAU-0001","MR-KBAU-0001-V1","2026-02-09T05:00:00Z","1.38000000000000","230591.100000000","167095.000000000","2026-09-11T05:13:03Z","2026-04-24T15:41:18Z","106","106","False","13700df5-c4c2-4e59-8692-3adc1e987691","KBS Austin","1044322","MR-KBAU-0001-V1","soleil.anker@ermco-eci.com","soleil.anker@ermco-eci.com"
"227","","","21961","35","191","2","Standard","2026-03-10T04:00:00Z","2027-03-05T05:00:00Z","20","","2026-09-18T04:00:00Z","","","","","","","","","","","","","","","","","1155481-7","63406.27","KY","WET","Y","","","","87","False","","","","Active","LGEN","M-LGEN-0007","MR-LGEN-0007-V1","2026-10-26T04:00:00Z","1.38000000000000","87500.6526000000","63406.2700000000","2026-09-11T04:50:42Z","2026-04-24T15:41:18Z","106","106","False","8ebc8c42-84a2-493c-946b-bd40993a675d","LG§E","1073194","MR-LGEN-0007-V1","soleil.anker@ermco-eci.com","soleil.anker@ermco-eci.com"
"228","","","21960","35","190","2","Standard","2026-03-10T04:00:00Z","2027-03-05T05:00:00Z","20","","2026-09-18T04:00:00Z","","","","","","","","","","","","","","","","","1155481-7","55164.31","KY","WET","Y","","","","86","False","","","","Active","LGEN","M-LGEN-0006","MR-LGEN-0006-V1","2026-10-26T04:00:00Z","1.38000000000000","76126.7478000000","55164.3100000000","2026-09-11T04:50:12Z","2026-04-24T15:41:18Z","106","106","False","bf2943a1-31eb-4e3f-8956-145d288c6b63","LG§E","1073186","MR-LGEN-0006-V1","soleil.anker@ermco-eci.com","soleil.anker@ermco-eci.com"
"229","","","21762","115","98","2","Standard","2025-07-11T04:00:00Z","2026-07-30T04:00:00Z","28","","2025-12-18T05:00:00Z","","","","","","","","","","","","","","","","","4513374021","66685.63","QC","WET","N","","","","39","","","","","","HYQU","M-HYQU-0016","MR-HYQU-0016-V1","2026-04-23T04:00:00Z","1.38000000000000","66685.6300000000","48322.9202898551","2026-09-10T22:15:53Z","2026-04-24T15:41:19Z","106","106","False","06109e6f-2c5b-4bf1-b61d-b7296be0ac71","HYDRO QUEBEC","1002801-22","MR-HYQU-0016-V1","soleil.anker@ermco-eci.com","soleil.anker@ermco-eci.com"
"230","","","21957","42","257","9","Standard","2026-02-26T05:00:00Z","2026-09-08T04:00:00Z","20","","2026-03-24T04:00:00Z","","","","","","","","","","","","","","","","","P77216","102395","FL","WET","","","","","281","False","","","","Active","NAEL","M-NAEL-0002","MR-NAEL-0002-V1","2026-10-14T04:00:00Z","1.38000000000000","141305.100000000","102395.000000000","2026-09-11T04:28:03Z","2026-04-24T15:41:20Z","106","106","False","36ac45a6-58f4-4239-8541-9e8ef02f0b33","NASHVILLE ELECTRIC","966600000","MR-NAEL-0002-V1","soleil.anker@ermco-eci.com","soleil.anker@ermco-eci.com"
"231","","","21921","115","100","2","Standard","2026-01-15T05:00:00Z","2026-07-30T04:00:00Z","28","","2025-12-18T05:00:00Z","","","","","","","","","","","","","","","","","4513534360","100115.75","QC","WET","N","","","","43","","","","","","HYQU","M-HYQU-0018","MR-HYQU-0018-V1","2026-10-28T04:00:00Z","1.38000000000000","100115.750000000","72547.6449275362","2026-09-10T22:15:54Z","2026-04-24T15:41:21Z","106","106","False","3a908adb-3311-49e2-ba1a-51e06c1da988","HYDRO QUEBEC","1002817-22","MR-HYQU-0018-V1","soleil.anker@ermco-eci.com","soleil.anker@ermco-eci.com"
"232","","","21954","73","245","1","Standard","2026-02-18T05:00:00Z","2026-09-21T04:00:00Z","20","","2026-04-06T04:00:00Z","","","","","","","","","","","","","","","","","4502097204","120064.03","MN","WET","Y","","","","92","True","","","","Active","XCEN","M-XCEN-0005","MR-XCEN-0005-V1","2026-10-06T04:00:00Z","1.38000000000000","165688.361400000","120064.030000000","2026-09-11T04:15:39Z","2026-04-24T15:41:22Z","106","106","False","a479d2bc-e6ec-4be0-b966-eb802d74a74b","XCEL ENERGY NORTHERN","108866","MR-XCEN-0005-V1","soleil.anker@ermco-eci.com","soleil.anker@ermco-eci.com"
"233","","","21911","23","143","7","Standard","2026-01-08T05:00:00Z","2027-01-15T05:00:00Z","18","","2026-08-14T04:00:00Z","","","","","","","","","","","","","","","","","GPC11563097","163605","GA","WET","","","","","147","True","","","","Active","GEPO","M-GEPO-0013","MR-GEPO-0013-V1","2026-08-12T04:00:00Z","1.38000000000000","225774.900000000","163605.000000000","2026-09-11T04:36:56Z","2026-04-24T15:41:22Z","106","106","False","2d5c99c6-3332-4a31-a545-949715675e38","GEORGIA POWER","132125","MR-GEPO-0013-V1","soleil.anker@ermco-eci.com","soleil.anker@ermco-eci.com"
"234","","","21760","115","94","5","Standard","2025-07-11T04:00:00Z","2026-07-30T04:00:00Z","28","","2025-12-18T05:00:00Z","","","","","","","","","","","","","","","","","4513374021","48306.08","QC","WET","N","","","","30","","","","","","HYQU","M-HYQU-0012","MR-HYQU-0012-V1","2026-04-23T04:00:00Z","1.38000000000000","48306.0800000000","35004.4057971015","2026-09-10T22:15:54Z","2026-04-24T15:41:23Z","106","106","False","25cdb626-56a8-4a44-93a0-d5a8ddf9fbbe","HYDRO QUEBEC","1002394-22","MR-HYQU-0012-V1","soleil.anker@ermco-eci.com","soleil.anker@ermco-eci.com"
"235","","","21951","115","99","4","Standard","2026-02-11T05:00:00Z","2027-02-25T05:00:00Z","28","","2026-07-16T04:00:00Z","","","","","","","","","","","","","","","","","4513563162 ","107690.92","QC","WET","Y","","","","41","False","","","","Active","HYQU","M-HYQU-0017","MR-HYQU-0017-V1","2026-11-24T05:00:00Z","1.38000000000000","107690.920000000","78036.8985507246","2026-09-11T04:40:54Z","2026-04-24T15:41:24Z","106","106","False","759e79f5-5499-4611-823a-d5c49f20d885","HYDRO QUEBEC","1002812-22","MR-HYQU-0017-V1","soleil.anker@ermco-eci.com","soleil.anker@ermco-eci.com"
"236","","","21940","115","87","6","Standard","2026-02-11T05:00:00Z","2026-08-27T04:00:00Z","28","","2026-01-15T05:00:00Z","","","","","","","","","","","","","","","","","4513563156","49348.1","QC","WET","Y","","","","18","","","","","","HYQU","M-HYQU-0005","MR-HYQU-0005-V1","2026-11-24T05:00:00Z","1.38000000000000","49348.1000000000","35759.4927536232","2026-09-10T22:15:55Z","2026-04-24T15:41:24Z","106","106","False","09437394-96d7-41e2-8e15-072cf7868e55","HYDRO QUEBEC","1001893-22","MR-HYQU-0005-V1","soleil.anker@ermco-eci.com","soleil.anker@ermco-eci.com"
"237","","","21942","115","96","4","Standard","2026-02-11T05:00:00Z","2026-08-27T04:00:00Z","28","","2026-01-15T05:00:00Z","","","","","","","","","","","","","","","","","4513563156","26628.57","QC","WET","Y","","","","35","","","","","","HYQU","M-HYQU-0014","MR-HYQU-0014-V1","2026-11-24T05:00:00Z","1.38000000000000","26628.5700000000","19296.0652173913","2026-09-10T22:15:55Z","2026-04-24T15:41:25Z","106","106","False","36fe25e4-36dc-4c10-8cee-a6b8e9574f33","HYDRO QUEBEC","1002458-22","MR-HYQU-0014-V1","soleil.anker@ermco-eci.com","soleil.anker@ermco-eci.com"
"238","","","21950","115","98","5","Standard","2026-02-11T05:00:00Z","2027-02-25T05:00:00Z","28","","2026-07-16T04:00:00Z","","","","","","","","","","","","","","","","","4513563162 ","72355.53","QC","WET","Y","","","","39","False","","","","Active","HYQU","M-HYQU-0016","MR-HYQU-0016-V1","2026-11-24T05:00:00Z","1.38000000000000","72355.5300000000","52431.5434782609","2026-09-11T04:38:48Z","2026-04-24T15:41:25Z","106","106","False","1563f02c-4204-4b33-ae83-8b69c9122571","HYDRO QUEBEC","1002801-22","MR-HYQU-0016-V1","soleil.anker@ermco-eci.com","soleil.anker@ermco-eci.com"
"239","","","21949","115","96","5","Standard","2026-02-11T05:00:00Z","2027-02-25T05:00:00Z","28","","2026-07-16T04:00:00Z","","","","","","","","","","","","","","","","","4513563162 ","26628.57","QC","WET","Y","","","","35","False","","","","Active","HYQU","M-HYQU-0014","MR-HYQU-0014-V1","2026-11-24T05:00:00Z","1.38000000000000","26628.5700000000","19296.0652173913","2026-09-11T04:40:05Z","2026-04-24T15:41:26Z","106","106","False","901e67a6-d033-441b-b0fc-daa54da2ff79","HYDRO QUEBEC","1002458-22","MR-HYQU-0014-V1","soleil.anker@ermco-eci.com","soleil.anker@ermco-eci.com"
"240","","","21948","115","94","5","Standard","2026-02-11T05:00:00Z","2027-02-25T05:00:00Z","28","","2026-07-16T04:00:00Z","","","","","","","","","","","","","","","","","4513563162 ","51494.7","QC","WET","Y","","","","30","False","","","","Active","HYQU","M-HYQU-0012","MR-HYQU-0012-V1","2026-11-24T05:00:00Z","1.38000000000000","51494.7000000000","37315.0000000000","2026-09-11T04:39:37Z","2026-04-24T15:41:27Z","106","106","False","27b7f48c-fc6f-4ecd-8500-9adfeb5e4437","HYDRO QUEBEC","1002394-22","MR-HYQU-0012-V1","soleil.anker@ermco-eci.com","soleil.anker@ermco-eci.com"
"241","","","21923","115","99","6","Standard","2026-01-14T05:00:00Z","2026-07-30T04:00:00Z","28","","2025-12-18T05:00:00Z","","","","","","","","","","","","","","","","","4513534366","107690.92","QC","WET","N","","","","41","False","","","","Active","HYQU","M-HYQU-0017","MR-HYQU-0017-V1","2026-10-27T04:00:00Z","1.38000000000000","107690.920000000","78036.8985507246","2026-09-10T22:15:54Z","2026-04-24T15:41:28Z","106","106","False","88c05c5b-a2e3-428a-909a-7d3d4ab5d6fb","HYDRO QUEBEC","1002812-22","MR-HYQU-0017-V1","soleil.anker@ermco-eci.com","soleil.anker@ermco-eci.com"
"242","","","21944","115","98","4","Standard","2026-02-11T05:00:00Z","2026-08-27T04:00:00Z","28","","2026-01-15T05:00:00Z","","","","","","","","","","","","","","","","","4513563161 ","72355.53","QC","WET","Y","","","","39","False","","","","Active","HYQU","M-HYQU-0016","MR-HYQU-0016-V1","2026-11-24T05:00:00Z","1.38000000000000","72355.5300000000","52431.5434782609","2026-09-10T22:15:54Z","2026-04-24T15:41:28Z","106","106","False","d09ea924-e097-4f61-b6ab-a0082c7bee86","HYDRO QUEBEC","1002801-22","MR-HYQU-0016-V1","soleil.anker@ermco-eci.com","soleil.anker@ermco-eci.com"
"243","","","21947","115","91","4","Standard","2026-02-11T05:00:00Z","2027-02-25T05:00:00Z","28","","2026-07-16T04:00:00Z","","","","","","","","","","","","","","","","","4513563162 ","34841.25","QC","WET","Y","","","","26","False","","","","Active","HYQU","M-HYQU-0009","MR-HYQU-0009-V1","2026-11-24T05:00:00Z","1.38000000000000","34841.2500000000","25247.2826086957","2026-09-11T04:37:47Z","2026-04-24T15:41:29Z","106","106","False","2878ebfd-8e2a-48c3-ba03-73a5489f3595","HYDRO QUEBEC","1002113-22","MR-HYQU-0009-V1","soleil.anker@ermco-eci.com","soleil.anker@ermco-eci.com"
"244","","","21905","19","251","2","Standard","2025-12-12T05:00:00Z","2026-08-03T04:00:00Z","18","","2026-03-02T05:00:00Z","","","","","","","","","","","","","","","","","804109","117123.53","AB","WET","Y","","","","153","","","","","","EPCO","M-EPCO-0002","MR-EPCO-0002-V1","2026-07-16T04:00:00Z","1.38000000000000","117123.530000000","84872.1231884058","2026-09-10T22:15:56Z","2026-04-24T15:41:30Z","106","106","False","0eec65a9-2918-4efe-9a90-37fdc01ec6b4","EPCOR","15273","MR-EPCO-0002-V1","soleil.anker@ermco-eci.com","soleil.anker@ermco-eci.com"
"245","","","21938","73","245","1","Standard","2026-01-29T05:00:00Z","2027-01-27T05:00:00Z","20","","2026-08-12T04:00:00Z","","","","","","","","","","","","","","","","","4502092616","90500.73","USA","WET","Y","","","","92","True","","","","Active","XCEN","M-XCEN-0005","MR-XCEN-0005-V1","2026-09-16T04:00:00Z","1.38000000000000","124891.007400000","90500.7300000000","2026-09-11T04:35:00Z","2026-04-24T15:41:31Z","106","106","False","831ae3ad-bff7-4e41-95f2-2daf70646b40","XCEL ENERGY NORTHERN","108866","MR-XCEN-0005-V1","soleil.anker@ermco-eci.com","soleil.anker@ermco-eci.com"
"246","","","21929","73","248","1","Standard","2026-01-14T05:00:00Z","2027-01-14T05:00:00Z","20","","2026-07-30T04:00:00Z","","","","","","","","","","","","","","","","","4502081686","88870.09","CO","WET","Y","","","","275","False","","","","Active","XCEN","M-XCEN-0008","MR-XCEN-0008-V1","2026-09-01T04:00:00Z","1.38000000000000","122640.724200000","88870.0900000000","2026-09-11T04:33:07Z","2026-04-24T15:41:31Z","106","106","False","309d56d6-0875-4e74-b2f9-cd3f3694deac","XCEL ENERGY NORTHERN","6865","MR-XCEN-0008-V1","soleil.anker@ermco-eci.com","soleil.anker@ermco-eci.com"
"247","","","21928","115","99","5","Standard","2026-01-14T05:00:00Z","2027-01-28T05:00:00Z","28","","2026-06-18T04:00:00Z","","","","","","","","","","","","","","","","","4513534368","107690.92","QC","WET","N","","","","41","False","","","","Active","HYQU","M-HYQU-0017","MR-HYQU-0017-V1","2026-10-27T04:00:00Z","1.38000000000000","107690.920000000","78036.8985507246","2026-09-11T04:38:27Z","2026-04-24T15:41:32Z","106","106","False","801c3be8-d087-4fb5-9707-a165be5d0403","HYDRO QUEBEC","1002812-22","MR-HYQU-0017-V1","soleil.anker@ermco-eci.com","soleil.anker@ermco-eci.com"
"248","","","21927","115","98","5","Standard","2026-01-14T05:00:00Z","2027-01-28T05:00:00Z","28","","2026-06-18T04:00:00Z","","","","","","","","","","","","","","","","","4513534368","72355.53","QC","WET","N","","","","39","False","","","","Active","HYQU","M-HYQU-0016","MR-HYQU-0016-V1","2026-10-27T04:00:00Z","1.38000000000000","72355.5300000000","52431.5434782609","2026-09-11T04:57:36Z","2026-04-24T15:41:33Z","106","106","False","d9d141d4-8d03-411c-a9e6-febdddb241dc","HYDRO QUEBEC","1002801-22","MR-HYQU-0016-V1","soleil.anker@ermco-eci.com","soleil.anker@ermco-eci.com"
"249","","","21926","115","94","4","Standard","2026-01-14T05:00:00Z","2027-01-28T05:00:00Z","28","","2026-06-18T04:00:00Z","","","","","","","","","","","","","","","","","4513534368","51494.76","QC","WET","N","","","","30","False","","","","Active","HYQU","M-HYQU-0012","MR-HYQU-0012-V1","2026-10-27T04:00:00Z","1.38000000000000","51494.7600000000","37315.0434782609","2026-09-11T04:38:01Z","2026-04-24T15:41:33Z","106","106","False","1b331134-5e15-4f58-b522-282348d71c52","HYDRO QUEBEC","1002394-22","MR-HYQU-0012-V1","soleil.anker@ermco-eci.com","soleil.anker@ermco-eci.com"
"250","","","21915","73","245","2","Standard","2026-01-13T05:00:00Z","2026-12-26T05:00:00Z","20","","2026-07-11T04:00:00Z","","","","","","","","","","","","","","","","","4502063885","88064.92","CO","WET","Y","","","","92","True","","","","Active","XCEN","M-XCEN-0005","MR-XCEN-0005-V1","2026-08-31T04:00:00Z","1.38000000000000","121529.589600000","88064.9200000000","2026-09-11T04:38:58Z","2026-04-24T15:41:35Z","106","106","False","ed1fb633-f46d-4dfc-b621-82ef407ac985","XCEL ENERGY NORTHERN","108866","MR-XCEN-0005-V1","soleil.anker@ermco-eci.com","soleil.anker@ermco-eci.com"
"251","","","21916","73","241","1","Standard","2026-01-13T05:00:00Z","2026-12-26T05:00:00Z","20","","2026-07-11T04:00:00Z","","","","","","","","","","","","","","","","","4502063885","57725.07","CO","WET","Y","","","","88","True","","","","Active","XCEN","M-XCEN-0001","MR-XCEN-0001-V1","2026-08-31T04:00:00Z","1.38000000000000","79660.5966000000","57725.0700000000","2026-09-11T04:30:07Z","2026-04-24T15:41:36Z","106","106","False","b534ea3a-875a-4771-8122-b2f85e36ff1f","XCEL ENERGY NORTHERN","108860","MR-XCEN-0001-V1","soleil.anker@ermco-eci.com","soleil.anker@ermco-eci.com"
"252","","","21813","73","242","1","Standard","2025-10-01T04:00:00Z","2026-08-30T04:00:00Z","20","","2026-03-15T04:00:00Z","","","","","","","","","","","","","","","","","4501994533","74282","USA","WET","Y","","","","89","False","","","","Active","XCEN","M-XCEN-0002","M-XCEN-0002","2026-05-19T04:00:00Z","1.38000000000000","102509.160000000","74282.0000000000","2026-09-10T22:15:56Z","2026-04-24T15:41:36Z","106","106","False","ab9074cc-03e7-499f-9930-74d48b34af2d","XCEL ENERGY NORTHERN","108863","MR-XCEN-0002-V1","soleil.anker@ermco-eci.com","soleil.anker@ermco-eci.com"
"253","","","21407","115","385","3","Standard","2024-04-12T04:00:00Z","2027-04-01T04:00:00Z","28","","2026-08-20T04:00:00Z","","","","","","","","","","","","","","","","","4512973841","373455.96","QC","WET","Y","","","","186","True","False","","","Active","HYQU","M-HYQU-0073","MR-HYQU-0073-V1","2025-01-23T05:00:00Z","1.44000000000000","373455.960000000","259344.416666667","2026-09-11T05:06:26Z","2026-04-24T15:41:37Z","106","106","False","5c9d8023-450a-4618-a621-ca9b4246df4b","HYDRO QUEBEC","42510001","MR-HYQU-0073-V1","soleil.anker@ermco-eci.com","soleil.anker@ermco-eci.com"
"254","","","21917","73","248","1","Standard","2026-01-13T05:00:00Z","2027-01-06T05:00:00Z","20","","2026-07-22T04:00:00Z","","","","","","","","","","","","","","","","","4502074433","88870.09","CO","WET","Y","","","","275","True","","","","Active","XCEN","M-XCEN-0008","MR-XCEN-0008-V1","2026-08-31T04:00:00Z","1.38000000000000","122640.724200000","88870.0900000000","2026-09-11T04:31:29Z","2026-04-24T15:41:38Z","106","106","False","7c0df05d-5150-43ab-ae1e-211ee0ae0d1c","XCEL ENERGY NORTHERN","6865","MR-XCEN-0008-V1","soleil.anker@ermco-eci.com","soleil.anker@ermco-eci.com"
"255","","","21845","35","188","1","Standard","2025-10-29T04:00:00Z","2026-09-30T04:00:00Z","20","","2026-04-15T04:00:00Z","","","","","","","","","","","","","","","","","1155481-5","59739.54","USA","WET","Y","","","","84","","","","","Active","LGEN","M-LGEN-0004","MR-LGEN-0004-V1","2026-06-16T04:00:00Z","1.38000000000000","82440.5652000000","59739.5400000000","2026-09-10T22:15:56Z","2026-04-24T15:41:39Z","106","106","False","2f2df21a-7746-46f4-825a-1277f77e381b","LG§E","1073127","MR-LGEN-0004-V1","soleil.anker@ermco-eci.com","soleil.anker@ermco-eci.com"
"256","","","21907","35","191","8","Standard","2025-12-12T05:00:00Z","2026-12-11T05:00:00Z","20","","2026-06-26T04:00:00Z","","","","","","","","","","","","","","","","","1155481-6","63406.27","KY","WET","Y","","","","87","False","","","","Active","LGEN","M-LGEN-0007","MR-LGEN-0007-V1","2026-07-30T04:00:00Z","1.38000000000000","87500.6526000000","63406.2700000000","2026-09-11T04:27:57Z","2026-04-24T15:41:39Z","106","106","False","d9d8dfce-3d6b-4e36-bd98-3c21c93d182b","LG§E","1073194","MR-LGEN-0007-V1","soleil.anker@ermco-eci.com","soleil.anker@ermco-eci.com"
"257","","","21846","35","189","1","Standard","2025-10-29T04:00:00Z","2026-09-30T04:00:00Z","20","","2026-04-15T04:00:00Z","","","","","","","","","","","","","","","","","1155481-5","70693.97","USA","WET","Y","","","","85","","","","","Active","LGEN","M-LGEN-0005","MR-LGEN-0005-V1","2026-06-16T04:00:00Z","1.38000000000000","97557.6786000000","70693.9700000000","2026-09-10T22:15:56Z","2026-04-24T15:41:40Z","106","106","False","a8c06a0e-4aed-40bc-8b74-47b1c9df3d82","LG§E","1073135","MR-LGEN-0005-V1","soleil.anker@ermco-eci.com","soleil.anker@ermco-eci.com"
"258","","","21521","115","431","1","Standard","2024-06-17T04:00:00Z","2026-10-29T04:00:00Z","28","","2026-03-19T04:00:00Z","","","","","","","","","","","","","","","","","4513035682","1198298","QC","WET","Y","","","","335","True","False","","","Active","HYQU","M-HYQU-0084","MR-HYQU-0084-V1","2025-03-30T04:00:00Z","1.44000000000000","1198298.00000000","832151.388888889","2026-09-11T04:20:50Z","2026-04-24T15:41:41Z","106","106","False","d36ef47c-95fd-4dd3-b3c4-fdeac43dca7f","HYDRO QUEBEC","TMP10","MR-HYQU-0084-V1","soleil.anker@ermco-eci.com","soleil.anker@ermco-eci.com"
"259","","","21903","115","98","5","Standard","2025-12-15T05:00:00Z","2026-12-17T05:00:00Z","28","","2026-05-07T04:00:00Z","","","","","","","","","","","","","","","","","4513512805","72355.53","QC","WET","Y","","","","39","False","","","","Active","HYQU","M-HYQU-0016","MR-HYQU-0016-V1","2026-09-27T04:00:00Z","1.38000000000000","72355.5300000000","52431.5434782609","2026-09-11T04:30:52Z","2026-04-24T15:41:42Z","106","106","False","a95bb3ea-382e-4e44-9d88-69ca34f0b640","HYDRO QUEBEC","1002801-22","MR-HYQU-0016-V1","soleil.anker@ermco-eci.com","soleil.anker@ermco-eci.com"
"260","","","21848","35","191","3","Standard","2025-10-29T04:00:00Z","2026-09-30T04:00:00Z","20","","2026-04-15T04:00:00Z","","","","","","","","","","","","","","","","","1155481-5","63406.27","USA","WET","Y","","","","87","False","","","","Active","LGEN","M-LGEN-0007","MR-LGEN-0007-V1","2026-06-16T04:00:00Z","1.38000000000000","87500.6526000000","63406.2700000000","2026-09-11T04:17:19Z","2026-04-24T15:41:43Z","106","106","False","99001797-75c9-4660-b0e2-2c5bc542be3f","LG§E","1073194","MR-LGEN-0007-V1","soleil.anker@ermco-eci.com","soleil.anker@ermco-eci.com"
"261","","","21902","115","94","5","Standard","2025-12-15T05:00:00Z","2026-12-17T05:00:00Z","28","","2026-05-07T04:00:00Z","","","","","","","","","","","","","","","","","4513512805","51494.7","QC","WET","Y","","","","30","False","","","","Active","HYQU","M-HYQU-0012","MR-HYQU-0012-V1","2026-09-27T04:00:00Z","1.38000000000000","51494.7000000000","37315.0000000000","2026-09-11T04:28:17Z","2026-04-24T15:41:44Z","106","106","False","b732f84a-3bfb-4dae-b90a-39322a3b26ea","HYDRO QUEBEC","1002394-22","MR-HYQU-0012-V1","soleil.anker@ermco-eci.com","soleil.anker@ermco-eci.com"
"262","","","21792","115","94","5","Standard","2025-09-11T04:00:00Z","2026-09-24T04:00:00Z","28","","2026-02-12T05:00:00Z","","","","","","","","","","","","","","","","","4513423898","51494.7","QC","WET","Y","","","","30","False","True","Confirmed","","Active","HYQU","M-HYQU-0012","MR-HYQU-0012-V1","2026-06-24T04:00:00Z","1.38000000000000","51494.7000000000","37315.0000000000","2026-09-10T22:15:57Z","2026-04-24T15:41:44Z","106","106","False","f1678bfe-0b3a-4099-bfa9-ab763ac42bee","HYDRO QUEBEC","1002394-22","MR-HYQU-0012-V1","soleil.anker@ermco-eci.com","soleil.anker@ermco-eci.com"
"263","","","21901","115","91","5","Standard","2025-12-15T05:00:00Z","2026-12-17T05:00:00Z","28","","2026-05-07T04:00:00Z","","","","","","","","","","","","","","","","","4513512805","34851.25","QC","WET","Y","","","","26","False","","","","Active","HYQU","M-HYQU-0009","MR-HYQU-0009-V1","2026-09-27T04:00:00Z","1.38000000000000","34851.2500000000","25254.5289855072","2026-09-11T04:27:17Z","2026-04-24T15:41:45Z","106","106","False","ff772ce4-c731-4662-b1a0-75285b91df58","HYDRO QUEBEC","1002113-22","MR-HYQU-0009-V1","soleil.anker@ermco-eci.com","soleil.anker@ermco-eci.com"
"264","","","21795","115","99","5","Standard","2025-09-11T04:00:00Z","2026-09-24T04:00:00Z","28","","2026-02-12T05:00:00Z","","","","","","","","","","","","","","","","","4513423898","107690.92","QC","WET","N","","","","41","False","True","Confirmed","","Active","HYQU","M-HYQU-0017","MR-HYQU-0017-V1","2026-06-24T04:00:00Z","1.38000000000000","107690.920000000","78036.8985507246","2026-09-11T04:16:53Z","2026-04-24T15:41:46Z","106","106","False","fdc1bbda-9e3d-46a4-afc7-f6dc9f428c5c","HYDRO QUEBEC","1002812-22","MR-HYQU-0017-V1","soleil.anker@ermco-eci.com","soleil.anker@ermco-eci.com"
"265","","","21847","35","190","1","Standard","2025-10-29T04:00:00Z","2026-09-30T04:00:00Z","20","","2026-04-15T04:00:00Z","","","","","","","","","","","","","","","","","1155481-5","55164.31","USA","WET","Y","","","","86","False","","","","Active","LGEN","M-LGEN-0006","MR-LGEN-0006-V1","2026-06-16T04:00:00Z","1.38000000000000","76126.7478000000","55164.3100000000","2026-09-11T04:18:00Z","2026-04-24T15:41:47Z","106","106","False","4668981c-1ab1-47f7-b4d2-56d9f533afad","LG§E","1073186","MR-LGEN-0006-V1","soleil.anker@ermco-eci.com","soleil.anker@ermco-eci.com"
"266","","","21851","37","313","2","Standard","2025-10-29T04:00:00Z","2026-09-29T04:00:00Z","16","","2026-05-12T04:00:00Z","","","","","","","","","","","","","","","","","MGE087157","112145.43","USA","WET","","","","","80","True","","","","Active","MAGA","M-MAGA-0010","MR-MAGA-0010-V1","2026-05-19T04:00:00Z","1.38000000000000","154760.693400000","112145.430000000","2026-09-11T04:14:55Z","2026-04-24T15:41:48Z","106","106","False","1f3cc807-b0a2-424b-9596-71a72e1cf7f9","MADISON GAS § ELECTRIC","104131","MR-MAGA-0010-V1","soleil.anker@ermco-eci.com","soleil.anker@ermco-eci.com"
"267","","","21843","73","248","1","Standard","2025-10-29T04:00:00Z","2026-10-21T04:00:00Z","20","","2026-05-06T04:00:00Z","","","","","","","","","","","","","","","","","4502017711","86748.17","USA","WET","N","","","","275","False","True","Confirmed","","Active","XCEN","M-XCEN-0008","MR-XCEN-0008-V1","2026-06-16T04:00:00Z","1.38000000000000","119712.474600000","86748.1700000000","2026-09-11T04:29:03Z","2026-04-24T15:41:48Z","106","106","False","91ba9e3d-bf69-4f9e-9aae-99087edcd430","XCEL ENERGY NORTHERN","6865","MR-XCEN-0008-V1","soleil.anker@ermco-eci.com","soleil.anker@ermco-eci.com"
"268","","","21821","73","242","1","Standard","2025-10-14T04:00:00Z","2026-09-29T04:00:00Z","20","","2026-04-14T04:00:00Z","","","","","","","","","","","","","","","","","4501998918","74281.69","USA","WET","N","","","","89","False","True","Confirmed","","Active","XCEN","M-XCEN-0002","M-XCEN-0002","2026-06-01T04:00:00Z","1.38000000000000","102508.732200000","74281.6900000000","2026-09-11T04:19:36Z","2026-04-24T15:41:49Z","106","106","False","7b5b93fb-ec34-4965-b708-1497ef248d1f","XCEL ENERGY NORTHERN","108863","MR-XCEN-0002-V1","soleil.anker@ermco-eci.com","soleil.anker@ermco-eci.com"
"269","","","21854","37","313","2","Standard","2025-10-29T04:00:00Z","2026-10-29T04:00:00Z","16","","2026-06-11T04:00:00Z","","","","","","","","","","","","","","","","","MGE087160","112145.43","USA","WET","","","","","80","True","","","","Active","MAGA","M-MAGA-0010","MR-MAGA-0010-V1","2026-05-19T04:00:00Z","1.38000000000000","154760.693400000","112145.430000000","2026-09-11T04:15:12Z","2026-04-24T15:41:50Z","106","106","False","7b2523e2-6b2d-4818-b16b-666df3402ebe","MADISON GAS § ELECTRIC","104131","MR-MAGA-0010-V1","soleil.anker@ermco-eci.com","soleil.anker@ermco-eci.com"
"270","","","21860","73","242","1","Standard","2025-11-05T05:00:00Z","2026-10-21T04:00:00Z","20","","2026-05-06T04:00:00Z","","","","","","","","","","","","","","","","","4502017666","74755.33","USA","WET","N","","","","89","False","True","","","Active","XCEN","M-XCEN-0002","M-XCEN-0002","2026-06-23T04:00:00Z","1.38000000000000","103162.355400000","74755.3300000000","2026-09-11T04:30:49Z","2026-04-24T15:41:51Z","106","106","False","8888d65c-a4b4-4108-a10f-300acd94835f","XCEL ENERGY NORTHERN","108863","MR-XCEN-0002-V1","soleil.anker@ermco-eci.com","soleil.anker@ermco-eci.com"
"271","","","21877","115","100","5","Standard","2025-11-19T05:00:00Z","2026-11-26T05:00:00Z","28","","2026-04-16T04:00:00Z","","","","","","","","","","","","","","","","","4513486769","100115.75","QC","WET","Y","","","","43","False","","","","Active","HYQU","M-HYQU-0018","MR-HYQU-0018-V1","2026-09-01T04:00:00Z","1.38000000000000","100115.750000000","72547.6449275362","2026-09-11T04:23:44Z","2026-04-24T15:41:51Z","106","106","False","dfb1317e-5ed8-483f-b1b8-0d7ff88f66ed","HYDRO QUEBEC","1002817-22","MR-HYQU-0018-V1","soleil.anker@ermco-eci.com","soleil.anker@ermco-eci.com"
"272","","","21849","37","312","2","Standard","2025-10-29T04:00:00Z","2026-11-29T05:00:00Z","16","","2026-07-12T04:00:00Z","","","","","","","","","","","","","","","","","MGE087155","114385.14","USA","WET","","","","","79","True","","","","Active","MAGA","M-MAGA-0009","MR-MAGA-0009-V1","2026-05-19T04:00:00Z","1.38000000000000","157851.493200000","114385.140000000","2026-09-11T04:23:08Z","2026-04-24T15:41:53Z","106","106","False","648cd7e1-c09b-4b9b-a550-24260830590c","MADISON GAS § ELECTRIC","104130","MR-MAGA-0009-V1","soleil.anker@ermco-eci.com","soleil.anker@ermco-eci.com"
"273","","","21833","115","100","6","Standard","2025-10-16T04:00:00Z","2026-10-30T04:00:00Z","28","","2026-03-20T04:00:00Z","","","","","","","","","","","","","","","","","4513454476","100115.75","QC","WET","Y","","","","43","False","True","Confirmed","","Active","HYQU","M-HYQU-0018","MR-HYQU-0018-V1","2026-07-29T04:00:00Z","1.38000000000000","100115.750000000","72547.6449275362","2026-09-11T04:30:33Z","2026-04-24T15:41:53Z","106","106","False","f1f3563d-a222-4875-8b1d-f0490a34d945","HYDRO QUEBEC","1002817-22","MR-HYQU-0018-V1","soleil.anker@ermco-eci.com","soleil.anker@ermco-eci.com"
"274","","","21386","115","405","2","Standard","2024-03-01T05:00:00Z","2026-03-26T04:00:00Z","28","","2025-08-14T04:00:00Z","","","","","","","","","","","","","","","","","4512928459","370455.96","QC","WET","Y","","","","187","True","False","","","Active","HYQU","M-HYQU-0082","MR-HYQU-0082-V1","2024-12-12T05:00:00Z","1.35000000000000","370455.960000000","274411.822222222","2026-09-11T04:12:55Z","2026-04-24T15:41:54Z","106","106","False","79f8cd40-bab4-48f6-8da4-ef8ea98860e4","HYDRO QUEBEC","4251001 / 1166058","MR-HYQU-0082-V1","soleil.anker@ermco-eci.com","soleil.anker@ermco-eci.com"
"275","","","21387","115","405","4","Standard","2024-03-01T05:00:00Z","2026-04-02T04:00:00Z","28","","2025-08-21T04:00:00Z","","","","","","","","","","","","","","","","","4512939109","385826.92","QC","WET","Y","","","","187","True","False","","","Active","HYQU","M-HYQU-0082","MR-HYQU-0082-V1","2024-12-12T05:00:00Z","1.35000000000000","385826.920000000","285797.718518518","2026-09-11T04:29:33Z","2026-04-24T15:41:55Z","106","106","False","be59da02-f726-4cb5-b525-d17897c34e70","HYDRO QUEBEC","4251001 / 1166058","MR-HYQU-0082-V1","soleil.anker@ermco-eci.com","soleil.anker@ermco-eci.com"
"276","","","21538","115","382","1","Standard","2024-07-03T04:00:00Z","2027-01-28T05:00:00Z","28","","2026-06-18T04:00:00Z","","","","","","","","","","","","","","","","","4513046529","974382","QC","WETP","Y","","","","196","True","False","","","Active","HYQU","M-HYQU-0072","MR-HYQU-0072-V1","2025-04-15T04:00:00Z","1.44000000000000","974382.000000000","676654.166666667","2026-09-11T04:52:16Z","2026-04-24T15:41:55Z","106","106","False","04065d93-19ed-4adf-855f-09586d30ab64","HYDRO QUEBEC","4276691","MR-HYQU-0072-V1","soleil.anker@ermco-eci.com","soleil.anker@ermco-eci.com"
"277","","","21385","115","405","2","Standard","2024-02-29T05:00:00Z","2026-03-26T04:00:00Z","28","","2025-08-14T04:00:00Z","","","","","","","","","","","","","","","","","4512937877","373455.96","QC","WET","Y","","","","187","","","","","","HYQU","M-HYQU-0082","MR-HYQU-0082-V1","2024-12-11T05:00:00Z","1.35000000000000","373455.960000000","276634.044444444","2026-09-10T22:15:58Z","2026-04-24T15:41:56Z","106","106","False","757c2aed-b343-4931-ab2d-9c77a118d3d5","HYDRO QUEBEC","4251001 / 1166058","MR-HYQU-0082-V1","soleil.anker@ermco-eci.com","soleil.anker@ermco-eci.com"
"278","","","21379","18","75","1","Standard","2024-03-22T04:00:00Z","2025-10-31T04:00:00Z","20","","2025-05-16T04:00:00Z","","","","","","","","","","","","","","","","","MX1-EX19491","156111.53","AB","WET","N","","","","7","","","","","","ENMA","M-ENMA-0035","MR-ENMA-0035-V1","2024-11-07T05:00:00Z","1.35000000000000","156111.530000000","115638.170370370","2026-09-10T22:15:58Z","2026-04-24T15:41:56Z","106","106","False","3c76895e-b21f-4a60-92fc-afd523d34af5","ENMAX","61200220116","MR-ENMA-0035-V1","soleil.anker@ermco-eci.com","soleil.anker@ermco-eci.com"
"279","","","21539","115","381","2","Standard","2024-08-26T04:00:00Z","2027-02-25T05:00:00Z","28","","2026-07-16T04:00:00Z","","","","","","","","","","","","","","","","","4513082064","1086903","QC","WETP","Y","","","","195","True","False","","","Active","HYQU","M-HYQU-0071","MR-HYQU-0071-V1","2025-06-08T04:00:00Z","1.44000000000000","1086903.00000000","754793.750000000","2026-09-11T05:00:21Z","2026-04-24T15:41:58Z","106","106","False","31d19535-78fe-4803-bdad-6f66c891bd5d","HYDRO QUEBEC","4276269","MR-HYQU-0071-V1","soleil.anker@ermco-eci.com","soleil.anker@ermco-eci.com"
"280","","","21733","115","376","1","Standard","2025-06-02T04:00:00Z","2028-04-30T04:00:00Z","28","","2027-09-19T04:00:00Z","","","","","","","","","","","","","","","","","4513334596","418756.5","QC","WET","Y","","","","190","True","True","Confirmed","","Active","HYQU","M-HYQU-0066","MR-HYQU-0066-V1","2026-03-15T04:00:00Z","1.38000000000000","418756.500000000","303446.739130435","2026-09-11T05:11:21Z","2026-04-24T15:41:58Z","106","106","False","1206fe7a-d5f7-4573-8c17-b359acc2cbae","HYDRO QUEBEC","4261859","MR-HYQU-0066-V1","soleil.anker@ermco-eci.com","soleil.anker@ermco-eci.com"
"281","","","21540","115","385","2","Standard","2024-09-09T04:00:00Z","2027-03-31T04:00:00Z","28","","2026-08-19T04:00:00Z","","","","","","","","","","","","","","","","","4513094444","393342","QC","WET","Y","","","","186","True","False","","","Active","HYQU","M-HYQU-0073","MR-HYQU-0073-V1","2025-06-22T04:00:00Z","1.44000000000000","393342.000000000","273154.166666667","2026-09-11T05:06:17Z","2026-04-24T15:41:59Z","106","106","False","f5e8adfd-a01e-4a61-bc7c-64b668dbd42d","HYDRO QUEBEC","42510001","MR-HYQU-0073-V1","soleil.anker@ermco-eci.com","soleil.anker@ermco-eci.com"
"282","","","21522","115","432","1","Standard","2024-05-29T04:00:00Z","2027-04-13T04:00:00Z","28","","2026-09-01T04:00:00Z","","","","","","","","","","","","","","","","","4513013478","1057637","QC","WETP","Y","","","","336","True","False","","","Active","HYQU","M-HYQU-0085","MR-HYQU-0085-V1","2025-03-11T04:00:00Z","1.44000000000000","1057637.00000000","734470.138888889","2026-09-11T05:06:49Z","2026-04-24T15:41:59Z","106","106","False","af4e352b-7686-4943-9fc6-62bdb8f2319c","HYDRO QUEBEC","TMP11","MR-HYQU-0085-V1","soleil.anker@ermco-eci.com","soleil.anker@ermco-eci.com"
"283","","","21613","115","378","2","Standard","2025-01-09T05:00:00Z","2027-08-31T04:00:00Z","28","","2027-01-19T05:00:00Z","","","","","","","","","","","","","","","","","4513190055","748300","QC","WET","Y","","","","192","False","True","Confirmed","","Active","HYQU","M-HYQU-0068","MR-HYQU-0068-V1","2025-10-22T04:00:00Z","1.44000000000000","748300.000000000","519652.777777778","2026-09-11T05:11:43Z","2026-04-24T15:42:01Z","106","106","False","78e88733-9098-486e-8d99-2b7861b3ca39","HYDRO QUEBEC","4261870","MR-HYQU-0068-V1","soleil.anker@ermco-eci.com","soleil.anker@ermco-eci.com"
"284","","","21612","115","405","1","Standard","2025-01-09T05:00:00Z","2027-07-31T04:00:00Z","28","","2026-12-19T05:00:00Z","","","","","","","","","","","","","","","","","4513193008","395341.7","QC","WET","Y","","","","187","False","True","Confirmed","","Active","HYQU","M-HYQU-0082","MR-HYQU-0082-V1","2025-10-22T04:00:00Z","1.44000000000000","395341.700000000","274542.847222222","2026-09-11T05:10:57Z","2026-04-24T15:42:01Z","106","106","False","a7cfab6e-e822-4168-82df-478e11e6c34c","HYDRO QUEBEC","4251001 / 1166058","MR-HYQU-0082-V1","soleil.anker@ermco-eci.com","soleil.anker@ermco-eci.com"
"285","","","21610","115","275","3","Standard","2025-01-09T05:00:00Z","2027-11-30T05:00:00Z","28","","2027-04-20T04:00:00Z","","","","","","","","","","","","","","","","","4513198709","734667.8","QC","WET","Y","","","","237","True","True","Confirmed","","Active","HYQU","M-HYQU-0038","MR-HYQU-0038-V1","2025-10-22T04:00:00Z","1.44000000000000","734667.800000000","510185.972222222","2026-09-11T05:11:07Z","2026-04-24T15:42:01Z","106","106","False","2d413842-4dbe-4b2a-97fd-a9509ff06fef","HYDRO QUEBEC","663","MR-HYQU-0038-V1","soleil.anker@ermco-eci.com","soleil.anker@ermco-eci.com"
"286","","","21382","115","405","2","Standard","2024-02-29T05:00:00Z","2028-05-31T04:00:00Z","28","","2027-10-20T04:00:00Z","","","","","","","","","","","","","","","","","4512936646","360955","QC","WET","Y","","","","187","True","False","","","Active","HYQU","M-HYQU-0082","MR-HYQU-0082-V1","2024-12-11T05:00:00Z","1.35000000000000","360955.000000000","267374.074074074","2026-09-11T05:11:27Z","2026-04-24T15:42:02Z","106","106","False","09aee4e4-9bc3-44d9-bf5e-972f855a2edd","HYDRO QUEBEC","4251001 / 1166058","MR-HYQU-0082-V1","soleil.anker@ermco-eci.com","soleil.anker@ermco-eci.com"
"287","","","21371","18","83","1","Standard","2024-01-30T05:00:00Z","2027-03-31T04:00:00Z","20","","2026-10-14T04:00:00Z","","","","","","","","","","","","","","","","","MX1-EX19484","185736.5","AB","WET","Y","","","","222","","False","Pending","","Active","ENMA","M-ENMA-0043","MR-ENMA-0043-V1","2024-09-16T04:00:00Z","1.35000000000000","185736.500000000","137582.592592593","2026-09-11T05:06:11Z","2026-04-24T15:42:03Z","106","106","False","2b5d5475-eb3c-4141-a6da-56f1a0dfba1f","ENMAX","61200220156","MR-ENMA-0043-V1","soleil.anker@ermco-eci.com","soleil.anker@ermco-eci.com"
"288","","","21365","18","72","1","Standard","2024-01-30T05:00:00Z","2027-03-31T04:00:00Z","20","","2026-10-14T04:00:00Z","","","","","","","","","","","","","","","","","MX1-EX19478","120579.3","AB","WET","Y","","","","6","False","False","","","Active","ENMA","M-ENMA-0033","MR-ENMA-0033-V1","2024-09-16T04:00:00Z","1.35000000000000","120579.300000000","89318.0000000000","2026-09-11T05:04:29Z","2026-04-24T15:42:04Z","106","106","False","1019e974-d08d-4581-8ded-acd03ebbf4f3","ENMAX","61200220112","MR-ENMA-0033-V1","soleil.anker@ermco-eci.com","soleil.anker@ermco-eci.com"
"289","","","21364","18","56","1","Standard","2024-01-30T05:00:00Z","2027-03-31T04:00:00Z","20","","2026-10-14T04:00:00Z","","","","","","","","","","","","","","","","","MX1-EX19477","120579.3","AB","WET","Y","","","","204","False","False","","","Active","ENMA","M-ENMA-0019","MR-ENMA-0019-V1","2024-09-16T04:00:00Z","1.35000000000000","120579.300000000","89318.0000000000","2026-09-11T05:03:51Z","2026-04-24T15:42:04Z","106","106","False","f5b4029a-d857-4881-be85-46bb614ec8ad","ENMAX","61200220012","MR-ENMA-0019-V1","soleil.anker@ermco-eci.com","soleil.anker@ermco-eci.com"
"290","","","21362","18","77","1","Standard","2024-01-30T05:00:00Z","2028-01-28T05:00:00Z","20","","2027-08-13T04:00:00Z","","","","","","","","","","","","","","","","","MX1-EX19475","186869.57","AB","WET","Y","","","","218","False","False","","","Active","ENMA","M-ENMA-0037","MR-ENMA-0037-V1","2024-09-16T04:00:00Z","1.35000000000000","186869.570000000","138421.903703704","2026-09-11T05:12:16Z","2026-04-24T15:42:05Z","106","106","False","94a51764-bcaf-4280-8155-2e5884bcd38e","ENMAX","61200220124","MR-ENMA-0037-V1","soleil.anker@ermco-eci.com","soleil.anker@ermco-eci.com"
"291","","","21361","18","72","1","Standard","2024-01-30T05:00:00Z","2027-02-28T05:00:00Z","20","","2026-09-13T04:00:00Z","","","","","","","","","","","","","","","","","MX1-EX19474","120579.3","AB","WET","Y","","","","6","False","False","","","Active","ENMA","M-ENMA-0033","MR-ENMA-0033-V1","2024-09-16T04:00:00Z","1.35000000000000","120579.300000000","89318.0000000000","2026-09-11T04:58:20Z","2026-04-24T15:42:06Z","106","106","False","62bf4600-611c-4408-a3e9-ff9ea6d24c48","ENMAX","61200220112","MR-ENMA-0033-V1","soleil.anker@ermco-eci.com","soleil.anker@ermco-eci.com"
"292","","","21359","18","69","1","Standard","2024-01-29T05:00:00Z","2027-02-28T05:00:00Z","20","","2026-09-13T04:00:00Z","","","","","","","","","","","","","","","","","MX1-EX19463","185736.5","AB","WET","Y","","","","5","False","False","Pending","","Active","ENMA","M-ENMA-0030","MR-ENMA-0030-V1","2024-09-15T04:00:00Z","1.35000000000000","185736.500000000","137582.592592593","2026-09-11T05:04:10Z","2026-04-24T15:42:06Z","106","106","False","ee838529-5eea-4e5b-aa8a-41839db47d60","ENMAX","61200220056","MR-ENMA-0030-V1","soleil.anker@ermco-eci.com","soleil.anker@ermco-eci.com"
"293","","","21358","18","83","1","Standard","2024-01-29T05:00:00Z","2026-12-31T05:00:00Z","20","","2026-07-16T04:00:00Z","","","","","","","","","","","","","","","","","MX1-EX19462","181381.32","AB","WET","Y","","","","222","False","False","","","Active","ENMA","M-ENMA-0043","MR-ENMA-0043-V1","2024-09-15T04:00:00Z","1.35000000000000","181381.320000000","134356.533333333","2026-09-11T04:55:37Z","2026-04-24T15:42:07Z","106","106","False","f117d645-6297-442f-85e8-7aa38b8ca121","ENMAX","61200220156","MR-ENMA-0043-V1","soleil.anker@ermco-eci.com","soleil.anker@ermco-eci.com"
"294","","","21352","18","69","1","Standard","2024-01-29T05:00:00Z","2026-12-31T05:00:00Z","20","","2026-07-16T04:00:00Z","","","","","","","","","","","","","","","","","MX1-EX19455","181381.32","AB","WET","Y","","","","5","False","False","","","Active","ENMA","M-ENMA-0030","MR-ENMA-0030-V1","2024-09-15T04:00:00Z","1.35000000000000","181381.320000000","134356.533333333","2026-09-11T04:51:58Z","2026-04-24T15:42:08Z","106","106","False","a2c21adf-5290-4f46-975f-f51f27e017ba","ENMAX","61200220056","MR-ENMA-0030-V1","soleil.anker@ermco-eci.com","soleil.anker@ermco-eci.com"
"295","","","21351","18","62","1","Standard","2024-01-29T05:00:00Z","2028-01-03T05:00:00Z","20","","2027-07-19T04:00:00Z","","","","","","","","","","","","","","","","","MX1-EX19454","182497.72","AB","WET","Y","","","","4","False","False","","","Active","ENMA","M-ENMA-0024","MR-ENMA-0024-V1","2024-09-15T04:00:00Z","1.35000000000000","182497.720000000","135183.496296296","2026-09-11T05:12:10Z","2026-04-24T15:42:09Z","106","106","False","c5e7e5e6-a232-4c6d-87fb-6d772d16a76b","ENMAX","61200220024","MR-ENMA-0024-V1","soleil.anker@ermco-eci.com","soleil.anker@ermco-eci.com"
"296","","","21350","18","69","1","Standard","2024-01-29T05:00:00Z","2028-01-03T05:00:00Z","20","","2027-07-19T04:00:00Z","","","","","","","","","","","","","","","","","MX1-EX19453","181381.32","AB","WET","Y","","","","5","True","False","","","Active","ENMA","M-ENMA-0030","MR-ENMA-0030-V1","2024-09-15T04:00:00Z","1.35000000000000","181381.320000000","134356.533333333","2026-09-11T05:12:13Z","2026-04-24T15:42:10Z","106","106","False","52ec544b-c3b3-4d60-9b8f-e2b5dc7cce7f","ENMAX","61200220056","MR-ENMA-0030-V1","soleil.anker@ermco-eci.com","soleil.anker@ermco-eci.com"
"297","","","21304","115","370","2","Standard","2025-01-08T05:00:00Z","2027-11-12T05:00:00Z","28","","2027-04-02T04:00:00Z","","","","","","","","","","","","","","","","","4512425316","451009.46","QC","WET","Y","","","","120","True","True","","","Active","HYQU","M-HYQU-0061","MR-HYQU-0061-V1","2025-10-21T04:00:00Z","1.44000000000000","451009.460000000","313201.013888889","2026-09-11T05:11:33Z","2026-04-24T15:42:10Z","106","106","False","48d6db5d-338d-4c7a-b7a3-0ce14194183d","HYDRO QUEBEC","1171120","MR-HYQU-0061-V1","soleil.anker@ermco-eci.com","soleil.anker@ermco-eci.com"
"319","","","22063","110","479","1","Standard","2026-05-08T04:00:00Z","2026-11-20T05:00:00Z","20","{""Description"":""https:\/\/ermcopower.sharepoint.com\/sites\/PioneerPlanificatio\/Order%20Library\/22063"",""Url"":""https:\/\/ermcopower.sharepoint.com\/sites\/PioneerPlanificatio\/Order%20Library\/22063""}","2026-06-05T04:00:00Z","Order Creation","","","","","","","Need To Create New Model: ","","","","","","","","","PO102965","74450","TX","WET","N","","","","314","","","","","Active","ELPA","M-ELPA-0001","MR-ELPA-0001-V1","2026-12-24T05:00:00Z","1.38000000000000","102741.000000000","74450.0000000000","2026-09-11T04:20:27Z","2026-05-11T19:11:10Z","161","106","False","28183b65-59cb-4e61-a083-daeb7bafd1d3","EL PASO ELECTRIC","G22063","MR-ELPA-0001-V1","dominic.lague@pioneertransformers.com","soleil.anker@ermco-eci.com"
"320","","","22064","110","480","2","Standard","2026-05-08T04:00:00Z","2026-11-20T05:00:00Z","20","{""Description"":""https:\/\/ermcopower.sharepoint.com\/sites\/PioneerPlanificatio\/Order%20Library\/22064"",""Url"":""https:\/\/ermcopower.sharepoint.com\/sites\/PioneerPlanificatio\/Order%20Library\/22064""}","2026-06-05T04:00:00Z","Order Creation","","","","","","","Need To Create New Model: ","","","","","","","","","PO102965","99750","TX","WET","N","","","","315","","","","","Active","ELPA","M-ELPA-0002","MR-ELPA-0002-V1","2026-12-24T05:00:00Z","1.38000000000000","137655.000000000","99750.0000000000","2026-09-11T04:22:31Z","2026-05-11T19:30:18Z","161","106","False","88dd6604-5751-44d5-93ff-8909fd266ada","EL PASO ELECTRIC","G22064","MR-ELPA-0002-V1","dominic.lague@pioneertransformers.com","soleil.anker@ermco-eci.com"
"324","","","22065","68","171","2","Standard","2026-05-11T04:00:00Z","2026-05-29T04:00:00Z","20","{""Description"":""https:\/\/ermcopower.sharepoint.com\/sites\/PioneerPlanificatio\/Order%20Library\/22065"",""Url"":""https:\/\/ermcopower.sharepoint.com\/sites\/PioneerPlanificatio\/Order%20Library\/22065""}","2025-12-12T05:00:00Z","Order Creation","","","","","","","","","","","","","","","","4500148530","70704.73","ON","WET","Y","","False","","2","","","","","","TOHY","M-TOHY-0018","MR-TOHY-0018-V1","2026-12-27T05:00:00Z","1.38000000000000","70704.7300000000","51235.3115942029","2026-08-21T05:38:20Z","2026-05-13T17:34:21Z","161","106","False","f231c17b-6e7c-403e-9573-55adea8d20e9","TORONTO HYDRO","6683213","MR-TOHY-0018-V1","dominic.lague@pioneertransformers.com","soleil.anker@ermco-eci.com"
"325","","","22066","73","248","2","Standard","2026-05-11T04:00:00Z","2027-05-05T04:00:00Z","20","{""Description"":""https:\/\/ermcopower.sharepoint.com\/sites\/PioneerPlanificatio\/Order%20Library\/22066"",""Url"":""https:\/\/ermcopower.sharepoint.com\/sites\/PioneerPlanificatio\/Order%20Library\/22066""}","2026-11-18T05:00:00Z","Order Creation","","","","","","","","","","","","","","","","4502176664","117774","USA","WET","Y","","False","","275","","","","","Active","XCEN","M-XCEN-0008","MR-XCEN-0008-V1","2026-12-27T05:00:00Z","1.38000000000000","162528.120000000","117774.000000000","2026-09-11T04:55:58Z","2026-05-13T17:53:04Z","161","106","False","a933879e-26b5-49bf-9ec9-601cd2f0ed34","XCEL ENERGY NORTHERN","6865","MR-XCEN-0008-V1","dominic.lague@pioneertransformers.com","soleil.anker@ermco-eci.com"
"327","","","22068","115","90","4","Standard","2026-05-15T04:00:00Z","2026-11-26T05:00:00Z","28","{""Description"":""https:\/\/ermcopower.sharepoint.com\/sites\/PioneerPlanificatio\/Order%20Library\/22068"",""Url"":""https:\/\/ermcopower.sharepoint.com\/sites\/PioneerPlanificatio\/Order%20Library\/22068""}","2026-04-16T04:00:00Z","Order Creation","","","","","","","","","","","","","","","","4513657258","44665.15","QC","WET","Y","","False","","24","","","","","Active","HYQU","M-HYQU-0008","MR-HYQU-0008-V1","2027-02-25T05:00:00Z","1.39000000000000","44665.1500000000","32133.2014388489","2026-09-11T04:29:21Z","2026-05-19T14:03:26Z","155","106","False","f7b1ae92-93d8-42eb-bae2-6547d2a6003c","HYDRO QUEBEC","1002104-22","MR-HYQU-0008-V1","patrick.vaillancourt@pioneertransformers.com","soleil.anker@ermco-eci.com"
"329","","","22069","115","91","10","Standard","2026-05-15T04:00:00Z","2026-11-26T05:00:00Z","28","{""Description"":""https:\/\/ermcopower.sharepoint.com\/sites\/PioneerPlanificatio\/Order%20Library\/22069"",""Url"":""https:\/\/ermcopower.sharepoint.com\/sites\/PioneerPlanificatio\/Order%20Library\/22069""}","2026-04-16T04:00:00Z","Order Creation","","","","","","","","","","","","","","","","4513657258","34797.62","QC","WET","Y","","False","","26","","","","","Active","HYQU","M-HYQU-0009","MR-HYQU-0009-V1","2027-02-25T05:00:00Z","1.39000000000000","34797.6200000000","25034.2589928058","2026-09-11T05:06:23Z","2026-05-19T14:24:42Z","155","106","False","a9bd6928-c234-4f6f-8a0d-665e8f3faf53","HYDRO QUEBEC","1002113-22","MR-HYQU-0009-V1","patrick.vaillancourt@pioneertransformers.com","soleil.anker@ermco-eci.com"
"330","","","22070","115","94","8","Standard","2026-05-15T04:00:00Z","2026-11-26T05:00:00Z","28","{""Description"":""https:\/\/ermcopower.sharepoint.com\/sites\/PioneerPlanificatio\/Order%20Library\/22070"",""Url"":""https:\/\/ermcopower.sharepoint.com\/sites\/PioneerPlanificatio\/Order%20Library\/22070""}","2026-04-16T04:00:00Z","Order Creation","","","","","","","","","","","","","","","","4513657258","51415.46","QC","WET","Y","","False","","30","","","","","Active","HYQU","M-HYQU-0012","MR-HYQU-0012-V1","2027-02-25T05:00:00Z","1.39000000000000","51415.4600000000","36989.5395683453","2026-09-11T04:22:05Z","2026-05-20T11:48:09Z","155","106","False","12b00dd0-c2b8-4589-b08b-3081ddf3b8c2","HYDRO QUEBEC","1002394-22","MR-HYQU-0012-V1","patrick.vaillancourt@pioneertransformers.com","soleil.anker@ermco-eci.com"
"331","","","22071","115","96","8","Standard","2026-05-15T04:00:00Z","2026-11-26T05:00:00Z","28","{""Description"":""https:\/\/ermcopower.sharepoint.com\/sites\/PioneerPlanificatio\/Order%20Library\/22071"",""Url"":""https:\/\/ermcopower.sharepoint.com\/sites\/PioneerPlanificatio\/Order%20Library\/22071""}","2026-04-16T04:00:00Z","Order Creation","","","","","","","","","","","","","","","","4513657258","26587.59","QC","WET","Y","","False","","35","","","","","Active","HYQU","M-HYQU-0014","MR-HYQU-0014-V1","2027-02-25T05:00:00Z","1.39000000000000","26587.5900000000","19127.7625899281","2026-09-11T04:24:15Z","2026-05-20T11:58:08Z","155","106","False","1ae1f4af-c3ff-42f8-ad72-b3e5e6f44b68","HYDRO QUEBEC","1002458-22","MR-HYQU-0014-V1","patrick.vaillancourt@pioneertransformers.com","soleil.anker@ermco-eci.com"
"332","","","22072","115","92","2","Standard","2026-05-15T04:00:00Z","2026-11-26T05:00:00Z","28","{""Description"":""https:\/\/ermcopower.sharepoint.com\/sites\/PioneerPlanificatio\/Order%20Library\/22072"",""Url"":""https:\/\/ermcopower.sharepoint.com\/sites\/PioneerPlanificatio\/Order%20Library\/22072""}","2026-04-16T04:00:00Z","Order Creation","","","","","","","","","","","","","","","","4513657259","42960.28","QC","WET","Y","","False","","129","","","","","Active","HYQU","M-HYQU-0010","MR-HYQU-0010-V1","2027-02-25T05:00:00Z","1.39000000000000","42960.2800000000","30906.6762589928","2026-09-11T04:24:27Z","2026-05-20T12:41:56Z","155","106","False","00317a6e-4dc4-4723-8adb-b40d017524cd","HYDRO QUEBEC","1191450-22","MR-HYQU-0010-V1","patrick.vaillancourt@pioneertransformers.com","soleil.anker@ermco-eci.com"
"333","","","22073","115","91","8","Standard","2026-05-15T04:00:00Z","2027-05-27T04:00:00Z","28","{""Description"":""https:\/\/ermcopower.sharepoint.com\/sites\/PioneerPlanificatio\/Order%20Library\/22073"",""Url"":""https:\/\/ermcopower.sharepoint.com\/sites\/PioneerPlanificatio\/Order%20Library\/22073""}","2026-10-15T04:00:00Z","Order Creation","","","","","","","","","","","","","","","","4513657262","34797.62","QC","WET","Y","","False","","26","","","","","Active","HYQU","M-HYQU-0009","MR-HYQU-0009-V1","2027-02-25T05:00:00Z","1.39000000000000","34797.6200000000","25034.2589928058","2026-09-11T04:54:12Z","2026-05-20T12:50:46Z","155","106","False","d99b4fb8-56f0-48a0-8643-7af2ca0c7622","HYDRO QUEBEC","1002113-22","MR-HYQU-0009-V1","patrick.vaillancourt@pioneertransformers.com","soleil.anker@ermco-eci.com"
"334","","","22074","115","94","4","Standard","2026-05-15T04:00:00Z","2027-05-27T04:00:00Z","28","{""Description"":""https:\/\/ermcopower.sharepoint.com\/sites\/PioneerPlanificatio\/Order%20Library\/22074"",""Url"":""https:\/\/ermcopower.sharepoint.com\/sites\/PioneerPlanificatio\/Order%20Library\/22074""}","2026-10-15T04:00:00Z","Order Creation","","","","","","","","","","","","","","","","4513657262","51415.46","QC","WET","Y","","False","","30","","","","","Active","HYQU","M-HYQU-0012","MR-HYQU-0012-V1","2027-02-25T05:00:00Z","1.39000000000000","51415.4600000000","36989.5395683453","2026-09-11T04:54:54Z","2026-05-20T13:02:23Z","155","106","False","cee29e28-71ea-481e-bf74-b4d021602172","HYDRO QUEBEC","1002394-22","MR-HYQU-0012-V1","patrick.vaillancourt@pioneertransformers.com","soleil.anker@ermco-eci.com"
"335","","","22075","115","96","8","Standard","2026-05-15T04:00:00Z","2027-05-27T04:00:00Z","28","{""Description"":""https:\/\/ermcopower.sharepoint.com\/sites\/PioneerPlanificatio\/Order%20Library\/22075"",""Url"":""https:\/\/ermcopower.sharepoint.com\/sites\/PioneerPlanificatio\/Order%20Library\/22075""}","2026-10-15T04:00:00Z","Order Creation","","","","","","","","","","","","","","","","4513657262","26587.59","QC","WET","Y","","False","","35","","","","","Active","HYQU","M-HYQU-0014","MR-HYQU-0014-V1","2027-02-25T05:00:00Z","1.39000000000000","26587.5900000000","19127.7625899281","2026-09-11T04:55:46Z","2026-05-20T13:13:57Z","155","106","False","436f65bb-74db-4d50-966a-1c7598c8c98a","HYDRO QUEBEC","1002458-22","MR-HYQU-0014-V1","patrick.vaillancourt@pioneertransformers.com","soleil.anker@ermco-eci.com"
"336","","","22076","115","98","4","Standard","2026-05-15T04:00:00Z","2027-05-27T04:00:00Z","28","{""Description"":""https:\/\/ermcopower.sharepoint.com\/sites\/PioneerPlanificatio\/Order%20Library\/22076"",""Url"":""https:\/\/ermcopower.sharepoint.com\/sites\/PioneerPlanificatio\/Order%20Library\/22076""}","2026-10-15T04:00:00Z","Order Creation","","","","","","","","","","","","","","","","4513657262","71681.23","QC","WET","Y","","False","","39","","","","","Active","HYQU","M-HYQU-0016","MR-HYQU-0016-V1","2027-02-25T05:00:00Z","1.39000000000000","71681.2300000000","51569.2302158273","2026-09-11T04:55:12Z","2026-05-20T13:21:45Z","155","106","False","6a194b6f-baea-4285-a071-71adc7c0c553","HYDRO QUEBEC","1002801-22","MR-HYQU-0016-V1","patrick.vaillancourt@pioneertransformers.com","soleil.anker@ermco-eci.com"
"337","","","22077","115","99","4","Standard","2026-05-15T04:00:00Z","2027-05-27T04:00:00Z","28","{""Description"":""https:\/\/ermcopower.sharepoint.com\/sites\/PioneerPlanificatio\/Order%20Library\/22077"",""Url"":""https:\/\/ermcopower.sharepoint.com\/sites\/PioneerPlanificatio\/Order%20Library\/22077""}","2026-10-15T04:00:00Z","Order Creation","","","","","","","","","","","","","","","","4513657262","106687.31","QC","WET","Y","","False","","41","","","","","Active","HYQU","M-HYQU-0017","MR-HYQU-0017-V1","2027-02-25T05:00:00Z","1.39000000000000","106687.310000000","76753.4604316547","2026-09-11T04:56:14Z","2026-05-20T13:28:18Z","155","106","False","63c407ca-d264-457b-b5a9-d7197aeefeeb","HYDRO QUEBEC","1002812-22","MR-HYQU-0017-V1","patrick.vaillancourt@pioneertransformers.com","soleil.anker@ermco-eci.com"
"340","","","22078","68","155","1","Standard","2026-05-21T04:00:00Z","2026-11-27T05:00:00Z","20","{""Description"":""https:\/\/ermcopower.sharepoint.com\/sites\/PioneerPlanificatio\/Order%20Library\/22078"",""Url"":""https:\/\/ermcopower.sharepoint.com\/sites\/PioneerPlanificatio\/Order%20Library\/22078""}","2026-06-12T04:00:00Z","Order Creation","","","","","","","","","","","","","","","","4500161549","99652.85","ON","WET","Y","","False","","239","","","","","Active","TOHY","M-TOHY-0002","MR-TOHY-0002-V1","2027-01-06T05:00:00Z","1.39000000000000","99652.8500000000","71692.6978417266","2026-09-11T04:22:21Z","2026-05-21T16:54:49Z","161","106","False","52bf3da7-8d5d-40d0-ac38-631973ef902a","TORONTO HYDRO","6643202-22","MR-TOHY-0002-V1","dominic.lague@pioneertransformers.com","soleil.anker@ermco-eci.com"
"341","","","22079","73","245","1","Standard","2026-05-21T04:00:00Z","2027-05-19T04:00:00Z","20","{""Description"":""https:\/\/ermcopower.sharepoint.com\/sites\/PioneerPlanificatio\/Order%20Library\/22079"",""Url"":""https:\/\/ermcopower.sharepoint.com\/sites\/PioneerPlanificatio\/Order%20Library\/22079""}","2026-12-02T05:00:00Z","Order Creation","","","","","","","Need To Create New Model: 108866","","","","","","","","","4502189192","119935.24","USA","WET","Y","","False","","92","","","","","Active","XCEN","M-XCEN-0005","MR-XCEN-0005-V1","2027-01-06T05:00:00Z","1.39000000000000","166709.983600000","119935.240000000","2026-09-11T04:56:20Z","2026-05-22T14:05:12Z","161","106","False","fb151c32-878a-49ee-b3e7-df79d3e205f6","XCEL ENERGY NORTHERN","108866","MR-XCEN-0005-V1","dominic.lague@pioneertransformers.com","soleil.anker@ermco-eci.com"
"342","","","20853R1","19","470","1","Repair","2026-05-22T04:00:00Z","2026-08-28T04:00:00Z","18","{""Description"":""https:\/\/ermcopower.sharepoint.com\/sites\/PioneerPlanificatio\/Order%20Library\/20853R1"",""Url"":""https:\/\/ermcopower.sharepoint.com\/sites\/PioneerPlanificatio\/Order%20Library\/20853R1""}","2026-03-27T04:00:00Z","Order Creation","","","","","","","Need To Create New Model: ","","","","","","","","","","0","AB","","Y","","False","","325","","","","","","EPCO","M-HYQU-0004","MR-HYQU-0004-V1","2026-12-24T05:00:00Z","1.38000000000000","0","0","2026-09-10T22:16:02Z","2026-05-22T15:27:18Z","161","106","False","a2250111-b8f7-4720-857d-e8164004f206","EPCOR","N/A","MR-HYQU-0004-V1","dominic.lague@pioneertransformers.com","soleil.anker@ermco-eci.com"
"343","","","22062","115","403","1","Standard","2026-05-06T04:00:00Z","2029-06-28T04:00:00Z","28","","2028-11-16T05:00:00Z","","False","False","False","False","","Not Started","","False","False","No","False","False","False","False","False","4513640660","868176.46","QC","WET","Y","","False","","124","False","","","","Active","HYQU","M-HYQU-0081","MR-HYQU-0081-V1","2027-02-16T05:00:00Z","1.39000000000000","868176.460000000","624587.381294964","2026-09-11T05:10:05Z","2026-05-25T14:12:27Z","106","106","False","23c6e85b-225a-460a-9d4e-110d8b1a681a","HYDRO QUEBEC","4276691/1189843","MR-HYQU-0081-V1","soleil.anker@ermco-eci.com","soleil.anker@ermco-eci.com"
"344","","","22061","115","403","1","Standard","2026-05-06T04:00:00Z","2029-04-30T04:00:00Z","28","","2028-09-18T04:00:00Z","","","","","","","","","","","","","","","","","4513640660","868176.46","QC","WET","Y","","False","","124","False","","","","Active","HYQU","M-HYQU-0081","MR-HYQU-0081-V1","2027-02-16T05:00:00Z","1.39000000000000","868176.460000000","624587.381294964","2026-09-11T05:03:48Z","2026-05-25T14:18:06Z","106","106","False","53a35d99-299d-4de6-97cc-54c31d005731","HYDRO QUEBEC","4276691/1189843","MR-HYQU-0081-V1","soleil.anker@ermco-eci.com","soleil.anker@ermco-eci.com"
"345","","","22060","115","400","1","Standard","2026-05-06T04:00:00Z","2029-11-29T05:00:00Z","28","","2029-04-19T04:00:00Z","","","","","","","","","","","","","","","","","4513640536","953900.82","QC","WET","Y","","False","","121","True","","","","Active","HYQU","M-HYQU-0078","MR-HYQU-0078-V1","2027-02-16T05:00:00Z","1.39000000000000","953900.820000000","686259.582733813","2026-09-11T05:10:43Z","2026-05-25T14:18:06Z","106","106","False","fccdf462-acec-40e5-a940-c7578fecb383","HYDRO QUEBEC","4276269/1189342","MR-HYQU-0078-V1","soleil.anker@ermco-eci.com","soleil.anker@ermco-eci.com"
"346","","","22059","115","400","1","Standard","2026-05-06T04:00:00Z","2029-10-30T04:00:00Z","28","","2029-03-20T04:00:00Z","","","","","","","","","","","","","","","","","4513640536","953900.82","QC","WET","Y","","False","","121","True","","","","Active","HYQU","M-HYQU-0078","MR-HYQU-0078-V1","2027-02-16T05:00:00Z","1.39000000000000","953900.820000000","686259.582733813","2026-09-11T05:10:27Z","2026-05-25T14:18:07Z","106","106","False","befc1c83-a447-4d9c-aa7d-4062107263d9","HYDRO QUEBEC","4276269/1189342","MR-HYQU-0078-V1","soleil.anker@ermco-eci.com","soleil.anker@ermco-eci.com"
"347","","","22058","115","400","1","Standard","2026-05-06T04:00:00Z","2029-05-30T04:00:00Z","28","","2028-10-18T04:00:00Z","","","","","","","","","","","","","","","","","4513640536","953900.82","QC","WET","Y","","False","","121","True","","","","Active","HYQU","M-HYQU-0078","MR-HYQU-0078-V1","2027-02-16T05:00:00Z","1.39000000000000","953900.820000000","686259.582733813","2026-09-11T05:09:59Z","2026-05-25T14:18:08Z","106","106","False","42c63605-5d39-46d8-aa0d-6b59cc028e94","HYDRO QUEBEC","4276269/1189342","MR-HYQU-0078-V1","soleil.anker@ermco-eci.com","soleil.anker@ermco-eci.com"
"348","","","22057","27","271","9","Standard","2026-05-06T04:00:00Z","2026-10-30T04:00:00Z","18","","2026-05-29T04:00:00Z","","","","","","","","","","","","","","","","","168281 - OP","67475","ON","WET","N","","False","","234","True","","","","Active","OTHY","M-OTHY-0007","MR-OTHY-0007-V1","2026-12-08T05:00:00Z","1.38000000000000","67475.0000000000","48894.9275362319","2026-09-11T04:37:18Z","2026-05-25T14:18:09Z","106","106","False","c99e3ea2-7d16-4fe2-b381-20c7f54d3dba","OTTAWA HYDRO","618509","MR-OTHY-0007-V1","soleil.anker@ermco-eci.com","soleil.anker@ermco-eci.com"
"357","","","22056","27","268","6","Standard","2026-05-06T04:00:00Z","2026-10-30T04:00:00Z","18","","2026-05-29T04:00:00Z","","","","","","","","","","","","","","","","","168281 - OP","50985","ON","WET","N","","False","","231","True","","","","Active","OTHY","M-OTHY-0004","MR-OTHY-0004-V1","2026-12-08T05:00:00Z","1.38000000000000","50985.0000000000","36945.6521739130","2026-09-11T04:31:48Z","2026-05-25T14:18:16Z","106","106","False","65415796-f021-45d0-b28f-a582aae93e09","OTTAWA HYDRO","617211","MR-OTHY-0004-V1","soleil.anker@ermco-eci.com","soleil.anker@ermco-eci.com"
"363","","","22055","115","402","1","Standard","2026-05-06T04:00:00Z","2029-12-20T05:00:00Z","28","","2029-05-10T04:00:00Z","","","","","","","","","","","","","","","","","4513639839","730519.92","QC","WET","Y","","False","","123","False","","","","Active","HYQU","M-HYQU-0080","MR-HYQU-0080-V1","2027-02-16T05:00:00Z","1.39000000000000","730519.920000000","525553.899280576","2026-09-11T05:04:13Z","2026-05-25T14:18:21Z","106","106","False","e4eadc82-46d0-4d17-853d-c5c85caddb80","HYDRO QUEBEC","4276087/1189361","MR-HYQU-0080-V1","soleil.anker@ermco-eci.com","soleil.anker@ermco-eci.com"
"364","","","22054","115","402","1","Standard","2026-05-06T04:00:00Z","2029-09-27T04:00:00Z","28","","2029-02-15T05:00:00Z","","","","","","","","","","","","","","","","","4513639839","730519.92","QC","WET","Y","","False","","123","False","","","","Active","HYQU","M-HYQU-0080","MR-HYQU-0080-V1","2027-02-16T05:00:00Z","1.39000000000000","730519.920000000","525553.899280576","2026-09-11T05:04:07Z","2026-05-25T14:18:21Z","106","106","False","d3232cb0-f9f7-4520-a437-6cd159a61517","HYDRO QUEBEC","4276087/1189361","MR-HYQU-0080-V1","soleil.anker@ermco-eci.com","soleil.anker@ermco-eci.com"
"365","","","22053","115","399","1","Standard","2026-05-06T04:00:00Z","2029-12-20T05:00:00Z","28","","2029-05-10T04:00:00Z","","","","","","","","","","","","","","","","","4513639791","623903.22","QC","WET","Y","","True","","115","","","","","Active","HYQU","M-HYQU-0077","MR-HYQU-0077-V1","2027-02-16T05:00:00Z","1.39000000000000","623903.220000000","448851.237410072","2026-09-11T05:10:50Z","2026-05-25T14:18:22Z","106","106","False","3fb57ce9-dd66-4f26-9a9f-ba3e9ecc45c2","HYDRO QUEBEC","4251082/1166354","MR-HYQU-0077-V1","soleil.anker@ermco-eci.com","soleil.anker@ermco-eci.com"
"366","","","22052","115","399","1","Standard","2026-05-06T04:00:00Z","2029-05-30T04:00:00Z","28","","2028-10-18T04:00:00Z","","","","","","","","","","","","","","","","","4513639791","623903.22","QC","WET","Y","","True","","115","","","","","Active","HYQU","M-HYQU-0077","MR-HYQU-0077-V1","2027-02-16T05:00:00Z","1.39000000000000","623903.220000000","448851.237410072","2026-09-11T05:09:55Z","2026-05-25T14:18:22Z","106","106","False","078ddceb-5eab-4e80-9c3e-fd72669338bb","HYDRO QUEBEC","4251082/1166354","MR-HYQU-0077-V1","soleil.anker@ermco-eci.com","soleil.anker@ermco-eci.com"
"367","","","22051","115","399","1","Standard","2026-05-06T04:00:00Z","2029-02-28T05:00:00Z","28","","2028-07-19T04:00:00Z","","","","","","","","","","","","","","","","","4513639791","623903.22","QC","WET","Y","","True","","115","","","","","Active","HYQU","M-HYQU-0077","MR-HYQU-0077-V1","2027-02-16T05:00:00Z","1.39000000000000","623903.220000000","448851.237410072","2026-09-11T05:09:42Z","2026-05-25T14:18:23Z","106","106","False","f1327bce-d6c2-4cb7-835d-7af60357d73b","HYDRO QUEBEC","4251082/1166354","MR-HYQU-0077-V1","soleil.anker@ermco-eci.com","soleil.anker@ermco-eci.com"
"368","","","22050","115","398","1","Standard","2026-05-06T04:00:00Z","2029-11-29T05:00:00Z","28","","2029-04-19T04:00:00Z","","","","","","","","","","","","","","","","","4513639148","541210.51","QC","WET","Y","","True","","114","","","","","Active","HYQU","M-HYQU-0076","MR-HYQU-0076-V1","2027-02-16T05:00:00Z","1.39000000000000","541210.510000000","389360.079136691","2026-09-11T05:10:40Z","2026-05-25T14:18:24Z","106","106","False","dbde2957-4f61-441a-a24c-06b43f47d2f1","HYDRO QUEBEC","4251081/1166353","MR-HYQU-0076-V1","soleil.anker@ermco-eci.com","soleil.anker@ermco-eci.com"
"369","","","22049","115","398","1","Standard","2026-05-06T04:00:00Z","2029-10-25T04:00:00Z","28","","2029-03-15T04:00:00Z","","","","","","","","","","","","","","","","","4513639148","541210.51","QC","WET","Y","","True","","114","","","","","Active","HYQU","M-HYQU-0076","MR-HYQU-0076-V1","2027-02-16T05:00:00Z","1.39000000000000","541210.510000000","389360.079136691","2026-09-11T05:10:23Z","2026-05-25T14:18:24Z","106","106","False","20c638aa-3d45-44fd-8185-1ad602980d52","HYDRO QUEBEC","4251081/1166353","MR-HYQU-0076-V1","soleil.anker@ermco-eci.com","soleil.anker@ermco-eci.com"
"370","","","22048","115","398","1","Standard","2026-05-06T04:00:00Z","2029-08-30T04:00:00Z","28","","2029-01-18T05:00:00Z","","","","","","","","","","","","","","","","","4513639148","541210.51","QC","WET","Y","","True","","114","","","","","Active","HYQU","M-HYQU-0076","MR-HYQU-0076-V1","2027-02-16T05:00:00Z","1.39000000000000","541210.510000000","389360.079136691","2026-09-11T05:04:00Z","2026-05-25T14:18:25Z","106","106","False","3e01be7c-634d-464a-bc8e-b4488aa13b8b","HYDRO QUEBEC","4251081/1166353","MR-HYQU-0076-V1","soleil.anker@ermco-eci.com","soleil.anker@ermco-eci.com"
"371","","","22047","115","398","1","Standard","2026-05-06T04:00:00Z","2029-07-26T04:00:00Z","28","","2028-12-14T05:00:00Z","","","","","","","","","","","","","","","","","4513639148","541210.51","QC","WET","Y","","True","","114","","","","","Active","HYQU","M-HYQU-0076","MR-HYQU-0076-V1","2027-02-16T05:00:00Z","1.39000000000000","541210.510000000","389360.079136691","2026-09-11T05:10:18Z","2026-05-25T14:18:26Z","106","106","False","10cd92d3-7173-42b3-95b4-da2e8d34ba09","HYDRO QUEBEC","4251081/1166353","MR-HYQU-0076-V1","soleil.anker@ermco-eci.com","soleil.anker@ermco-eci.com"
"372","","","22046","115","398","1","Standard","2026-05-06T04:00:00Z","2029-01-25T05:00:00Z","28","","2028-06-15T04:00:00Z","","","","","","","","","","","","","","","","","4513639148","541210.51","QC","WET","Y","","True","","114","","","","","Active","HYQU","M-HYQU-0076","MR-HYQU-0076-V1","2027-02-16T05:00:00Z","1.39000000000000","541210.510000000","389360.079136691","2026-09-11T05:03:29Z","2026-05-25T14:18:26Z","106","106","False","e207bc4b-3098-4a65-b4d9-553f5f983fc4","HYDRO QUEBEC","4251081/1166353","MR-HYQU-0076-V1","soleil.anker@ermco-eci.com","soleil.anker@ermco-eci.com"
"373","","","22045","68","157","2","Standard","2026-05-06T04:00:00Z","2026-10-30T04:00:00Z","20","","2026-05-15T04:00:00Z","","","","","","","","","","","","","","","","","4500160764","101790.49","ON","WET","Y","","False","","242","True","","","","Active","TOHY","M-TOHY-0004","MR-TOHY-0004-V1","2026-12-22T05:00:00Z","1.38000000000000","101790.490000000","73761.2246376812","2026-09-11T04:17:56Z","2026-05-25T14:18:27Z","106","106","False","8251fa5a-5b32-42ac-aaff-9224a3765f1a","TORONTO HYDRO","6643211","MR-TOHY-0004-V1","soleil.anker@ermco-eci.com","soleil.anker@ermco-eci.com"
"375","","","22044","115","369","1","Standard","2026-05-05T04:00:00Z","2029-08-30T04:00:00Z","28","","2029-01-18T05:00:00Z","","","","","","","","","","","","","","","","","4513640923","428547.67","QC","WET","Y","","False","","113","False","","","","Active","HYQU","M-HYQU-0060","MR-HYQU-0060-V1","2027-02-15T05:00:00Z","1.39000000000000","428547.670000000","308307.676258993","2026-09-11T05:04:04Z","2026-05-25T14:18:28Z","106","106","False","72454de6-69c7-4f55-ae11-970eb18d1c86","HYDRO QUEBEC","1166058","MR-HYQU-0060-V1","soleil.anker@ermco-eci.com","soleil.anker@ermco-eci.com"
"376","","","22043","115","369","1","Standard","2026-05-05T04:00:00Z","2029-07-27T04:00:00Z","28","","2028-12-15T05:00:00Z","","","","","","","","","","","","","","","","","4513640923","428547.67","QC","WET","Y","","False","","113","False","","","","Active","HYQU","M-HYQU-0060","MR-HYQU-0060-V1","2027-02-15T05:00:00Z","1.39000000000000","428547.670000000","308307.676258993","2026-09-11T05:03:54Z","2026-05-25T14:18:29Z","106","106","False","e475bdbf-f34d-4737-8fec-2947130c42c6","HYDRO QUEBEC","1166058","MR-HYQU-0060-V1","soleil.anker@ermco-eci.com","soleil.anker@ermco-eci.com"
"377","","","22042","115","369","1","Standard","2026-05-05T04:00:00Z","2029-06-28T04:00:00Z","28","","2028-11-16T05:00:00Z","","","","","","","","","","","","","","","","","4513640923","428547.67","QC","WET","Y","","False","","113","False","","","","Active","HYQU","M-HYQU-0060","MR-HYQU-0060-V1","2027-02-15T05:00:00Z","1.39000000000000","428547.670000000","308307.676258993","2026-09-11T05:10:02Z","2026-05-25T14:18:30Z","106","106","False","ff2acd40-ddfd-4030-8563-04f33103d485","HYDRO QUEBEC","1166058","MR-HYQU-0060-V1","soleil.anker@ermco-eci.com","soleil.anker@ermco-eci.com"
"378","","","22041","115","369","1","Standard","2026-05-05T04:00:00Z","2029-03-30T04:00:00Z","28","","2028-08-18T04:00:00Z","","","","","","","","","","","","","","","","","4513640923","428547.67","QC","WET","Y","","False","","113","False","","","","Active","HYQU","M-HYQU-0060","MR-HYQU-0060-V1","2027-02-15T05:00:00Z","1.39000000000000","428547.670000000","308307.676258993","2026-09-11T05:03:39Z","2026-05-25T14:18:30Z","106","106","False","9f0a1a91-7f7c-4df2-a5de-8a4ffdba0ffa","HYDRO QUEBEC","1166058","MR-HYQU-0060-V1","soleil.anker@ermco-eci.com","soleil.anker@ermco-eci.com"
"379","","","22040","115","369","1","Standard","2026-05-05T04:00:00Z","2029-02-28T05:00:00Z","28","","2028-07-19T04:00:00Z","","","","","","","","","","","","","","","","","4513640923","428547.67","QC","WET","Y","","False","","113","False","","","","Active","HYQU","M-HYQU-0060","MR-HYQU-0060-V1","2027-02-15T05:00:00Z","1.39000000000000","428547.670000000","308307.676258993","2026-09-11T05:03:35Z","2026-05-25T14:18:31Z","106","106","False","ef95cb9d-a667-4fc3-9608-b5ed055492f7","HYDRO QUEBEC","1166058","MR-HYQU-0060-V1","soleil.anker@ermco-eci.com","soleil.anker@ermco-eci.com"
"380","","","22039","115","369","1","Standard","2026-05-05T04:00:00Z","2029-01-28T05:00:00Z","28","","2028-06-18T04:00:00Z","","","","","","","","","","","","","","","","","4513640923","428547.67","","","","","False","","113","","","","","Active","HYQU","M-HYQU-0060","MR-HYQU-0060-V1","2027-02-15T05:00:00Z","1.39000000000000","595681.261300000","428547.670000000","2026-09-11T05:03:32Z","2026-05-25T14:18:31Z","106","106","False","133bfce8-b204-4964-99dd-6576f3ed1b7f","HYDRO QUEBEC","1166058","MR-HYQU-0060-V1","soleil.anker@ermco-eci.com","soleil.anker@ermco-eci.com"
"381","","","22038","115","369","1","Standard","2025-08-11T04:00:00Z","2028-12-21T05:00:00Z","28","","2028-05-11T04:00:00Z","","","","","","","","","","","","","","","","","4513636607","428547.67","QC","WET","Y","","False","","113","False","","","","Active","HYQU","M-HYQU-0060","MR-HYQU-0060-V1","2026-05-24T04:00:00Z","1.38000000000000","428547.670000000","310541.789855072","2026-09-11T05:09:35Z","2026-05-25T14:18:32Z","106","106","False","5398ee63-b49b-446c-9344-0f7646c4a8c4","HYDRO QUEBEC","1166058","MR-HYQU-0060-V1","soleil.anker@ermco-eci.com","soleil.anker@ermco-eci.com"
"382","","","22037","115","369","1","Standard","2025-08-11T04:00:00Z","2028-08-30T04:00:00Z","28","","2028-01-19T05:00:00Z","","","","","","","","","","","","","","","","","4513636607","428547.67","QC","WET","Y","","False","","113","False","","","","Active","HYQU","M-HYQU-0060","MR-HYQU-0060-V1","2026-05-24T04:00:00Z","1.38000000000000","428547.670000000","310541.789855072","2026-09-11T05:09:02Z","2026-05-25T14:18:33Z","106","106","False","9608f454-70ed-4afa-81e0-9b305ab27ce2","HYDRO QUEBEC","1166058","MR-HYQU-0060-V1","soleil.anker@ermco-eci.com","soleil.anker@ermco-eci.com"
"384","","","22036","115","403","1","Standard","2026-05-04T04:00:00Z","2028-09-28T04:00:00Z","28","","2028-02-17T05:00:00Z","","","","","","","","","","","","","","","","","4513636529","868176.46","QC","WET","Y","","True","","124","False","","","","Active","HYQU","M-HYQU-0081","MR-HYQU-0081-V1","2027-02-14T05:00:00Z","1.39000000000000","868176.460000000","624587.381294964","2026-09-11T05:09:08Z","2026-05-25T14:18:34Z","106","106","False","3b67286d-5f1e-4a01-9a18-69215bcb3b42","HYDRO QUEBEC","4276691/1189843","MR-HYQU-0081-V1","soleil.anker@ermco-eci.com","soleil.anker@ermco-eci.com"
"386","","","22035","115","403","1","Standard","2026-05-04T04:00:00Z","2028-08-30T04:00:00Z","28","","2028-01-19T05:00:00Z","","","","","","","","","","","","","","","","","4513636529","868176.46","QC","WET","Y","","True","","124","False","","","","Active","HYQU","M-HYQU-0081","MR-HYQU-0081-V1","2027-02-14T05:00:00Z","1.39000000000000","868176.460000000","624587.381294964","2026-09-11T05:08:58Z","2026-05-25T14:18:35Z","106","106","False","e7f059ba-af0f-439f-bcdb-676868774c80","HYDRO QUEBEC","4276691/1189843","MR-HYQU-0081-V1","soleil.anker@ermco-eci.com","soleil.anker@ermco-eci.com"
"388","","","22034","115","400","1","Standard","2026-05-04T04:00:00Z","2028-12-21T05:00:00Z","28","","2028-05-11T04:00:00Z","","","","","","","","","","","","","","","","","4513636485","953900.82","QC","WET","Y","","True","","121","False","","","","Active","HYQU","M-HYQU-0078","MR-HYQU-0078-V1","2027-02-14T05:00:00Z","1.39000000000000","953900.820000000","686259.582733813","2026-09-11T05:09:31Z","2026-05-25T14:18:36Z","106","106","False","7b0f02f1-e255-4bfc-a6b5-010a96ef8639","HYDRO QUEBEC","4276269/1189342","MR-HYQU-0078-V1","soleil.anker@ermco-eci.com","soleil.anker@ermco-eci.com"
"390","","","22033","115","400","1","Standard","2026-05-04T04:00:00Z","2028-09-28T04:00:00Z","28","","2028-02-17T05:00:00Z","","","","","","","","","","","","","","","","","4513636485","953900.82","QC","WET","Y","","True","","121","False","","","","Active","HYQU","M-HYQU-0078","MR-HYQU-0078-V1","2027-02-14T05:00:00Z","1.39000000000000","953900.820000000","686259.582733813","2026-09-11T05:09:05Z","2026-05-25T14:18:38Z","106","106","False","43c88a41-4d7a-4294-9493-34dbb7d90a27","HYDRO QUEBEC","4276269/1189342","MR-HYQU-0078-V1","soleil.anker@ermco-eci.com","soleil.anker@ermco-eci.com"
"391","","","22032","115","97","20","Standard","2026-05-04T04:00:00Z","2026-08-31T04:00:00Z","28","","2026-01-19T05:00:00Z","","","","","","","","","","","","","","","","","4513641207","21930.34","QC","WET","Y","","False","","36","False","","","","Active","HYQU","M-HYQU-0015","MR-HYQU-0015-V1","2027-02-14T05:00:00Z","1.39000000000000","21930.3400000000","15777.2230215827","2026-09-10T22:16:05Z","2026-05-25T14:18:38Z","106","106","False","13d6b436-2d17-4a22-b1c2-47e54d7b00a7","HYDRO QUEBEC","1002551-22","MR-HYQU-0015-V1","soleil.anker@ermco-eci.com","soleil.anker@ermco-eci.com"
"412","","","22031","115","402","1","Standard","2026-04-27T04:00:00Z","2028-07-27T04:00:00Z","28","","2027-12-16T05:00:00Z","","","","","","","","","","","","","","","","","4513636411","730519.92","QC","WET","Y","","True","","123","False","True","","","Active","HYQU","M-HYQU-0080","MR-HYQU-0080-V1","2027-02-07T05:00:00Z","1.39000000000000","730519.920000000","525553.899280576","2026-09-11T05:08:55Z","2026-05-25T14:18:52Z","106","106","False","1eb39fd9-835f-4344-b374-df02aa222b0a","HYDRO QUEBEC","4276087/1189361","MR-HYQU-0080-V1","soleil.anker@ermco-eci.com","soleil.anker@ermco-eci.com"
"414","","","22030","115","399","1","Standard","2026-04-27T04:00:00Z","2028-10-26T04:00:00Z","28","","2028-03-16T04:00:00Z","","","","","","","","","","","","","","","","","4513636247","623903.22","QC","WET","Y","","True","","115","False","","","","Active","HYQU","M-HYQU-0077","MR-HYQU-0077-V1","2027-02-07T05:00:00Z","1.39000000000000","623903.220000000","448851.237410072","2026-09-11T05:09:22Z","2026-05-25T14:18:53Z","106","106","False","af6e0610-4327-4ade-a3b6-8fcdc4fb4f4c","HYDRO QUEBEC","4251082/1166354","MR-HYQU-0077-V1","soleil.anker@ermco-eci.com","soleil.anker@ermco-eci.com"
"416","","","22029","115","399","1","Standard","2026-04-27T04:00:00Z","2028-02-24T05:00:00Z","28","","2027-07-15T04:00:00Z","","","","","","","","","","","","","","","","","4513636247","623903.22","QC","WET","Y","","True","","115","False","","","","Active","HYQU","M-HYQU-0077","MR-HYQU-0077-V1","2027-02-07T05:00:00Z","1.39000000000000","623903.220000000","448851.237410072","2026-09-11T05:08:32Z","2026-05-25T14:18:55Z","106","106","False","61366864-a3f4-430c-881f-02890613bacc","HYDRO QUEBEC","4251082/1166354","MR-HYQU-0077-V1","soleil.anker@ermco-eci.com","soleil.anker@ermco-eci.com"
"418","","","22028","115","398","1","Standard","2026-04-27T04:00:00Z","2028-11-30T05:00:00Z","28","","2028-04-20T04:00:00Z","","","","","","","","","","","","","","","","","4513636186","541210.51","QC","WET","Y","","True","","114","False","","","","Active","HYQU","M-HYQU-0076","MR-HYQU-0076-V1","2027-02-07T05:00:00Z","1.39000000000000","541210.510000000","389360.079136691","2026-09-11T05:09:28Z","2026-05-25T14:18:56Z","106","106","False","e9e041e3-bd39-4edd-963f-e7ba2ccb5eed","HYDRO QUEBEC","4251081/1166353","MR-HYQU-0076-V1","soleil.anker@ermco-eci.com","soleil.anker@ermco-eci.com"
"420","","","22027","115","398","1","Standard","2026-04-27T04:00:00Z","2028-10-26T04:00:00Z","28","","2028-03-16T04:00:00Z","","","","","","","","","","","","","","","","","4513636186","541210.51","QC","WET","Y","","True","","114","False","","","","Active","HYQU","M-HYQU-0076","MR-HYQU-0076-V1","2027-02-07T05:00:00Z","1.39000000000000","541210.510000000","389360.079136691","2026-09-11T05:09:15Z","2026-05-25T14:18:57Z","106","106","False","fe28c5c6-cc26-41f4-885f-bd376900765f","HYDRO QUEBEC","4251081/1166353","MR-HYQU-0076-V1","soleil.anker@ermco-eci.com","soleil.anker@ermco-eci.com"
"422","","","22026","115","398","1","Standard","2026-04-27T04:00:00Z","2028-07-27T04:00:00Z","28","","2027-12-16T05:00:00Z","","","","","","","","","","","","","","","","","4513636186","541210.51","QC","WET","Y","","True","","114","False","","","","Active","HYQU","M-HYQU-0076","MR-HYQU-0076-V1","2027-02-07T05:00:00Z","1.39000000000000","541210.510000000","389360.079136691","2026-09-11T05:08:53Z","2026-05-25T14:18:58Z","106","106","False","2de98852-15e3-4ace-9696-01f4f0ed767a","HYDRO QUEBEC","4251081/1166353","MR-HYQU-0076-V1","soleil.anker@ermco-eci.com","soleil.anker@ermco-eci.com"
"424","","","22025","115","398","1","Standard","2026-04-27T04:00:00Z","2028-06-29T04:00:00Z","28","","2027-11-18T05:00:00Z","","","","","","","","","","","","","","","","","4513636186","541210.51","QC","WET","Y","","True","","114","False","","","","Active","HYQU","M-HYQU-0076","MR-HYQU-0076-V1","2027-02-07T05:00:00Z","1.39000000000000","541210.510000000","389360.079136691","2026-09-11T05:08:44Z","2026-05-25T14:19:00Z","106","106","False","7182c458-1e4a-452b-9080-1042e57e39e5","HYDRO QUEBEC","4251081/1166353","MR-HYQU-0076-V1","soleil.anker@ermco-eci.com","soleil.anker@ermco-eci.com"
"426","","","22024","115","398","1","Standard","2026-04-27T04:00:00Z","2028-02-24T05:00:00Z","28","","2027-07-15T04:00:00Z","","","","","","","","","","","","","","","","","4513636186","541210.51","QC","WET","Y","","True","","114","False","","","","Active","HYQU","M-HYQU-0076","MR-HYQU-0076-V1","2027-02-07T05:00:00Z","1.39000000000000","541210.510000000","389360.079136691","2026-09-11T05:08:25Z","2026-05-25T14:19:01Z","106","106","False","4bd2eb75-d6ca-474f-a3c6-52c10e3b7e9b","HYDRO QUEBEC","4251081/1166353","MR-HYQU-0076-V1","soleil.anker@ermco-eci.com","soleil.anker@ermco-eci.com"
"428","","","22023","115","398","1","Standard","2026-04-27T04:00:00Z","2028-01-26T05:00:00Z","28","","2027-06-16T04:00:00Z","","","","","","","","","","","","","","","","","4513636186","541210.51","QC","WET","Y","","True","","114","False","","","","Active","HYQU","M-HYQU-0076","MR-HYQU-0076-V1","2027-02-07T05:00:00Z","1.39000000000000","541210.510000000","389360.079136691","2026-09-11T05:08:19Z","2026-05-25T14:19:02Z","106","106","False","9eaf2ea1-2b8a-4d79-af49-f1efbea65d66","HYDRO QUEBEC","4251081/1166353","MR-HYQU-0076-V1","soleil.anker@ermco-eci.com","soleil.anker@ermco-eci.com"
"430","","","22022","115","398","1","Standard","2026-04-27T04:00:00Z","2028-01-26T05:00:00Z","28","","2027-06-16T04:00:00Z","","","","","","","","","","","","","","","","","4513636186","541210.51","QC","WET","Y","","True","","114","False","","","","Active","HYQU","M-HYQU-0076","MR-HYQU-0076-V1","2027-02-07T05:00:00Z","1.39000000000000","541210.510000000","389360.079136691","2026-09-11T05:08:07Z","2026-05-25T14:19:03Z","106","106","False","af491e84-fc2c-4d4e-b0c6-86c87ca1196d","HYDRO QUEBEC","4251081/1166353","MR-HYQU-0076-V1","soleil.anker@ermco-eci.com","soleil.anker@ermco-eci.com"
"431","","","22021","115","97","20","Standard","2026-04-23T04:00:00Z","2026-07-24T04:00:00Z","28","","2025-12-12T05:00:00Z","","","","","","","","","","","","","","","","","4513634797","21930.34","QC","WET","Y","","False","","36","","","","","Active","HYQU","M-HYQU-0015","MR-HYQU-0015-V1","2027-02-03T05:00:00Z","1.39000000000000","21930.3400000000","15777.2230215827","2026-09-10T22:16:06Z","2026-05-25T14:19:04Z","106","106","False","e4b89150-3636-449a-932c-b4e268d2891c","HYDRO QUEBEC","1002551-22","MR-HYQU-0015-V1","soleil.anker@ermco-eci.com","soleil.anker@ermco-eci.com"
"451","","","22020","115","371","2","Standard","2026-04-23T04:00:00Z","2027-03-25T04:00:00Z","28","","2026-08-13T04:00:00Z","","","","","","","","","","","","","","","","","4513437216","471735.89","QC","WET","Y","","False","","126","False","","","","Active","HYQU","M-HYQU-0062","MR-HYQU-0062-V1","2027-02-03T05:00:00Z","1.39000000000000","471735.890000000","339378.338129496","2026-09-11T04:56:17Z","2026-05-25T14:19:21Z","106","106","False","0c270e2b-8950-41d7-be50-22fde8c070fa","HYDRO QUEBEC","1190831-22","MR-HYQU-0062-V1","soleil.anker@ermco-eci.com","soleil.anker@ermco-eci.com"
"453","","","22019","73","245","1","Standard","2026-04-23T04:00:00Z","2027-04-21T04:00:00Z","20","","2026-11-04T05:00:00Z","","","","","","","","","","","","","","","","","4502164188","119935.24","US","WET","Y","","False","","92","True","","","","Active","XCEN","M-XCEN-0005","MR-XCEN-0005-V1","2026-12-09T05:00:00Z","1.38000000000000","165510.631200000","119935.240000000","2026-09-11T04:53:27Z","2026-05-25T14:19:23Z","106","106","False","83b34506-cce1-460f-a8d5-77a8e6de3c94","XCEL ENERGY NORTHERN","108866","MR-XCEN-0005-V1","soleil.anker@ermco-eci.com","soleil.anker@ermco-eci.com"
"454","","","22018","73","241","1","Standard","2026-04-23T04:00:00Z","2027-04-21T04:00:00Z","20","","2026-11-04T05:00:00Z","","","","","","","","","","","","","","","","","4502164188","78615.52","US","WET","Y","","False","","88","False","","","","Active","XCEN","M-XCEN-0001","MR-XCEN-0001-V1","2026-12-09T05:00:00Z","1.38000000000000","108489.417600000","78615.5200000000","2026-09-11T04:53:23Z","2026-05-25T14:19:24Z","106","106","False","742f2535-c9b8-43d4-9fd2-6910067aea87","XCEL ENERGY NORTHERN","108860","MR-XCEN-0001-V1","soleil.anker@ermco-eci.com","soleil.anker@ermco-eci.com"
"455","","","22017","27","269","3","Standard","2026-04-22T04:00:00Z","2026-09-30T04:00:00Z","18","","2026-04-29T04:00:00Z","","","","","","","","","","","","","","","","","168567 - OP","61675","ON","WET","N","","False","","232","True","","","","Active","OTHY","M-OTHY-0005","MR-OTHY-0005-V1","2026-11-24T05:00:00Z","1.38000000000000","61675.0000000000","44692.0289855072","2026-09-11T04:21:09Z","2026-05-25T14:19:24Z","106","106","False","e14e8873-57ec-4c44-ba03-62ffa24f74ec","OTTAWA HYDRO","617515","MR-OTHY-0005-V1","soleil.anker@ermco-eci.com","soleil.anker@ermco-eci.com"
"459","","","P21911_A","74","143","1","R&D","2026-05-25T04:00:00Z","","20","{""Description"":""https:\/\/ermcopower.sharepoint.com\/sites\/PioneerPlanificatio\/Order%20Library\/P21911_A"",""Url"":""https:\/\/ermcopower.sharepoint.com\/sites\/PioneerPlanificatio\/Order%20Library\/P21911_A""}","1899-07-15T04:00:00Z","Order Creation","","","","","","","Need To Create New Model: Proto","","","","","","","","","R&D","0","AL","WET","Y","","False","","147","","","","","Active","PITR","M-GEPO-0013","MR-GEPO-0013-V1","2027-01-10T05:00:00Z","1.39000000000000","0","0","2026-09-11T04:36:49Z","2026-05-26T11:55:40Z","155","106","False","adede737-3b2f-44b8-b064-b5405f7f9c14","PIONEER TRANSFORMERS","132125","MR-GEPO-0013-V1","patrick.vaillancourt@pioneertransformers.com","soleil.anker@ermco-eci.com"
"460","","","P21911_B","74","470","1","R&D","2026-05-25T04:00:00Z","","20","{""Description"":""https:\/\/ermcopower.sharepoint.com\/sites\/PioneerPlanificatio\/Order%20Library\/P21911_B"",""Url"":""https:\/\/ermcopower.sharepoint.com\/sites\/PioneerPlanificatio\/Order%20Library\/P21911_B""}","1899-07-15T04:00:00Z","Order Creation","","","","","","","Need To Create New Model: Proto","","","","","","","","","R&D","0","AL","WET","Y","","False","","325","","","","","Active","PITR","M-HYQU-0004","MR-HYQU-0004-V1","2027-01-10T05:00:00Z","1.39000000000000","0","0","2026-09-11T04:37:32Z","2026-05-26T11:57:05Z","155","106","False","ed37a508-bd21-41f7-ad0f-9d8e4d41e52a","PIONEER TRANSFORMERS","N/A","MR-HYQU-0004-V1","patrick.vaillancourt@pioneertransformers.com","soleil.anker@ermco-eci.com"
"462","","","22080","73","245","3","Standard","2026-05-28T04:00:00Z","2027-05-26T04:00:00Z","20","{""Description"":""https:\/\/ermcopower.sharepoint.com\/sites\/PioneerPlanificatio\/Order%20Library\/22080"",""Url"":""https:\/\/ermcopower.sharepoint.com\/sites\/PioneerPlanificatio\/Order%20Library\/22080""}","2026-12-09T05:00:00Z","Order Creation","","","","","","","","","","","","","","","","4502193184","119935.24","USA","WET","Y","","False","","92","","","","","Active","XCEN","M-XCEN-0005","MR-XCEN-0005-V1","2027-01-13T05:00:00Z","1.39000000000000","166709.983600000","119935.240000000","2026-09-11T04:55:00Z","2026-05-29T14:17:21Z","161","106","False","0ef336cb-cb8d-4393-914a-9cf167e73485","XCEL ENERGY NORTHERN","108866","MR-XCEN-0005-V1","dominic.lague@pioneertransformers.com","soleil.anker@ermco-eci.com"
"463","","","22081","18","50","2","Standard","2026-06-01T04:00:00Z","2027-02-01T05:00:00Z","20","{""Description"":""https:\/\/ermcopower.sharepoint.com\/sites\/PioneerPlanificatio\/Order%20Library\/22081"",""Url"":""https:\/\/ermcopower.sharepoint.com\/sites\/PioneerPlanificatio\/Order%20Library\/22081""}","2026-08-17T04:00:00Z","Order Creation","","","","","","","","","","","","","","","","MX1-EX25426","248139.3","AB","WET","N","","False","","68","","","","","Active","ENMA","M-ENMA-0014","M-ENMA-0014","2027-01-17T05:00:00Z","1.39000000000000","248139.300000000","178517.482014388","2026-09-11T05:00:34Z","2026-06-04T14:53:57Z","161","106","False","47b1cf11-c433-4be4-b2f1-f261724144c2","ENMAX","100311915","MR-ENMA-0014-V1","dominic.lague@pioneertransformers.com","soleil.anker@ermco-eci.com"
"464","","","22082","18","82","2","Standard","2026-06-01T04:00:00Z","2027-02-01T05:00:00Z","20","{""Description"":""https:\/\/ermcopower.sharepoint.com\/sites\/PioneerPlanificatio\/Order%20Library\/22082"",""Url"":""https:\/\/ermcopower.sharepoint.com\/sites\/PioneerPlanificatio\/Order%20Library\/22082""}","2026-08-17T04:00:00Z","Order Creation","","","","","","","","","","","","","","","","MX1-EX25426","248139.3","AB","WET","N","","False","","69","","","","","Active","ENMA","M-ENMA-0042","M-ENMA-0042","2027-01-17T05:00:00Z","1.39000000000000","248139.300000000","178517.482014388","2026-09-11T05:01:35Z","2026-06-04T14:55:56Z","161","106","False","76986ec9-838d-4f85-b75f-23f225b6ae0a","ENMAX","100311916","MR-ENMA-0042-V1","dominic.lague@pioneertransformers.com","soleil.anker@ermco-eci.com"
"465","500","","22083","119","481","2","Standard","2026-06-05T04:00:00Z","2026-11-19T05:00:00Z","26","{""Description"":""https:\/\/ermcopower.sharepoint.com\/sites\/PioneerPlanificatio\/Order%20Library\/22083"",""Url"":""https:\/\/ermcopower.sharepoint.com\/sites\/PioneerPlanificatio\/Order%20Library\/22083""}","2026-04-23T04:00:00Z","Order Creation","","","","","","","Need To Create New Model: ","","","","","","","","","ORD249616","87133","TN","WET","N","","False","","382","","","","","Active","EPBC","M-EPBC-0001","MR-EPBC-0001-V1","2027-03-04T05:00:00Z","1.39000000000000","121114.870000000","87133.0000000000","2026-09-11T04:24:49Z","2026-06-08T17:18:57Z","161","106","False","1e13ed09-b8fb-4c18-ba06-835cc864ef33","ELECTRIC POWER BOARD","G22083","MR-EPBC-0001-V1","dominic.lague@pioneertransformers.com","soleil.anker@ermco-eci.com"
"466","","","22084","119","482","2","Standard","2026-06-05T04:00:00Z","2026-11-19T05:00:00Z","20","{""Description"":""https:\/\/ermcopower.sharepoint.com\/sites\/PioneerPlanificatio\/Order%20Library\/22084"",""Url"":""https:\/\/ermcopower.sharepoint.com\/sites\/PioneerPlanificatio\/Order%20Library\/22084""}","2026-06-04T04:00:00Z","Order Creation","","","","","","","Need To Create New Model: ","","","","","","","","","ORD249616","102121","TN","WET","N","","False","","381","","","","","Active","EPBC","M-EPBC-0002","MR-EPBC-0002-V1","2027-01-21T05:00:00Z","1.39000000000000","141948.190000000","102121.000000000","2026-09-11T04:25:54Z","2026-06-08T18:13:29Z","161","106","False","174079f7-3b39-48f7-90a6-c84bfce95199","ELECTRIC POWER BOARD","G22084","MR-EPBC-0002-V1","dominic.lague@pioneertransformers.com","soleil.anker@ermco-eci.com"
"467","","","22085","73","243","2","Standard","2026-06-04T04:00:00Z","2027-06-02T04:00:00Z","20","{""Description"":""https:\/\/ermcopower.sharepoint.com\/sites\/PioneerPlanificatio\/Order%20Library\/22085"",""Url"":""https:\/\/ermcopower.sharepoint.com\/sites\/PioneerPlanificatio\/Order%20Library\/22085""}","2026-12-16T05:00:00Z","Order Creation","","","","","","","","","","","","","","","","4502198778","77684.06","MN","WET","Y","","False","","90","","","","","Active","XCEN","M-XCEN-0003","MR-XCEN-0003-V1","2027-01-20T05:00:00Z","1.39000000000000","107980.843400000","77684.0600000000","2026-09-11T04:58:00Z","2026-06-08T18:30:39Z","161","106","False","3904c867-e09c-427e-87f8-1128a52e2e96","XCEL ENERGY NORTHERN","108864","MR-XCEN-0003-V1","dominic.lague@pioneertransformers.com","soleil.anker@ermco-eci.com"
"468","","","22086","97","503","1","Standard","2026-06-09T04:00:00Z","2027-01-14T05:00:00Z","18","{""Description"":""https:\/\/ermcopower.sharepoint.com\/sites\/PioneerPlanificatio\/Order%20Library\/22086"",""Url"":""https:\/\/ermcopower.sharepoint.com\/sites\/PioneerPlanificatio\/Order%20Library\/22086""}","2026-08-13T04:00:00Z","Order Creation","","","","","","","Need To Create New Model: 100153683","","","","","","","","","48277063","157900","USA","WET","Y","","False","","377","","","","","Active","FIEN","M-FIEN-0004
","MR-FIEN-0004-V1","2027-01-11T05:00:00Z","1.39000000000000","219481.000000000","157900.000000000","2026-09-11T04:56:49Z","2026-06-10T12:51:49Z","161","106","False","59014667-7fc4-45eb-b585-b5106bec446c","FIRST ENERGY","100153683","MR-FIEN-0004-V1","dominic.lague@pioneertransformers.com","soleil.anker@ermco-eci.com"
"471","","","22087","115","88","4","Standard","2026-06-12T04:00:00Z","2026-12-17T05:00:00Z","28","{""Description"":""https:\/\/ermcopower.sharepoint.com\/sites\/PioneerPlanificatio\/Order%20Library\/22087"",""Url"":""https:\/\/ermcopower.sharepoint.com\/sites\/PioneerPlanificatio\/Order%20Library\/22087""}","2026-05-07T04:00:00Z","Order Creation","","","","","","","","","","","","","","","","4513682142","64592.28","QC","WET","Y","","False","","20","","","","","Active","HYQU","M-HYQU-0006","MR-HYQU-0006-V1","2027-03-25T04:00:00Z","1.39000000000000","64592.2800000000","46469.2661870504","2026-09-11T04:26:54Z","2026-06-15T16:56:27Z","155","106","False","76506fc7-640b-4001-be7d-a1573e721bf7","HYDRO QUEBEC","1001903-22","MR-HYQU-0006-V1","patrick.vaillancourt@pioneertransformers.com","soleil.anker@ermco-eci.com"
"472","","","22088","115","89","4","Standard","2026-06-12T04:00:00Z","2026-12-17T05:00:00Z","28","{""Description"":""https:\/\/ermcopower.sharepoint.com\/sites\/PioneerPlanificatio\/Order%20Library\/22088"",""Url"":""https:\/\/ermcopower.sharepoint.com\/sites\/PioneerPlanificatio\/Order%20Library\/22088""}","2026-05-07T04:00:00Z","Order Creation","","","","","","","","","","","","","","","","4513682142","91525.61","QC","WET","Y","","False","","21","","","","","Active","HYQU","M-HYQU-0007","MR-HYQU-0007-V1","2027-03-25T04:00:00Z","1.39000000000000","91525.6100000000","65845.7625899281","2026-09-11T04:44:04Z","2026-06-15T17:01:30Z","155","106","False","be41571f-82ab-4eab-aad1-13cae50ac36e","HYDRO QUEBEC","1001912-22","MR-HYQU-0007-V1","patrick.vaillancourt@pioneertransformers.com","soleil.anker@ermco-eci.com"
"473","","","22089","115","91","5","Standard","2026-06-12T04:00:00Z","2026-12-17T05:00:00Z","28","{""Description"":""https:\/\/ermcopower.sharepoint.com\/sites\/PioneerPlanificatio\/Order%20Library\/22089"",""Url"":""https:\/\/ermcopower.sharepoint.com\/sites\/PioneerPlanificatio\/Order%20Library\/22089""}","2026-05-07T04:00:00Z","Order Creation","","","","","","","","","","","","","","","","4513682142","34797.62","QC","WET","Y","","False","","26","","","","","Active","HYQU","M-HYQU-0009","MR-HYQU-0009-V1","2027-03-25T04:00:00Z","1.39000000000000","34797.6200000000","25034.2589928058","2026-09-11T04:32:55Z","2026-06-15T17:06:39Z","155","106","False","ebe1e586-242f-4aa3-8b8c-2b0d204ffebf","HYDRO QUEBEC","1002113-22","MR-HYQU-0009-V1","patrick.vaillancourt@pioneertransformers.com","soleil.anker@ermco-eci.com"
"474","","","22090","115","94","4","Standard","2026-06-12T04:00:00Z","2026-12-17T05:00:00Z","28","{""Description"":""https:\/\/ermcopower.sharepoint.com\/sites\/PioneerPlanificatio\/Order%20Library\/22090"",""Url"":""https:\/\/ermcopower.sharepoint.com\/sites\/PioneerPlanificatio\/Order%20Library\/22090""}","2026-05-07T04:00:00Z","Order Creation","","","","","","","","","","","","","","","","4513682142","51415.46","QC","WET","Y","","False","","30","","","","","Active","HYQU","M-HYQU-0012","MR-HYQU-0012-V1","2027-03-25T04:00:00Z","1.39000000000000","51415.4600000000","36989.5395683453","2026-09-11T04:43:26Z","2026-06-15T17:10:28Z","155","106","False","e08ee11f-9859-4814-88cc-3c379c0040d7","HYDRO QUEBEC","1002394-22","MR-HYQU-0012-V1","patrick.vaillancourt@pioneertransformers.com","soleil.anker@ermco-eci.com"
"475","","","22091","115","96","5","Standard","2026-06-12T04:00:00Z","2026-12-17T05:00:00Z","28","{""Description"":""https:\/\/ermcopower.sharepoint.com\/sites\/PioneerPlanificatio\/Order%20Library\/22091"",""Url"":""https:\/\/ermcopower.sharepoint.com\/sites\/PioneerPlanificatio\/Order%20Library\/22091""}","2026-05-07T04:00:00Z","Order Creation","","","","","","","","","","","","","","","","4513682142","26587.59","QC","WET","Y","","False","","35","","","","","Active","HYQU","M-HYQU-0014","MR-HYQU-0014-V1","2027-03-25T04:00:00Z","1.39000000000000","26587.5900000000","19127.7625899281","2026-09-11T04:34:41Z","2026-06-15T17:14:23Z","155","106","False","b8aaebab-1f03-42f2-ac19-d971cc12fc8c","HYDRO QUEBEC","1002458-22","MR-HYQU-0014-V1","patrick.vaillancourt@pioneertransformers.com","soleil.anker@ermco-eci.com"
"476","","","22092","115","91","8","Standard","2026-06-12T04:00:00Z","2027-06-25T04:00:00Z","28","{""Description"":""https:\/\/ermcopower.sharepoint.com\/sites\/PioneerPlanificatio\/Order%20Library\/22092"",""Url"":""https:\/\/ermcopower.sharepoint.com\/sites\/PioneerPlanificatio\/Order%20Library\/22092""}","2026-11-13T05:00:00Z","Order Creation","","","","","","","","","","","","","","","","4513682148","51415.46","QC","WET","Y","","False","","26","","","","","Active","HYQU","M-HYQU-0009","MR-HYQU-0009-V1","2027-03-25T04:00:00Z","1.39000000000000","51415.4600000000","36989.5395683453","2026-09-11T04:58:11Z","2026-06-15T17:19:22Z","155","106","False","bcd9d75a-0fd9-4456-bf20-32a182ad48ca","HYDRO QUEBEC","1002113-22","MR-HYQU-0009-V1","patrick.vaillancourt@pioneertransformers.com","soleil.anker@ermco-eci.com"
"477","","","22093","115","94","4","Standard","2026-06-12T04:00:00Z","2027-06-25T04:00:00Z","28","{""Description"":""https:\/\/ermcopower.sharepoint.com\/sites\/PioneerPlanificatio\/Order%20Library\/22093"",""Url"":""https:\/\/ermcopower.sharepoint.com\/sites\/PioneerPlanificatio\/Order%20Library\/22093""}","2026-11-13T05:00:00Z","Order Creation","","","","","","","","","","","","","","","","4513682148","51415.46","QC","WET","Y","","False","","30","","","","","Active","HYQU","M-HYQU-0012","MR-HYQU-0012-V1","2027-03-25T04:00:00Z","1.39000000000000","51415.4600000000","36989.5395683453","2026-09-11T04:58:14Z","2026-06-15T17:23:13Z","155","106","False","bae52c13-09a5-4335-8315-2ace898a558d","HYDRO QUEBEC","1002394-22","MR-HYQU-0012-V1","patrick.vaillancourt@pioneertransformers.com","soleil.anker@ermco-eci.com"
"478","","","22094","115","96","8","Standard","2026-06-12T04:00:00Z","2027-06-25T04:00:00Z","28","{""Description"":""https:\/\/ermcopower.sharepoint.com\/sites\/PioneerPlanificatio\/Order%20Library\/22094"",""Url"":""https:\/\/ermcopower.sharepoint.com\/sites\/PioneerPlanificatio\/Order%20Library\/22094""}","2026-11-13T05:00:00Z","Order Creation","","","","","","","","","","","","","","","","4513682148","26587.59","QC","WET","Y","","False","","35","","","","","Active","HYQU","M-HYQU-0014","MR-HYQU-0014-V1","2027-03-25T04:00:00Z","1.39000000000000","26587.5900000000","19127.7625899281","2026-09-11T04:59:03Z","2026-06-15T17:26:23Z","155","106","False","0c18dcc7-fc0e-41d1-aeeb-f053000d6856","HYDRO QUEBEC","1002458-22","MR-HYQU-0014-V1","patrick.vaillancourt@pioneertransformers.com","soleil.anker@ermco-eci.com"
"479","","","22095","115","98","4","Standard","2026-06-12T04:00:00Z","2027-06-25T04:00:00Z","28","{""Description"":""https:\/\/ermcopower.sharepoint.com\/sites\/PioneerPlanificatio\/Order%20Library\/22095"",""Url"":""https:\/\/ermcopower.sharepoint.com\/sites\/PioneerPlanificatio\/Order%20Library\/22095""}","2026-11-13T05:00:00Z","Order Creation","","","","","","","","","","","","","","","","4513682148","71681.23","QC","WET","Y","","False","","39","","","","","Active","HYQU","M-HYQU-0016","MR-HYQU-0016-V1","2027-03-25T04:00:00Z","1.39000000000000","71681.2300000000","51569.2302158273","2026-09-11T04:58:55Z","2026-06-15T17:32:55Z","155","106","False","ddb8ddc2-ae27-4183-91c1-5d2275d06f18","HYDRO QUEBEC","1002801-22","MR-HYQU-0016-V1","patrick.vaillancourt@pioneertransformers.com","soleil.anker@ermco-eci.com"
"480","","","22096","115","99","4","Standard","2026-06-12T04:00:00Z","2027-06-25T04:00:00Z","28","{""Description"":""https:\/\/ermcopower.sharepoint.com\/sites\/PioneerPlanificatio\/Order%20Library\/22096"",""Url"":""https:\/\/ermcopower.sharepoint.com\/sites\/PioneerPlanificatio\/Order%20Library\/22096""}","2026-11-13T05:00:00Z","Order Creation","","","","","","","","","","","","","","","","4513682148","106687.31","QC","WET","Y","","False","","41","","","","","Active","HYQU","M-HYQU-0017","MR-HYQU-0017-V1","2027-03-25T04:00:00Z","1.39000000000000","106687.310000000","76753.4604316547","2026-09-11T04:59:24Z","2026-06-15T17:40:38Z","155","106","False","57082ade-3dc9-40d9-b0e7-d97bbdf037f1","HYDRO QUEBEC","1002812-22","MR-HYQU-0017-V1","patrick.vaillancourt@pioneertransformers.com","soleil.anker@ermco-eci.com"
"481","","","22097","115","99","5","Standard","2026-06-12T04:00:00Z","2026-12-17T05:00:00Z","28","{""Description"":""https:\/\/ermcopower.sharepoint.com\/sites\/PioneerPlanificatio\/Order%20Library\/22097"",""Url"":""https:\/\/ermcopower.sharepoint.com\/sites\/PioneerPlanificatio\/Order%20Library\/22097""}","2026-05-07T04:00:00Z","Order Creation","","","","","","","","","","","","","","","","4513682143","106687.31","QC","WET","Y","","False","","41","","","","","Active","HYQU","M-HYQU-0017","MR-HYQU-0017-V1","2027-03-25T04:00:00Z","1.39000000000000","106687.310000000","76753.4604316547","2026-09-11T04:34:48Z","2026-06-15T17:47:31Z","155","106","False","b8e37941-8ec0-471b-9353-d06fcabad3d8","HYDRO QUEBEC","1002812-22","MR-HYQU-0017-V1","patrick.vaillancourt@pioneertransformers.com","soleil.anker@ermco-eci.com"
"482","","","22098","115","493","1","Standard","2026-05-25T04:00:00Z","2028-06-28T04:00:00Z","28","{""Description"":""https:\/\/ermcopower.sharepoint.com\/sites\/PioneerPlanificatio\/Order%20Library\/22098"",""Url"":""https:\/\/ermcopower.sharepoint.com\/sites\/PioneerPlanificatio\/Order%20Library\/22098""}","2027-11-17T05:00:00Z","Order Creation","","","","","","","","","","","","","","","","4513663768","862810","QC","WET","Y","","True","","388","","","","","Active","HYQU","M-HYQU-0095","MR-HYQU-0095-V1","2027-03-07T05:00:00Z","1.39000000000000","862810.000000000","620726.618705036","2026-09-11T05:03:17Z","2026-06-22T18:29:43Z","155","106","False","bf6a4caa-8c9e-4d07-a70c-2a62939b0488","HYDRO QUEBEC","4301872/1204685","MR-HYQU-0095-V1","patrick.vaillancourt@pioneertransformers.com","soleil.anker@ermco-eci.com"
"483","","","22099","115","493","1","Standard","2026-05-25T04:00:00Z","2028-11-28T05:00:00Z","28","{""Description"":""https:\/\/ermcopower.sharepoint.com\/sites\/PioneerPlanificatio\/Order%20Library\/22099"",""Url"":""https:\/\/ermcopower.sharepoint.com\/sites\/PioneerPlanificatio\/Order%20Library\/22099""}","2028-04-18T04:00:00Z","Order Creation","","","","","","","","","","","","","","","","4513663768","862810","QC","WET","Y","","True","","388","","","","","Active","HYQU","M-HYQU-0095","MR-HYQU-0095-V1","2027-03-07T05:00:00Z","1.39000000000000","862810.000000000","620726.618705036","2026-09-11T05:03:23Z","2026-06-22T18:47:45Z","155","106","False","0b83f791-e30c-4692-86dc-bc86a9842b61","HYDRO QUEBEC","4301872/1204685","MR-HYQU-0095-V1","patrick.vaillancourt@pioneertransformers.com","soleil.anker@ermco-eci.com"
"484","","","22100","68","155","2","Standard","2026-06-23T04:00:00Z","2027-01-04T05:00:00Z","20","{""Description"":""https:\/\/ermcopower.sharepoint.com\/sites\/PioneerPlanificatio\/Order%20Library\/22100"",""Url"":""https:\/\/ermcopower.sharepoint.com\/sites\/PioneerPlanificatio\/Order%20Library\/22100""}","2026-07-20T04:00:00Z","Order Creation","","","","","","","","","","","","","","","","4500164021","99652.85","ON","WET","Y","","False","","239","","","","","Active","TOHY","M-TOHY-0002","MR-TOHY-0002-V1","2027-02-08T05:00:00Z","1.39000000000000","99652.8500000000","71692.6978417266","2026-09-11T04:53:52Z","2026-06-23T18:10:20Z","155","106","False","53e0f123-f83f-4480-ba4a-9e1654b1c2a3","TORONTO HYDRO","6643202-22","MR-TOHY-0002-V1","patrick.vaillancourt@pioneertransformers.com","soleil.anker@ermco-eci.com"
"485","","","22101","100","395","1","Standard","2026-06-23T04:00:00Z","2026-12-25T05:00:00Z","26","{""Description"":""https:\/\/ermcopower.sharepoint.com\/sites\/PioneerPlanificatio\/Order%20Library\/22101"",""Url"":""https:\/\/ermcopower.sharepoint.com\/sites\/PioneerPlanificatio\/Order%20Library\/22101""}","2026-05-29T04:00:00Z","Order Creation","","","","","","","","","","","","","","","","62611835","135405.19","LA","WET","Y","","False","","203","","","","","Active","ENTE","M-ENTE-0001","M-ENTE-0001","2027-03-22T04:00:00Z","1.39000000000000","188213.214100000","135405.190000000","2026-09-11T04:29:30Z","2026-06-25T11:57:19Z","155","106","False","41f205d9-d155-4bc8-b823-cca0e616f103","ENTERGY","6000000974","MR-ENTE-0001-V1","patrick.vaillancourt@pioneertransformers.com","soleil.anker@ermco-eci.com"
"486","","","22102","36","495","1","Standard","2026-06-23T04:00:00Z","2027-03-30T04:00:00Z","20","{""Description"":""https:\/\/ermcopower.sharepoint.com\/sites\/PioneerPlanificatio\/Order%20Library\/22102"",""Url"":""https:\/\/ermcopower.sharepoint.com\/sites\/PioneerPlanificatio\/Order%20Library\/22102""}","2026-10-13T04:00:00Z","Order Creation","","","","","","","New Model Created: 132123","","","","","","","","","204601","256985","ON","WETP","N","","False","","385","","","","","Active","LISA","M-LISA-0005","MR-LISA-0005-V1","2027-02-08T05:00:00Z","1.39000000000000","256985.000000000","184881.294964029","2026-09-11T04:51:15Z","2026-06-25T13:35:38Z","155","106","False","52626c58-5a06-4978-a1b2-a96f304f06eb","LIZCO SALES","132123LIZ","MR-LISA-0005-V1","patrick.vaillancourt@pioneertransformers.com","soleil.anker@ermco-eci.com"
"488","","","P20004","120","496","2","R&D","2026-06-25T04:00:00Z","2026-10-30T04:00:00Z","26","{""Description"":""https:\/\/ermcopower.sharepoint.com\/sites\/PioneerPlanificatio\/Order%20Library\/P20004"",""Url"":""https:\/\/ermcopower.sharepoint.com\/sites\/PioneerPlanificatio\/Order%20Library\/P20004""}","2026-04-03T04:00:00Z","Order Creation","","","","","","","New Model Created: P20004","","","","","","","","","ERMCO","0","","","Y","","False","","380","","","","","Active","6192","M-PITR-0004","MR-PITR-0004-V1","2027-03-24T04:00:00Z","1.39000000000000","0","0","2026-09-11T04:26:51Z","2026-06-25T14:11:37Z","155","106","False","4c6788a0-9ead-4ca8-844b-b186a9ce8b6a","ERMCO","P20004","MR-PITR-0004-V1","patrick.vaillancourt@pioneertransformers.com","soleil.anker@ermco-eci.com"
"489","","","22103","115","403","1","Standard","2026-06-22T04:00:00Z","2030-03-29T04:00:00Z","28","{""Description"":""https:\/\/ermcopower.sharepoint.com\/sites\/PioneerPlanificatio\/Order%20Library\/22103"",""Url"":""https:\/\/ermcopower.sharepoint.com\/sites\/PioneerPlanificatio\/Order%20Library\/22103""}","2029-08-17T04:00:00Z","Order Creation","","","","","","","","","","","","","","","","4513688385","868176.46","QC","WET","Y","","False","","124","","","","","Active","HYQU","M-HYQU-0081","MR-HYQU-0081-V1","2027-04-04T04:00:00Z","1.39000000000000","868176.460000000","624587.381294964","2026-09-11T05:04:17Z","2026-06-26T14:21:39Z","155","106","False","55e7c2d0-e99e-43f2-84c5-19f6d3f5fb83","HYDRO QUEBEC","4276691/1189843","MR-HYQU-0081-V1","patrick.vaillancourt@pioneertransformers.com","soleil.anker@ermco-eci.com"
"490","","","22104","115","403","1","Standard","2026-06-22T04:00:00Z","2030-06-27T04:00:00Z","28","{""Description"":""https:\/\/ermcopower.sharepoint.com\/sites\/PioneerPlanificatio\/Order%20Library\/22104"",""Url"":""https:\/\/ermcopower.sharepoint.com\/sites\/PioneerPlanificatio\/Order%20Library\/22104""}","2029-11-15T05:00:00Z","Order Creation","","","","","","","","","","","","","","","","4513688385","868176.46","QC","WET","Y","","False","","124","","","","","Active","HYQU","M-HYQU-0081","MR-HYQU-0081-V1","2027-04-04T04:00:00Z","1.39000000000000","868176.460000000","624587.381294964","2026-09-11T05:12:29Z","2026-06-26T14:32:03Z","155","106","False","777296ff-366f-444e-8182-cfbca6ebe599","HYDRO QUEBEC","4276691/1189843","MR-HYQU-0081-V1","patrick.vaillancourt@pioneertransformers.com","soleil.anker@ermco-eci.com"
"491","","","22105","115","498","1","Standard","2026-06-25T04:00:00Z","2026-12-15T05:00:00Z","28","{""Description"":""https:\/\/ermcopower.sharepoint.com\/sites\/PioneerPlanificatio\/Order%20Library\/22105"",""Url"":""https:\/\/ermcopower.sharepoint.com\/sites\/PioneerPlanificatio\/Order%20Library\/22105""}","2026-05-05T04:00:00Z","Order Creation","","","","","","","New Model Created: 1002560","","","","","","","","","4513694135","25500","QC","WET","Y","","False","","387","","","","","Active","HYQU","M-HYQU-0093","MR-HYQU-0093-V1","2027-04-07T04:00:00Z","1.39000000000000","25500.0000000000","18345.3237410072","2026-09-11T04:22:39Z","2026-06-26T17:31:23Z","155","106","False","55b62715-a8c3-4add-afdd-ed8fa4cfdf4d","HYDRO QUEBEC","1002560","MR-HYQU-0093-V1","patrick.vaillancourt@pioneertransformers.com","soleil.anker@ermco-eci.com"
"492","","","22106","115","498","29","Standard","2026-06-25T04:00:00Z","2026-12-15T05:00:00Z","28","{""Description"":""https:\/\/ermcopower.sharepoint.com\/sites\/PioneerPlanificatio\/Order%20Library\/22106"",""Url"":""https:\/\/ermcopower.sharepoint.com\/sites\/PioneerPlanificatio\/Order%20Library\/22106""}","2026-05-05T04:00:00Z","Order Creation","","","","","","","","","","","","","","","","4513694135","25500","QC","WET","Y","","False","","387","","","","","Active","HYQU","M-HYQU-0093","MR-HYQU-0093-V1","2027-04-07T04:00:00Z","1.39000000000000","25500.0000000000","18345.3237410072","2026-09-11T04:34:44Z","2026-06-26T17:38:19Z","155","106","False","a4f2dd68-1bd4-4ca7-a121-54e5e742540b","HYDRO QUEBEC","1002560","MR-HYQU-0093-V1","patrick.vaillancourt@pioneertransformers.com","soleil.anker@ermco-eci.com"
"493","","","22107","115","493","1","Standard","2026-06-29T04:00:00Z","2029-03-29T04:00:00Z","28","{""Description"":""https:\/\/ermcopower.sharepoint.com\/sites\/PioneerPlanificatio\/Order%20Library\/22107"",""Url"":""https:\/\/ermcopower.sharepoint.com\/sites\/PioneerPlanificatio\/Order%20Library\/22107""}","2028-08-17T04:00:00Z","Order Creation","","","","","","","","","","","","","","","","4513694347","862810","QC","WET","Y","","True","","388","","","","","Active","HYQU","M-HYQU-0095","MR-HYQU-0095-V1","2027-04-11T04:00:00Z","1.39000000000000","862810.000000000","620726.618705036","2026-09-11T05:09:48Z","2026-06-29T14:54:10Z","155","106","False","e8fed354-c2c0-4d31-aa63-65784570c73a","HYDRO QUEBEC","4301872/1204685","MR-HYQU-0095-V1","patrick.vaillancourt@pioneertransformers.com","soleil.anker@ermco-eci.com"
"494","","","22108","115","493","1","Standard","2026-06-29T04:00:00Z","2029-06-29T04:00:00Z","28","{""Description"":""https:\/\/ermcopower.sharepoint.com\/sites\/PioneerPlanificatio\/Order%20Library\/22108"",""Url"":""https:\/\/ermcopower.sharepoint.com\/sites\/PioneerPlanificatio\/Order%20Library\/22108""}","2028-11-17T05:00:00Z","Order Creation","","","","","","","","","","","","","","","","4513694347","862810","QC","WET","Y","","True","","388","","","","","Active","HYQU","M-HYQU-0095","MR-HYQU-0095-V1","2027-04-11T04:00:00Z","1.39000000000000","862810.000000000","620726.618705036","2026-09-11T05:10:11Z","2026-06-29T15:13:48Z","155","106","False","d3a81538-3875-4c97-aa1f-9481293096f8","HYDRO QUEBEC","4301872/1204685","MR-HYQU-0095-V1","patrick.vaillancourt@pioneertransformers.com","soleil.anker@ermco-eci.com"
"495","","","WRG3026","71","499","4","Parts","2026-06-16T04:00:00Z","","20","{""Description"":""https:\/\/ermcopower.sharepoint.com\/sites\/PioneerPlanificatio\/Order%20Library\/WRG3026"",""Url"":""https:\/\/ermcopower.sharepoint.com\/sites\/PioneerPlanificatio\/Order%20Library\/WRG3026""}","1899-07-15T04:00:00Z","Order Creation","","","","","","","New Model Created: 167-278-01 / 25Z0110","","","","","","","","","WHV6554-26","0","","","Y","","False","","386","","","","","Active","WIHI","M-WIHI-0001","MR-WIHI-0001-V1","2027-02-01T05:00:00Z","1.39000000000000","0","0","2026-09-11T05:05:01Z","2026-07-01T12:31:39Z","155","106","False","c8d3ea02-0548-46ca-9d4f-6569b3da06c6","WILSON HIGH VOLTAGE","167-278-01 / 25Z0110","MR-WIHI-0001-V1","patrick.vaillancourt@pioneertransformers.com","soleil.anker@ermco-eci.com"
"496","","","22109","121","500","1","Standard","2026-06-26T04:00:00Z","2027-01-08T05:00:00Z","20","{""Description"":""https:\/\/ermcopower.sharepoint.com\/sites\/PioneerPlanificatio\/Order%20Library\/22109"",""Url"":""https:\/\/ermcopower.sharepoint.com\/sites\/PioneerPlanificatio\/Order%20Library\/22109""}","2026-07-24T04:00:00Z","Order Creation","","","","","","","New Model Created: 1394755","","","","","","","","","02160935","101000","USA","WET","N","","False","","379","","","","","Active","EXEL","M-EXEL-0001","MR-EXEL-0001-V1","2027-02-11T05:00:00Z","1.39000000000000","140390.000000000","101000.000000000","2026-09-11T04:56:55Z","2026-07-01T17:10:33Z","161","106","False","7e6bc9b1-0844-47d4-b969-aa24cdc9ae68","EXELON","1394755","MR-EXEL-0001-V1","dominic.lague@pioneertransformers.com","soleil.anker@ermco-eci.com"
"497","","","22110","115","502","1","Standard","2026-06-18T04:00:00Z","2029-04-02T04:00:00Z","28","{""Description"":""https:\/\/ermcopower.sharepoint.com\/sites\/PioneerPlanificatio\/Order%20Library\/22110"",""Url"":""https:\/\/ermcopower.sharepoint.com\/sites\/PioneerPlanificatio\/Order%20Library\/22110""}","2028-08-21T04:00:00Z","Order Creation","","","","","","","New Model Created: G22110","","","","","","","","","4513682297","462102.24","QC","WET","Y","","True","","384","","","","","Active","HYQU","M-HYQU-0094","MR-HYQU-0094-V1","2027-03-31T04:00:00Z","1.39000000000000","462102.240000000","332447.654676259","2026-09-11T05:03:46Z","2026-07-06T13:49:13Z","155","106","False","f8410547-8c59-42f2-8210-001a94e9daf8","HYDRO QUEBEC","G22110","MR-HYQU-0094-V1","patrick.vaillancourt@pioneertransformers.com","soleil.anker@ermco-eci.com"
"498","","","22111","23","143","10","Standard","2026-07-08T04:00:00Z","2026-12-15T05:00:00Z","18","{""Description"":""https:\/\/ermcopower.sharepoint.com\/sites\/PioneerPlanificatio\/Order%20Library\/22111"",""Url"":""https:\/\/ermcopower.sharepoint.com\/sites\/PioneerPlanificatio\/Order%20Library\/22111""}","2026-07-14T04:00:00Z","Order Creation","","","","","","","","","","","","","","","","GPC11605875","186809","USA","WET","N","","False","","147","","","","","Active","GEPO","M-GEPO-0013","MR-GEPO-0013-V1","2027-02-09T05:00:00Z","1.39000000000000","259664.510000000","186809.000000000","2026-09-11T04:31:18Z","2026-07-09T15:37:33Z","161","106","False","f1b9ac5c-ee80-48be-ad10-900fbe53ac24","GEORGIA POWER","132125","MR-GEPO-0013-V1","dominic.lague@pioneertransformers.com","soleil.anker@ermco-eci.com"
"499","","","E21017CC","67","447","1","ETS","2026-06-16T04:00:00Z","2027-06-16T04:00:00Z","26","{""Description"":""https:\/\/ermcopower.sharepoint.com\/sites\/PioneerPlanificatio\/Order%20Library\/E21017CC"",""Url"":""https:\/\/ermcopower.sharepoint.com\/sites\/PioneerPlanificatio\/Order%20Library\/E21017CC""}","2026-11-18T05:00:00Z","Order Creation","","","","","","","","","","","","","","","","56608","226840","QC","WETP","N","","False","","302","","","","","Active","TECO","M-TECO-0007","MR-TECO-0007-V1","2027-03-15T04:00:00Z","1.39000000000000","226840.000000000","163194.244604317","2026-09-11T05:10:53Z","2026-07-09T16:04:34Z","155","106","False","b94cd372-12bf-481e-bf7a-6f9f0c39b3de","TECHNO CONTACT","G20162","MR-TECO-0007-V1","patrick.vaillancourt@pioneertransformers.com","soleil.anker@ermco-eci.com"
"500","","","22112","27","264","3","Standard","2026-07-09T04:00:00Z","2026-12-04T05:00:00Z","18","{""Description"":""https:\/\/ermcopower.sharepoint.com\/sites\/PioneerPlanificatio\/Order%20Library\/22112"",""Url"":""https:\/\/ermcopower.sharepoint.com\/sites\/PioneerPlanificatio\/Order%20Library\/22112""}","2026-07-03T04:00:00Z","Order Creation","","","","","","","","","","","","","","","","170473-OP","37230","ON","WET","Y","","False","","226","False","","","","Active","OTHY","M-OTHY-0001","MR-OTHY-0001-V1","2027-02-10T05:00:00Z","1.39000000000000","37230.0000000000","26784.1726618705","2026-09-11T04:27:28Z","2026-07-10T12:29:51Z","155","106","False","69a19132-f085-40fc-b33f-929d6cc8a417","OTTAWA HYDRO","616164","MR-OTHY-0001-V1","patrick.vaillancourt@pioneertransformers.com","soleil.anker@ermco-eci.com"
"501","","","22113","35","187","1","Standard","2026-07-10T04:00:00Z","2027-06-01T04:00:00Z","20","{""Description"":""https:\/\/ermcopower.sharepoint.com\/sites\/PioneerPlanificatio\/Order%20Library\/22113"",""Url"":""https:\/\/ermcopower.sharepoint.com\/sites\/PioneerPlanificatio\/Order%20Library\/22113""}","2026-12-15T05:00:00Z","Order Creation","","","","","","","","","","","","","","","","1155481-8","50670.35","USA","WET","Y","","False","","83","","","","","Active","LGEN","M-LGEN-0003","MR-LGEN-0003-V1","2027-02-25T05:00:00Z","1.39000000000000","70431.7865000000","50670.3500000000","2026-09-11T04:56:40Z","2026-07-14T13:37:51Z","161","106","False","f6fa1433-650b-48d0-b847-0638ddf17537","LG§E","1073119","MR-LGEN-0003-V1","dominic.lague@pioneertransformers.com","soleil.anker@ermco-eci.com"
"502","","","22114","35","188","3","Standard","2026-07-10T04:00:00Z","2027-06-01T04:00:00Z","20","{""Description"":""https:\/\/ermcopower.sharepoint.com\/sites\/PioneerPlanificatio\/Order%20Library\/22114"",""Url"":""https:\/\/ermcopower.sharepoint.com\/sites\/PioneerPlanificatio\/Order%20Library\/22114""}","2026-12-15T05:00:00Z","Order Creation","","","","","","","","","","","","","","","","1155481-8","59527.89","USA","WET","Y","","False","","84","","","","","Active","LGEN","M-LGEN-0004","MR-LGEN-0004-V1","2027-02-25T05:00:00Z","1.39000000000000","82743.7671000000","59527.8900000000","2026-09-11T04:57:56Z","2026-07-14T13:44:43Z","161","106","False","35f96cc5-8b3a-4038-a888-569dbb4650e6","LG§E","1073127","MR-LGEN-0004-V1","dominic.lague@pioneertransformers.com","soleil.anker@ermco-eci.com"
"503","","","22115","35","190","1","Standard","2026-07-10T04:00:00Z","2027-06-01T04:00:00Z","20","{""Description"":""https:\/\/ermcopower.sharepoint.com\/sites\/PioneerPlanificatio\/Order%20Library\/22115"",""Url"":""https:\/\/ermcopower.sharepoint.com\/sites\/PioneerPlanificatio\/Order%20Library\/22115""}","2026-12-15T05:00:00Z","Order Creation","","","","","","","","","","","","","","","","1155481-8","54968.86","USA","WET","Y","","False","","86","","","","","Active","LGEN","M-LGEN-0006","MR-LGEN-0006-V1","2027-02-25T05:00:00Z","1.39000000000000","76406.7154000000","54968.8600000000","2026-09-11T04:58:17Z","2026-07-14T13:47:08Z","161","106","False","6365a66f-3f45-49cd-ac90-2908ee3839cd","LG§E","1073186","MR-LGEN-0006-V1","dominic.lague@pioneertransformers.com","soleil.anker@ermco-eci.com"
"504","","","22116","35","191","1","Standard","2026-07-10T04:00:00Z","2027-06-01T04:00:00Z","20","{""Description"":""https:\/\/ermcopower.sharepoint.com\/sites\/PioneerPlanificatio\/Order%20Library\/22116"",""Url"":""https:\/\/ermcopower.sharepoint.com\/sites\/PioneerPlanificatio\/Order%20Library\/22116""}","2026-12-15T05:00:00Z","Order Creation","","","","","","","","","","","","","","","","1155481-8","63181.62","USA","WET","Y","","False","","87","","","","","Active","LGEN","M-LGEN-0007","MR-LGEN-0007-V1","2027-02-25T05:00:00Z","1.39000000000000","87822.4518000000","63181.6200000000","2026-09-11T04:58:30Z","2026-07-14T13:53:55Z","161","106","False","98dfbec5-a50d-4e1b-9e61-7c2cb574cfa5","LG§E","1073194","MR-LGEN-0007-V1","dominic.lague@pioneertransformers.com","soleil.anker@ermco-eci.com"
"505","","","22117","61","506","2","Standard","2026-07-14T04:00:00Z","2027-01-22T05:00:00Z","18","{""Description"":""https:\/\/ermcopower.sharepoint.com\/sites\/PioneerPlanificatio\/Order%20Library\/22117"",""Url"":""https:\/\/ermcopower.sharepoint.com\/sites\/PioneerPlanificatio\/Order%20Library\/22117""}","2026-08-21T04:00:00Z","Order Creation","","","","","","","New Model Created: 53188","","","","","","","","","643996","182548.26","AB","WET","N","","False","","378","","","","","Active","REDE","M-REDE-0001","MR-REDE-0001-V1","2027-02-15T05:00:00Z","1.39000000000000","182548.260000000","131329.683453237","2026-09-11T04:35:06Z","2026-07-16T14:41:47Z","161","106","False","a919586a-d3be-4620-9303-b214b190455f","RED DEER","53188","MR-REDE-0001-V1","dominic.lague@pioneertransformers.com","soleil.anker@ermco-eci.com"
"506","","","22118","115","91","4","Standard","2026-07-17T04:00:00Z","2027-01-28T05:00:00Z","28","{""Description"":""https:\/\/ermcopower.sharepoint.com\/sites\/PioneerPlanificatio\/Order%20Library\/22118"",""Url"":""https:\/\/ermcopower.sharepoint.com\/sites\/PioneerPlanificatio\/Order%20Library\/22118""}","2026-06-18T04:00:00Z","Order Creation","","","","","","","","","","","","","","","","4513709456","34797.62","QC","WET","Y","","False","","26","","","","","Active","HYQU","M-HYQU-0009","MR-HYQU-0009-V1","2027-04-29T04:00:00Z","1.39000000000000","34797.6200000000","25034.2589928058","2026-09-11T04:57:02Z","2026-07-17T11:56:15Z","155","106","False","e259445a-9c8e-4834-bbbb-ab4ffd477cbf","HYDRO QUEBEC","1002113-22","MR-HYQU-0009-V1","patrick.vaillancourt@pioneertransformers.com","soleil.anker@ermco-eci.com"
"507","","","22119","115","94","4","Standard","2026-07-17T04:00:00Z","2027-01-28T05:00:00Z","28","{""Description"":""https:\/\/ermcopower.sharepoint.com\/sites\/PioneerPlanificatio\/Order%20Library\/22119"",""Url"":""https:\/\/ermcopower.sharepoint.com\/sites\/PioneerPlanificatio\/Order%20Library\/22119""}","2026-06-18T04:00:00Z","Order Creation","","","","","","","","","","","","","","","","4513709456","51415.46","QC","WET","Y","","False","","30","","","","","Active","HYQU","M-HYQU-0012","MR-HYQU-0012-V1","2027-04-29T04:00:00Z","1.39000000000000","51415.4600000000","36989.5395683453","2026-09-11T04:41:17Z","2026-07-17T12:04:45Z","155","106","False","80edf6b3-760a-4888-a97a-3204e94c92ce","HYDRO QUEBEC","1002394-22","MR-HYQU-0012-V1","patrick.vaillancourt@pioneertransformers.com","soleil.anker@ermco-eci.com"
"508","","","22120","115","95","2","Standard","2026-07-17T04:00:00Z","2027-01-28T05:00:00Z","28","{""Description"":""https:\/\/ermcopower.sharepoint.com\/sites\/PioneerPlanificatio\/Order%20Library\/22120"",""Url"":""https:\/\/ermcopower.sharepoint.com\/sites\/PioneerPlanificatio\/Order%20Library\/22120""}","2026-06-18T04:00:00Z","Order Creation","","","","","","","","","","","","","","","","4513709456","79137.29","QC","WET","Y","","False","","32","","","","","Active","HYQU","M-HYQU-0013","MR-HYQU-0013-V1","2027-04-29T04:00:00Z","1.39000000000000","79137.2900000000","56933.3021582734","2026-09-11T04:40:32Z","2026-07-17T12:14:29Z","155","106","False","0557cfa7-819e-4c80-bf8e-442e7789f3b2","HYDRO QUEBEC","1002403-22","MR-HYQU-0013-V1","patrick.vaillancourt@pioneertransformers.com","soleil.anker@ermco-eci.com"
"509","","","22121","115","96","8","Standard","2026-07-17T04:00:00Z","2027-01-28T05:00:00Z","28","{""Description"":""https:\/\/ermcopower.sharepoint.com\/sites\/PioneerPlanificatio\/Order%20Library\/22121"",""Url"":""https:\/\/ermcopower.sharepoint.com\/sites\/PioneerPlanificatio\/Order%20Library\/22121""}","2026-06-18T04:00:00Z","Order Creation","","","","","","","","","","","","","","","","4513709456","26587.59","QC","WET","Y","","False","","35","","","","","Active","HYQU","M-HYQU-0014","MR-HYQU-0014-V1","2027-04-29T04:00:00Z","1.39000000000000","26587.5900000000","19127.7625899281","2026-09-11T04:57:10Z","2026-07-17T12:21:07Z","155","106","False","7b094fbf-9f6f-46e4-8a15-918b74a34dd7","HYDRO QUEBEC","1002458-22","MR-HYQU-0014-V1","patrick.vaillancourt@pioneertransformers.com","soleil.anker@ermco-eci.com"
"510","","","22122","115","100","2","Standard","2026-07-17T04:00:00Z","2027-01-28T05:00:00Z","28","{""Description"":""https:\/\/ermcopower.sharepoint.com\/sites\/PioneerPlanificatio\/Order%20Library\/22122"",""Url"":""https:\/\/ermcopower.sharepoint.com\/sites\/PioneerPlanificatio\/Order%20Library\/22122""}","2026-06-18T04:00:00Z","Order Creation","","","","","","","","","","","","","","","","4513709456","99182.74","QC","WET","Y","","False","","43","","","","","Active","HYQU","M-HYQU-0018","MR-HYQU-0018-V1","2027-04-29T04:00:00Z","1.39000000000000","99182.7400000000","71354.4892086331","2026-09-11T04:54:51Z","2026-07-17T12:25:05Z","155","106","False","b954254e-f5cd-4a80-b2ad-f2d3f9534eee","HYDRO QUEBEC","1002817-22","MR-HYQU-0018-V1","patrick.vaillancourt@pioneertransformers.com","soleil.anker@ermco-eci.com"
"511","","","22123","115","104","2","Standard","2026-07-17T04:00:00Z","2027-01-28T05:00:00Z","28","{""Description"":""https:\/\/ermcopower.sharepoint.com\/sites\/PioneerPlanificatio\/Order%20Library\/22123"",""Url"":""https:\/\/ermcopower.sharepoint.com\/sites\/PioneerPlanificatio\/Order%20Library\/22123""}","2026-06-18T04:00:00Z","Order Creation","","","","","","","","","","","","","","","","4513709456","101193.19","QC","WET","Y","","False","","50","","","","","Active","HYQU","M-HYQU-0022","MR-HYQU-0022-V1","2027-04-29T04:00:00Z","1.39000000000000","101193.190000000","72800.8561151079","2026-09-11T04:35:38Z","2026-07-17T12:30:55Z","155","106","False","83638661-400e-413a-b98f-de9944c4bc76","HYDRO QUEBEC","1002859-22","MR-HYQU-0022-V1","patrick.vaillancourt@pioneertransformers.com","soleil.anker@ermco-eci.com"
"512","","","22124","115","91","8","Standard","2026-07-17T04:00:00Z","2027-07-29T04:00:00Z","28","{""Description"":""https:\/\/ermcopower.sharepoint.com\/sites\/PioneerPlanificatio\/Order%20Library\/22124"",""Url"":""https:\/\/ermcopower.sharepoint.com\/sites\/PioneerPlanificatio\/Order%20Library\/22124""}","2026-12-17T05:00:00Z","Order Creation","","","","","","","","","","","","","","","","4513709459","34797.62","QC","WET","Y","","False","","26","","","","","Active","HYQU","M-HYQU-0009","MR-HYQU-0009-V1","2027-04-29T04:00:00Z","1.39000000000000","34797.6200000000","25034.2589928058","2026-09-11T05:00:04Z","2026-07-17T12:39:01Z","155","106","False","3099371b-318d-47b7-8bb6-759cb081261d","HYDRO QUEBEC","1002113-22","MR-HYQU-0009-V1","patrick.vaillancourt@pioneertransformers.com","soleil.anker@ermco-eci.com"
"513","","","22125","115","94","4","Standard","2026-07-17T04:00:00Z","2027-07-29T04:00:00Z","28","{""Description"":""https:\/\/ermcopower.sharepoint.com\/sites\/PioneerPlanificatio\/Order%20Library\/22125"",""Url"":""https:\/\/ermcopower.sharepoint.com\/sites\/PioneerPlanificatio\/Order%20Library\/22125""}","2026-12-17T05:00:00Z","Order Creation","","","","","","","","","","","","","","","","4513709459","51415.46","QC","WET","Y","","False","","30","","","","","Active","HYQU","M-HYQU-0012","MR-HYQU-0012-V1","2027-04-29T04:00:00Z","1.39000000000000","51415.4600000000","36989.5395683453","2026-09-11T05:00:37Z","2026-07-17T12:43:29Z","155","106","False","46c9e318-3a68-41df-8393-cafa16988828","HYDRO QUEBEC","1002394-22","MR-HYQU-0012-V1","patrick.vaillancourt@pioneertransformers.com","soleil.anker@ermco-eci.com"
"514","","","22126","115","96","8","Standard","2026-07-17T04:00:00Z","2027-07-29T04:00:00Z","28","{""Description"":""https:\/\/ermcopower.sharepoint.com\/sites\/PioneerPlanificatio\/Order%20Library\/22126"",""Url"":""https:\/\/ermcopower.sharepoint.com\/sites\/PioneerPlanificatio\/Order%20Library\/22126""}","2026-12-17T05:00:00Z","Order Creation","","","","","","","","","","","","","","","","4513709459","26587.59","QC","WET","Y","","False","","35","","","","","Active","HYQU","M-HYQU-0014","MR-HYQU-0014-V1","2027-04-29T04:00:00Z","1.39000000000000","26587.5900000000","19127.7625899281","2026-09-11T05:01:13Z","2026-07-17T12:48:39Z","155","106","False","3e5479bc-8898-419b-b9eb-fd41f664d02d","HYDRO QUEBEC","1002458-22","MR-HYQU-0014-V1","patrick.vaillancourt@pioneertransformers.com","soleil.anker@ermco-eci.com"
"515","","","22127","115","98","4","Standard","2026-07-17T04:00:00Z","2027-07-29T04:00:00Z","28","{""Description"":""https:\/\/ermcopower.sharepoint.com\/sites\/PioneerPlanificatio\/Order%20Library\/22127"",""Url"":""https:\/\/ermcopower.sharepoint.com\/sites\/PioneerPlanificatio\/Order%20Library\/22127""}","2026-12-17T05:00:00Z","Order Creation","","","","","","","","","","","","","","","","4513709459","71681.23","QC","WET","Y","","False","","39","","","","","Active","HYQU","M-HYQU-0016","MR-HYQU-0016-V1","2027-04-29T04:00:00Z","1.39000000000000","71681.2300000000","51569.2302158273","2026-09-11T05:00:58Z","2026-07-17T12:52:24Z","155","106","False","27676683-d4e3-48e3-9a2e-e51269abf760","HYDRO QUEBEC","1002801-22","MR-HYQU-0016-V1","patrick.vaillancourt@pioneertransformers.com","soleil.anker@ermco-eci.com"
"516","","","22128","115","99","4","Standard","2026-07-17T04:00:00Z","2027-07-29T04:00:00Z","28","{""Description"":""https:\/\/ermcopower.sharepoint.com\/sites\/PioneerPlanificatio\/Order%20Library\/22128"",""Url"":""https:\/\/ermcopower.sharepoint.com\/sites\/PioneerPlanificatio\/Order%20Library\/22128""}","2026-12-17T05:00:00Z","Order Creation","","","","","","","","","","","","","","","","4513709459","106687.31","QC","WET","Y","","False","","41","","","","","Active","HYQU","M-HYQU-0017","MR-HYQU-0017-V1","2027-04-29T04:00:00Z","1.39000000000000","106687.310000000","76753.4604316547","2026-09-11T05:01:01Z","2026-07-17T12:56:44Z","155","106","False","8700f5e9-df72-4709-af34-cac25f764970","HYDRO QUEBEC","1002812-22","MR-HYQU-0017-V1","patrick.vaillancourt@pioneertransformers.com","soleil.anker@ermco-eci.com"
"518","","","22129","115","88","4","Standard","2026-07-16T04:00:00Z","2027-01-28T05:00:00Z","28","{""Description"":""https:\/\/ermcopower.sharepoint.com\/sites\/PioneerPlanificatio\/Order%20Library\/22129"",""Url"":""https:\/\/ermcopower.sharepoint.com\/sites\/PioneerPlanificatio\/Order%20Library\/22129""}","2026-06-18T04:00:00Z","Order Creation","","","","","","","","","","","","","","","","4513709457","64592.28","QC","WET","Y","","False","","20","","","","","Active","HYQU","M-HYQU-0006","MR-HYQU-0006-V1","2027-04-28T04:00:00Z","1.39000000000000","64592.2800000000","46469.2661870504","2026-09-11T04:41:43Z","2026-07-20T12:31:12Z","155","106","False","dd44d79c-8ba5-441b-8e2e-0b8e153375a3","HYDRO QUEBEC","1001903-22","MR-HYQU-0006-V1","patrick.vaillancourt@pioneertransformers.com","soleil.anker@ermco-eci.com"
"519","","","22130","115","99","3","Standard","2026-07-16T04:00:00Z","2027-01-28T05:00:00Z","28","{""Description"":""https:\/\/ermcopower.sharepoint.com\/sites\/PioneerPlanificatio\/Order%20Library\/22130"",""Url"":""https:\/\/ermcopower.sharepoint.com\/sites\/PioneerPlanificatio\/Order%20Library\/22130""}","2026-06-18T04:00:00Z","Order Creation","","","","","","","","","","","","","","","","4513709457","106687.31","QC","WET","Y","","False","","41","","","","","Active","HYQU","M-HYQU-0017","MR-HYQU-0017-V1","2027-04-28T04:00:00Z","1.39000000000000","106687.310000000","76753.4604316547","2026-09-11T04:39:26Z","2026-07-20T12:37:49Z","155","106","False","93e3a16a-5aad-452e-a02d-25ff3c6b53f2","HYDRO QUEBEC","1002812-22","MR-HYQU-0017-V1","patrick.vaillancourt@pioneertransformers.com","soleil.anker@ermco-eci.com"
"520","","","E21003R1","108","507","1","Repair","2026-07-21T04:00:00Z","2026-08-28T04:00:00Z","21","{""Description"":""https:\/\/ermcopower.sharepoint.com\/sites\/PioneerPlanificatio\/Order%20Library\/E21003R1"",""Url"":""https:\/\/ermcopower.sharepoint.com\/sites\/PioneerPlanificatio\/Order%20Library\/E21003R1""}","2026-03-06T05:00:00Z","Order Creation","","","","","","","New Model Created: 1147003","","","","","","","","","1300035741","0","AB","","N","","False","","390","","","","","Active","ATCO","M-ATCO-0002","MR-ATCO-0002-V1","2027-03-15T04:00:00Z","1.39000000000000","0","0","2026-09-11T05:04:23Z","2026-07-21T13:04:59Z","161","106","False","7f77c2c2-c787-4f1d-9a5e-327f5379b7e6","ATCO","1147003","MR-ATCO-0002-V1","dominic.lague@pioneertransformers.com","soleil.anker@ermco-eci.com"
"521","","","WRG3027","122","508","2","Parts","2026-07-10T04:00:00Z","2026-10-30T04:00:00Z","26","{""Description"":""https:\/\/ermcopower.sharepoint.com\/sites\/PioneerPlanificatio\/Order%20Library\/WRG3027"",""Url"":""https:\/\/ermcopower.sharepoint.com\/sites\/PioneerPlanificatio\/Order%20Library\/WRG3027""}","2026-04-03T04:00:00Z","Order Creation","","","","","","","New Model Created: WRG3027.FANKIT","","","","","","","","","0474","0","","","N","","False","","389","","","","","Active","TRIV","M-TRIV-0001","MR-TRIV-0001-V1","2027-04-08T04:00:00Z","1.39000000000000","0","0","2026-09-11T05:05:06Z","2026-07-22T15:52:27Z","161","106","False","7060a2f0-857f-40b5-956b-aaf81a876228","TRIVOLT","WRG3027.FANKIT","MR-TRIV-0001-V1","dominic.lague@pioneertransformers.com","soleil.anker@ermco-eci.com"
"522","","","22131","18","54","1","Standard","2026-07-20T04:00:00Z","2027-05-20T04:00:00Z","20","{""Description"":""https:\/\/ermcopower.sharepoint.com\/sites\/PioneerPlanificatio\/Order%20Library\/22131"",""Url"":""https:\/\/ermcopower.sharepoint.com\/sites\/PioneerPlanificatio\/Order%20Library\/22131""}","2026-12-03T05:00:00Z","Order Creation","","","","","","","","","","","","","","","","MX1-EX25775","223442.73","AB","WET","N","","False","","74","","","","","Active","ENMA","M-ENMA-0017","MR-ENMA-0017-V1","2027-03-07T05:00:00Z","1.39000000000000","223442.730000000","160750.165467626","2026-09-11T04:56:26Z","2026-07-23T19:13:46Z","161","106","False","e00c7c22-e65f-4c88-8e11-e7c5b5e8dc47","ENMAX","100311927","MR-ENMA-0017-V1","dominic.lague@pioneertransformers.com","soleil.anker@ermco-eci.com"
"523","","","22132","18","55","1","Standard","2026-07-20T04:00:00Z","2027-05-20T04:00:00Z","20","{""Description"":""https:\/\/ermcopower.sharepoint.com\/sites\/PioneerPlanificatio\/Order%20Library\/22132"",""Url"":""https:\/\/ermcopower.sharepoint.com\/sites\/PioneerPlanificatio\/Order%20Library\/22132""}","2026-12-03T05:00:00Z","Order Creation","","","","","","","","","","","","","","","","MX1-EX25775","223442.73","AB","WET","N","","False","","75","","","","","Active","ENMA","M-ENMA-0018","MR-ENMA-0018-V1","2027-03-07T05:00:00Z","1.39000000000000","223442.730000000","160750.165467626","2026-09-11T04:56:32Z","2026-07-23T19:15:37Z","161","106","False","ade5fa4d-84a1-4e95-9fd6-277905cfd748","ENMAX","100311928","MR-ENMA-0018-V1","dominic.lague@pioneertransformers.com","soleil.anker@ermco-eci.com"
"529","","","22133","73","242","1","Standard","2026-08-10T04:00:00Z","2027-02-26T05:00:00Z","20","{""Description"":""https:\/\/ermcopower.sharepoint.com\/sites\/PioneerPlanificatio\/Order%20Library\/22133"",""Url"":""https:\/\/ermcopower.sharepoint.com\/sites\/PioneerPlanificatio\/Order%20Library\/22133""}","2026-09-11T04:00:00Z","Order Creation","","","","","","","","","","","","","","","","4502249070","104209.12","USA","WET","Y","","False","","89","","","","","Active","XCEN","M-XCEN-0002","M-XCEN-0002","2027-03-28T04:00:00Z","1.39000000000000","144850.676800000","104209.120000000","2026-09-11T04:44:22Z","2026-08-10T14:49:04Z","161","106","False","1f2331cc-9d74-4179-afef-8a0cc888343b","XCEL ENERGY NORTHERN","108863","MR-XCEN-0002-V1","dominic.lague@pioneertransformers.com","soleil.anker@ermco-eci.com"
"530","","","22134","18","50","2","Standard","2026-08-12T04:00:00Z","2027-06-30T04:00:00Z","20","{""Description"":""https:\/\/ermcopower.sharepoint.com\/sites\/PioneerPlanificatio\/Order%20Library\/22134"",""Url"":""https:\/\/ermcopower.sharepoint.com\/sites\/PioneerPlanificatio\/Order%20Library\/22134""}","2027-01-13T05:00:00Z","Order Creation","","","","","","","","","","","","","","","","MX1-EX25875","263803.05","AB","WET","N","","False","","68","","","","","Active","ENMA","M-ENMA-0014","M-ENMA-0014","2027-03-30T04:00:00Z","1.39000000000000","263803.050000000","189786.366906475","2026-09-11T04:57:13Z","2026-08-17T15:05:18Z","161","106","False","0281715b-20ba-4b6a-bec3-9c6745f08aa8","ENMAX","100311915","MR-ENMA-0014-V1","dominic.lague@pioneertransformers.com","soleil.anker@ermco-eci.com"
"531","","","22135","18","82","2","Standard","2026-08-12T04:00:00Z","2027-06-30T04:00:00Z","20","{""Description"":""https:\/\/ermcopower.sharepoint.com\/sites\/PioneerPlanificatio\/Order%20Library\/22135"",""Url"":""https:\/\/ermcopower.sharepoint.com\/sites\/PioneerPlanificatio\/Order%20Library\/22135""}","2027-01-13T05:00:00Z","Order Creation","","","","","","","","","","","","","","","","MX1-EX25875","263803.05","AB","WET","N","","False","","69","","","","","Active","ENMA","M-ENMA-0042","M-ENMA-0042","2027-03-30T04:00:00Z","1.39000000000000","263803.050000000","189786.366906475","2026-09-11T04:59:18Z","2026-08-17T15:07:14Z","161","106","False","4953d2a0-b9d3-4b62-9480-0576f240cfa2","ENMAX","100311916","MR-ENMA-0042-V1","dominic.lague@pioneertransformers.com","soleil.anker@ermco-eci.com"
"532","","","22136","5","193","1","Standard","2026-08-13T04:00:00Z","2027-02-05T05:00:00Z","16","{""Description"":""https:\/\/ermcopower.sharepoint.com\/sites\/PioneerPlanificatio\/Order%20Library\/22136"",""Url"":""https:\/\/ermcopower.sharepoint.com\/sites\/PioneerPlanificatio\/Order%20Library\/22136""}","2026-09-18T04:00:00Z","Order Creation","","","","","","","","","","","","","","","","1085495","92630.83","USA","WET","N","","False","","155","","","","","Active","AUEN","M-AUEN-0002","M-AUEN-0002","2027-03-03T05:00:00Z","1.39000000000000","128756.853700000","92630.8300000000","2026-09-11T04:40:14Z","2026-08-17T17:55:18Z","161","106","False","b9c64efb-d789-44ca-8e1a-2008b39e9c91","AUSTIN ENERGY","16818","MR-AUEN-0002-V1","dominic.lague@pioneertransformers.com","soleil.anker@ermco-eci.com"
"533","","","WRG3028","115","530","20","Parts","2026-08-19T04:00:00Z","2026-10-12T04:00:00Z","28","{""Description"":""https:\/\/ermcopower.sharepoint.com\/sites\/PioneerPlanificatio\/Order%20Library\/WRG3028"",""Url"":""https:\/\/ermcopower.sharepoint.com\/sites\/PioneerPlanificatio\/Order%20Library\/WRG3028""}","2026-03-02T05:00:00Z","Order Creation","","","","","","","New Model Created: 36","","","","","","","","","4513735459","224.64","QC","","N","","False","","414","","","","","Active","HYQU","M-HYQU-0098","MR-HYQU-0098-V1","2027-06-01T04:00:00Z","1.39000000000000","224.640000000000","161.611510791367","2026-09-11T05:06:14Z","2026-08-19T17:48:19Z","155","106","False","23e4322b-4ca3-4a93-bf2f-2c3c4e922bb2","HYDRO QUEBEC","36","MR-HYQU-0098-V1","patrick.vaillancourt@pioneertransformers.com","soleil.anker@ermco-eci.com"
"534","","","22137","100","395","3","Standard","2026-08-11T04:00:00Z","2027-02-26T05:00:00Z","26","{""Description"":""https:\/\/ermcopower.sharepoint.com\/sites\/PioneerPlanificatio\/Order%20Library\/22137"",""Url"":""https:\/\/ermcopower.sharepoint.com\/sites\/PioneerPlanificatio\/Order%20Library\/22137""}","2026-07-31T04:00:00Z","Order Creation","","","","","","","","","","","","","","","","62633583","135405.19","USA","WET","Y","","False","","203","","","","","Active","ENTE","M-ENTE-0001","M-ENTE-0001","2027-05-10T04:00:00Z","1.39000000000000","188213.214100000","135405.190000000","2026-09-11T05:12:48Z","2026-08-19T18:04:00Z","161","106","False","bbf7b15a-e98b-491b-bb91-4195e97abd42","ENTERGY","6000000974","MR-ENTE-0001-V1","dominic.lague@pioneertransformers.com","soleil.anker@ermco-eci.com"
"535","","","22138","18","389","2","Standard","2026-08-20T04:00:00Z","2027-03-29T04:00:00Z","20","{""Description"":""https:\/\/ermcopower.sharepoint.com\/sites\/PioneerPlanificatio\/Order%20Library\/22138"",""Url"":""https:\/\/ermcopower.sharepoint.com\/sites\/PioneerPlanificatio\/Order%20Library\/22138""}","2026-10-12T04:00:00Z","Order Creation","","","","","","","","","","","","","","","","MX1-EX25925","256242.92","AB","WET","Y","","False","","72","","","","","Active","","","","2027-04-07T04:00:00Z","1.39000000000000","256242.920000000","184347.424460432","2026-09-11T04:51:00Z","2026-08-21T18:34:12Z","161","106","False","ddfc83bf-2f79-4ae1-9738-8817f4a4374c","ENMAX","100311925","MR-ENMA-0050-V1","dominic.lague@pioneertransformers.com","soleil.anker@ermco-eci.com"
"536","","","22139","18","390","2","Standard","2026-08-20T04:00:00Z","2027-03-29T04:00:00Z","20","{""Description"":""https:\/\/ermcopower.sharepoint.com\/sites\/PioneerPlanificatio\/Order%20Library\/22139"",""Url"":""https:\/\/ermcopower.sharepoint.com\/sites\/PioneerPlanificatio\/Order%20Library\/22139""}","2026-10-12T04:00:00Z","Order Creation","","","","","","","","","","","","","","","","MX1-EX25925","256242.92","AB","WET","Y","","False","","73","","","","","Active","","","","2027-04-07T04:00:00Z","1.39000000000000","256242.920000000","184347.424460432","2026-09-11T04:51:13Z","2026-08-21T18:35:37Z","161","106","False","b4224588-8db6-4698-bffc-a5b16484cfc1","ENMAX","100311926","MR-ENMA-0051-V1","dominic.lague@pioneertransformers.com","soleil.anker@ermco-eci.com"
"537","","","22140","18","531","2","Standard","2026-08-03T04:00:00Z","2027-03-26T00:00:00Z","20","{""Description"":""https:\/\/ermcopower.sharepoint.com\/sites\/PioneerPlanificatio\/Order%20Library\/22140"",""Url"":""https:\/\/ermcopower.sharepoint.com\/sites\/PioneerPlanificatio\/Order%20Library\/22140""}","2026-10-09T00:00:00Z","Order Creation","","","","","","","New Model Created: 100311919","","","","","","","","","MX1-EX25809","184354.36","AB","WET","N","","False","","415","","","","","Active","","","","2027-03-21T04:00:00Z","1.39000000000000","184354.360000000","132629.035971223","2026-09-11T04:51:20Z","2026-08-25T14:05:16Z","155","106","False","a410c91e-adfc-4849-bbda-754ae5223362","ENMAX","100311919","MR-ENMA-0056-V1","patrick.vaillancourt@pioneertransformers.com","soleil.anker@ermco-eci.com"
"538","","","22141","18","532","2","Standard","2026-08-03T04:00:00Z","2027-03-26T00:00:00Z","20","{""Description"":""https:\/\/ermcopower.sharepoint.com\/sites\/PioneerPlanificatio\/Order%20Library\/22141"",""Url"":""https:\/\/ermcopower.sharepoint.com\/sites\/PioneerPlanificatio\/Order%20Library\/22141""}","2026-10-09T00:00:00Z","Order Creation","","","","","","","New Model Created: 100311920","","","","","","","","","MX1-EX25809","184354.36","AB","WET","N","","False","","416","","","","","Active","","","","2027-03-21T04:00:00Z","1.39000000000000","184354.360000000","132629.035971223","2026-09-11T04:51:26Z","2026-08-25T14:13:32Z","155","106","False","722f00e0-39f7-47e7-8e27-20767ecc00ec","ENMAX","100311920","MR-ENMA-0057-V1","patrick.vaillancourt@pioneertransformers.com","soleil.anker@ermco-eci.com"
"539","","","22142","97","337","1","Standard","2026-08-03T04:00:00Z","2027-02-26T05:00:00Z","18","{""Description"":""https:\/\/ermcopower.sharepoint.com\/sites\/PioneerPlanificatio\/Order%20Library\/22142"",""Url"":""https:\/\/ermcopower.sharepoint.com\/sites\/PioneerPlanificatio\/Order%20Library\/22142""}","2026-09-25T04:00:00Z","Order Creation","","","","","","","","","","","","","","","","48285233","120281","PA","WET","N","","False","","202","","","","","Active","","","","2027-03-07T05:00:00Z","1.39000000000000","167190.590000000","120281.000000000","2026-09-11T04:43:49Z","2026-08-25T14:39:35Z","155","106","False","74352c53-a91f-49ac-bdeb-b91e6512ef6e","FIRST ENERGY","557842","MR-FIEN-0002-V1","patrick.vaillancourt@pioneertransformers.com","soleil.anker@ermco-eci.com"
"540","","","22143","42","258","6","Standard","2026-08-26T04:00:00Z","2027-01-29T05:00:00Z","20","{""Description"":""https:\/\/ermcopower.sharepoint.com\/sites\/PioneerPlanificatio\/Order%20Library\/22143"",""Url"":""https:\/\/ermcopower.sharepoint.com\/sites\/PioneerPlanificatio\/Order%20Library\/22143""}","2026-08-14T04:00:00Z","Order Creation","","","","","","","","","","","","","","","","P78483","98400","USA","WET","N","","False","","282","","","","","Active","","","","2027-04-13T04:00:00Z","1.39000000000000","136776.000000000","98400.0000000000","2026-09-11T04:41:46Z","2026-08-27T18:41:29Z","161","106","False","ae935e98-65cb-46ad-a8a8-39c354530c75","NASHVILLE ELECTRIC","966620000","MR-NAEL-0003-V1","dominic.lague@pioneertransformers.com","soleil.anker@ermco-eci.com"
"541","","","21884","","","1","","","2026-04-15T04:00:00Z","26","","2025-09-17T04:00:00Z","","False","False","False","False","","Not Started","","False","False","No","False","False","False","False","False","","","","","","","False","False","","False","False","","","Active","","","","","","","","2026-08-28T09:08:36Z","2026-08-28T08:56:32Z","106","106","False","e8a00773-d66a-4dfc-8bc5-83bdf517d0fc","","","","soleil.anker@ermco-eci.com","soleil.anker@ermco-eci.com"
"543","","","22144","115","88","4","Standard","2026-08-31T04:00:00Z","2027-02-25T05:00:00Z","28","{""Description"":""https:\/\/ermcopower.sharepoint.com\/sites\/PioneerPlanificatio\/Order%20Library\/22144"",""Url"":""https:\/\/ermcopower.sharepoint.com\/sites\/PioneerPlanificatio\/Order%20Library\/22144""}","2026-07-16T04:00:00Z","Order Creation","","","","","","","","","","","","","","","","4513744235","64592.28","QC","WET","Y","","False","","20","","","","","Active","","","","2027-06-13T04:00:00Z","1.39000000000000","64592.2800000000","46469.2661870504","2026-09-11T04:42:45Z","2026-08-31T16:31:57Z","155","106","False","e34f0b25-5de9-4569-840b-5945b92d7522","HYDRO QUEBEC","1001903-22","MR-HYQU-0006-V1","patrick.vaillancourt@pioneertransformers.com","soleil.anker@ermco-eci.com"
"544","","","22145","115","466","2","Standard","2026-08-31T04:00:00Z","2027-02-25T05:00:00Z","28","{""Description"":""https:\/\/ermcopower.sharepoint.com\/sites\/PioneerPlanificatio\/Order%20Library\/22145"",""Url"":""https:\/\/ermcopower.sharepoint.com\/sites\/PioneerPlanificatio\/Order%20Library\/22145""}","2026-07-16T04:00:00Z","Order Creation","","","","","","","","","","","","","","","","4513744235","91525.61","QC","WET","Y","","False","","22","","","","","Active","","","","2027-06-13T04:00:00Z","1.39000000000000","91525.6100000000","65845.7625899281","2026-09-11T04:43:16Z","2026-08-31T16:35:42Z","155","106","False","f9ae7d76-33c5-4d6d-87cd-5424105dd429","HYDRO QUEBEC","1001912-22A","MR-HYQU-0001-V1","patrick.vaillancourt@pioneertransformers.com","soleil.anker@ermco-eci.com"
"545","","","22146","115","94","5","Standard","2026-08-31T04:00:00Z","2027-02-25T05:00:00Z","28","{""Description"":""https:\/\/ermcopower.sharepoint.com\/sites\/PioneerPlanificatio\/Order%20Library\/22146"",""Url"":""https:\/\/ermcopower.sharepoint.com\/sites\/PioneerPlanificatio\/Order%20Library\/22146""}","2026-07-16T04:00:00Z","Order Creation","","","","","","","","","","","","","","","","4513744235","51415.46","QC","WET","Y","","False","","30","","","","","Active","","","","2027-06-13T04:00:00Z","1.39000000000000","51415.4600000000","36989.5395683453","2026-09-11T04:43:07Z","2026-08-31T16:48:17Z","155","106","False","6d0932fe-1081-4015-bddb-192a82eb4172","HYDRO QUEBEC","1002394-22","MR-HYQU-0012-V1","patrick.vaillancourt@pioneertransformers.com","soleil.anker@ermco-eci.com"
"546","","","22147","115","88","5","Standard","2026-08-31T04:00:00Z","2027-08-26T04:00:00Z","28","{""Description"":""https:\/\/ermcopower.sharepoint.com\/sites\/PioneerPlanificatio\/Order%20Library\/22147"",""Url"":""https:\/\/ermcopower.sharepoint.com\/sites\/PioneerPlanificatio\/Order%20Library\/22147""}","2027-01-14T05:00:00Z","Order Creation","","","","","","","","","","","","","","","","4513744242","64592.28","QC","WET","Y","","False","","20","","","","","Active","","","","2027-06-13T04:00:00Z","1.39000000000000","64592.2800000000","46469.2661870504","2026-09-11T05:02:07Z","2026-08-31T16:52:32Z","155","106","False","9ac715fe-cfad-4f73-aeb3-ff77d383e405","HYDRO QUEBEC","1001903-22","MR-HYQU-0006-V1","patrick.vaillancourt@pioneertransformers.com","soleil.anker@ermco-eci.com"
"547","","","22148","115","90","4","Standard","2026-08-31T04:00:00Z","2027-08-26T04:00:00Z","28","{""Description"":""https:\/\/ermcopower.sharepoint.com\/sites\/PioneerPlanificatio\/Order%20Library\/22148"",""Url"":""https:\/\/ermcopower.sharepoint.com\/sites\/PioneerPlanificatio\/Order%20Library\/22148""}","2027-01-14T05:00:00Z","Order Creation","","","","","","","","","","","","","","","","4513744242","44665.15","QC","WET","Y","","False","","24","","","","","Active","","","","2027-06-13T04:00:00Z","1.39000000000000","44665.1500000000","32133.2014388489","2026-09-11T05:02:57Z","2026-08-31T16:55:43Z","155","106","False","f7981d1f-6277-4654-8965-226ff96f71da","HYDRO QUEBEC","1002104-22","MR-HYQU-0008-V1","patrick.vaillancourt@pioneertransformers.com","soleil.anker@ermco-eci.com"
"548","","","22149","115","91","4","Standard","2026-08-31T04:00:00Z","2027-08-26T04:00:00Z","28","{""Description"":""https:\/\/ermcopower.sharepoint.com\/sites\/PioneerPlanificatio\/Order%20Library\/22149"",""Url"":""https:\/\/ermcopower.sharepoint.com\/sites\/PioneerPlanificatio\/Order%20Library\/22149""}","2027-01-14T05:00:00Z","Order Creation","","","","","","","","","","","","","","","","4513744242","34797.62","QC","WET","Y","","False","","26","","","","","Active","","","","2027-06-13T04:00:00Z","1.39000000000000","34797.6200000000","25034.2589928058","2026-09-11T05:02:30Z","2026-08-31T16:59:25Z","155","106","False","db74b421-a46d-4a44-81dd-678c0c711b4b","HYDRO QUEBEC","1002113-22","MR-HYQU-0009-V1","patrick.vaillancourt@pioneertransformers.com","soleil.anker@ermco-eci.com"
"549","","","22150","115","94","8","Standard","2026-08-31T04:00:00Z","2027-08-26T04:00:00Z","28","{""Description"":""https:\/\/ermcopower.sharepoint.com\/sites\/PioneerPlanificatio\/Order%20Library\/22150"",""Url"":""https:\/\/ermcopower.sharepoint.com\/sites\/PioneerPlanificatio\/Order%20Library\/22150""}","2027-01-14T05:00:00Z","Order Creation","","","","","","","","","","","","","","","","4513744242","51415.46","QC","WET","Y","","False","","30","","","","","Active","","","","2027-06-13T04:00:00Z","1.39000000000000","51415.4600000000","36989.5395683453","2026-09-11T05:02:35Z","2026-08-31T17:03:55Z","155","106","False","8c65e0ff-77a2-4043-990a-2c5238154665","HYDRO QUEBEC","1002394-22","MR-HYQU-0012-V1","patrick.vaillancourt@pioneertransformers.com","soleil.anker@ermco-eci.com"
"550","","","22151","115","96","8","Standard","2026-08-31T04:00:00Z","2027-08-26T04:00:00Z","28","{""Description"":""https:\/\/ermcopower.sharepoint.com\/sites\/PioneerPlanificatio\/Order%20Library\/22151"",""Url"":""https:\/\/ermcopower.sharepoint.com\/sites\/PioneerPlanificatio\/Order%20Library\/22151""}","2027-01-14T05:00:00Z","Order Creation","","","","","","","","","","","","","","","","4514744242","26587.59","QC","WET","Y","","False","","35","","","","","Active","","","","2027-06-13T04:00:00Z","1.39000000000000","26587.5900000000","19127.7625899281","2026-09-11T05:02:46Z","2026-08-31T17:07:06Z","155","106","False","62dab1f8-1a4c-4b2d-a692-e1b76d9ef226","HYDRO QUEBEC","1002458-22","MR-HYQU-0014-V1","patrick.vaillancourt@pioneertransformers.com","soleil.anker@ermco-eci.com"
"551","","","22152","115","498","10","Standard","2026-08-31T04:00:00Z","2027-02-25T05:00:00Z","28","{""Description"":""https:\/\/ermcopower.sharepoint.com\/sites\/PioneerPlanificatio\/Order%20Library\/22152"",""Url"":""https:\/\/ermcopower.sharepoint.com\/sites\/PioneerPlanificatio\/Order%20Library\/22152""}","2026-07-16T04:00:00Z","Order Creation","","","","","","","","","","","","","","","","4513744241","25500","QC","WET","Y","","False","","387","","","","","Active","","","","2027-06-13T04:00:00Z","1.39000000000000","25500.0000000000","18345.3237410072","2026-09-11T04:43:23Z","2026-08-31T17:11:13Z","155","106","False","c01446ce-f975-4e80-8847-0ce8315ce8ff","HYDRO QUEBEC","1002560","MR-HYQU-0093-V1","patrick.vaillancourt@pioneertransformers.com","soleil.anker@ermco-eci.com"
"552","","","22153","115","98","4","Standard","2026-08-31T04:00:00Z","2027-02-25T05:00:00Z","28","{""Description"":""https:\/\/ermcopower.sharepoint.com\/sites\/PioneerPlanificatio\/Order%20Library\/22153"",""Url"":""https:\/\/ermcopower.sharepoint.com\/sites\/PioneerPlanificatio\/Order%20Library\/22153""}","2026-07-16T04:00:00Z","Order Creation","","","","","","","","","","","","","","","","4513744241","71681.23","QC","WET","Y","","False","","39","","","","","Active","","","","2027-06-13T04:00:00Z","1.39000000000000","71681.2300000000","51569.2302158273","2026-09-11T04:50:09Z","2026-08-31T17:14:45Z","155","106","False","991c82cf-c5a3-4cb0-98d7-4d05806140e9","HYDRO QUEBEC","1002801-22","MR-HYQU-0016-V1","patrick.vaillancourt@pioneertransformers.com","soleil.anker@ermco-eci.com"
"553","","","22154","115","99","4","Standard","2026-08-31T04:00:00Z","2027-02-25T05:00:00Z","28","{""Description"":""https:\/\/ermcopower.sharepoint.com\/sites\/PioneerPlanificatio\/Order%20Library\/22154"",""Url"":""https:\/\/ermcopower.sharepoint.com\/sites\/PioneerPlanificatio\/Order%20Library\/22154""}","2026-07-16T04:00:00Z","Order Creation","","","","","","","","","","","","","","","","4513744241","106687.31","QC","WET","Y","","False","","41","","","","","Active","","","","2027-06-13T04:00:00Z","1.39000000000000","106687.310000000","76753.4604316547","2026-09-11T04:50:57Z","2026-08-31T17:19:05Z","155","106","False","a75e560a-fd67-4f67-bd64-fa5f0621c02b","HYDRO QUEBEC","1002812-22","MR-HYQU-0017-V1","patrick.vaillancourt@pioneertransformers.com","soleil.anker@ermco-eci.com"
"554","","","22155","115","113","1","Standard","2026-08-31T04:00:00Z","2027-02-25T05:00:00Z","28","{""Description"":""https:\/\/ermcopower.sharepoint.com\/sites\/PioneerPlanificatio\/Order%20Library\/22155"",""Url"":""https:\/\/ermcopower.sharepoint.com\/sites\/PioneerPlanificatio\/Order%20Library\/22155""}","2026-07-16T04:00:00Z","Order Creation","","","","","","","","","","","","","","","","4513744241","113061.96","QC","WET","Y","","False","","107","","","","","Active","","","","2027-06-13T04:00:00Z","1.39000000000000","113061.960000000","81339.5395683453","2026-09-11T04:51:03Z","2026-08-31T17:22:31Z","155","106","False","2ef71824-b534-48a8-bd30-744e10688957","HYDRO QUEBEC","1149648-22","MR-HYQU-0030-V1","patrick.vaillancourt@pioneertransformers.com","soleil.anker@ermco-eci.com"
"558","","","22156","68","173","1","Standard","2026-09-01T00:00:00Z","2027-01-18T00:00:00Z","20","{""Description"":""https:\/\/ermcopower.sharepoint.com\/sites\/PioneerPlanificatio\/Order%20Library\/22156"",""Url"":""https:\/\/ermcopower.sharepoint.com\/sites\/PioneerPlanificatio\/Order%20Library\/22156""}","2026-08-02T23:00:00Z","Order Creation","","","","","","","","","","","","","","","","4500168855","105327.31","ON","WET","Y","","False","","254","","","","","Active","","","","2027-04-19T00:00:00Z","1.39000000000000","105327.310000000","75775.0431654676","2026-09-11T04:38:39Z","2026-09-01T15:46:30Z","155","106","False","0490d271-793e-4ec6-9a2c-a6f617ca8ec4","TORONTO HYDRO","6683215","MR-TOHY-0020-V1","patrick.vaillancourt@pioneertransformers.com","soleil.anker@ermco-eci.com"
"559","","","22157","68","155","10","Standard","2026-09-01T00:00:00Z","2027-01-22T00:00:00Z","20","{""Description"":""https:\/\/ermcopower.sharepoint.com\/sites\/PioneerPlanificatio\/Order%20Library\/22157"",""Url"":""https:\/\/ermcopower.sharepoint.com\/sites\/PioneerPlanificatio\/Order%20Library\/22157""}","2026-08-06T23:00:00Z","Order Creation","","","","","","","","","","","","","","","","4500168890","99652.85","ON","WET","Y","","False","","239","","","","","Active","","","","2027-04-19T00:00:00Z","1.39000000000000","99652.8500000000","71692.6978417266","2026-09-11T04:42:01Z","2026-09-02T13:40:54Z","155","106","False","b63f27c3-026d-4d4e-aeea-ff37a6cccfce","TORONTO HYDRO","6643202-22","MR-TOHY-0002-V1","patrick.vaillancourt@pioneertransformers.com","soleil.anker@ermco-eci.com"
"560","","","P00005","126","536","1","R&D","2026-09-03T00:00:00Z","2025-12-31T00:00:00Z","26","{""Description"":""https:\/\/ermcopower.sharepoint.com\/sites\/PioneerPlanificatio\/Order%20Library\/P00005"",""Url"":""https:\/\/ermcopower.sharepoint.com\/sites\/PioneerPlanificatio\/Order%20Library\/P00005""}","2025-06-03T23:00:00Z","Order Creation","","","","","","","New Model Created: XXXXX","","","","","","","","","26116R4","0","QUE","WET","N","","False","","419","","","","","Active","","","","2027-06-02T00:00:00Z","1.39000000000000","0","0","2026-09-11T05:04:47Z","2026-09-03T17:21:13Z","161","106","False","bfad7fec-d2e0-42cb-85d9-8b00a434609d","MADDOX","XXXXX","MR-MADD-0001-V1","dominic.lague@pioneertransformers.com","soleil.anker@ermco-eci.com"
"561","","","P10003","74","537","2","R&D","2026-09-03T00:00:00Z","2026-09-04T00:00:00Z","26","{""Description"":""https:\/\/ermcopower.sharepoint.com\/sites\/PioneerPlanificatio\/Order%20Library\/P10003"",""Url"":""https:\/\/ermcopower.sharepoint.com\/sites\/PioneerPlanificatio\/Order%20Library\/P10003""}","2026-02-06T01:00:00Z","Order Creation","","","","","","","New Model Created: Proto","","","","","","","","","","0","","","Y","","False","","420","","","","","Active","","","","2027-06-02T00:00:00Z","1.39000000000000","0","0","2026-09-11T04:18:41Z","2026-09-03T19:00:08Z","155","106","False","81f4b6b5-a63f-490b-95ae-abcc0c24943d","PIONEER TRANSFORMERS","Proto","MR-PITR-0005-V1","patrick.vaillancourt@pioneertransformers.com","soleil.anker@ermco-eci.com"
"562","P1_001","","P1_001","74","","1","R&D","2026-04-27T04:00:00Z","2026-08-30T04:00:00Z","26","","2026-02-01T05:00:00Z","","","","","","","","","","","","","","","","","","","","","","","","","","","","","","Active","","","","2027-01-24T05:00:00Z","1.39000000000000","","","2026-09-11T04:16:58Z","2026-09-08T11:05:17Z","106","106","False","4f9a2dd6-d5e1-4a19-967e-f7b62f0bfe0d","PIONEER TRANSFORMERS","","","soleil.anker@ermco-eci.com","soleil.anker@ermco-eci.com"
"563","P20001","","P20001","123","","1","R&D","2025-08-11T04:00:00Z","2026-09-30T04:00:00Z","24","","2026-03-18T04:00:00Z","","","","","","","","","","","","","","","","","ERMCO","","QC","","N","","","","","True","","","","Active","","","","2026-04-26T04:00:00Z","1.38000000000000","","","2026-09-11T04:15:23Z","2026-09-08T11:05:16Z","106","106","False","409d2f91-e4ae-479d-9c0d-0842f7abb28a","CONED","","","soleil.anker@ermco-eci.com","soleil.anker@ermco-eci.com"
"564","","","22158","27","339","3","Standard","2026-09-09T04:00:00Z","2027-01-28T05:00:00Z","18","{""Description"":""https:\/\/ermcopower.sharepoint.com\/sites\/PioneerPlanificatio\/Order%20Library\/22158"",""Url"":""https:\/\/ermcopower.sharepoint.com\/sites\/PioneerPlanificatio\/Order%20Library\/22158""}","2026-08-27T04:00:00Z","Order Creation","","","","","","","","","","","","","","","","171809-OP","45730","ON","WET","Y","","False","","227","","","","","Active","","","","2027-04-13T04:00:00Z","1.39000000000000","45730.0000000000","32899.2805755396","2026-09-11T04:40:49Z","2026-09-09T15:38:40Z","155","106","False","359bda90-9c3d-4c6e-90d6-709b53ae3638","OTTAWA HYDRO","616865","MR-OTHY-0011-V1","patrick.vaillancourt@pioneertransformers.com","soleil.anker@ermco-eci.com"
"565","","","20877R1","6","","1","Standard","2026-04-27T04:00:00Z","2026-07-30T04:00:00Z","26","","2026-01-01T05:00:00Z","","","","","","","","","","","","","","","","","","","","","","","False","","","","","","","Active","","","","2027-01-24T05:00:00Z","1.39000000000000","","","2026-09-11T05:04:20Z","2026-09-09T20:32:56Z","106","106","False","cbd00089-409b-43ff-9285-cc87abc15f4f","BEAVER ELECTRICAL ","","","soleil.anker@ermco-eci.com","soleil.anker@ermco-eci.com"
"566","","","P20002","123","","1","R&D","2025-08-11T04:00:00Z","2026-09-30T04:00:00Z","24","","2026-03-18T04:00:00Z","","","","","","","","","","","","","","","","","ERMCO","","QC","","N","","False","","","True","","","","Active","","","","2026-04-26T04:00:00Z","1.38000000000000","","","2026-09-11T05:12:58Z","2026-09-09T20:32:57Z","106","106","False","c86e518f-950d-4bc2-8549-acf74cec328f","CONED","","","soleil.anker@ermco-eci.com","soleil.anker@ermco-eci.com"
"567","","","22159","23","143","10","Standard","2026-09-08T04:00:00Z","2027-04-23T04:00:00Z","18","{""Description"":""https:\/\/ermcopower.sharepoint.com\/sites\/PioneerPlanificatio\/Order%20Library\/22159"",""Url"":""https:\/\/ermcopower.sharepoint.com\/sites\/PioneerPlanificatio\/Order%20Library\/22159""}","2026-11-20T05:00:00Z","Order Creation","","","","","","","","","","","","","","","","GPC11619884","174535","USA","WET","N","","False","","147","","","","","Active","","","","2027-04-12T04:00:00Z","1.39000000000000","242603.650000000","174535.000000000","2026-09-11T05:14:32Z","2026-09-10T14:53:25Z","161","106","False","d396fa90-8ed5-4892-94ea-03d1760abb81","GEORGIA POWER","132125","MR-GEPO-0013-V1","dominic.lague@pioneertransformers.com","soleil.anker@ermco-eci.com"
"568","","","22160","23","144","6","Standard","2026-09-08T04:00:00Z","2027-04-23T04:00:00Z","18","{""Description"":""https:\/\/ermcopower.sharepoint.com\/sites\/PioneerPlanificatio\/Order%20Library\/22160"",""Url"":""https:\/\/ermcopower.sharepoint.com\/sites\/PioneerPlanificatio\/Order%20Library\/22160""}","2026-11-20T05:00:00Z","Order Creation","","","","","","","","","","","","","","","","GPC11619884","175935","USA","WET","N","","False","","148","","","","","Active","","","","2027-04-12T04:00:00Z","1.39000000000000","244549.650000000","175935.000000000","2026-09-11T05:14:49Z","2026-09-10T14:59:28Z","161","106","False","732b31ed-5aad-49a0-a727-1ad166057296","GEORGIA POWER","132128","MR-GEPO-0014-V1","dominic.lague@pioneertransformers.com","soleil.anker@ermco-eci.com"
"569","","","22161","23","146","10","Standard","2026-09-08T04:00:00Z","2027-04-23T04:00:00Z","18","{""Description"":""https:\/\/ermcopower.sharepoint.com\/sites\/PioneerPlanificatio\/Order%20Library\/22161"",""Url"":""https:\/\/ermcopower.sharepoint.com\/sites\/PioneerPlanificatio\/Order%20Library\/22161""}","2026-11-20T05:00:00Z","Order Creation","","","","","","","","","","","","","","","","GPC11619884","180340","USA","WET","N","","False","","150","","","","","Active","","","","2027-04-12T04:00:00Z","1.39000000000000","250672.600000000","180340.000000000","2026-09-11T05:15:23Z","2026-09-10T15:04:37Z","161","106","False","fd5c05da-1db4-4b46-9342-4380daf3a72f","GEORGIA POWER","132130","MR-GEPO-0016-V1","dominic.lague@pioneertransformers.com","soleil.anker@ermco-eci.com"
"570","","","22162","23","146","10","Standard","2026-09-08T04:00:00Z","2027-04-23T04:00:00Z","18","{""Description"":""https:\/\/ermcopower.sharepoint.com\/sites\/PioneerPlanificatio\/Order%20Library\/22162"",""Url"":""https:\/\/ermcopower.sharepoint.com\/sites\/PioneerPlanificatio\/Order%20Library\/22162""}","2026-11-20T05:00:00Z","Order Creation","","","","","","","","","","","","","","","","GPC11619884","180340","USA","WET","N","","False","","150","","","","","Active","","","","2027-04-12T04:00:00Z","1.39000000000000","250672.600000000","180340.000000000","2026-09-11T05:15:57Z","2026-09-10T15:07:51Z","161","106","False","96223a88-f98d-4a52-acb6-d1059ff4e975","GEORGIA POWER","132130","MR-GEPO-0016-V1","dominic.lague@pioneertransformers.com","soleil.anker@ermco-eci.com"
"571","","","22163","23","146","10","Standard","2026-09-08T04:00:00Z","2027-04-23T04:00:00Z","18","{""Description"":""https:\/\/ermcopower.sharepoint.com\/sites\/PioneerPlanificatio\/Order%20Library\/22163"",""Url"":""https:\/\/ermcopower.sharepoint.com\/sites\/PioneerPlanificatio\/Order%20Library\/22163""}","2026-11-20T05:00:00Z","Order Creation","","","","","","","","","","","","","","","","GPC11619884","180340","USA","WET","N","","False","","150","","","","","Active","","","","2027-04-12T04:00:00Z","1.39000000000000","250672.600000000","180340.000000000","2026-09-11T05:16:29Z","2026-09-10T15:10:15Z","161","106","False","3f955332-f8e5-4870-99c2-329b99cf134a","GEORGIA POWER","132130","MR-GEPO-0016-V1","dominic.lague@pioneertransformers.com","soleil.anker@ermco-eci.com"
"572","","","22164","23","131","7","Standard","2026-09-08T04:00:00Z","2027-02-26T05:00:00Z","18","{""Description"":""https:\/\/ermcopower.sharepoint.com\/sites\/PioneerPlanificatio\/Order%20Library\/22164"",""Url"":""https:\/\/ermcopower.sharepoint.com\/sites\/PioneerPlanificatio\/Order%20Library\/22164""}","2026-09-25T04:00:00Z","Order Creation","","","","","","","","","","","","","","","","GPC11619884","86550","USA","WET","N","","False","","135","","","","","Active","","","","2027-04-12T04:00:00Z","1.39000000000000","120304.500000000","86550.0000000000","2026-09-11T17:55:02Z","2026-09-10T15:13:44Z","161","161","False","c2c8b4d6-2061-421b-af7f-9d269781b564","GEORGIA POWER","132109","MR-GEPO-0001-V1","dominic.lague@pioneertransformers.com","dominic.lague@pioneertransformers.com"
"573","","","22165","23","131","8","Standard","2026-09-08T04:00:00Z","2027-02-26T05:00:00Z","18","{""Description"":""https:\/\/ermcopower.sharepoint.com\/sites\/PioneerPlanificatio\/Order%20Library\/22165"",""Url"":""https:\/\/ermcopower.sharepoint.com\/sites\/PioneerPlanificatio\/Order%20Library\/22165""}","2026-09-25T04:00:00Z","Order Creation","","","","","","","","","","","","","","","","GPC11619884","86550","USA","WET","N","","False","","135","","","","","Active","","","","2027-04-12T04:00:00Z","1.39000000000000","120304.500000000","86550.0000000000","2026-09-11T05:14:01Z","2026-09-10T15:15:51Z","161","106","False","5818dfe1-b6f3-43d3-aae2-81650af986fc","GEORGIA POWER","132109","MR-GEPO-0001-V1","dominic.lague@pioneertransformers.com","soleil.anker@ermco-eci.com"
"574","","","22166","68","156","1","Standard","2026-09-09T04:00:00Z","2027-01-29T05:00:00Z","20","{""Description"":""https:\/\/ermcopower.sharepoint.com\/sites\/PioneerPlanificatio\/Order%20Library\/22166"",""Url"":""https:\/\/ermcopower.sharepoint.com\/sites\/PioneerPlanificatio\/Order%20Library\/22166""}","2026-08-14T04:00:00Z","Order Creation","","","","","","","","","","","","","","","","4500169328","106668.19","ON","WET","Y","","False","","241","","","","","Active","","","","2027-04-27T04:00:00Z","1.39000000000000","106668.190000000","76739.7050359712","2026-09-11T05:16:32Z","2026-09-10T16:36:09Z","155","106","False","3f7159d0-5923-4750-8b03-3fcf35f31e4c","TORONTO HYDRO","6643203","MR-TOHY-0003-V1","patrick.vaillancourt@pioneertransformers.com","soleil.anker@ermco-eci.com"
"575","","","22167","18","538","2","Standard","2026-09-10T04:00:00Z","2027-06-30T04:00:00Z","26","{""Description"":""https:\/\/ermcopower.sharepoint.com\/sites\/PioneerPlanificatio\/Order%20Library\/22167"",""Url"":""https:\/\/ermcopower.sharepoint.com\/sites\/PioneerPlanificatio\/Order%20Library\/22167""}","2026-12-02T05:00:00Z","Order Creation","","","","","","","New Model Created: 100311860","","","","","","","","","MX1-EX26015","316744.16","AB","WET","N","","False","","421","False","False","","","Active","","","","2027-06-09T04:00:00Z","1.39000000000000","316744.160000000","227873.496402878","2026-09-11T15:58:26Z","2026-09-11T15:58:26Z","161","161","False","aed2d04d-0254-4075-8c8c-25fd73e325b6","ENMAX","100311860","MR-ENMA-0058-V1","dominic.lague@pioneertransformers.com","dominic.lague@pioneertransformers.com"
"576","","","22168","18","539","2","Standard","2026-09-10T04:00:00Z","2027-06-30T04:00:00Z","20","{""Description"":""https:\/\/ermcopower.sharepoint.com\/sites\/PioneerPlanificatio\/Order%20Library\/22168"",""Url"":""https:\/\/ermcopower.sharepoint.com\/sites\/PioneerPlanificatio\/Order%20Library\/22168""}","2027-01-13T05:00:00Z","Order Creation","","","","","","","New Model Created: 100311933","","","","","","","","","MX1-EX26015","316744.16","AB","WET","N","","False","","422","False","False","","","Active","","","","2027-04-28T04:00:00Z","1.39000000000000","316744.160000000","227873.496402878","2026-09-11T16:00:08Z","2026-09-11T16:00:08Z","161","161","False","c7a4c18a-ced9-4ba0-9183-7a7deb407c5d","ENMAX","100311933","MR-ENMA-0059-V1","dominic.lague@pioneertransformers.com","dominic.lague@pioneertransformers.com"
"577","","","G21922R1","115","540","1","Repair","2026-09-14T04:00:00Z","2026-10-30T04:00:00Z","28","{""Description"":""https:\/\/ermcopower.sharepoint.com\/sites\/PioneerPlanificatio\/Order%20Library\/G21922R1"",""Url"":""https:\/\/ermcopower.sharepoint.com\/sites\/PioneerPlanificatio\/Order%20Library\/G21922R1""}","2026-03-20T04:00:00Z","Order Creation","","","","","","","New Model Created: G21922-5","","","","","","","","","4513756539","31500","QC","WET","N","","False","","423","False","False","","","Active","","","","2027-06-27T04:00:00Z","1.39000000000000","31500.0000000000","22661.8705035971","2026-09-15T12:59:59Z","2026-09-15T12:59:59Z","155","155","False","87ca1fa7-cd2b-4306-b8b1-fb020d3faa68","HYDRO QUEBEC","G21922-5","MR-HYQU-0099-V1","patrick.vaillancourt@pioneertransformers.com","patrick.vaillancourt@pioneertransformers.com"
"578","","","22169","115","498","10","Standard","2026-09-16T04:00:00Z","2027-03-25T04:00:00Z","28","{""Description"":""https:\/\/ermcopower.sharepoint.com\/sites\/PioneerPlanificatio\/Order%20Library\/22169"",""Url"":""https:\/\/ermcopower.sharepoint.com\/sites\/PioneerPlanificatio\/Order%20Library\/22169""}","2026-08-13T04:00:00Z","Order Creation","","","","","","","","","","","","","","","","4513759732","27382.52","QC","WET","Y","","False","","387","False","False","","","Active","","","","2027-06-29T04:00:00Z","1.39000000000000","27382.5200000000","19699.6546762590","2026-09-17T17:39:39Z","2026-09-17T17:39:39Z","155","155","False","2123f9bf-881d-427c-bbcd-358a498ad7e7","HYDRO QUEBEC","1002560","MR-HYQU-0093-V1","patrick.vaillancourt@pioneertransformers.com","patrick.vaillancourt@pioneertransformers.com"
"579","","","22170","115","88","4","Standard","2026-09-16T04:00:00Z","2027-03-25T04:00:00Z","28","{""Description"":""https:\/\/ermcopower.sharepoint.com\/sites\/PioneerPlanificatio\/Order%20Library\/22170"",""Url"":""https:\/\/ermcopower.sharepoint.com\/sites\/PioneerPlanificatio\/Order%20Library\/22170""}","2026-08-13T04:00:00Z","Order Creation","","","","","","","","","","","","","","","","4513759732","69708.89","QC","WET","Y","","False","","20","False","False","","","Active","","","","2027-06-29T04:00:00Z","1.39000000000000","69708.8900000000","50150.2805755396","2026-09-17T17:46:19Z","2026-09-17T17:46:19Z","155","155","False","20e7b39e-2455-4829-a401-c8a658ffb7ac","HYDRO QUEBEC","1001903-22","MR-HYQU-0006-V1","patrick.vaillancourt@pioneertransformers.com","patrick.vaillancourt@pioneertransformers.com"
"580","","","22171","115","91","4","Standard","2026-09-16T04:00:00Z","2027-03-25T04:00:00Z","28","{""Description"":""https:\/\/ermcopower.sharepoint.com\/sites\/PioneerPlanificatio\/Order%20Library\/22171"",""Url"":""https:\/\/ermcopower.sharepoint.com\/sites\/PioneerPlanificatio\/Order%20Library\/22171""}","2026-08-13T04:00:00Z","Order Creation","","","","","","","","","","","","","","","","4513759732","37554.08","QC","WET","Y","","False","","26","False","False","","","Active","","","","2027-06-29T04:00:00Z","1.39000000000000","37554.0800000000","27017.3237410072","2026-09-17T17:51:44Z","2026-09-17T17:51:44Z","155","155","False","051de5ec-016b-4a50-ab5f-bb6a7269cd23","HYDRO QUEBEC","1002113-22","MR-HYQU-0009-V1","patrick.vaillancourt@pioneertransformers.com","patrick.vaillancourt@pioneertransformers.com"
"581","","","22172","115","107","2","Standard","2026-09-16T04:00:00Z","2027-03-25T04:00:00Z","28","{""Description"":""https:\/\/ermcopower.sharepoint.com\/sites\/PioneerPlanificatio\/Order%20Library\/22172"",""Url"":""https:\/\/ermcopower.sharepoint.com\/sites\/PioneerPlanificatio\/Order%20Library\/22172""}","2026-08-13T04:00:00Z","Order Creation","","","","","","","","","","","","","","","","4513759732","48027.16","QC","WET","Y","","False","","94","False","False","","","Active","","","","2027-06-29T04:00:00Z","1.39000000000000","48027.1600000000","34551.9136690648","2026-09-17T17:57:17Z","2026-09-17T17:57:17Z","155","155","False","178451ba-0a21-4b3a-9f56-0120b97d1a36","HYDRO QUEBEC","1089550-22","MR-HYQU-0025-V1","patrick.vaillancourt@pioneertransformers.com","patrick.vaillancourt@pioneertransformers.com"
"582","","","22173","115","98","2","Standard","2026-09-16T04:00:00Z","2027-03-25T04:00:00Z","28","{""Description"":""https:\/\/ermcopower.sharepoint.com\/sites\/PioneerPlanificatio\/Order%20Library\/22173"",""Url"":""https:\/\/ermcopower.sharepoint.com\/sites\/PioneerPlanificatio\/Order%20Library\/22173""}","2026-08-13T04:00:00Z","Order Creation","","","","","","","","","","","","","","","","4513759733","78865.66","QC","WET","Y","","False","","39","False","False","","","Active","","","","2027-06-29T04:00:00Z","1.39000000000000","78865.6600000000","56737.8848920863","2026-09-17T18:40:19Z","2026-09-17T18:40:19Z","155","155","False","b20f8a9d-a453-466d-bdcd-3b1b99036441","HYDRO QUEBEC","1002801-22","MR-HYQU-0016-V1","patrick.vaillancourt@pioneertransformers.com","patrick.vaillancourt@pioneertransformers.com"
"583","","","22174","115","99","6","Standard","2026-09-16T04:00:00Z","2027-03-25T04:00:00Z","28","{""Description"":""https:\/\/ermcopower.sharepoint.com\/sites\/PioneerPlanificatio\/Order%20Library\/22174"",""Url"":""https:\/\/ermcopower.sharepoint.com\/sites\/PioneerPlanificatio\/Order%20Library\/22174""}","2026-08-13T04:00:00Z","Order Creation","","","","","","","","","","","","","","","","4513759733","117380.32","QC","WET","Y","","False","","41","False","False","","","Active","","","","2027-06-29T04:00:00Z","1.39000000000000","117380.320000000","84446.2733812950","2026-09-17T18:50:21Z","2026-09-17T18:50:21Z","155","155","False","5798d81e-4aac-4917-acdf-eb21763cb2bc","HYDRO QUEBEC","1002812-22","MR-HYQU-0017-V1","patrick.vaillancourt@pioneertransformers.com","patrick.vaillancourt@pioneertransformers.com"
"584","","","22175","115","120","2","Standard","2026-09-16T04:00:00Z","2027-03-25T04:00:00Z","28","{""Description"":""https:\/\/ermcopower.sharepoint.com\/sites\/PioneerPlanificatio\/Order%20Library\/22175"",""Url"":""https:\/\/ermcopower.sharepoint.com\/sites\/PioneerPlanificatio\/Order%20Library\/22175""}","2026-08-13T04:00:00Z","Order Creation","","","","","","","","","","","","","","","","4513759733","80938.36","QC","WET","Y","","False","","106","False","False","","","Active","","","","2027-06-29T04:00:00Z","1.39000000000000","80938.3600000000","58229.0359712230","2026-09-17T18:56:04Z","2026-09-17T18:56:04Z","155","155","False","88b40673-abc2-4f7c-a007-415e96637f7b","HYDRO QUEBEC","1149647-22","MR-HYQU-0037-V1","patrick.vaillancourt@pioneertransformers.com","patrick.vaillancourt@pioneertransformers.com"
"585","","","22176","18","391","2","Standard","2026-09-14T04:00:00Z","2027-04-23T04:00:00Z","20","{""Description"":""https:\/\/ermcopower.sharepoint.com\/sites\/PioneerPlanificatio\/Order%20Library\/22176"",""Url"":""https:\/\/ermcopower.sharepoint.com\/sites\/PioneerPlanificatio\/Order%20Library\/22176""}","2026-11-06T05:00:00Z","Order Creation","","","","","","","","","","","","","","","","MX1-EX26045","170138.26","AB","WET","N","","False","","76","False","False","","","Active","","","","2027-05-02T04:00:00Z","1.39000000000000","170138.260000000","122401.625899281","2026-09-21T19:27:22Z","2026-09-21T19:23:11Z","161","161","False","65354b50-2696-47ce-9c7d-a18fcc7435c8","ENMAX","100311929","MR-ENMA-0052","dominic.lague@pioneertransformers.com","dominic.lague@pioneertransformers.com"
"586","","","22177","18","392","2","Standard","2026-09-14T04:00:00Z","2027-04-23T04:00:00Z","20","{""Description"":""https:\/\/ermcopower.sharepoint.com\/sites\/PioneerPlanificatio\/Order%20Library\/22177"",""Url"":""https:\/\/ermcopower.sharepoint.com\/sites\/PioneerPlanificatio\/Order%20Library\/22177""}","2026-11-06T05:00:00Z","Order Creation","","","","","","","","","","","","","","","","MX1-EX26045","170138.26","AB","","N","","False","","77","False","False","","","Active","","","","2027-05-02T04:00:00Z","1.39000000000000","170138.260000000","122401.625899281","2026-09-21T19:24:51Z","2026-09-21T19:24:51Z","161","161","False","e864169a-b1f6-4768-bea8-c6fd7f455446","ENMAX","100311930","MR-ENMA-0053","dominic.lague@pioneertransformers.com","dominic.lague@pioneertransformers.com"
"587","","","22178","126","541","20","Standard","2026-09-22T04:00:00Z","2026-09-30T04:00:00Z","26","{""Description"":""https:\/\/ermcopower.sharepoint.com\/sites\/PioneerPlanificatio\/Order%20Library\/22178"",""Url"":""https:\/\/ermcopower.sharepoint.com\/sites\/PioneerPlanificatio\/Order%20Library\/22178""}","2026-03-04T05:00:00Z","Order Creation","","","","","","","New Model Created: GQ0223","","","","","","","","","D-13456 MADDOX","106450","USA","WET","N","","False","","","False","False","","","Active","","","","2027-06-21T04:00:00Z","1.39000000000000","147965.500000000","106450.000000000","2026-09-23T14:38:21Z","2026-09-23T14:31:47Z","161","161","False","c52af7be-6cd9-4b94-8b7a-8a6522c8ba06","MADDOX","GQ0223","","dominic.lague@pioneertransformers.com","dominic.lague@pioneertransformers.com"
