ListSchema={"schemaXmlList":["<Field ID=\"{fa564e0f-0c70-4ab9-b863-0177e6ddd247}\" Type=\"Text\" Name=\"Title\" DisplayName=\"Title\" Required=\"FALSE\" SourceID=\"http://schemas.microsoft.com/sharepoint/v3\" StaticName=\"Title\" FromBaseType=\"TRUE\" MaxLength=\"255\" />","<Field ID=\"{1df5e554-ec7e-46a6-901d-d85a3881cb18}\" ReadOnly=\"TRUE\" Type=\"User\" List=\"UserInfo\" Name=\"Author\" DisplayName=\"Created_By\" SourceID=\"http://schemas.microsoft.com/sharepoint/v3\" StaticName=\"Author\" FromBaseType=\"TRUE\" Required=\"FALSE\" ShowField=\"ImnName\" />","<Field ID=\"{d31655d1-1d5b-4511-95a1-7a09e9b75bf2}\" ReadOnly=\"TRUE\" Type=\"User\" List=\"UserInfo\" Name=\"Editor\" DisplayName=\"Modified_By\" SourceID=\"http://schemas.microsoft.com/sharepoint/v3\" StaticName=\"Editor\" FromBaseType=\"TRUE\" Required=\"FALSE\" ShowField=\"ImnName\" />","<Field ClientSideComponentId=\"00000000-0000-0000-0000-000000000000\" DisplayName=\"Model_Revion_ID\" EnforceUniqueValues=\"TRUE\" Format=\"Dropdown\" Indexed=\"TRUE\" MaxLength=\"255\" Name=\"ModelID\" Title=\"Model_Revion_ID\" Type=\"Text\" ID=\"{7341f004-bfd1-4148-8e8e-233b3e259027}\" StaticName=\"ModelID\" />","<Field Type=\"Text\" DisplayName=\"Spec_ID\" Required=\"FALSE\" EnforceUniqueValues=\"FALSE\" Indexed=\"FALSE\" MaxLength=\"255\" ID=\"{222ea723-0714-4bcd-b83c-ffeda35c0cb0}\" StaticName=\"SpecID\" Name=\"SpecID\" CustomFormatter=\"\" />","<Field ClientSideComponentId=\"00000000-0000-0000-0000-000000000000\" DisplayName=\"Client_Model_Code\" Format=\"Dropdown\" MaxLength=\"255\" Name=\"ModelName\" Required=\"TRUE\" Title=\"Client_Model_Code\" Type=\"Text\" ID=\"{cd55e311-fa06-43b7-9572-2cb4f30b1f43}\" StaticName=\"ModelName\" />","<Field Type=\"Note\" DisplayName=\"Notes\" Required=\"FALSE\" EnforceUniqueValues=\"FALSE\" Indexed=\"FALSE\" NumLines=\"6\" RichText=\"TRUE\" RichTextMode=\"FullHtml\" IsolateStyles=\"TRUE\" Sortable=\"FALSE\" ID=\"{cb569d8b-53c1-4d3a-90f1-a3b5c99b775e}\" StaticName=\"Notes\" Name=\"Notes\" CustomFormatter=\"\" RestrictedMode=\"TRUE\" AppendOnly=\"FALSE\" />","<Field Type=\"Text\" DisplayName=\"Client_ID_TextField\" Required=\"FALSE\" EnforceUniqueValues=\"FALSE\" Indexed=\"FALSE\" MaxLength=\"255\" ID=\"{afaa104d-4351-4d93-9b9e-83314cf60b23}\" StaticName=\"Client_ID_TextFiel\" Name=\"Client_ID_TextFiel\" CustomFormatter=\"\" />","<Field ClientSideComponentId=\"00000000-0000-0000-0000-000000000000\" CommaSeparator=\"TRUE\" CustomUnitOnRight=\"FALSE\" DisplayName=\"kVA\" Format=\"Dropdown\" Name=\"kVA_x0020_and_x0020_kV\" Percentage=\"FALSE\" Title=\"kVA\" Type=\"Number\" Unit=\"None\" ID=\"{ba47acb3-a901-4b35-a904-a2530aa7c986}\" StaticName=\"kVA_x0020_and_x0020_kV\"><Default>0</Default></Field>","<Field ClientSideComponentId=\"00000000-0000-0000-0000-000000000000\" DisplayName=\"Model Type\" FillInChoice=\"TRUE\" Format=\"Dropdown\" Name=\"Model_x0020_Type\" Title=\"Model Type\" Type=\"Choice\" ID=\"{90acef6a-9d76-4dae-9e78-6bd61349d6b4}\" StaticName=\"Model_x0020_Type\" CustomFormatter=\"\" Required=\"FALSE\" EnforceUniqueValues=\"FALSE\" Indexed=\"FALSE\"><CHOICES><CHOICE>None</CHOICE><CHOICE>1PH PAD (MINIPAD)</CHOICE><CHOICE>3PH PAD (PADMOUNT)</CHOICE><CHOICE>POLEMOUNT</CHOICE><CHOICE>SUBSTATION</CHOICE><CHOICE>NETWORK</CHOICE><CHOICE>1PH SUBMERSIBLE</CHOICE><CHOICE>3PH SUBMERSIBLE</CHOICE><CHOICE>GROUNDING TX</CHOICE></CHOICES><Default>None</Default></Field>","<Field Type=\"Choice\" DisplayName=\"Oil Type\" Required=\"FALSE\" EnforceUniqueValues=\"FALSE\" Indexed=\"FALSE\" Format=\"Dropdown\" FillInChoice=\"TRUE\" ID=\"{e3be1322-4677-489b-aafb-ff3aa653ae84}\" StaticName=\"Oil_x0020_Type\" Name=\"Oil_x0020_Type\" CustomFormatter=\"\"><Default>None</Default><CHOICES><CHOICE>None</CHOICE><CHOICE>A2</CHOICE><CHOICE>B2</CHOICE><CHOICE>BETA</CHOICE><CHOICE>FR3</CHOICE><CHOICE>Inconnu</CHOICE><CHOICE>Luminol</CHOICE><CHOICE>Midel</CHOICE></CHOICES></Field>","<Field Type=\"Choice\" DisplayName=\"Core Type\" Required=\"FALSE\" EnforceUniqueValues=\"FALSE\" Indexed=\"FALSE\" Format=\"Dropdown\" FillInChoice=\"TRUE\" ID=\"{b585289a-af88-4efa-a632-a48c14602e2b}\" StaticName=\"Core_x0020_Type\" Name=\"Core_x0020_Type\" CustomFormatter=\"\"><Default>None</Default><CHOICES><CHOICE>None</CHOICE><CHOICE>Cogent</CHOICE><CHOICE>Amorphe</CHOICE><CHOICE>Annexe</CHOICE></CHOICES></Field>","<Field CommaSeparator=\"TRUE\" CustomUnitOnRight=\"TRUE\" Decimals=\"0\" DisplayName=\"Phases\" Format=\"Dropdown\" IsModern=\"TRUE\" Name=\"Phases\" Percentage=\"FALSE\" Title=\"Phases\" Type=\"Number\" Unit=\"None\" ID=\"{71d85a9d-c008-4ef9-abe4-f46a525a4cc4}\" StaticName=\"Phases\" />","<Field CommaSeparator=\"TRUE\" CustomUnitOnRight=\"TRUE\" DisplayName=\"Oil Amount\" Format=\"Dropdown\" IsModern=\"TRUE\" Name=\"OilAmount\" Percentage=\"FALSE\" Title=\"Oil Amount\" Type=\"Number\" Unit=\"None\" ID=\"{1a6787d8-9efd-4f86-83ff-8454511c200e}\" StaticName=\"OilAmount\" />","<Field DisplayName=\"Cable\" Format=\"Dropdown\" IsModern=\"TRUE\" MaxLength=\"255\" Name=\"Cable\" Title=\"Cable\" Type=\"Text\" ID=\"{a06a4e76-e049-4ccc-908f-7f7d4e5de113}\" StaticName=\"Cable\" />","<Field DisplayName=\"Form\" Format=\"Dropdown\" IsModern=\"TRUE\" MaxLength=\"255\" Name=\"Form\" Title=\"Form\" Type=\"Text\" ID=\"{a40ef034-c521-4e60-b255-4bcdb52af1d6}\" StaticName=\"Form\" />","<Field DisplayName=\"Copper (LV)\" Format=\"Dropdown\" IsModern=\"TRUE\" MaxLength=\"255\" Name=\"Copper_x0028_LV_x0029_\" Title=\"Copper (LV)\" Type=\"Text\" ID=\"{23bf3fab-9e2b-4088-a75f-662b43c4cda2}\" StaticName=\"Copper_x0028_LV_x0029_\" />","<Field DisplayName=\"Wire (HV)\" Format=\"Dropdown\" IsModern=\"TRUE\" MaxLength=\"255\" Name=\"Wire_x0028_HV_x0029_\" Title=\"Wire (HV)\" Type=\"Text\" ID=\"{444aab61-0180-4bec-8c66-78c7bc8e0858}\" StaticName=\"Wire_x0028_HV_x0029_\" />","<Field CommaSeparator=\"TRUE\" CustomUnitOnRight=\"TRUE\" DisplayName=\"Overcoil\" Format=\"Dropdown\" IsModern=\"TRUE\" Name=\"Overcoil\" Percentage=\"FALSE\" Title=\"Overcoil\" Type=\"Number\" Unit=\"None\" ID=\"{b4d09a00-d0ea-48e4-bd39-41cfa4e15306}\" StaticName=\"Overcoil\" />","<Field Name=\"Description\" FromBaseType=\"FALSE\" Type=\"MultiChoice\" DisplayName=\"Model Description\" CustomFormatter=\"{&quot;elmType&quot;:&quot;div&quot;,&quot;style&quot;:{&quot;flex-wrap&quot;:&quot;wrap&quot;,&quot;display&quot;:&quot;flex&quot;},&quot;children&quot;:[{&quot;elmType&quot;:&quot;div&quot;,&quot;style&quot;:{&quot;box-sizing&quot;:&quot;border-box&quot;,&quot;padding&quot;:&quot;4px 8px 5px 8px&quot;,&quot;overflow&quot;:&quot;hidden&quot;,&quot;text-overflow&quot;:&quot;ellipsis&quot;,&quot;display&quot;:&quot;flex&quot;,&quot;border-radius&quot;:&quot;16px&quot;,&quot;height&quot;:&quot;24px&quot;,&quot;align-items&quot;:&quot;center&quot;,&quot;white-space&quot;:&quot;nowrap&quot;,&quot;margin&quot;:&quot;4px 4px 4px 4px&quot;},&quot;attributes&quot;:{&quot;class&quot;:{&quot;operator&quot;:&quot;:&quot;,&quot;operands&quot;:[{&quot;operator&quot;:&quot;==&quot;,&quot;operands&quot;:[&quot;[$Description]&quot;,&quot;ANNEX&quot;]},&quot;sp-css-backgroundColor-BgCornflowerBlue sp-css-color-CornflowerBlueFont sp-css-color-CornflowerBlueFont&quot;,{&quot;operator&quot;:&quot;:&quot;,&quot;operands&quot;:[{&quot;operator&quot;:&quot;==&quot;,&quot;operands&quot;:[&quot;[$Description]&quot;,&quot;FLAT FRONT&quot;]},&quot;sp-css-backgroundColor-BgMintGreen sp-css-color-MintGreenFont sp-css-color-MintGreenFont&quot;,{&quot;operator&quot;:&quot;:&quot;,&quot;operands&quot;:[{&quot;operator&quot;:&quot;==&quot;,&quot;operands&quot;:[&quot;[$Description]&quot;,&quot;Goujon&quot;]},&quot;sp-css-backgroundColor-BgGold sp-css-color-GoldFont sp-css-color-GoldFont&quot;,{&quot;operator&quot;:&quot;:&quot;,&quot;operands&quot;:[{&quot;operator&quot;:&quot;==&quot;,&quot;operands&quot;:[&quot;[$Description]&quot;,&quot;&quot;]},&quot;&quot;,{&quot;operator&quot;:&quot;:&quot;,&quot;operands&quot;:[{&quot;operator&quot;:&quot;==&quot;,&quot;operands&quot;:[&quot;[$Description]&quot;,&quot;MALT&quot;]},&quot;sp-css-backgroundColor-BgCoral sp-css-color-CoralFont sp-css-color-CoralFont&quot;,{&quot;operator&quot;:&quot;:&quot;,&quot;operands&quot;:[{&quot;operator&quot;:&quot;==&quot;,&quot;operands&quot;:[&quot;[$Description]&quot;,&quot;MALT + SA&quot;]},&quot;sp-css-backgroundColor-BgDustRose sp-css-color-DustRoseFont sp-css-color-DustRoseFont&quot;,{&quot;operator&quot;:&quot;:&quot;,&quot;operands&quot;:[{&quot;operator&quot;:&quot;==&quot;,&quot;operands&quot;:[&quot;[$Description]&quot;,&quot;MINPAD-1HP&quot;]},&quot;sp-css-backgroundColor-BgPeach sp-css-color-PeachFont sp-css-color-PeachFont&quot;,{&quot;operator&quot;:&quot;:&quot;,&quot;operands&quot;:[{&quot;operator&quot;:&quot;==&quot;,&quot;operands&quot;:[&quot;[$Description]&quot;,&quot;NETWORK&quot;]},&quot;sp-css-backgroundColor-BgSage sp-css-color-SageFont sp-css-color-SageFont&quot;,{&quot;operator&quot;:&quot;:&quot;,&quot;operands&quot;:[{&quot;operator&quot;:&quot;==&quot;,&quot;operands&quot;:[&quot;[$Description]&quot;,&quot;PADMOUNT&quot;]},&quot;sp-css-backgroundColor-BgLightPurple sp-css-color-LightPurpleFont sp-css-color-LightPurpleFont&quot;,{&quot;operator&quot;:&quot;:&quot;,&quot;operands&quot;:[{&quot;operator&quot;:&quot;==&quot;,&quot;operands&quot;:[&quot;[$Description]&quot;,&quot;PARTS&quot;]},&quot;sp-css-backgroundColor-BgViolet sp-css-color-VioletFont sp-css-color-VioletFont&quot;,{&quot;operator&quot;:&quot;:&quot;,&quot;operands&quot;:[{&quot;operator&quot;:&quot;==&quot;,&quot;operands&quot;:[&quot;[$Description]&quot;,&quot;PLAQUE ANCRAGE&quot;]},&quot;sp-css-backgroundColor-BgLightBlue sp-css-color-LightBlueFont sp-css-color-LightBlueFont&quot;,{&quot;operator&quot;:&quot;:&quot;,&quot;operands&quot;:[{&quot;operator&quot;:&quot;==&quot;,&quot;operands&quot;:[&quot;[$Description]&quot;,&quot;SPAREPARTS&quot;]},&quot;sp-css-backgroundColor-BgLilac sp-css-color-LilacFont sp-css-color-LilacFont&quot;,{&quot;operator&quot;:&quot;:&quot;,&quot;operands&quot;:[{&quot;operator&quot;:&quot;==&quot;,&quot;operands&quot;:[&quot;[$Description]&quot;,&quot;SUBSTATION&quot;]},&quot;sp-css-backgroundColor-BgLightGray sp-css-color-LightGrayFont sp-css-color-LightGrayFont&quot;,{&quot;operator&quot;:&quot;:&quot;,&quot;operands&quot;:[{&quot;operator&quot;:&quot;==&quot;,&quot;operands&quot;:[&quot;[$Description]&quot;,&quot;SUBSTATION + LTC&quot;]},&quot;sp-css-backgroundColor-BgBlue sp-css-color-WhiteFont sp-css-color-WhiteFont&quot;,{&quot;operator&quot;:&quot;:&quot;,&quot;operands&quot;:[{&quot;operator&quot;:&quot;==&quot;,&quot;operands&quot;:[&quot;[$Description]&quot;,&quot;SUBST-STACK&quot;]},&quot;sp-css-backgroundColor-BgGreen sp-css-color-WhiteFont sp-css-color-WhiteFont&quot;,{&quot;operator&quot;:&quot;:&quot;,&quot;operands&quot;:[{&quot;operator&quot;:&quot;==&quot;,&quot;operands&quot;:[&quot;[$Description]&quot;,&quot;SUBWAY&quot;]},&quot;sp-css-backgroundColor-BgBrown sp-css-color-WhiteFont sp-css-color-WhiteFont&quot;,{&quot;operator&quot;:&quot;:&quot;,&quot;operands&quot;:[{&quot;operator&quot;:&quot;==&quot;,&quot;operands&quot;:[&quot;[$Description]&quot;,&quot;Choice 18&quot;]},&quot;sp-css-backgroundColor-BgDarkRed sp-css-color-WhiteFont sp-css-color-WhiteFont&quot;,{&quot;operator&quot;:&quot;:&quot;,&quot;operands&quot;:[{&quot;operator&quot;:&quot;==&quot;,&quot;operands&quot;:[&quot;[$Description]&quot;,&quot;VAULT1-HP&quot;]},&quot;sp-css-backgroundColor-BgRed sp-css-color-WhiteFont sp-css-color-WhiteFont&quot;,&quot;sp-field-borderAllRegular sp-field-borderAllSolid sp-css-borderColor-neutralSecondary&quot;]}]}]}]}]}]}]}]}]}]}]}]}]}]}]}]}]}]}},&quot;children&quot;:[{&quot;elmType&quot;:&quot;span&quot;,&quot;style&quot;:{&quot;overflow&quot;:&quot;hidden&quot;,&quot;text-overflow&quot;:&quot;ellipsis&quot;,&quot;padding&quot;:&quot;0 3px&quot;},&quot;txtContent&quot;:&quot;[$Description]&quot;,&quot;attributes&quot;:{&quot;class&quot;:{&quot;operator&quot;:&quot;:&quot;,&quot;operands&quot;:[{&quot;operator&quot;:&quot;==&quot;,&quot;operands&quot;:[&quot;[$Description]&quot;,&quot;ANNEX&quot;]},&quot;sp-css-color-CornflowerBlueFont&quot;,{&quot;operator&quot;:&quot;:&quot;,&quot;operands&quot;:[{&quot;operator&quot;:&quot;==&quot;,&quot;operands&quot;:[&quot;[$Description]&quot;,&quot;FLAT FRONT&quot;]},&quot;sp-css-color-MintGreenFont&quot;,{&quot;operator&quot;:&quot;:&quot;,&quot;operands&quot;:[{&quot;operator&quot;:&quot;==&quot;,&quot;operands&quot;:[&quot;[$Description]&quot;,&quot;Goujon&quot;]},&quot;sp-css-color-GoldFont&quot;,{&quot;operator&quot;:&quot;:&quot;,&quot;operands&quot;:[{&quot;operator&quot;:&quot;==&quot;,&quot;operands&quot;:[&quot;[$Description]&quot;,&quot;&quot;]},&quot;&quot;,{&quot;operator&quot;:&quot;:&quot;,&quot;operands&quot;:[{&quot;operator&quot;:&quot;==&quot;,&quot;operands&quot;:[&quot;[$Description]&quot;,&quot;MALT&quot;]},&quot;sp-css-color-CoralFont&quot;,{&quot;operator&quot;:&quot;:&quot;,&quot;operands&quot;:[{&quot;operator&quot;:&quot;==&quot;,&quot;operands&quot;:[&quot;[$Description]&quot;,&quot;MALT + SA&quot;]},&quot;sp-css-color-DustRoseFont&quot;,{&quot;operator&quot;:&quot;:&quot;,&quot;operands&quot;:[{&quot;operator&quot;:&quot;==&quot;,&quot;operands&quot;:[&quot;[$Description]&quot;,&quot;MINPAD-1HP&quot;]},&quot;sp-css-color-PeachFont&quot;,{&quot;operator&quot;:&quot;:&quot;,&quot;operands&quot;:[{&quot;operator&quot;:&quot;==&quot;,&quot;operands&quot;:[&quot;[$Description]&quot;,&quot;NETWORK&quot;]},&quot;sp-css-color-SageFont&quot;,{&quot;operator&quot;:&quot;:&quot;,&quot;operands&quot;:[{&quot;operator&quot;:&quot;==&quot;,&quot;operands&quot;:[&quot;[$Description]&quot;,&quot;PADMOUNT&quot;]},&quot;sp-css-color-LightPurpleFont&quot;,{&quot;operator&quot;:&quot;:&quot;,&quot;operands&quot;:[{&quot;operator&quot;:&quot;==&quot;,&quot;operands&quot;:[&quot;[$Description]&quot;,&quot;PARTS&quot;]},&quot;sp-css-color-VioletFont&quot;,{&quot;operator&quot;:&quot;:&quot;,&quot;operands&quot;:[{&quot;operator&quot;:&quot;==&quot;,&quot;operands&quot;:[&quot;[$Description]&quot;,&quot;PLAQUE ANCRAGE&quot;]},&quot;sp-css-color-LightBlueFont&quot;,{&quot;operator&quot;:&quot;:&quot;,&quot;operands&quot;:[{&quot;operator&quot;:&quot;==&quot;,&quot;operands&quot;:[&quot;[$Description]&quot;,&quot;SPAREPARTS&quot;]},&quot;sp-css-color-LilacFont&quot;,{&quot;operator&quot;:&quot;:&quot;,&quot;operands&quot;:[{&quot;operator&quot;:&quot;==&quot;,&quot;operands&quot;:[&quot;[$Description]&quot;,&quot;SUBSTATION&quot;]},&quot;sp-css-color-LightGrayFont&quot;,{&quot;operator&quot;:&quot;:&quot;,&quot;operands&quot;:[{&quot;operator&quot;:&quot;==&quot;,&quot;operands&quot;:[&quot;[$Description]&quot;,&quot;SUBSTATION + LTC&quot;]},&quot;sp-css-color-WhiteFont&quot;,{&quot;operator&quot;:&quot;:&quot;,&quot;operands&quot;:[{&quot;operator&quot;:&quot;==&quot;,&quot;operands&quot;:[&quot;[$Description]&quot;,&quot;SUBST-STACK&quot;]},&quot;sp-css-color-WhiteFont&quot;,{&quot;operator&quot;:&quot;:&quot;,&quot;operands&quot;:[{&quot;operator&quot;:&quot;==&quot;,&quot;operands&quot;:[&quot;[$Description]&quot;,&quot;SUBWAY&quot;]},&quot;sp-css-color-WhiteFont&quot;,{&quot;operator&quot;:&quot;:&quot;,&quot;operands&quot;:[{&quot;operator&quot;:&quot;==&quot;,&quot;operands&quot;:[&quot;[$Description]&quot;,&quot;Choice 18&quot;]},&quot;sp-css-color-WhiteFont&quot;,{&quot;operator&quot;:&quot;:&quot;,&quot;operands&quot;:[{&quot;operator&quot;:&quot;==&quot;,&quot;operands&quot;:[&quot;[$Description]&quot;,&quot;VAULT1-HP&quot;]},&quot;sp-css-color-WhiteFont&quot;,&quot;&quot;]}]}]}]}]}]}]}]}]}]}]}]}]}]}]}]}]}]}}}]}],&quot;templateId&quot;:&quot;BgColorChoicePill&quot;}\" Required=\"FALSE\" EnforceUniqueValues=\"FALSE\" Indexed=\"FALSE\" FillInChoice=\"TRUE\" ID=\"{434d0b55-745a-432d-8f54-1fe47cb201b4}\" StaticName=\"Description\"><CHOICES><CHOICE>POWER-S</CHOICE><CHOICE>POWER-W</CHOICE><CHOICE>C2</CHOICE><CHOICE>UNITIZED</CHOICE><CHOICE>FLAT FRONT</CHOICE><CHOICE>MALT</CHOICE><CHOICE>MALT + SA</CHOICE><CHOICE>ZIG-ZAG</CHOICE><CHOICE>ZIG-ZAG + SA</CHOICE><CHOICE>PARTS</CHOICE><CHOICE>SPAREPARTS</CHOICE><CHOICE>SUBSTATION</CHOICE><CHOICE>SUBST-STACK</CHOICE><CHOICE>SUBWAY</CHOICE><CHOICE>1PH-VAULT</CHOICE><CHOICE>3PH-VAULT</CHOICE><CHOICE>LTC</CHOICE></CHOICES></Field>","<Field Type=\"Text\" DisplayName=\"JS #\" Required=\"FALSE\" EnforceUniqueValues=\"FALSE\" Indexed=\"FALSE\" MaxLength=\"255\" ID=\"{29bab08c-be67-4a22-88dc-aec82a182635}\" StaticName=\"JS_x0020__x0023_\" Name=\"JS_x0020__x0023_\" />","<Field DisplayName=\"Spec_Revision\" Format=\"Dropdown\" IsModern=\"TRUE\" MaxLength=\"255\" Name=\"Spec_Revision\" Title=\"Spec_Revision\" Type=\"Text\" ID=\"{7c6ec7c9-d9a6-4902-8fe2-1034d3417af4}\" StaticName=\"Spec_Revision\" />","<Field DisplayName=\"Spec_Date\" FriendlyDisplayFormat=\"Disabled\" Format=\"DateOnly\" IsModern=\"TRUE\" Name=\"Spec_Date\" Title=\"Spec_Date\" Type=\"DateTime\" ID=\"{c81050f2-00fe-46fa-a9df-b548963fffbe}\" StaticName=\"Spec_Date\" />","<Field DisplayName=\"Pioneer_Model_Code_TextField\" Format=\"Dropdown\" IsModern=\"TRUE\" MaxLength=\"255\" Name=\"Pioneer_Model_Code_TextField\" Title=\"Pioneer_Model_Code_TextField\" Type=\"Text\" ID=\"{177f08a5-e11b-4532-bd3a-27322f275104}\" StaticName=\"Pioneer_Model_Code_TextField\" />","<Field CommaSeparator=\"TRUE\" CustomUnitOnRight=\"TRUE\" DisplayName=\"Primary Voltage\" Format=\"Dropdown\" IsModern=\"TRUE\" Name=\"PrimaryVoltage\" Percentage=\"FALSE\" Title=\"Primary Voltage\" Type=\"Number\" Unit=\"None\" ID=\"{a5ab48d9-e91c-4c8c-8df3-3075e7c0b1ad}\" StaticName=\"PrimaryVoltage\" />","<Field CommaSeparator=\"TRUE\" CustomUnitOnRight=\"TRUE\" DisplayName=\"Secondary Voltage\" Format=\"Dropdown\" IsModern=\"TRUE\" Name=\"SecondaryVoltage\" Percentage=\"FALSE\" Title=\"Secondary Voltage\" Type=\"Number\" Unit=\"None\" ID=\"{c31aea03-b61c-4593-b76c-eeffaf15ea05}\" StaticName=\"SecondaryVoltage\" />","<Field DisplayName=\"Duplicate_Order_TextField\" Format=\"Dropdown\" IsModern=\"TRUE\" MaxLength=\"255\" Name=\"Duplicate_Order_TextField\" Title=\"Duplicate_Order_TextField\" Type=\"Text\" ID=\"{49030783-c5d0-4757-a82d-a567bd6a7f21}\" StaticName=\"Duplicate_Order_TextField\" />","<Field CustomFormatter=\"{&quot;elmType&quot;:&quot;div&quot;,&quot;style&quot;:{&quot;flex-wrap&quot;:&quot;wrap&quot;,&quot;display&quot;:&quot;flex&quot;},&quot;children&quot;:[{&quot;elmType&quot;:&quot;div&quot;,&quot;style&quot;:{&quot;box-sizing&quot;:&quot;border-box&quot;,&quot;padding&quot;:&quot;4px 8px 5px 8px&quot;,&quot;overflow&quot;:&quot;hidden&quot;,&quot;text-overflow&quot;:&quot;ellipsis&quot;,&quot;display&quot;:&quot;flex&quot;,&quot;border-radius&quot;:&quot;16px&quot;,&quot;height&quot;:&quot;24px&quot;,&quot;align-items&quot;:&quot;center&quot;,&quot;white-space&quot;:&quot;nowrap&quot;,&quot;margin&quot;:&quot;4px 4px 4px 4px&quot;},&quot;attributes&quot;:{&quot;class&quot;:{&quot;operator&quot;:&quot;:&quot;,&quot;operands&quot;:[{&quot;operator&quot;:&quot;==&quot;,&quot;operands&quot;:[&quot;@currentField&quot;,&quot;A&quot;]},&quot;sp-css-backgroundColor-BgCornflowerBlue sp-field-fontSizeSmall sp-css-color-CornflowerBlueFont sp-css-color-CornflowerBlueFont&quot;,{&quot;operator&quot;:&quot;:&quot;,&quot;operands&quot;:[{&quot;operator&quot;:&quot;==&quot;,&quot;operands&quot;:[&quot;@currentField&quot;,&quot;B1&quot;]},&quot;sp-css-backgroundColor-BgMintGreen sp-field-fontSizeSmall sp-css-color-MintGreenFont sp-css-color-MintGreenFont&quot;,{&quot;operator&quot;:&quot;:&quot;,&quot;operands&quot;:[{&quot;operator&quot;:&quot;==&quot;,&quot;operands&quot;:[&quot;@currentField&quot;,&quot;B2&quot;]},&quot;sp-css-backgroundColor-BgGold sp-field-fontSizeSmall sp-css-color-GoldFont sp-css-color-GoldFont&quot;,{&quot;operator&quot;:&quot;:&quot;,&quot;operands&quot;:[{&quot;operator&quot;:&quot;==&quot;,&quot;operands&quot;:[&quot;@currentField&quot;,&quot;&quot;]},&quot;&quot;,{&quot;operator&quot;:&quot;:&quot;,&quot;operands&quot;:[{&quot;operator&quot;:&quot;==&quot;,&quot;operands&quot;:[&quot;@currentField&quot;,&quot;C&quot;]},&quot;sp-css-backgroundColor-BgCoral sp-field-fontSizeSmall sp-css-color-CoralFont sp-css-color-CoralFont&quot;,&quot;sp-field-borderAllRegular sp-field-borderAllSolid sp-css-borderColor-neutralSecondary&quot;]}]}]}]}]}},&quot;children&quot;:[{&quot;elmType&quot;:&quot;span&quot;,&quot;style&quot;:{&quot;overflow&quot;:&quot;hidden&quot;,&quot;text-overflow&quot;:&quot;ellipsis&quot;,&quot;padding&quot;:&quot;0 3px&quot;},&quot;txtContent&quot;:&quot;@currentField&quot;,&quot;attributes&quot;:{&quot;class&quot;:{&quot;operator&quot;:&quot;:&quot;,&quot;operands&quot;:[{&quot;operator&quot;:&quot;==&quot;,&quot;operands&quot;:[&quot;@currentField&quot;,&quot;A&quot;]},&quot;sp-field-fontSizeSmall sp-css-color-CornflowerBlueFont&quot;,{&quot;operator&quot;:&quot;:&quot;,&quot;operands&quot;:[{&quot;operator&quot;:&quot;==&quot;,&quot;operands&quot;:[&quot;@currentField&quot;,&quot;B1&quot;]},&quot;sp-field-fontSizeSmall sp-css-color-MintGreenFont&quot;,{&quot;operator&quot;:&quot;:&quot;,&quot;operands&quot;:[{&quot;operator&quot;:&quot;==&quot;,&quot;operands&quot;:[&quot;@currentField&quot;,&quot;B2&quot;]},&quot;sp-field-fontSizeSmall sp-css-color-GoldFont&quot;,{&quot;operator&quot;:&quot;:&quot;,&quot;operands&quot;:[{&quot;operator&quot;:&quot;==&quot;,&quot;operands&quot;:[&quot;@currentField&quot;,&quot;&quot;]},&quot;&quot;,{&quot;operator&quot;:&quot;:&quot;,&quot;operands&quot;:[{&quot;operator&quot;:&quot;==&quot;,&quot;operands&quot;:[&quot;@currentField&quot;,&quot;C&quot;]},&quot;sp-field-fontSizeSmall sp-css-color-CoralFont&quot;,&quot;&quot;]}]}]}]}]}}}]}],&quot;templateId&quot;:&quot;BgColorChoicePill&quot;}\" DisplayName=\"Family\" FillInChoice=\"FALSE\" Format=\"Dropdown\" IsModern=\"TRUE\" Name=\"Family\" Title=\"Family\" Type=\"Choice\" ID=\"{706942a1-e0dc-445f-bb1a-0237a91f8f78}\" StaticName=\"Family\"><CHOICES><CHOICE>A</CHOICE><CHOICE>B1</CHOICE><CHOICE>B2</CHOICE><CHOICE>C</CHOICE></CHOICES></Field>","<Field ID=\"{82642ec8-ef9b-478f-acf9-31f7d45fbc31}\" ReadOnly=\"TRUE\" Type=\"Computed\" Name=\"LinkTitle\" DisplayName=\"Title\" DisplayNameSrcField=\"Title\" ClassInfo=\"Menu\" AuthoringInfo=\"(linked to item with edit menu)\" ListItemMenuAllowed=\"Required\" LinkToItemAllowed=\"Prohibited\" SourceID=\"http://schemas.microsoft.com/sharepoint/v3\" StaticName=\"LinkTitle\" FromBaseType=\"TRUE\"><FieldRefs><FieldRef Name=\"Title\" /><FieldRef Name=\"LinkTitleNoMenu\" /><FieldRef Name=\"_EditMenuTableStart2\" /><FieldRef Name=\"_EditMenuTableEnd\" /></FieldRefs><DisplayPattern><FieldSwitch><Expr><GetVar Name=\"FreeForm\" /></Expr><Case Value=\"TRUE\"><Field Name=\"LinkTitleNoMenu\" /></Case><Default><HTML><![CDATA[<div class=\"ms-vb itx\" onmouseover=\"OnItem(this)\" CTXName=\"ctx]]></HTML><Field Name=\"_EditMenuTableStart2\" /><HTML><![CDATA[\">]]></HTML><Field Name=\"LinkTitleNoMenu\" /><HTML><![CDATA[</div>]]></HTML><HTML><![CDATA[<div class=\"s4-ctx\" onmouseover=\"OnChildItem(this.parentNode); return false;\">]]></HTML><HTML><![CDATA[<span>&nbsp;</span>]]></HTML><HTML><![CDATA[<a onfocus=\"OnChildItem(this.parentNode.parentNode); return false;\" onclick=\"PopMenuFromChevron(event); return false;\" href=\"javascript:;\" title=\"Open Menu\"></a>]]></HTML><HTML><![CDATA[<span>&nbsp;</span>]]></HTML><HTML><![CDATA[</div>]]></HTML></Default></FieldSwitch></DisplayPattern></Field>"]}
"Model_Revion_ID","Client","Pioneer Model Code","Spec_ID","Spec_Revision","Spec_Date","Client_Model_Code","Notes","Created","Created_By","Modified","Modified_By","Client_ID_TextField","Pioneer_Model_Code_TextField","Model Type","Model Description","kVA","Primary Voltage","Secondary Voltage","Oil Type","Oil Amount","Core Type","JS %23","Phases","Cable","Form","Copper (LV)","Wire (HV)","Overcoil","ID","Duplicate Order","Duplicate_Order_TextField","Family"
"MR-HYQU-0042-V1","HYDRO QUEBEC","M-HYQU-0042",,,,"1001912",,"2026-08-05T17:21:46Z","soleil.anker@ermco-eci.com","2026-08-05T20:00:15Z","soleil.anker@ermco-eci.com","HYQU","M-HYQU-0042","ANNEX","[""ANNEX""]","2,000",,,"A2","1,615","Cogent","32","3","0","10.75x13.5","2x 45*16","2x 102*204","16.75","1",,,
"MR-TOHY-0018-V1","TORONTO HYDRO","M-TOHY-0018","TH-TS-DT-SUB-01",,,"6683213",,"2026-08-05T17:21:47Z","soleil.anker@ermco-eci.com","2026-08-05T20:00:35Z","soleil.anker@ermco-eci.com","TOHY","M-TOHY-0018","SUBMERSIBLE","[""SUBWAY""]","1,000",,,"B2","1,410",,"25","3","na","7.875x13.25","33*14 45*14","114*228","15","2",,,
"MR-ENMA-0005-V1","ENMAX","M-ENMA-0005","506-3T85-003",,,"100306582",,"2026-08-05T17:21:48Z","soleil.anker@ermco-eci.com","2026-08-05T20:00:01Z","soleil.anker@ermco-eci.com","ENMA","M-ENMA-0005","NETWORK","[""NETWORK""]","2,500",,,"Midel","2,180",,,"3","na","6,375x14,375","2x 33*16","2x 128*256","33","3",,,
"MR-ENMA-0024-V1","ENMAX","M-ENMA-0024","506-3T85-003",,,"61200220024",,"2026-08-05T17:21:48Z","soleil.anker@ermco-eci.com","2026-08-05T20:00:04Z","soleil.anker@ermco-eci.com","ENMA","M-ENMA-0024","NETWORK","[""NETWORK""]","750",,,"A2","1,720",,"16","3",,"6.25x13.25","2x 45*16","91*182","16.75","4",,,
"MR-ENMA-0030-V1","ENMAX","M-ENMA-0030","506-3T85-003",,,"61200220056",,"2026-08-05T17:21:52Z","soleil.anker@ermco-eci.com","2026-08-05T20:00:04Z","soleil.anker@ermco-eci.com","ENMA","M-ENMA-0030","NETWORK","[""NETWORK""]","1,500",,,"A2","1,935",,"16","3",,"9x 12.5","2s 45*12","114*228","13.25","5",,,
"MR-ENMA-0033-V1","ENMAX","M-ENMA-0033","506-3T85-003",,,"61200220112",,"2026-08-05T17:21:52Z","soleil.anker@ermco-eci.com","2026-08-05T20:00:05Z","soleil.anker@ermco-eci.com","ENMA","M-ENMA-0033","NETWORK","[""NETWORK""]","500",,,"A2","1,115",,"16","3","na","6x10.25","2x 45*10","11RD","10.75","6",,,
"MR-ENMA-0035-V1","ENMAX","M-ENMA-0035","506-3T85-003",,,"61200220116",,"2026-08-05T17:21:55Z","soleil.anker@ermco-eci.com","2026-08-05T20:00:05Z","soleil.anker@ermco-eci.com","ENMA","M-ENMA-0035","NETWORK","[""NETWORK""]","750",,,"A2","1,140","Cogent","16","3","na","6.875x10.25","2x 45*14","81*162","14.75","7",,,
"MR-ENMA-0036-V1","ENMAX","M-ENMA-0036","506-3T85-003",,,"61200220123",,"2026-08-05T17:21:56Z","soleil.anker@ermco-eci.com","2026-08-05T20:00:05Z","soleil.anker@ermco-eci.com","ENMA","M-ENMA-0036","NETWORK","[""NETWORK""]","750",,,"Midel","1,220",,"16","3","na","7.5x9.25","2x 45*16","81*162","17","8",,,
"MR-ENMA-0041-V1","ENMAX","M-ENMA-0041","506-3T85-003",,,"61200220148",,"2026-08-05T17:21:57Z","soleil.anker@ermco-eci.com","2026-08-05T20:00:05Z","soleil.anker@ermco-eci.com","ENMA","M-ENMA-0041","NETWORK","[""NETWORK""]","1,000",,,"A2","1,350",,"16","3","na","7.375x10.25","45*14","91*182","14.75","9",,,
"MR-LGEN-0002-V1","LG§E","M-LGEN-0002",,,,"1",,"2026-08-05T17:21:59Z","soleil.anker@ermco-eci.com","2026-08-05T20:00:22Z","soleil.anker@ermco-eci.com","LGEN","M-LGEN-0002","ZIG ZAG","[""ZIG ZAG""]","0",,,"B2","1,410",,"22","3","na","7.875x13.25","33*14 45*14","114*228","15","10",,,
"MR-POMT-0001-V1","PORT DE MTL","M-POMT-0001",,,,"10",,"2026-08-05T17:22:01Z","soleil.anker@ermco-eci.com","2026-08-05T20:00:29Z","soleil.anker@ermco-eci.com","POMT","M-POMT-0001","SUBSTATION","[""SUBSTATION""]","1,000",,,"A2","1,561",,"19","3","na","8.125x10.5","2x 45*16","128*256","16.75","11",,,
"MR-TOHY-0034-V1","TORONTO HYDRO","M-TOHY-0034",,,,"1000000920",,"2026-08-05T17:22:02Z","soleil.anker@ermco-eci.com","2026-08-05T20:00:37Z","soleil.anker@ermco-eci.com","TOHY","M-TOHY-0034","SUBMERSIBLE","[""SUBWAY""]","1,500",,,,"0",,,"3",,,,,,"12",,,
"MR-TOHY-0009-V1","TORONTO HYDRO","M-TOHY-0009","TH-TS-DT-NT-01",,,"100000875",,"2026-08-05T17:22:03Z","soleil.anker@ermco-eci.com","2026-08-05T20:00:34Z","soleil.anker@ermco-eci.com","TOHY","M-TOHY-0009","NETWORK","[""NETWORK""]","300",,,"B2","1,390",,"15","3","na","4.875x10.25","2x 45*10","10RD","11","13",,,
"MR-TOHY-0010-V1","TORONTO HYDRO","M-TOHY-0010","mix",,,"100000919",,"2026-08-05T17:22:05Z","soleil.anker@ermco-eci.com","2026-08-05T20:00:34Z","soleil.anker@ermco-eci.com","TOHY","M-TOHY-0010","SUBMERSIBLE","[""SUBWAY""]","1,000",,,"B2","2,350",,"25","3",,"6.75x12.25","2x 0.05*14","114*228","1,475","14",,,
"MR-TOHY-0011-V1","TORONTO HYDRO","M-TOHY-0011","mix",,,"100000920",,"2026-08-05T17:22:06Z","soleil.anker@ermco-eci.com","2026-08-05T20:00:34Z","soleil.anker@ermco-eci.com","TOHY","M-TOHY-0011","NETWORK","[""NETWORK""]","1,500",,,"B2","2,350",,"25","3","na","8.375x13.5","3x 45*14","2x 102*204","15","15",,,
"MR-ALPO-0009-V1","ALABAMA POWER","M-ALPO-0009","SES-PD-197",,,"1000050",,"2026-08-05T17:22:07Z","soleil.anker@ermco-eci.com","2026-08-05T19:59:58Z","soleil.anker@ermco-eci.com","ALPO","M-ALPO-0009","NETWORK","[""NETWORK""]","750",,,"FR3","357",,"16","3","na","6.25x12.25","2x 45*20","81*162","21","16",,,
"MR-HYQU-0040-V1","HYDRO QUEBEC","M-HYQU-0040",,,,"1001608",,"2026-08-05T17:22:09Z","soleil.anker@ermco-eci.com","2026-08-05T20:00:15Z","soleil.anker@ermco-eci.com","HYQU","M-HYQU-0040","C2","[""VAULT-1PH""]","667",,,"A2","700",,"3","1","0","10.375x13.5","2x 50*14","114*228","15","17",,,
"MR-HYQU-0005-V1","HYDRO QUEBEC","M-HYQU-0005","STERD S5/010",,,"1001893-22",,"2026-08-05T17:22:10Z","soleil.anker@ermco-eci.com","2026-08-05T20:00:11Z","soleil.anker@ermco-eci.com","HYQU","M-HYQU-0005","ANNEX","[""ANNEX""]","500",,,"A2","900","Amorphe","32","3","0","7.25x11.75","45*10","10RD","11","18",,,
"MR-HYQU-0041-V1","HYDRO QUEBEC","M-HYQU-0041",,,,"1001903",,"2026-08-05T17:22:11Z","soleil.anker@ermco-eci.com","2026-08-05T20:00:15Z","soleil.anker@ermco-eci.com","HYQU","M-HYQU-0041","ANNEX","[""ANNEX""]","1,000",,,"A2","1,125","Amorphe","32","3","0","7.625x13.25","50*14","102*204","14.75","19",,,
"MR-HYQU-0006-V1","HYDRO QUEBEC","M-HYQU-0006","STERD S5/010",,,"1001903-22",,"2026-08-05T17:22:13Z","soleil.anker@ermco-eci.com","2026-08-05T20:00:12Z","soleil.anker@ermco-eci.com","HYQU","M-HYQU-0006","ANNEX","[""ANNEX""]","1,000",,,"A2","1,170","Amorphe","32","3",,"7.75x14","50*14","102*204","15","20",,,
"MR-HYQU-0007-V1","HYDRO QUEBEC","M-HYQU-0007","STERD S5/010",,,"1001912-22",,"2026-08-05T17:22:14Z","soleil.anker@ermco-eci.com","2026-08-05T20:00:12Z","soleil.anker@ermco-eci.com","HYQU","M-HYQU-0007","ANNEX","[""ANNEX""]","2,000",,,"A2","1,620","Cogent","32","3",,"10,75x13,5","2x 45*16","2x 102*204","16.75","21",,,
"MR-HYQU-0001-V1","HYDRO QUEBEC","M-HYQU-0001",,,,"1001912-22A",,"2026-08-05T17:22:15Z","soleil.anker@ermco-eci.com","2026-08-05T20:00:11Z","soleil.anker@ermco-eci.com","HYQU","M-HYQU-0001","ANNEX","[""ANNEX""]","2,000",,,"A2","1,620","Cogent","32","3",,"10.75x13.5","2x 45*16","2x 102*204","16.75","22",,,
"MR-HYQU-0043-V1","HYDRO QUEBEC","M-HYQU-0043",,,,"1002081",,"2026-08-05T17:22:17Z","soleil.anker@ermco-eci.com","2026-08-05T20:00:16Z","soleil.anker@ermco-eci.com","HYQU","M-HYQU-0043","SUBMERSIBLE","[""SUBWAY-1PH""]","333",,,"A2","720","Cogent","27","1","0","8.875x10.25","50*14","114*228","14.75","23",,,
"MR-HYQU-0008-V1","HYDRO QUEBEC","M-HYQU-0008","STERD S5/011",,,"1002104-22",,"2026-08-05T17:22:18Z","soleil.anker@ermco-eci.com","2026-08-05T20:00:12Z","soleil.anker@ermco-eci.com","HYQU","M-HYQU-0008","SUBMERSIBLE","[""SUBWAY""]","250",,,"A2","670",,"24","1",,"7.125x12.25","33*10 50*10","91*182","11.5","24",,,
"MR-HYQU-0044-V1","HYDRO QUEBEC","M-HYQU-0044",,,,"1002113",,"2026-08-05T17:22:19Z","soleil.anker@ermco-eci.com","2026-08-05T20:00:16Z","soleil.anker@ermco-eci.com","HYQU","M-HYQU-0044","SUBMERSIBLE","[""SUBWAY""]","333",,,"A2","670","Cogent","24","1","na","8.875x10.25","2x 50*14","114*228","14.75","25",,,
"MR-HYQU-0009-V1","HYDRO QUEBEC","M-HYQU-0009","STERD S5/011",,,"1002113-22",,"2026-08-05T17:22:20Z","soleil.anker@ermco-eci.com","2026-08-05T20:00:12Z","soleil.anker@ermco-eci.com","HYQU","M-HYQU-0009","SUBMERSIBLE","[""SUBWAY""]","333",,,"A2","670","Amorphe","24","1","na","8,75x11,75","2x 50*14","114*228","14.75","26",,,
"MR-HYQU-0074-V1","HYDRO QUEBEC","M-HYQU-0074",,,,"1002158-22",,"2026-08-05T17:22:22Z","soleil.anker@ermco-eci.com","2026-08-05T20:00:19Z","soleil.anker@ermco-eci.com","HYQU","M-HYQU-0074","SUBMERSIBLE","[""SUBWAY-1PH""]","250",,,,"0","Amorphe",,"1",,,,,,"27",,,
"MR-HYQU-0075-V1","HYDRO QUEBEC","M-HYQU-0075",,,,"1002178-22",,"2026-08-05T17:22:23Z","soleil.anker@ermco-eci.com","2026-08-05T20:00:19Z","soleil.anker@ermco-eci.com","HYQU","M-HYQU-0075","SUBMERSIBLE","[""SUBWAY-1PH""]","250",,,"A2","490","Amorphe","27","1",,"7.625x11.75","2x 45*12","91*182","13","28",,,
"MR-HYQU-0045-V1","HYDRO QUEBEC","M-HYQU-0045",,,,"1002394",,"2026-08-05T17:22:26Z","soleil.anker@ermco-eci.com","2026-08-05T20:00:16Z","soleil.anker@ermco-eci.com","HYQU","M-HYQU-0045","SUBMERSIBLE","[""SUBWAY""]","500",,,"A2","965","Cogent","24","3","na","8x10.25","33*14","91*182","14.75","29",,,
"MR-HYQU-0012-V1","HYDRO QUEBEC","M-HYQU-0012","STERD S5/012",,,"1002394-22",,"2026-08-05T17:22:26Z","soleil.anker@ermco-eci.com","2026-08-05T20:00:12Z","soleil.anker@ermco-eci.com","HYQU","M-HYQU-0012","SUBMERSIBLE","[""SUBWAY""]","500",,,"A2","1,010","Amorphe","24","3","0","8.75x8.875","33*14","81*162","15","30",,,
"MR-HYQU-0046-V1","HYDRO QUEBEC","M-HYQU-0046",,,,"1002403",,"2026-08-05T17:22:29Z","soleil.anker@ermco-eci.com","2026-08-05T20:00:16Z","soleil.anker@ermco-eci.com","HYQU","M-HYQU-0046","SUBMERSIBLE","[""SUBWAY""]","1,000",,,"A2","1,810","Amorphe","25","3","na","10.375x13.25","33*16 46*16","128*256","17.25","31",,,
"MR-HYQU-0013-V1","HYDRO QUEBEC","M-HYQU-0013","STERD S5/012",,,"1002403-22",,"2026-08-05T17:22:30Z","soleil.anker@ermco-eci.com","2026-08-05T20:00:12Z","soleil.anker@ermco-eci.com","HYQU","M-HYQU-0013","SUBMERSIBLE","[""SUBWAY""]","1,000",,,"A2","1,510","Amorphe","25","3","na","10.375x11.75","33*14 50*14","128*256","15","32",,,
"MR-HYQU-0047-V1","HYDRO QUEBEC","M-HYQU-0047",,,,"1002417",,"2026-08-05T17:22:33Z","soleil.anker@ermco-eci.com","2026-08-05T20:00:16Z","soleil.anker@ermco-eci.com","HYQU","M-HYQU-0047","SUBMERSIBLE","[""SUBWAY""]","300",,,"A2","810",,"24","3","na","6x10.25","20*12","11RD","13.5","33",,,
"MR-HYQU-0048-V1","HYDRO QUEBEC","M-HYQU-0048",,,,"1002458",,"2026-08-05T17:22:33Z","soleil.anker@ermco-eci.com","2026-08-05T20:00:16Z","soleil.anker@ermco-eci.com","HYQU","M-HYQU-0048","SUBMERSIBLE","[""SUBWAY""]","167",,,"A2","220","Cogent","24","1","0","6.625x12.25","2x 33*12","91*182","13","34",,,
"MR-HYQU-0014-V1","HYDRO QUEBEC","M-HYQU-0014","STERD S5/011",,,"1002458-22",,"2026-08-05T17:22:35Z","soleil.anker@ermco-eci.com","2026-08-05T20:00:12Z","soleil.anker@ermco-eci.com","HYQU","M-HYQU-0014","SUBMERSIBLE","[""SUBWAY""]","167",,,"A2","260","Amorphe","24","1","0","7,875x11,75","2x 33*12","81*162","12.75","35",,,
"MR-HYQU-0015-V1","HYDRO QUEBEC","M-HYQU-0015","STERD S5/008",,,"1002551-22",,"2026-08-05T17:22:36Z","soleil.anker@ermco-eci.com","2026-08-05T20:00:13Z","soleil.anker@ermco-eci.com","HYQU","M-HYQU-0015","MINPAD","[""MINPAD-1PH""]","100",,,"A2","360","Amorphe","1","1","0","7.25x8.875","33*12","11.5RD","12.75","36",,,
"MR-PITR-0001-V1","PIONEER TRANSFORMERS","M-PITR-0001",,,,"1002560-22",,"2026-08-05T17:22:38Z","soleil.anker@ermco-eci.com","2026-08-05T20:00:28Z","soleil.anker@ermco-eci.com","PITR","M-PITR-0001","PROTO MINIPAD","[""PROTOTYPE""]","100",,,"A2","360",,"1","1",,,,,,"37",,,
"MR-HYQU-0049-V1","HYDRO QUEBEC","M-HYQU-0049",,,,"1002801",,"2026-08-05T17:22:39Z","soleil.anker@ermco-eci.com","2026-08-05T20:00:16Z","soleil.anker@ermco-eci.com","HYQU","M-HYQU-0049","PADMOUNT","[""PADMOUNT""]","750",,,"A2","1,685","Cogent","5","3","0","7.25x10.25","45*12","91*182","13","38",,,
"MR-HYQU-0016-V1","HYDRO QUEBEC","M-HYQU-0016","STERD S5/009",,,"1002801-22",,"2026-08-05T17:22:40Z","soleil.anker@ermco-eci.com","2026-08-05T20:00:13Z","soleil.anker@ermco-eci.com","HYQU","M-HYQU-0016","PADMOUNT","[""PADMOUNT""]","750",,,"A2","1,650","Cogent","5","3","0","7,5x12,25","45*14","91*182","15","39",,,
"MR-HYQU-0050-V1","HYDRO QUEBEC","M-HYQU-0050",,,,"1002812",,"2026-08-05T17:22:41Z","soleil.anker@ermco-eci.com","2026-08-05T20:00:16Z","soleil.anker@ermco-eci.com","HYQU","M-HYQU-0050","PADMOUNT","[""PADMOUNT""]","1,500",,,"A2","1,805",,"5","3","0","10x13.5","2x 45*16","128*256","16.75","40",,,
"MR-HYQU-0017-V1","HYDRO QUEBEC","M-HYQU-0017","STERD S5/009",,,"1002812-22",,"2026-08-05T17:22:43Z","soleil.anker@ermco-eci.com","2026-08-05T20:00:13Z","soleil.anker@ermco-eci.com","HYQU","M-HYQU-0017","PADMOUNT","[""PADMOUNT""]","1,500",,,"A2","1,810","Cogent","5","3","0","10x13.5","2x 45*16","128*256","17","41",,,
"MR-HYQU-0051-V1","HYDRO QUEBEC","M-HYQU-0051",,,,"1002817",,"2026-08-05T17:22:43Z","soleil.anker@ermco-eci.com","2026-08-05T20:00:17Z","soleil.anker@ermco-eci.com","HYQU","M-HYQU-0051","PADMOUNT","[""PADMOUNT""]","2,500",,,"A2","1,845","Cogent","5","3","0","10.375x13.5","2x 45*16","2x 114*228","17","42",,,
"MR-HYQU-0018-V1","HYDRO QUEBEC","M-HYQU-0018","STERD S5/009",,,"1002817-22",,"2026-08-05T17:22:45Z","soleil.anker@ermco-eci.com","2026-08-05T20:00:13Z","soleil.anker@ermco-eci.com","HYQU","M-HYQU-0018","PADMOUNT","[""PADMOUNT""]","2,500",,,"A2","1,840","Cogent","5","3","0","10,375x13,5","2x 45*16","2x 114*228","17","43",,,
"MR-HYQU-0019-V1","HYDRO QUEBEC","M-HYQU-0019","STERD S5/009",,,"1002839-22",,"2026-08-05T17:22:46Z","soleil.anker@ermco-eci.com","2026-08-05T20:00:13Z","soleil.anker@ermco-eci.com","HYQU","M-HYQU-0019","PADMOUNT","[""PADMOUNT""]","500",,,"A2","1,170","Cogent","4","3","0","7.75*10.25","45*10","9RD","11.5","44",,,
"MR-HYQU-0052-V1","HYDRO QUEBEC","M-HYQU-0052",,,,"1002846",,"2026-08-05T17:22:48Z","soleil.anker@ermco-eci.com","2026-08-05T20:00:17Z","soleil.anker@ermco-eci.com","HYQU","M-HYQU-0052","PADMOUNT","[""PADMOUNT""]","750",,,"A2","1,615","Cogent","5","3",,"7*10.25","45*12","91*182","13","45",,,
"MR-HYQU-0020-V1","HYDRO QUEBEC","M-HYQU-0020","STERD S5/009",,,"1002846-22",,"2026-08-05T17:22:49Z","soleil.anker@ermco-eci.com","2026-08-05T20:00:13Z","soleil.anker@ermco-eci.com","HYQU","M-HYQU-0020","PADMOUNT","[""PADMOUNT""]","750",,,"A2","1,620","Cogent","5","3","0","7.5*10.25","45*12","91*182","13.25","46",,,
"MR-HYQU-0053-V1","HYDRO QUEBEC","M-HYQU-0053",,,,"1002851",,"2026-08-05T17:22:51Z","soleil.anker@ermco-eci.com","2026-08-05T20:00:17Z","soleil.anker@ermco-eci.com","HYQU","M-HYQU-0053","PADMOUNT","[""PADMOUNT""]","1,500",,,"A2","1,835","Cogent","5","3","0","9.875x13.5","2x 45*14","128*256","14.75","47",,,
"MR-HYQU-0021-V1","HYDRO QUEBEC","M-HYQU-0021","STERD S5/009",,,"1002851-22",,"2026-08-05T17:22:52Z","soleil.anker@ermco-eci.com","2026-08-05T20:00:13Z","soleil.anker@ermco-eci.com","HYQU","M-HYQU-0021","PADMOUNT","[""PADMOUNT""]","1,500",,,"A2","1,820","Cogent","5","3","0","9.875x13.5","2x 45*14","128*256","15","48",,,
"MR-HYQU-0054-V1","HYDRO QUEBEC","M-HYQU-0054",,,,"1002859",,"2026-08-05T17:22:55Z","soleil.anker@ermco-eci.com","2026-08-05T20:00:17Z","soleil.anker@ermco-eci.com","HYQU","M-HYQU-0054","PADMOUNT","[""PADMOUNT""]","2,500",,,"A2","1,845",,"5","3","0","10.375x13.5","2x 45*16","2x 114*228","17","49",,,
"MR-HYQU-0022-V1","HYDRO QUEBEC","M-HYQU-0022","STERD S5/009",,,"1002859-22",,"2026-08-05T17:22:55Z","soleil.anker@ermco-eci.com","2026-08-05T20:00:13Z","soleil.anker@ermco-eci.com","HYQU","M-HYQU-0022","PADMOUNT","[""PADMOUNT""]","2,500",,,"A2","1,850","Cogent","5","3","0","10.375x13.5","2x 45*16","2x 114*228","17","50",,,
"MR-HYQU-0023-V1","HYDRO QUEBEC","M-HYQU-0023","STERD S5/009",,,"1002882-22",,"2026-08-05T17:22:58Z","soleil.anker@ermco-eci.com","2026-08-05T20:00:13Z","soleil.anker@ermco-eci.com","HYQU","M-HYQU-0023","PADMOUNT","[""PADMOUNT""]","750",,,"A2",,"Cogent","5",,"?","7.5x12.25","45x14","91x182","15","51",,,
"MR-HYQU-0055-V1","HYDRO QUEBEC","M-HYQU-0055",,,,"1002890",,"2026-08-05T17:22:59Z","soleil.anker@ermco-eci.com","2026-08-05T20:00:17Z","soleil.anker@ermco-eci.com","HYQU","M-HYQU-0055","PADMOUNT","[""PADMOUNT""]","1,500",,,"A2","1,125",,"5","3","0","10x13.5","2x 45*16","128*256","16.75","52",,,
"MR-HYQU-0024-V1","HYDRO QUEBEC","M-HYQU-0024","STERD S5/009",,,"1002890-22",,"2026-08-05T17:23:01Z","soleil.anker@ermco-eci.com","2026-08-05T20:00:13Z","soleil.anker@ermco-eci.com","HYQU","M-HYQU-0024","PADMOUNT","[""PADMOUNT""]","1,500",,,"A2","1,810","Cogent","5","3",,"10x13.5","2x 45*16","128*256","17","53",,,
"MR-ENMA-0002-V1","ENMAX","M-ENMA-0002","506-3T85-003",,,"100305181",,"2026-08-05T17:23:03Z","soleil.anker@ermco-eci.com","2026-08-05T19:47:30Z","soleil.anker@ermco-eci.com","ENMA","M-ENMA-0002","NETWORK",,"0",,,,,,,,,,,,,"54",,,
"MR-ENMA-0003-V1","ENMAX","M-ENMA-0003","506-3T85-003",,,"100305186",,"2026-08-05T17:23:05Z","soleil.anker@ermco-eci.com","2026-08-05T19:47:30Z","soleil.anker@ermco-eci.com","ENMA","M-ENMA-0003","NETWORK",,"0",,,,,,,,,,,,,"55",,,
"MR-ENMA-0004-V1","ENMAX","M-ENMA-0004","506-3T85-003",,,"100305187",,"2026-08-05T17:23:07Z","soleil.anker@ermco-eci.com","2026-08-05T19:47:31Z","soleil.anker@ermco-eci.com","ENMA","M-ENMA-0004","NETWORK",,"0",,,,,,,,,,,,,"56",,,
"MR-ENMA-0006-V1","ENMAX","M-ENMA-0006","506-3T85-003",,,"100306583",,"2026-08-05T17:23:09Z","soleil.anker@ermco-eci.com","2026-08-05T20:00:01Z","soleil.anker@ermco-eci.com","ENMA","M-ENMA-0006","NETWORK","[""NETWORK""]","2,500",,,"MIDEL","2,180","Cogent","16","3","na","6,375x14,375","2x 33*32","2x 128*256","33","57",,,
"MR-ENMA-0007-V1","ENMAX","M-ENMA-0007","506-3T85-003",,,"100309628",,"2026-08-05T17:23:10Z","soleil.anker@ermco-eci.com","2026-08-05T20:00:02Z","soleil.anker@ermco-eci.com","ENMA","M-ENMA-0007","NETWORK","[""NETWORK""]","750",,,,"0","Cogent","16",,"na","7.25x10.25","2x 45*14","11 RD","15.5","58",,,
"MR-ENMA-0008-V1","ENMAX","M-ENMA-0008","506-3T85-003",,,"100309629",,"2026-08-05T17:23:13Z","soleil.anker@ermco-eci.com","2026-08-05T20:00:02Z","soleil.anker@ermco-eci.com","ENMA","M-ENMA-0008","NETWORK","[""NETWORK""]","750",,,,"0",,"16",,"na","7.25x10.25","2x 45*14","11 RD","15.5","59",,,
"MR-ENMA-0009-V1","ENMAX","M-ENMA-0009","506-3T85-003",,,"100309837",,"2026-08-05T17:23:15Z","soleil.anker@ermco-eci.com","2026-08-05T20:00:02Z","soleil.anker@ermco-eci.com","ENMA","M-ENMA-0009","NETWORK","[""NETWORK""]","1,000",,,,,,"16",,,"7.625x10.25","2x 50*16","10.5 RD","17","60",,,
"MR-ENMA-0010-V1","ENMAX","M-ENMA-0010","506-3T85-003",,,"100309838",,"2026-08-05T17:23:17Z","soleil.anker@ermco-eci.com","2026-08-05T20:00:02Z","soleil.anker@ermco-eci.com","ENMA","M-ENMA-0010","NETWORK","[""NETWORK""]","1,000",,,,,,"16",,,"7.625x10.25","2x 50*16","10.5 RD","17","61",,,
"MR-ENMA-0011-V1","ENMAX","M-ENMA-0011","506-3T85-003",,,"100310233",,"2026-08-05T17:23:19Z","soleil.anker@ermco-eci.com","2026-08-05T20:00:02Z","soleil.anker@ermco-eci.com","ENMA","M-ENMA-0011","NETWORK","[""NETWORK""]","2,500",,,"Midel","2,570",,"16","3","na","8.625x12.5","33*28 45*28","91*182","29","62",,,
"MR-ENMA-0012-V1","ENMAX","M-ENMA-0012","506-3T85-003",,,"100310236",,"2026-08-05T17:23:22Z","soleil.anker@ermco-eci.com","2026-08-05T20:00:02Z","soleil.anker@ermco-eci.com","ENMA","M-ENMA-0012","NETWORK","[""NETWORK""]","2,500",,,"Midel","2,570",,"16","3","na","8.625x12.5","33*28 45*28","91*182","29","63",,,
"MR-ENMA-0047-V1","ENMAX","M-ENMA-0047",,,,"100311773",,"2026-08-05T17:23:24Z","soleil.anker@ermco-eci.com","2026-08-05T20:00:06Z","soleil.anker@ermco-eci.com","ENMA","M-ENMA-0047","NETWORK","[""NETWORK""]","750",,,"Midel","1,350",,"16","3","na","7.25x10.25","2x 45*14","11RD","15.5","64",,,
"MR-ENMA-0013-V1","ENMAX","M-ENMA-0013",,,,"100311774",,"2026-08-05T17:23:25Z","soleil.anker@ermco-eci.com","2026-08-05T20:00:02Z","soleil.anker@ermco-eci.com","ENMA","M-ENMA-0013","NETWORK","[""NETWORK""]","750",,,"Midel","1,350",,"16","3","na","7.25x10.25","2x 45*14","11RD","15.5","65",,,
"MR-ENMA-0048-V1","ENMAX","M-ENMA-0048",,,,"100311912",,"2026-08-05T17:23:26Z","soleil.anker@ermco-eci.com","2026-08-05T20:00:06Z","soleil.anker@ermco-eci.com","ENMA","M-ENMA-0048","NETWORK","[""NETWORK""]","2,000",,,,"0",,"16","3",,"9x14.5","2x 45*20","2x 102*204","20.75","66",,,
"MR-ENMA-0049-V1","ENMAX","M-ENMA-0049",,,,"100311913",,"2026-08-05T17:23:28Z","soleil.anker@ermco-eci.com","2026-08-05T20:00:06Z","soleil.anker@ermco-eci.com","ENMA","M-ENMA-0049","NETWORK","[""NETWORK""]","2,000",,,,"0",,"16","3",,"9x14.5","2x 45*20","2x 102*204","20.75","67",,,
"MR-ENMA-0014-V1","ENMAX","M-ENMA-0014","506-3T85-003",,,"100311915",,"2026-08-05T17:23:28Z","soleil.anker@ermco-eci.com","2026-08-05T20:00:02Z","soleil.anker@ermco-eci.com","ENMA","M-ENMA-0014","NETWORK","[""NETWORK""]","1,500",,,"Midel","2,010",,"16","3",,"9.125x12.5","33*16 45*16","128*256","16.75","68",,,
"MR-ENMA-0042-V1","ENMAX","M-ENMA-0042","506-3T85-003",,,"100311916",,"2026-08-05T17:23:30Z","soleil.anker@ermco-eci.com","2026-08-05T20:00:06Z","soleil.anker@ermco-eci.com","ENMA","M-ENMA-0042","NETWORK","[""NETWORK""]","1,500",,,"Midel","2,010",,"16","3",,"9.125x12.5","33*16 45*16","128*256","16.75","69",,,
"MR-ENMA-0015-V1","ENMAX","M-ENMA-0015","506-3T85-003",,,"100311917",,"2026-08-05T17:23:32Z","soleil.anker@ermco-eci.com","2026-08-05T20:00:02Z","soleil.anker@ermco-eci.com","ENMA","M-ENMA-0015","NETWORK","[""NETWORK""]","1,000",,,"Midel","1,570",,"16","3",,"8.5x10.25","50*14","91*182","14.75","70",,,
"MR-ENMA-0016-V1","ENMAX","M-ENMA-0016","506-3T85-003",,,"100311918",,"2026-08-05T17:23:32Z","soleil.anker@ermco-eci.com","2026-08-05T20:00:02Z","soleil.anker@ermco-eci.com","ENMA","M-ENMA-0016","NETWORK","[""NETWORK""]","1,000",,,"Midel","1,570",,"16","3",,"8.5x10.25","50*14","91*182","14.75","71",,,
"MR-ENMA-0050-V1","ENMAX","M-ENMA-0050",,,,"100311925",,"2026-08-05T17:23:34Z","soleil.anker@ermco-eci.com","2026-08-05T20:00:06Z","soleil.anker@ermco-eci.com","ENMA","M-ENMA-0050","NETWORK","[""NETWORK""]","1,000",,,"Midel","1,500",,"16","3",,"8.125x10.25","3x 45*20","114*228","21","72",,,
"MR-ENMA-0051-V1","ENMAX","M-ENMA-0051",,,,"100311926",,"2026-08-05T17:23:35Z","soleil.anker@ermco-eci.com","2026-08-05T20:00:07Z","soleil.anker@ermco-eci.com","ENMA","M-ENMA-0051","NETWORK","[""NETWORK""]","1,000",,,"Midel","1,500",,"16","3",,"8.125x10.25","3x 45*20","114*228","21","73",,,
"MR-ENMA-0017-V1","ENMAX","M-ENMA-0017","506-3T85-003",,,"100311927",,"2026-08-05T17:23:37Z","soleil.anker@ermco-eci.com","2026-08-05T20:00:03Z","soleil.anker@ermco-eci.com","ENMA","M-ENMA-0017","NETWORK","[""NETWORK""]","750",,,"Midel","1,220",,"16","3",,"7.5x9.25","2x 45*16","81*162","17","74",,,
"MR-ENMA-0018-V1","ENMAX","M-ENMA-0018","506-3T85-003",,,"100311928",,"2026-08-05T17:23:37Z","soleil.anker@ermco-eci.com","2026-08-05T20:00:03Z","soleil.anker@ermco-eci.com","ENMA","M-ENMA-0018","NETWORK","[""NETWORK""]","750",,,"Midel","1,220",,"16","3",,"7.5x9.25","2x 45*16","81*162","17","75",,,
"MR-ENMA-0052-V1","ENMAX","M-ENMA-0052",,,,"100311929",,"2026-08-05T17:23:39Z","soleil.anker@ermco-eci.com","2026-08-05T20:00:07Z","soleil.anker@ermco-eci.com","ENMA","M-ENMA-0052","NETWORK","[""NETWORK""]","500",,,"Midel","1,170",,"24","3","na","12x14.5","3x 45*18","4x114*228","19","76",,,
"MR-ENMA-0053-V1","ENMAX","M-ENMA-0053",,,,"100311930",,"2026-08-05T17:23:40Z","soleil.anker@ermco-eci.com","2026-08-05T20:00:07Z","soleil.anker@ermco-eci.com","ENMA","M-ENMA-0053","NETWORK","[""NETWORK""]","500",,,"Midel","1,170",,"24","3",,"6.5x9.25","2x 33*14","10RD","15","77",,,
"MR-MAGA-0008-V1","MADISON GAS § ELECTRIC","M-MAGA-0008",,,,"104129",,"2026-08-05T17:23:42Z","soleil.anker@ermco-eci.com","2026-08-05T20:00:24Z","soleil.anker@ermco-eci.com","MAGA","M-MAGA-0008","NETWORK","[""NETWORK""]","500",,,"FR3","320",,"15","3","na","5.75x10.25","2x 50*12","9RD","13","78",,,
"MR-MAGA-0009-V1","MADISON GAS § ELECTRIC","M-MAGA-0009",,,,"104130",,"2026-08-05T17:23:43Z","soleil.anker@ermco-eci.com","2026-08-05T20:00:24Z","soleil.anker@ermco-eci.com","MAGA","M-MAGA-0009","NETWORK","[""NETWORK""]","750",,,"FR3","330",,"16","3",,"6,375x10,25","2x 50*16","102*204","1,675","79",,,
"MR-MAGA-0010-V1","MADISON GAS § ELECTRIC","M-MAGA-0010",,,,"104131",,"2026-08-05T17:23:43Z","soleil.anker@ermco-eci.com","2026-08-05T20:00:25Z","soleil.anker@ermco-eci.com","MAGA","M-MAGA-0010","NETWORK","[""NETWORK""]","750",,,"FR3","355",,"16","3",,"7x10.25","50*12","91*182","12.75","80",,,
"MR-MAGA-0011-V1","MADISON GAS § ELECTRIC","M-MAGA-0011",,,,"104132",,"2026-08-05T17:23:46Z","soleil.anker@ermco-eci.com","2026-08-05T20:00:25Z","soleil.anker@ermco-eci.com","MAGA","M-MAGA-0011","NETWORK","[""NETWORK""]","1,500",,,"FR3","485",,"16","3",,"7x12,25","2x 50*16","114*228","14.75","81",,,
"MR-KBAU-0001-V1","KBS Austin","M-KBAU-0001",,,,"1044322",,"2026-08-05T17:23:46Z","soleil.anker@ermco-eci.com","2026-08-05T20:00:21Z","soleil.anker@ermco-eci.com","KBAU","M-KBAU-0001","NETWORK","[""NETWORK""]","2,500",,,"FR3","2,410","Annexe","21","3",,"7.875x12.5","4x 50*16","2x 128*256","33","82",,,
"MR-LGEN-0003-V1","LG§E","M-LGEN-0003","LGE062395NET3",,,"1073119",,"2026-08-05T17:23:47Z","soleil.anker@ermco-eci.com","2026-08-05T20:00:22Z","soleil.anker@ermco-eci.com","LGEN","M-LGEN-0003","NETWORK","[""NETWORK""]","500",,,"FR3","266",,"15","3",,"5.75x9.25","2x 0.05*14","81*162","14.75","83",,,
"MR-LGEN-0004-V1","LG§E","M-LGEN-0004","LG&E and KU ENERGY",,,"1073127",,"2026-08-05T17:23:49Z","soleil.anker@ermco-eci.com","2026-08-05T20:00:22Z","soleil.anker@ermco-eci.com","LGEN","M-LGEN-0004","NETWORK","[""NETWORK""]","750",,,"FR3","315",,"16","3","na","6.875x10.25","2x 50*16","102*204","17","84",,,
"MR-LGEN-0005-V1","LG§E","M-LGEN-0005","LG&E and KU ENERGY",,,"1073135",,"2026-08-05T17:23:50Z","soleil.anker@ermco-eci.com","2026-08-05T20:00:23Z","soleil.anker@ermco-eci.com","LGEN","M-LGEN-0005","NETWORK","[""NETWORK""]","1,000",,,"FR3","345",,"16","3","0","6.25x13.25","3x 45*20","114*228","21","85",,,
"MR-LGEN-0006-V1","LG§E","M-LGEN-0006","09-18-2017",,,"1073186",,"2026-08-05T17:23:51Z","soleil.anker@ermco-eci.com","2026-08-05T20:00:23Z","soleil.anker@ermco-eci.com","LGEN","M-LGEN-0006","NETWORK","[""NETWORK""]","750",,,"FR3","340",,"16","3","0","7.5x9.25","50*14","91*182","14.75","86",,,
"MR-LGEN-0007-V1","LG§E","M-LGEN-0007","LG&E and KU ENERGY",,,"1073194",,"2026-08-05T17:23:53Z","soleil.anker@ermco-eci.com","2026-08-05T20:00:23Z","soleil.anker@ermco-eci.com","LGEN","M-LGEN-0007","NETWORK","[""NETWORK""]","1,000",,,"FR3","375",,"16","3","0","7x12.25","33*14 45*14","114*228","14.75","87",,,
"MR-XCEN-0001-V1","XCEL ENERGY NORTHERN","M-XCEN-0001","6110.0701",,,"108860",,"2026-08-05T17:23:54Z","soleil.anker@ermco-eci.com","2026-08-05T20:00:38Z","soleil.anker@ermco-eci.com","XCEN","M-XCEN-0001","NETWORK","[""NETWORK""]","750",,,"FR3","325",,"16","3","na","6.5x10.25","2x 50*16","102*204","16.75","88",,,
"M-XCEN-0002","XCEL ENERGY NORTHERN","M-XCEN-0002","6110.0701",,,"108863",,"2026-08-05T17:23:56Z","soleil.anker@ermco-eci.com","2026-08-10T14:49:01Z","dominic.lague@pioneertransformers.com","XCEN","M-XCEN-0002","NETWORK","[""NETWORK""]","1,000",,,"FR3","375",,"16","3","na","7x10.25","2x 45*24","128*256","24.75","89",,,
"MR-XCEN-0003-V1","XCEL ENERGY NORTHERN","M-XCEN-0003","6110.0701",,,"108864",,"2026-08-05T17:23:56Z","soleil.anker@ermco-eci.com","2026-08-05T20:00:38Z","soleil.anker@ermco-eci.com","XCEN","M-XCEN-0003","NETWORK","[""NETWORK""]","750",,,"FR3","355",,"16","3","na","6.375x10.25","50*14","91*182","14.75","90",,,
"MR-XCEN-0004-V1","XCEL ENERGY NORTHERN","M-XCEN-0004","6110.0701",,,"108865",,"2026-08-05T17:23:58Z","soleil.anker@ermco-eci.com","2026-08-05T19:47:35Z","soleil.anker@ermco-eci.com","XCEN","M-XCEN-0004",,,"0",,,,,,,,,,,,,"91",,,
"MR-XCEN-0005-V1","XCEL ENERGY NORTHERN","M-XCEN-0005","6110.0701",,,"108866",,"2026-08-05T17:23:59Z","soleil.anker@ermco-eci.com","2026-08-05T20:00:38Z","soleil.anker@ermco-eci.com","XCEN","M-XCEN-0005","NETWORK","[""NETWORK""]","1,500",,,"FR3","545",,"16","3","0","6.875x12.5","2x 45*20","128*256","20.75","92",,,
"MR-HYQU-0056-V1","HYDRO QUEBEC","M-HYQU-0056",,,,"1089550",,"2026-08-05T17:24:01Z","soleil.anker@ermco-eci.com","2026-08-05T20:00:17Z","soleil.anker@ermco-eci.com","HYQU","M-HYQU-0056","PADMOUNT","[""PADMOUNT""]","500",,,"A2","1,125",,"5","3","0","6.75x10.25","45*12","9RD","12.75","93",,,
"MR-HYQU-0025-V1","HYDRO QUEBEC","M-HYQU-0025","STERD S5/009",,,"1089550-22",,"2026-08-05T17:24:02Z","soleil.anker@ermco-eci.com","2026-08-05T20:00:14Z","soleil.anker@ermco-eci.com","HYQU","M-HYQU-0025","PADMOUNT","[""PADMOUNT""]","500",,,"A2","1,140","Amorphe","4","3",,"7.25x11.75","33*12","9RD","13.5","94",,,
"MR-HYQU-0026-V1","HYDRO QUEBEC","M-HYQU-0026","MYDS-065-1-78-4",,,"1120261-22",,"2026-08-05T17:24:03Z","soleil.anker@ermco-eci.com","2026-08-05T20:00:14Z","soleil.anker@ermco-eci.com","HYQU","M-HYQU-0026","ANNEX","[""ANNEX""]","667",,,,,,,,,,,,,"95",,,
"MR-MAGA-0012-V1","MADISON GAS § ELECTRIC","M-MAGA-0012",,,,"114282",,"2026-08-05T17:24:04Z","soleil.anker@ermco-eci.com","2026-08-05T20:00:25Z","soleil.anker@ermco-eci.com","MAGA","M-MAGA-0012","NETWORK","[""NETWORK""]","750",,,"FR3","354",,"16","3","na","6.375x10.25","2x 50*16","102*204","16.75","96",,,
"MR-HYQU-0027-V1","HYDRO QUEBEC","M-HYQU-0027","STERD S5/009",,,"1144341-22",,"2026-08-05T17:24:06Z","soleil.anker@ermco-eci.com","2026-08-05T20:00:14Z","soleil.anker@ermco-eci.com","HYQU","M-HYQU-0027","PADMOUNT","[""PADMOUNT""]","1,500",,,"A2","1,820",,"5","3",,"9x13.5","33*16 50*16","114*228","17","97",,,
"MR-HYQU-0057-V1","HYDRO QUEBEC","M-HYQU-0057",,,,"1146703",,"2026-08-05T17:24:07Z","soleil.anker@ermco-eci.com","2026-08-05T20:00:17Z","soleil.anker@ermco-eci.com","HYQU","M-HYQU-0057","PADMOUNT","[""PADMOUNT""]","2,500",,,"A2","2,270","Cogent","5","3","*","10.5x13.5","2x 45*24","2x 114*228","25","98",,,
"MR-HYQU-0028-V1","HYDRO QUEBEC","M-HYQU-0028","STERD S5/009",,,"1146703-22",,"2026-08-05T17:24:09Z","soleil.anker@ermco-eci.com","2026-08-05T20:00:14Z","soleil.anker@ermco-eci.com","HYQU","M-HYQU-0028","PADMOUNT","[""PADMOUNT""]","2,500",,,"A2","2,270",,"5","3","0","10.5x13.5","2x 45*24","2x 114*228","25","99",,,
"MR-MEEN-0001-V1","MEG Energy","M-MEEN-0001",,,,"1147005",,"2026-08-05T17:24:09Z","soleil.anker@ermco-eci.com","2026-08-05T20:00:25Z","soleil.anker@ermco-eci.com","MEEN","M-MEEN-0001","Substation","[""SUBSTATION""]","7,500",,,,,,,"3",,,,,,"100",,,
"MR-MEEN-0002-V1","MEG Energy","M-MEEN-0002",,,,"1147006",,"2026-08-05T17:24:11Z","soleil.anker@ermco-eci.com","2026-08-05T20:00:25Z","soleil.anker@ermco-eci.com","MEEN","M-MEEN-0002","Substation","[""SUBSTATION""]","2,500",,,,,,,"3",,,,,,"101",,,
"MR-MEEN-0003-V1","MEG Energy","M-MEEN-0003",,,,"1147007",,"2026-08-05T17:24:12Z","soleil.anker@ermco-eci.com","2026-08-05T20:00:26Z","soleil.anker@ermco-eci.com","MEEN","M-MEEN-0003","Substation","[""SUBSTATION""]","2,500",,,,,,,"3",,,,,,"102",,,
"MR-MEEN-0004-V1","MEG Energy","M-MEEN-0004",,,,"1147011",,"2026-08-05T17:24:15Z","soleil.anker@ermco-eci.com","2026-08-05T20:00:26Z","soleil.anker@ermco-eci.com","MEEN","M-MEEN-0004","Substation","[""SUBSTATION""]","7,500",,,,,,,"3",,,,,,"103",,,
"MR-MEEN-0005-V1","MEG Energy","M-MEEN-0005",,,,"1147012",,"2026-08-05T17:24:15Z","soleil.anker@ermco-eci.com","2026-08-05T20:00:26Z","soleil.anker@ermco-eci.com","MEEN","M-MEEN-0005","Substation","[""SUBSTATION""]","1,500",,,,,,,"3",,,,,,"104",,,
"MR-HYQU-0029-V1","HYDRO QUEBEC","M-HYQU-0029",,,,"1149646-22",,"2026-08-05T17:24:17Z","soleil.anker@ermco-eci.com","2026-08-05T20:00:14Z","soleil.anker@ermco-eci.com","HYQU","M-HYQU-0029","PADMOUNT","[""PADMOUNT""]","500",,,,,,,,,,,,,"105",,,
"MR-HYQU-0037-V1","HYDRO QUEBEC","M-HYQU-0037","1600-00/20-070",,,"1149647-22",,"2026-08-05T17:24:18Z","soleil.anker@ermco-eci.com","2026-08-05T20:00:15Z","soleil.anker@ermco-eci.com","HYQU","M-HYQU-0037","PADMOUNT","[""PADMOUNT""]","750",,,"A2","1,655","Amorphe",,"3",,"7.5x12.25","45*14","91*182","15","106",,,
"MR-HYQU-0030-V1","HYDRO QUEBEC","M-HYQU-0030","STERD S5/009",,,"1149648-22",,"2026-08-05T17:24:19Z","soleil.anker@ermco-eci.com","2026-08-05T20:00:14Z","soleil.anker@ermco-eci.com","HYQU","M-HYQU-0030","PADMOUNT","[""PADMOUNT""]","1,500",,,"A2","1,835",,"5","3",,"10x13.5","2x 45*16","128*256","17","107",,,
"MR-HYQU-0058-V1","HYDRO QUEBEC","M-HYQU-0058",,,,"1149649",,"2026-08-05T17:24:20Z","soleil.anker@ermco-eci.com","2026-08-05T20:00:17Z","soleil.anker@ermco-eci.com","HYQU","M-HYQU-0058","PADMOUNT","[""PADMOUNT""]","2,500",,,"A2","2,330",,"5","3","0","10.5x13.5","2x 45*24","2x 114*228","25","108",,,
"MR-HYQU-0031-V1","HYDRO QUEBEC","M-HYQU-0031",,,,"1153212-22",,"2026-08-05T17:24:22Z","soleil.anker@ermco-eci.com","2026-08-05T20:00:14Z","soleil.anker@ermco-eci.com","HYQU","M-HYQU-0031","PADMOUNT","[""PADMOUNT""]","500",,,,,,,,,,,,,"109",,,
"MR-HYQU-0032-V1","HYDRO QUEBEC","M-HYQU-0032","STERD S5/009",,,"1153214-22",,"2026-08-05T17:24:23Z","soleil.anker@ermco-eci.com","2026-08-05T20:00:14Z","soleil.anker@ermco-eci.com","HYQU","M-HYQU-0032","PADMOUNT","[""PADMOUNT""]","1,500",,,"A2","1,830",,"5","3",,"10x13.5","2x 45*16","128*256","17","110",,,
"MR-HYQU-0059-V1","HYDRO QUEBEC","M-HYQU-0059",,,,"1153215",,"2026-08-05T17:24:25Z","soleil.anker@ermco-eci.com","2026-08-05T20:00:17Z","soleil.anker@ermco-eci.com","HYQU","M-HYQU-0059","PADMOUNT","[""PADMOUNT""]","2,500",,,"A2","2,333",,"5","3",,"10.5x13.5","2x 45*24","114*228","25","111",,,
"MR-HYQU-0033-V1","HYDRO QUEBEC","M-HYQU-0033","STERD S5/009",,,"1153215-22",,"2026-08-05T17:24:26Z","soleil.anker@ermco-eci.com","2026-08-05T20:00:14Z","soleil.anker@ermco-eci.com","HYQU","M-HYQU-0033","PADMOUNT","[""PADMOUNT""]","2,500",,,"A2","2,270",,"5","3",,"10.5x13.5","2x 45*24","2x 114*228","25","112",,,
"MR-HYQU-0060-V1","HYDRO QUEBEC","M-HYQU-0060",,,,"1166058",,"2026-08-05T17:24:28Z","soleil.anker@ermco-eci.com","2026-08-05T20:00:18Z","soleil.anker@ermco-eci.com","HYQU","M-HYQU-0060","MALT","[""MALT""]","24.9",,,"A2","3,440","Annexe","22","3","na","ronde","125*400","125*400","34.625","113",,,
"MR-HYQU-0076-V1","HYDRO QUEBEC","M-HYQU-0076",,,,"4251081/1166353",,"2026-08-05T17:24:28Z","soleil.anker@ermco-eci.com","2026-08-05T20:00:19Z","soleil.anker@ermco-eci.com","HYQU","M-HYQU-0076","MALT + SA","[""MALT + SA""]","300",,,"A2","0",,,"3",,,,,"0","114",,,
"MR-HYQU-0077-V1","HYDRO QUEBEC","M-HYQU-0077",,,,"4251082/1166354",,"2026-08-05T17:24:31Z","soleil.anker@ermco-eci.com","2026-08-05T20:00:19Z","soleil.anker@ermco-eci.com","HYQU","M-HYQU-0077","MALT + SA","[""MALT + SA""]","1,000",,,"A2","0",,,"3",,,,,"0","115",,,
"MR-HYQU-0034-V1","HYDRO QUEBEC","M-HYQU-0034","STERD S5/012",,,"1166476-22",,"2026-08-05T17:24:32Z","soleil.anker@ermco-eci.com","2026-08-05T20:00:15Z","soleil.anker@ermco-eci.com","HYQU","M-HYQU-0034","SUBMERSIBLE","[""SUBWAY""]","1,000",,,"A2","1,510","Amorphe","25","3",,"9.75x11.75","33*14 50*14","128*256","15.25","116",,,
"MR-MAGA-0013-V1","MADISON GAS § ELECTRIC","M-MAGA-0013",,,,"116807",,"2026-08-05T17:24:34Z","soleil.anker@ermco-eci.com","2026-08-05T20:00:25Z","soleil.anker@ermco-eci.com","MAGA","M-MAGA-0013","NETWORK","[""NETWORK""]","500",,,"FR3","325",,"15","3",,"6,375x9,25","2x 50*14","91*182","14.75","117",,,
"MR-HYQU-0035-V1","HYDRO QUEBEC","M-HYQU-0035",,,,"1169812-22",,"2026-08-05T17:24:36Z","soleil.anker@ermco-eci.com","2026-08-05T20:00:15Z","soleil.anker@ermco-eci.com","HYQU","M-HYQU-0035","PADMOUNT","[""PADMOUNT""]","3,000",,,,,,,,,,,,,"118",,,
"MR-HYQU-0036-V1","HYDRO QUEBEC","M-HYQU-0036",,,,"1169813-22",,"2026-08-05T17:24:37Z","soleil.anker@ermco-eci.com","2026-08-05T20:00:15Z","soleil.anker@ermco-eci.com","HYQU","M-HYQU-0036","PADMOUNT","[""PADMOUNT""]","3,000",,,,,,,,,,,,,"119",,,
"MR-HYQU-0061-V1","HYDRO QUEBEC","M-HYQU-0061",,,,"1171120",,"2026-08-05T17:24:38Z","soleil.anker@ermco-eci.com","2026-08-05T20:00:18Z","soleil.anker@ermco-eci.com","HYQU","M-HYQU-0061","ZIG-ZAG","[""MALT""]","69",,,"A2","4,720","Annexe","22","3",,"ronde","4x 88*111","4x 88*111","31.75","120",,,
"MR-HYQU-0078-V1","HYDRO QUEBEC","M-HYQU-0078",,,,"4276269/1189342",,"2026-08-05T17:24:41Z","soleil.anker@ermco-eci.com","2026-08-05T20:00:19Z","soleil.anker@ermco-eci.com","HYQU","M-HYQU-0078","MALT + SA + LTC","[""MALT + SA + LTC""]","3,000",,,"A2","0",,,"3",,,,,"0","121",,,
"MR-HYQU-0080-V1","HYDRO QUEBEC","M-HYQU-0080",,,,"4276087/1189361",,"2026-08-05T17:24:45Z","soleil.anker@ermco-eci.com","2026-08-05T20:00:20Z","soleil.anker@ermco-eci.com","HYQU","M-HYQU-0080","MALT + SA + LTC","[""MALT + SA + LTC""]","1,000",,,"A2","0",,,"3",,,,,"0","123",,,
"MR-HYQU-0081-V1","HYDRO QUEBEC","M-HYQU-0081",,,,"4276691/1189843",,"2026-08-05T17:24:46Z","soleil.anker@ermco-eci.com","2026-08-05T20:00:20Z","soleil.anker@ermco-eci.com","HYQU","M-HYQU-0081","SA + LTC","[""SA + LTC""]","3,000",,,"A2","0",,,"3",,,,,"0","124",,,
"MR-HYQU-0062-V1","HYDRO QUEBEC","M-HYQU-0062",,,,"1190831-22",,"2026-08-05T17:24:48Z","soleil.anker@ermco-eci.com","2026-08-05T20:00:18Z","soleil.anker@ermco-eci.com","HYQU","M-HYQU-0062","PADMOUNT","[""PADMOUNT""]","3,000",,,"A2","4,260",,"5","3",,"ronde",,,"34.88","126",,,
"MR-HYQU-0011-V1","HYDRO QUEBEC","M-HYQU-0011","STERD S5/011",,,"1191449-22",,"2026-08-05T17:24:51Z","soleil.anker@ermco-eci.com","2026-08-05T20:00:12Z","soleil.anker@ermco-eci.com","HYQU","M-HYQU-0011","SUBMERSIBLE","[""SUBWAY-1PH""]","250",,,"A2","490","Amorphe","27","1","na","7.625x11.75","2x 45*12","91*182","13","128",,,
"MR-HYQU-0010-V1","HYDRO QUEBEC","M-HYQU-0010","STERD S5/011",,,"1191450-22",,"2026-08-05T17:24:53Z","soleil.anker@ermco-eci.com","2026-08-05T20:00:12Z","soleil.anker@ermco-eci.com","HYQU","M-HYQU-0010","SUBMERSIBLE","[""SUBWAY""]","250",,,"A2","490","Amorphe","27","1",,"8.5x11.75","45*16","102*204","16.75","129",,,
"MR-MAGA-0014-V1","MADISON GAS § ELECTRIC","M-MAGA-0014",,,,"119773",,"2026-08-05T17:24:54Z","soleil.anker@ermco-eci.com","2026-08-05T20:00:25Z","soleil.anker@ermco-eci.com","MAGA","M-MAGA-0014","NETWORK","[""NETWORK""]","500",,,"FR3","330",,"15","3",,"6.625x10.25","2x 50*14","102*204","14.75","130",,,
"MR-MAGA-0015-V1","MADISON GAS § ELECTRIC","M-MAGA-0015",,,,"119774",,"2026-08-05T17:24:56Z","soleil.anker@ermco-eci.com","2026-08-05T20:00:25Z","soleil.anker@ermco-eci.com","MAGA","M-MAGA-0015","NETWORK","[""NETWORK""]","500",,,"FR3","355",,"15","3",,"6.625x10.25","2x 50*14","102*204","14.75","131",,,
"MR-HYQU-0063-V1","HYDRO QUEBEC","M-HYQU-0063",,,,"1203364",,"2026-08-05T17:24:57Z","soleil.anker@ermco-eci.com","2026-08-05T20:00:18Z","soleil.anker@ermco-eci.com","HYQU","M-HYQU-0063","0","[""Goujon""]","0",,,,"0",,"32","0",,,,,,"132",,,
"MR-EPCO-0001-V1","EPCOR","M-EPCO-0001","6200051529003",,,"12587",,"2026-08-05T17:24:59Z","soleil.anker@ermco-eci.com","2026-08-05T20:00:07Z","soleil.anker@ermco-eci.com","EPCO","M-EPCO-0001","NETWORK","[""NETWORK""]","750",,,"LUMINOL","1,200","Annexe","16","3","na","4.75x14.25","2x 50*14","102*204","14.75","133",,,
"MR-ALPO-0010-V1","ALABAMA POWER","M-ALPO-0010","SES-PD-197",,,"1281347",,"2026-08-05T17:25:00Z","soleil.anker@ermco-eci.com","2026-08-05T19:59:58Z","soleil.anker@ermco-eci.com","ALPO","M-ALPO-0010","NETWORK","[""NETWORK""]","2,000",,,"FR3","2,240",,"16",,"na","7.375x12.375","20*12","102*204","23","134",,,
"MR-GEPO-0001-V1","GEORGIA POWER","M-GEPO-0001","SES-PD-197",,,"132109",,"2026-08-05T17:25:02Z","soleil.anker@ermco-eci.com","2026-08-05T20:00:09Z","soleil.anker@ermco-eci.com","GEPO","M-GEPO-0001","NETWORK","[""NETWORK""]","500",,,"FR3","254",,"15","3","na","5.5x10.25","33*14 50*14","81*162","14.75","135",,,
"MR-GEPO-0002-V1","GEORGIA POWER","M-GEPO-0002","SES-PD-197",,,"132110",,"2026-08-05T17:25:04Z","soleil.anker@ermco-eci.com","2026-08-05T20:00:09Z","soleil.anker@ermco-eci.com","GEPO","M-GEPO-0002","NETWORK","[""NETWORK""]","1,000",,,"FR3","310",,"16","3",,"7x10.25","2x 45*24","128*256","24.75","136",,,
"MR-GEPO-0003-V1","GEORGIA POWER","M-GEPO-0003","SES-PD-197",,,"132111",,"2026-08-05T17:25:05Z","soleil.anker@ermco-eci.com","2026-08-05T20:00:09Z","soleil.anker@ermco-eci.com","GEPO","M-GEPO-0003","NETWORK","[""NETWORK""]","500",,,"FR3","270",,"15","3","0","5x10.25","33*14","81*162","14.75","137",,,
"MR-GEPO-0004-V1","GEORGIA POWER","M-GEPO-0004","SES-PD-197",,,"132112",,"2026-08-05T17:25:06Z","soleil.anker@ermco-eci.com","2026-08-05T20:00:09Z","soleil.anker@ermco-eci.com","GEPO","M-GEPO-0004","NETWORK","[""NETWORK""]","1,000",,,"FR3","399",,"16","3",,"6.375x12.25","2x 33*16","114*228","17","138",,,
"MR-GEPO-0005-V1","GEORGIA POWER","M-GEPO-0005",,,,"132113",,"2026-08-05T17:25:07Z","soleil.anker@ermco-eci.com","2026-08-05T20:00:09Z","soleil.anker@ermco-eci.com","GEPO","M-GEPO-0005","NETWORK","[""NETWORK""]","2,000",,,"FR3","560",,"16","3",,"7.375x13.5","2x 45*24","2x 114*228","25","139",,,
"MR-GEPO-0006-V1","GEORGIA POWER","M-GEPO-0006",,,,"132114",,"2026-08-05T17:25:10Z","soleil.anker@ermco-eci.com","2026-08-05T20:00:09Z","soleil.anker@ermco-eci.com","GEPO","M-GEPO-0006","NETWORK","[""NETWORK""]","500",,,"FR3","315",,"16","3",,"5.625x12.25","2x 50*14","81*162","14.75","140",,,
"MR-GEPO-0007-V1","GEORGIA POWER","M-GEPO-0007","SES-PD-197",,,"132115",,"2026-08-05T17:25:10Z","soleil.anker@ermco-eci.com","2026-08-05T20:00:09Z","soleil.anker@ermco-eci.com","GEPO","M-GEPO-0007","NETWORK","[""NETWORK""]","1,000",,,"FR3","344",,"16","3","na","6.875x12.25","3x 45*20","114*228","21","141",,,
"MR-GEPO-0008-V1","GEORGIA POWER","M-GEPO-0008","SES-PD-197",,,"132118",,"2026-08-05T17:25:12Z","soleil.anker@ermco-eci.com","2026-08-05T20:00:09Z","soleil.anker@ermco-eci.com","GEPO","M-GEPO-0008","NETWORK","[""NETWORK""]","2,000",,,"FR3","605",,"16","3",,"9x10.5","2x 45*20","2x 114*228","20.75","142",,,
"MR-GEPO-0009-V1","GEORGIA POWER","M-GEPO-0009","SES-PD-197",,,"132119",,"2026-08-05T17:25:13Z","soleil.anker@ermco-eci.com","2026-08-05T20:00:09Z","soleil.anker@ermco-eci.com","GEPO","M-GEPO-0009","NETWORK","[""NETWORK""]","500",,,"FR3","295",,"16","3","0","6.25x10.25","2x 50*14","9RD","15.5","143",,,
"MR-GEPO-0010-V1","GEORGIA POWER","M-GEPO-0010","SES-PD-197",,,"132121",,"2026-08-05T17:25:15Z","soleil.anker@ermco-eci.com","2026-08-05T20:00:09Z","soleil.anker@ermco-eci.com","GEPO","M-GEPO-0010","NETWORK","[""NETWORK""]","1,000",,,"FR3","335",,"16","3",,"7.75x10.25","2x 45*24","102*204","26","144",,,
"MR-GEPO-0011-V1","GEORGIA POWER","M-GEPO-0011","SES-PD-197",,,"132123",,"2026-08-05T17:25:16Z","soleil.anker@ermco-eci.com","2026-08-05T20:00:10Z","soleil.anker@ermco-eci.com","GEPO","M-GEPO-0011","NETWORK","[""NETWORK""]","500",,,"FR3","305",,"15","3",,"6.25x9.25","45*14","10.5rd","15","145",,,
"MR-GEPO-0012-V1","GEORGIA POWER","M-GEPO-0012","SES-PD-197",,,"132124",,"2026-08-05T17:25:18Z","soleil.anker@ermco-eci.com","2026-08-05T20:00:10Z","soleil.anker@ermco-eci.com","GEPO","M-GEPO-0012","NETWORK","[""NETWORK""]","1,000",,,"FR3","385",,"16","3","na","8.375x10.25","33*14 45*14","81*162","14.75","146",,,
"MR-GEPO-0013-V1","GEORGIA POWER","M-GEPO-0013","SES-PD-197",,,"132125",,"2026-08-05T17:25:19Z","soleil.anker@ermco-eci.com","2026-08-05T20:00:10Z","soleil.anker@ermco-eci.com","GEPO","M-GEPO-0013","NETWORK","[""NETWORK""]","2,000",,,"FR3","585",,"16","3","na","7.25x13.5","2x 45*28","128*256","28.75","147",,,
"MR-GEPO-0014-V1","GEORGIA POWER","M-GEPO-0014","SES-PD-197",,,"132128",,"2026-08-05T17:25:21Z","soleil.anker@ermco-eci.com","2026-08-05T20:00:10Z","soleil.anker@ermco-eci.com","GEPO","M-GEPO-0014",,,"0",,,,,,,,,,,,,"148",,,
"MR-GEPO-0015-V1","GEORGIA POWER","M-GEPO-0015","SES-PD-197",,,"132129",,"2026-08-05T17:25:22Z","soleil.anker@ermco-eci.com","2026-08-05T20:00:10Z","soleil.anker@ermco-eci.com","GEPO","M-GEPO-0015",,,"0",,,,,,,,,,,,,"149",,,
"MR-GEPO-0016-V1","GEORGIA POWER","M-GEPO-0016","SES-PD-197",,,"132130",,"2026-08-05T17:25:24Z","soleil.anker@ermco-eci.com","2026-08-05T20:00:10Z","soleil.anker@ermco-eci.com","GEPO","M-GEPO-0016","NETWORK","[""NETWORK""]","3,000",,,"FR3","995",,"16","3",,"9.5x12.375","45*10","128*256","23.25","150",,,
"MR-GEPO-0017-V1","GEORGIA POWER","M-GEPO-0017","SES-PD-197",,,"132132",,"2026-08-05T17:25:26Z","soleil.anker@ermco-eci.com","2026-08-05T20:00:10Z","soleil.anker@ermco-eci.com","GEPO","M-GEPO-0017",,,"0",,,,,,,,,,,,,"151",,,
"MR-PIRE-0001-V1","PINNACLE RENEWABLE ENERGY","M-PIRE-0001",,,,"139613",,"2026-08-05T17:25:26Z","soleil.anker@ermco-eci.com","2026-08-05T20:00:28Z","soleil.anker@ermco-eci.com","PIRE","M-PIRE-0001","POWER-W","[""SUBSTATION""]","5,000",,,"FR3","935",,"20","3",,"10.785x12.5","2x 45*24","2x 114*228","25","152",,,
"MR-EPCO-0002-V1","EPCOR","M-EPCO-0002","6200051529003",,,"15273",,"2026-08-05T17:25:29Z","soleil.anker@ermco-eci.com","2026-08-05T20:00:07Z","soleil.anker@ermco-eci.com","EPCO","M-EPCO-0002","NETWORK","[""NETWORK""]","500",,,"LUMINOL","925","Annexe","15","3",,"5.625x10.25","2x 45*12","10RD","12.75","153",,,
"MR-AUEN-0001-V1","AUSTIN ENERGY","M-AUEN-0001","E-708",,,"16817",,"2026-08-05T17:25:30Z","soleil.anker@ermco-eci.com","2026-08-05T19:59:59Z","soleil.anker@ermco-eci.com","AUEN","M-AUEN-0001","NETWORK","[""NETWORK""]","1,000",,,"B2","1,370",,"16","3","na","6.625x13.25","2x 45*14","114*228","15","154",,,
"MR-AUEN-0002-V1","AUSTIN ENERGY","M-AUEN-0002","E-709",,,"16818",,"2026-08-05T17:25:31Z","soleil.anker@ermco-eci.com","2026-08-05T19:59:59Z","soleil.anker@ermco-eci.com","AUEN","M-AUEN-0002","NETWORK","[""NETWORK""]","1,000",,,"B2","1,720",,"16","3","na","7.375x13.25","2x 33*16","9RD","16.75","155",,,
"MR-AUEN-0003-V1","AUSTIN ENERGY","M-AUEN-0003","E-708",,,"16819",,"2026-08-05T17:25:33Z","soleil.anker@ermco-eci.com","2026-08-05T19:59:59Z","soleil.anker@ermco-eci.com","AUEN","M-AUEN-0003","NETWORK","[""NETWORK""]","1,500",,,"B2","1,940",,"16","3","na","7.125x13.5","2x 50*16","114*228","17","156",,,
"MR-AUEN-0004-V1","AUSTIN ENERGY","M-AUEN-0004","E-709",,,"16820",,"2026-08-05T17:25:34Z","soleil.anker@ermco-eci.com","2026-08-05T19:59:59Z","soleil.anker@ermco-eci.com","AUEN","M-AUEN-0004","NETWORK","[""NETWORK""]","1,500",,,"B2","2,170",,"16","3","na","8x13.5","2x 50*16","81*162","17","157",,,
"MR-AUEN-0005-V1","AUSTIN ENERGY","M-AUEN-0005","E-708",,,"16821",,"2026-08-05T17:25:36Z","soleil.anker@ermco-eci.com","2026-08-05T19:59:59Z","soleil.anker@ermco-eci.com","AUEN","M-AUEN-0005","NETWORK","[""NETWORK""]","2,000",,,"B2","2,330",,"16","3",,"7.75x13.5","2x 45*18","2x 128*256","19.25","158",,,
"MR-AUEN-0006-V1","AUSTIN ENERGY","M-AUEN-0006","E-709",,,"16822",,"2026-08-05T17:25:37Z","soleil.anker@ermco-eci.com","2026-08-05T19:59:59Z","soleil.anker@ermco-eci.com","AUEN","M-AUEN-0006","NETWORK","[""NETWORK""]","2,000",,,"B2","2,320","Cogent","16","3","na","8.125x13.5","2x 45*24","102*204","24.75","159",,,
"MR-AUEN-0007-V1","AUSTIN ENERGY","M-AUEN-0007","E-708",,,"16823",,"2026-08-05T17:25:39Z","soleil.anker@ermco-eci.com","2026-08-05T19:59:59Z","soleil.anker@ermco-eci.com","AUEN","M-AUEN-0007","NETWORK","[""NETWORK""]","500",,,"B2","910",,"15","3","na","5.125x10.25","2x 50*14","81*162","15.5","160",,,
"MR-AUEN-0008-V1","AUSTIN ENERGY","M-AUEN-0008","E-708",,,"16824",,"2026-08-05T17:25:40Z","soleil.anker@ermco-eci.com","2026-08-05T19:59:59Z","soleil.anker@ermco-eci.com","AUEN","M-AUEN-0008","NETWORK","[""NETWORK""]","500",,,"B2","950",,"15","3",,"5.125x10.25","45*14","91*182","14.75","161",,,
"MR-AUEN-0009-V1","AUSTIN ENERGY","M-AUEN-0009","E-709",,,"16825",,"2026-08-05T17:25:42Z","soleil.anker@ermco-eci.com","2026-08-05T19:59:59Z","soleil.anker@ermco-eci.com","AUEN","M-AUEN-0009","NETWORK","[""NETWORK""]","500",,,"B2","1,010",,"15","3","na","6.125x12.25","2x 50*16","11.5 RD","16.75","162",,,
"MR-AUEN-0010-V1","AUSTIN ENERGY","M-AUEN-0010","E-708",,,"16826",,"2026-08-05T17:25:44Z","soleil.anker@ermco-eci.com","2026-08-05T19:59:59Z","soleil.anker@ermco-eci.com","AUEN","M-AUEN-0010","NETWORK","[""NETWORK""]","500",,,"B2","1,190",,"15","3","0","6.25x10.25","50*14","12.5RD","14.75","163",,,
"MR-AUEN-0011-V1","AUSTIN ENERGY","M-AUEN-0011","E-708",,,"16827",,"2026-08-05T17:25:44Z","soleil.anker@ermco-eci.com","2026-08-05T20:00:00Z","soleil.anker@ermco-eci.com","AUEN","M-AUEN-0011","NETWORK","[""NETWORK""]","750",,,"B2","1,210",,"16","3",,"6.25x10.25","2x 50*16","114*228","16.75","164",,,
"MR-AUEN-0012-V1","AUSTIN ENERGY","M-AUEN-0012","E-709",,,"16828",,"2026-08-05T17:25:47Z","soleil.anker@ermco-eci.com","2026-08-05T20:00:00Z","soleil.anker@ermco-eci.com","AUEN","M-AUEN-0012","NETWORK","[""NETWORK""]","750",,,"B2","1,470",,"16","3","0","5.5x13.25","2x 45*24","9RD","24.75","165",,,
"MR-CENO-0001-V1","CENOVUS","M-CENO-0001",,,,"18334402",,"2026-08-05T17:25:48Z","soleil.anker@ermco-eci.com","2026-08-05T20:00:01Z","soleil.anker@ermco-eci.com","CENO","M-CENO-0001","POWER-W","[""SUBSTATION""]","3,000",,,"A2","1,930",,"19","3",,"9.25x12.5","2x 45*24","114*228","25","166",,,
"MR-CENO-0002-V1","CENOVUS","M-CENO-0002",,,,"18334403",,"2026-08-05T17:25:49Z","soleil.anker@ermco-eci.com","2026-08-05T20:00:01Z","soleil.anker@ermco-eci.com","CENO","M-CENO-0002","POWER-W","[""SUBSTATION""]","2,500",,,"A2","1,645",,"19","3",,"8.5x12.375","20*10","114*228","23.5","167",,,
"MR-HYQU-0039-V1","HYDRO QUEBEC","M-HYQU-0039",,,,"20757",,"2026-08-05T17:25:50Z","soleil.anker@ermco-eci.com","2026-08-05T20:00:15Z","soleil.anker@ermco-eci.com","HYQU","M-HYQU-0039","ZIG-ZAG","[""MALT""]","29.4",,,"A2","3,830",,"22","3","na","ronde","9x 70*219","9x 70*219","34","168",,,
"MR-MAGA-0007-V1","MADISON GAS § ELECTRIC","M-MAGA-0007",,,,"21050",,"2026-08-05T17:25:53Z","soleil.anker@ermco-eci.com","2026-08-05T20:00:24Z","soleil.anker@ermco-eci.com","MAGA","M-MAGA-0007","NETWORK","[""NETWORK""]","750",,,"FR3","330",,"38","3",,"6.375x10.25","2x 50*16","102*204","16.75","169",,,
"MR-POSY-0001-V1","POWER SYSTEM SOLUTIONS","M-POSY-0001",,,,"21918",,"2026-08-05T17:25:54Z","soleil.anker@ermco-eci.com","2026-08-05T20:00:29Z","soleil.anker@ermco-eci.com","POSY","M-POSY-0001","SUBSTATION","[""SUBSTATION""]","2,000",,,"FR3","700",,"19","3",,"11.125x14.5","33*18 45*18","9RD","19","170",,,
"MR-AUEN-0013-V1","AUSTIN ENERGY","M-AUEN-0013",,,,"22212",,"2026-08-05T17:25:56Z","soleil.anker@ermco-eci.com","2026-08-05T20:00:00Z","soleil.anker@ermco-eci.com","AUEN","M-AUEN-0013",,,"0",,,,,,,,,,,,,"171",,,
"MR-AUEN-0014-V1","AUSTIN ENERGY","M-AUEN-0014",,,,"22213",,"2026-08-05T17:25:57Z","soleil.anker@ermco-eci.com","2026-08-05T20:00:00Z","soleil.anker@ermco-eci.com","AUEN","M-AUEN-0014",,,"0",,,,,,,,,,,,,"172",,,
"MR-AUEN-0015-V1","AUSTIN ENERGY","M-AUEN-0015","E-708",,,"23922",,"2026-08-05T17:25:59Z","soleil.anker@ermco-eci.com","2026-08-05T20:00:00Z","soleil.anker@ermco-eci.com","AUEN","M-AUEN-0015",,,"0",,,,,,,,,,,,,"173",,,
"MR-AUEN-0016-V1","AUSTIN ENERGY","M-AUEN-0016","E-709",,,"23923",,"2026-08-05T17:26:00Z","soleil.anker@ermco-eci.com","2026-08-05T20:00:00Z","soleil.anker@ermco-eci.com","AUEN","M-AUEN-0016",,,"0",,,,,,,,,,,,,"174",,,
"MR-AUEN-0017-V1","AUSTIN ENERGY","M-AUEN-0017","E-709",,,"24126",,"2026-08-05T17:26:03Z","soleil.anker@ermco-eci.com","2026-08-05T20:00:00Z","soleil.anker@ermco-eci.com","AUEN","M-AUEN-0017",,,"0",,,,,,,,,,,,,"175",,,
"MR-AUEN-0018-V1","AUSTIN ENERGY","M-AUEN-0018",,,,"24127",,"2026-08-05T17:26:04Z","soleil.anker@ermco-eci.com","2026-08-05T20:00:00Z","soleil.anker@ermco-eci.com","AUEN","M-AUEN-0018",,,"0",,,,,,,,,,,,,"176",,,
"MR-AUEN-0019-V1","AUSTIN ENERGY","M-AUEN-0019",,,,"24263",,"2026-08-05T17:26:06Z","soleil.anker@ermco-eci.com","2026-08-05T20:00:00Z","soleil.anker@ermco-eci.com","AUEN","M-AUEN-0019",,,"0",,,,,,,,,,,,,"177",,,
"MR-LGEN-0001-V1","LG§E","M-LGEN-0001",,,,"25131",,"2026-08-05T17:26:09Z","soleil.anker@ermco-eci.com","2026-08-05T20:00:22Z","soleil.anker@ermco-eci.com","LGEN","M-LGEN-0001","ZIG-ZAG","[""MALT""]","138",,,"B2","890","Annexe","22","3",,"ronde","81*162","81*162","19,125","178",,,
"MR-EPCO-0003-V1","EPCOR","M-EPCO-0003","6200051531100",,,"29649",,"2026-08-05T17:26:09Z","soleil.anker@ermco-eci.com","2026-08-05T20:00:07Z","soleil.anker@ermco-eci.com","EPCO","M-EPCO-0003","NETWORK","[""NETWORK""]","1,000",,,"LUMINOL","1,050","Annexe","25","3","na","5.25x12.25","45*20","114*228","20.75","179",,,
"MR-EPCO-0004-V1","EPCOR","M-EPCO-0004","6200051531100",,,"29650",,"2026-08-05T17:26:12Z","soleil.anker@ermco-eci.com","2026-08-05T20:00:08Z","soleil.anker@ermco-eci.com","EPCO","M-EPCO-0004","NETWORK","[""NETWORK""]","1,500",,,"Luminol","1,170","Annexe","25","3","na","5.75x12.25","50*28","2x 102*204","2,875","180",,,
"MR-EPCO-0005-V1","EPCOR","M-EPCO-0005","6200051531100",,,"29651",,"2026-08-05T17:26:12Z","soleil.anker@ermco-eci.com","2026-08-05T20:00:08Z","soleil.anker@ermco-eci.com","EPCO","M-EPCO-0005","NETWORK","[""NETWORK""]","2,000",,,"LUMINOL","1,320","Annexe","25","3","na","7.25x12.5","50*28","2x 114*228","28.75","181",,,
"MR-EPCO-0006-V1","EPCOR","M-EPCO-0006","6200051531100",,,"29653",,"2026-08-05T17:26:15Z","soleil.anker@ermco-eci.com","2026-08-05T20:00:08Z","soleil.anker@ermco-eci.com","EPCO","M-EPCO-0006","NETWORK","[""NETWORK""]","2,500",,,"A2","1,630","Annexe","25","3",,"8.5x13.5","2x 45*24","2x 128*256","25","182",,,
"MR-ALST-0001-V1","ALGOMA STEEL","M-ALST-0001",,,,"300886782",,"2026-08-05T17:26:17Z","soleil.anker@ermco-eci.com","2026-08-05T19:59:58Z","soleil.anker@ermco-eci.com","ALST","M-ALST-0001","POWER-W","[""SUBSTATION""]","1,520",,,"FR3","3,110",,"19","3",,"10.25x12.5","33*16 45*16","81*162","17","183",,,
"MR-SCTE-0001-V1","SC TECHNICAL SERVICES LTD","M-SCTE-0001",,,,"40Z0150",,"2026-08-05T17:26:18Z","soleil.anker@ermco-eci.com","2026-08-05T20:00:32Z","soleil.anker@ermco-eci.com","SCTE","M-SCTE-0001","SPARE PARTS","[""SPARE PARTS""]","0",,,,"0",,"32","0",,,,,,"184",,,
"MR-FIEN-0001-V1","FIRST ENERGY","M-FIEN-0001",,,,"4216",,"2026-08-05T17:26:20Z","soleil.anker@ermco-eci.com","2026-08-05T20:00:08Z","soleil.anker@ermco-eci.com","FIEN","M-FIEN-0001","NETWORK","[""NETWORK""]","500",,,"B2","1,030",,"15","3",,"5.75x12.25","2x 45*12","128*256","13","185",,,
"MR-HYQU-0073-V1","HYDRO QUEBEC","M-HYQU-0073",,,,"42510001",,"2026-08-05T17:26:21Z","soleil.anker@ermco-eci.com","2026-08-05T20:00:19Z","soleil.anker@ermco-eci.com","HYQU","M-HYQU-0073","ZIG-ZAG","[""MALT""]","24.9",,,"A2","3,830","Annexe","22","3","na","ronde","9x 64*207","9x 64*207","33.625","186",,,
"MR-HYQU-0082-V1","HYDRO QUEBEC","M-HYQU-0082",,,,"4251001 / 1166058",,"2026-08-05T17:26:23Z","soleil.anker@ermco-eci.com","2026-08-05T20:00:20Z","soleil.anker@ermco-eci.com","HYQU","M-HYQU-0082","MALT","[""MALT""]","24.9",,,"A2","3,830","Annexe","22","3","na","ronde","9x 64*207","9x 64*207","33.625","187",,,
"MR-HYQU-0064-V1","HYDRO QUEBEC","M-HYQU-0064",,,,"4251081",,"2026-08-05T17:26:24Z","soleil.anker@ermco-eci.com","2026-08-05T20:00:18Z","soleil.anker@ermco-eci.com","HYQU","M-HYQU-0064","ZIG-ZAG + SA","[""MALT + SA""]","24.9",,,"A2","5,260","Annexe","40","3",,"ronde","9x 64*207","9x 64*207","33.625","188",,,
"MR-HYQU-0065-V1","HYDRO QUEBEC","M-HYQU-0065",,,,"4251082",,"2026-08-05T17:26:26Z","soleil.anker@ermco-eci.com","2026-08-11T20:50:08Z","soleil.anker@ermco-eci.com","HYQU","M-HYQU-0065","POWER LTC","[""LTC""]","24.94",,,"A2","6,210","Annexe",,"3",,"ronde","9x 70*244","9x 70*244","28.125","189",,,
"MR-HYQU-0066-V1","HYDRO QUEBEC","M-HYQU-0066",,,,"4261859",,"2026-08-05T17:26:28Z","soleil.anker@ermco-eci.com","2026-08-05T20:00:18Z","soleil.anker@ermco-eci.com","HYQU","M-HYQU-0066","ZIG-ZAG","[""MALT""]","24.94",,,"A2","3,444","Annexe",,"3",,"ronde","5x 70*246","5x 70*246","23.875","190",,,
"MR-HYQU-0067-V1","HYDRO QUEBEC","M-HYQU-0067",,,,"4261865",,"2026-08-05T17:26:30Z","soleil.anker@ermco-eci.com","2026-08-05T20:00:18Z","soleil.anker@ermco-eci.com","HYQU","M-HYQU-0067","ZIG-ZAG + SA","[""MALT + SA""]","13.8",,,,,"Annexe","40","3",,"ronde",,,,"191",,,
"MR-HYQU-0068-V1","HYDRO QUEBEC","M-HYQU-0068",,,,"4261870",,"2026-08-05T17:26:31Z","soleil.anker@ermco-eci.com","2026-08-05T20:00:18Z","soleil.anker@ermco-eci.com","HYQU","M-HYQU-0068","ZIG-ZAG + SA","[""MALT + SA""]","24.94",,,"A2","6,210","Annexe","40","3",,"ronde","9x 70*244","9x 70*244","28.125","192",,,
"MR-HYQU-0069-V1","HYDRO QUEBEC","M-HYQU-0069",,,,"4261871",,"2026-08-05T17:26:32Z","soleil.anker@ermco-eci.com","2026-08-05T20:00:18Z","soleil.anker@ermco-eci.com","HYQU","M-HYQU-0069","ZIG-ZAG + SA","[""MALT + SA""]","26.4",,,"A2","5,260","Annexe","22","3",,"ronde",,,,"193",,,
"MR-HYQU-0070-V1","HYDRO QUEBEC","M-HYQU-0070",,,,"4276087",,"2026-08-05T17:26:34Z","soleil.anker@ermco-eci.com","2026-08-05T20:00:19Z","soleil.anker@ermco-eci.com","HYQU","M-HYQU-0070","ZIG-ZAG + SA","[""MALT + SA""]","12.5",,,"A2","6,200","Annexe","40","3",,"ronde",,,,"194",,,
"MR-HYQU-0071-V1","HYDRO QUEBEC","M-HYQU-0071",,,,"4276269",,"2026-08-05T17:26:35Z","soleil.anker@ermco-eci.com","2026-08-05T20:00:19Z","soleil.anker@ermco-eci.com","HYQU","M-HYQU-0071","LTC","[""LTC""]","12.5",,,"A2","8,160","Annexe",,"3",,"ronde",,,"30.25","195",,,
"MR-HYQU-0072-V1","HYDRO QUEBEC","M-HYQU-0072",,,,"4276691",,"2026-08-05T17:26:37Z","soleil.anker@ermco-eci.com","2026-08-05T20:00:19Z","soleil.anker@ermco-eci.com","HYQU","M-HYQU-0072","LTC","[""LTC""]","12.5",,,"A2","8,200","Annexe",,"3",,"ronde",,,"37.25","196",,,
"MR-WESC-0002-V1","WESCO","M-WESC-0002",,,,"43-8146",,"2026-08-05T17:26:38Z","soleil.anker@ermco-eci.com","2026-08-05T20:00:37Z","soleil.anker@ermco-eci.com","WESC","M-WESC-0002","SUBSTATION","[""SUBSTATION""]","1,500",,,"FR3","700",,"19","3",,"10.875x12.5","2x 33*16","11RD","17","197",,,
"MR-OTHY-0010-V1","OTTAWA HYDRO","M-OTHY-0010",,,,"518563",,"2026-08-05T17:26:41Z","soleil.anker@ermco-eci.com","2026-08-05T20:00:28Z","soleil.anker@ermco-eci.com","OTHY","M-OTHY-0010","C2","[""VAULT-1PH""]","1,500",,,"A2","1,950",,"27","1",,"ronde","65*26","114*367 132*385","29","198",,,
"MR-LITE-0001-V1","LTL (LINEMAN'S TESTING LAB)","M-LITE-0001",,,,"5200",,"2026-08-05T17:26:42Z","soleil.anker@ermco-eci.com","2026-08-05T20:00:23Z","soleil.anker@ermco-eci.com","LITE","M-LITE-0001","FLAT FRONT","[""FLAT FRONT""]","3,000",,,,,,"10","3",,"9.125x12.5","2x 33*24","114*228","25","199",,,
"MR-NAEL-0001-V1","NASHVILLE ELECTRIC","M-NAEL-0001","ET-258-9",,,"55-001",,"2026-08-05T17:26:44Z","soleil.anker@ermco-eci.com","2026-08-05T20:00:26Z","soleil.anker@ermco-eci.com","NAEL","M-NAEL-0001",,,"0",,,,,,,,,,,,,"200",,,
"MR-FIEN-0003-V1","FIRST ENERGY","M-FIEN-0003",,,,"557831",,"2026-08-05T17:26:45Z","soleil.anker@ermco-eci.com","2026-08-05T20:00:08Z","soleil.anker@ermco-eci.com","FIEN","M-FIEN-0003","PADMOUNT","[""PADMOUNT""]","1,500",,,,,,"5","3",,,,,,"201",,,
"MR-FIEN-0002-V1","FIRST ENERGY","M-FIEN-0002",,,,"557842",,"2026-08-05T17:26:46Z","soleil.anker@ermco-eci.com","2026-08-05T20:00:08Z","soleil.anker@ermco-eci.com","FIEN","M-FIEN-0002","PADMOUNT","[""PADMOUNT""]","2,500",,,"FR3","1,060",,"5","3",,"8.5x13.375","33*10","128*256","23.25","202",,,
"MR-ENTE-0001-V1","ENTERGY","M-ENTE-0001",,,,"6000000974",,"2026-08-05T17:26:49Z","soleil.anker@ermco-eci.com","2026-08-05T20:00:07Z","soleil.anker@ermco-eci.com","ENTE","M-ENTE-0001","NETWORK","[""NETWORK""]","1,000",,,"B2","1,430",,"16","3",,"6.5x10.25","3x 45*28","2x 91*182","29","203",,,
"MR-ENMA-0019-V1","ENMAX","M-ENMA-0019","506-3T85-003",,,"61200220012",,"2026-08-05T17:26:49Z","soleil.anker@ermco-eci.com","2026-08-05T20:00:03Z","soleil.anker@ermco-eci.com","ENMA","M-ENMA-0019","NETWORK","[""NETWORK""]","500",,,"A2","1,115",,"15","3","na","6x10.25","2x 45*10","11RD","10.75","204",,,
"MR-ENMA-0001-V1","ENMAX","M-ENMA-0001","506-3T85-003",,,"61200220012-316L",,"2026-08-05T17:26:52Z","soleil.anker@ermco-eci.com","2026-08-05T20:00:01Z","soleil.anker@ermco-eci.com","ENMA","M-ENMA-0001","NETWORK",,"500",,,"A2",,,,,,,,,,"205",,,
"MR-ENMA-0021-V1","ENMAX","M-ENMA-0021","506-3T85-003",,,"61200220015",,"2026-08-05T17:26:55Z","soleil.anker@ermco-eci.com","2026-08-05T20:00:03Z","soleil.anker@ermco-eci.com","ENMA","M-ENMA-0021","NETWORK","[""NETWORK""]","500",,,"MIDEL","1,165",,"15","3","na","6.5x9.25","2x 33*14","10RD","15","206",,,
"MR-ENMA-0022-V1","ENMAX","M-ENMA-0022","506-3T85-003",,,"61200220016",,"2026-08-05T17:26:57Z","soleil.anker@ermco-eci.com","2026-08-05T20:00:03Z","soleil.anker@ermco-eci.com","ENMA","M-ENMA-0022","NETWORK","[""NETWORK""]","750",,,"A2","1,140",,"16","3",,"6.875x10.25","2x 45*14","81*162","14.75","207",,,
"MR-ENMA-0023-V1","ENMAX","M-ENMA-0023","506-3T85-003",,,"61200220023",,"2026-08-05T17:27:00Z","soleil.anker@ermco-eci.com","2026-08-05T20:00:03Z","soleil.anker@ermco-eci.com","ENMA","M-ENMA-0023","NETWORK","[""NETWORK""]","750",,,"Midel","1,220",,"16","3","na","7.5x9.25","2x 45*16","81*162","17","208",,,
"MR-ENMA-0020-V1","ENMAX","M-ENMA-0020","506-3T85-003",,,"61200220031",,"2026-08-05T17:27:03Z","soleil.anker@ermco-eci.com","2026-08-05T20:00:03Z","soleil.anker@ermco-eci.com","ENMA","M-ENMA-0020","NETWORK",,"0",,,,,,,,,,,,,"209",,,
"MR-ENMA-0025-V1","ENMAX","M-ENMA-0025","506-3T85-003",,,"61200220039",,"2026-08-05T17:27:06Z","soleil.anker@ermco-eci.com","2026-08-05T20:00:04Z","soleil.anker@ermco-eci.com","ENMA","M-ENMA-0025",,,"0",,,,,,,,,,,,,"210",,,
"MR-ENMA-0026-V1","ENMAX","M-ENMA-0026","506-3T85-003",,,"61200220040",,"2026-08-05T17:27:07Z","soleil.anker@ermco-eci.com","2026-08-05T20:00:04Z","soleil.anker@ermco-eci.com","ENMA","M-ENMA-0026","NETWORK","[""NETWORK""]","750",,,"A2","1,240",,"16","3",,"7.75x9.25","45*14","81*162","15","211",,,
"MR-ENMA-0027-V1","ENMAX","M-ENMA-0027","506-3T85-003",,,"61200220047",,"2026-08-05T17:27:10Z","soleil.anker@ermco-eci.com","2026-08-05T20:00:04Z","soleil.anker@ermco-eci.com","ENMA","M-ENMA-0027","NETWORK","[""NETWORK""]","1,000",,,"0","0",,"16","3","0","8.5x10.25","91x182","50*14","14.75","212",,,
"MR-ENMA-0028-V1","ENMAX","M-ENMA-0028","506-3T85-003",,,"61200220048",,"2026-08-05T17:27:12Z","soleil.anker@ermco-eci.com","2026-08-05T20:00:04Z","soleil.anker@ermco-eci.com","ENMA","M-ENMA-0028","NETWORK","[""NETWORK""]","1,000",,,"A2",,,"16","3","na","7.375x10.25","45*14","91*182","14.75","213",,,
"MR-ENMA-0029-V1","ENMAX","M-ENMA-0029","506-3T85-003",,,"61200220055",,"2026-08-05T17:27:14Z","soleil.anker@ermco-eci.com","2026-08-05T20:00:04Z","soleil.anker@ermco-eci.com","ENMA","M-ENMA-0029",,,"0",,,,"0",,,"0",,,,,,"214",,,
"MR-ENMA-0031-V1","ENMAX","M-ENMA-0031","506-3T85-003",,,"61200220063",,"2026-08-05T17:27:16Z","soleil.anker@ermco-eci.com","2026-08-05T20:00:04Z","soleil.anker@ermco-eci.com","ENMA","M-ENMA-0031","NETWORK","[""NETWORK""]","2,000",,,"Midel","2,500",,"16","3","0","9x14.5","2x 45*20","2x 102*204","20.75","215",,,
"MR-ENMA-0032-V1","ENMAX","M-ENMA-0032","506-3T85-003",,,"61200220071",,"2026-08-05T17:27:18Z","soleil.anker@ermco-eci.com","2026-08-05T20:00:04Z","soleil.anker@ermco-eci.com","ENMA","M-ENMA-0032",,,"0",,,,"0",,,"0",,,,,,"216",,,
"MR-ENMA-0034-V1","ENMAX","M-ENMA-0034","506-3T85-003",,,"61200220115",,"2026-08-05T17:27:20Z","soleil.anker@ermco-eci.com","2026-08-05T20:00:05Z","soleil.anker@ermco-eci.com","ENMA","M-ENMA-0034","NETWORK","[""NETWORK""]","500",,,"Midel","1,165",,"15","3",,"6.5x9.25","2x 33*14","10RD","15","217",,,
"MR-ENMA-0037-V1","ENMAX","M-ENMA-0037","506-3T85-003",,,"61200220124",,"2026-08-05T17:27:22Z","soleil.anker@ermco-eci.com","2026-08-05T20:00:05Z","soleil.anker@ermco-eci.com","ENMA","M-ENMA-0037","NETWORK","[""NETWORK""]","1,000",,,"A2","1,720",,"16","3",,"6.25x13.25","2x 45*16","91*182","16.75","218",,,
"MR-ENMA-0038-V1","ENMAX","M-ENMA-0038","506-3T85-003",,,"61200220131",,"2026-08-05T17:27:23Z","soleil.anker@ermco-eci.com","2026-08-05T20:00:05Z","soleil.anker@ermco-eci.com","ENMA","M-ENMA-0038",,,"0",,,,"0",,,"0",,,,,,"219",,,
"MR-ENMA-0039-V1","ENMAX","M-ENMA-0039","506-3T85-003",,,"61200220140",,"2026-08-05T17:27:26Z","soleil.anker@ermco-eci.com","2026-08-05T20:00:05Z","soleil.anker@ermco-eci.com","ENMA","M-ENMA-0039","NETWORK","[""NETWORK""]","750",,,"A2","1,240",,"16","3",,"7.75x9.25","45*14","81*162","15","220",,,
"MR-ENMA-0040-V1","ENMAX","M-ENMA-0040","506-3T85-003",,,"61200220147",,"2026-08-05T17:27:27Z","soleil.anker@ermco-eci.com","2026-08-05T20:00:05Z","soleil.anker@ermco-eci.com","ENMA","M-ENMA-0040","NETWORK","[""NETWORK""]","1,000",,,"0","0",,"16","3","0","8.5x10.25","91*182","50*14","14.75","221",,,
"MR-ENMA-0043-V1","ENMAX","M-ENMA-0043","506-3T85-003",,,"61200220156",,"2026-08-05T17:27:29Z","soleil.anker@ermco-eci.com","2026-08-05T20:00:06Z","soleil.anker@ermco-eci.com","ENMA","M-ENMA-0043","NETWORK","[""NETWORK""]","1,500",,,"Midel","1,935",,"16","3",,"9x12.5","2x 45*12","114*228","13.25","222",,,
"MR-ENMA-0044-V1","ENMAX","M-ENMA-0044","506-3T85-003",,,"61200220163",,"2026-08-05T17:27:31Z","soleil.anker@ermco-eci.com","2026-08-05T20:00:06Z","soleil.anker@ermco-eci.com","ENMA","M-ENMA-0044","NETWORK","[""NETWORK""]","2,000",,,"Midel","2,500",,"16","3","0","9x14.5","2x 45*20","2x 102*204","20.75","223",,,
"MR-ENMA-0045-V1","ENMAX","M-ENMA-0045","506-3T85-003",,,"61200220166",,"2026-08-05T17:27:32Z","soleil.anker@ermco-eci.com","2026-08-05T20:00:06Z","soleil.anker@ermco-eci.com","ENMA","M-ENMA-0045",,,"0",,,,"0",,,"0",,,,,,"224",,,
"MR-ENMA-0046-V1","ENMAX","M-ENMA-0046","506-3T85-003",,,"61200220171",,"2026-08-05T17:27:35Z","soleil.anker@ermco-eci.com","2026-08-05T20:00:06Z","soleil.anker@ermco-eci.com","ENMA","M-ENMA-0046",,,"0",,,,"0",,,"0",,,,,,"225",,,
"MR-OTHY-0001-V1","OTTAWA HYDRO","M-OTHY-0001","GMS-0002",,,"616164",,"2026-08-05T17:27:35Z","soleil.anker@ermco-eci.com","2026-08-05T20:00:27Z","soleil.anker@ermco-eci.com","OTHY","M-OTHY-0001","C2","[""VAULT-1PH""]","333",,,"B2","450","Cogent","3","1","na","7x13.25","33*10 50*10","114*228","11","226",,,
"MR-OTHY-0011-V1","OTTAWA HYDRO","M-OTHY-0011",,,,"616865",,"2026-08-05T17:27:38Z","soleil.anker@ermco-eci.com","2026-08-05T20:00:28Z","soleil.anker@ermco-eci.com","OTHY","M-OTHY-0011","C2","[""VAULT-1PH""]","500",,,"B2","620",,"3","1","na","8.5x13.5","2x 50*14","128*256","14.75","227",,,
"MR-OTHY-0002-V1","OTTAWA HYDRO","M-OTHY-0002","GMS-0002",,,"617070",,"2026-08-05T17:27:40Z","soleil.anker@ermco-eci.com","2026-08-05T20:00:27Z","soleil.anker@ermco-eci.com","OTHY","M-OTHY-0002","C2","[""VAULT-1PH""]","667",,,"B2","710",,"3","1",,"10.25x13.375","2x 50*14","2x 102*204","15","228",,,
"MR-OTHY-0003-V1","OTTAWA HYDRO","M-OTHY-0003","GMS-0002",,,"617141",,"2026-08-05T17:27:42Z","soleil.anker@ermco-eci.com","2026-08-05T20:00:27Z","soleil.anker@ermco-eci.com","OTHY","M-OTHY-0003","C2","[""VAULT-1PH""]","333",,,"B2","540",,"3","1",,"8.75x12.25","45*10 50*10","102*204","11","229",,,
"MR-OTHY-0004-V1","OTTAWA HYDRO","M-OTHY-0004","GMS-0002",,,"617211",,"2026-08-05T17:27:46Z","soleil.anker@ermco-eci.com","2026-08-05T20:00:27Z","soleil.anker@ermco-eci.com","OTHY","M-OTHY-0004","C2","[""VAULT-1PH""]","667",,,"B2","720","Cogent","3","1","na","10x13.5","2x 50*14","2x 114*228","14.75","231",,,
"MR-OTHY-0005-V1","OTTAWA HYDRO","M-OTHY-0005","GMS-0002",,,"617515",,"2026-08-05T17:27:48Z","soleil.anker@ermco-eci.com","2026-08-05T20:00:27Z","soleil.anker@ermco-eci.com","OTHY","M-OTHY-0005","C2","[""VAULT-1PH""]","833",,,"B2","887",,"30","1","na","9.875x13.5","3x 45*18","2x 128*256","19","232",,,
"MR-OTHY-0006-V1","OTTAWA HYDRO","M-OTHY-0006","GMS-0002",,,"617563",,"2026-08-05T17:27:48Z","soleil.anker@ermco-eci.com","2026-08-05T20:00:27Z","soleil.anker@ermco-eci.com","OTHY","M-OTHY-0006",,,"0",,,,,,,,,,,,,"233",,,
"MR-OTHY-0007-V1","OTTAWA HYDRO","M-OTHY-0007","GMS-0002",,,"618509",,"2026-08-05T17:27:51Z","soleil.anker@ermco-eci.com","2026-08-05T20:00:27Z","soleil.anker@ermco-eci.com","OTHY","M-OTHY-0007","C2","[""VAULT-1PH""]","1,000",,,"B2","900",,"3","1","na","12x14.5","3x 45*18","4x114*228","19","234",,,
"MR-OTHY-0008-V1","OTTAWA HYDRO","M-OTHY-0008","GMS-0002",,,"618513",,"2026-08-05T17:27:52Z","soleil.anker@ermco-eci.com","2026-08-05T20:00:28Z","soleil.anker@ermco-eci.com","OTHY","M-OTHY-0008","C2","[""VAULT-1PH""]","1,000",,,"B2","910",,"3",,"na","11.375x14.5","3x 45*18","128*256","19","235",,,
"MR-OTHY-0009-V1","OTTAWA HYDRO","M-OTHY-0009","GMS-0002",,,"618527",,"2026-08-05T17:27:56Z","soleil.anker@ermco-eci.com","2026-08-05T20:00:28Z","soleil.anker@ermco-eci.com","OTHY","M-OTHY-0009","C2","[""VAULT-1PH""]","833",,,"B2","1,135","Cogent","3",,"na","12.125x14.375","3x 45*24","128*256","25","236",,,
"MR-HYQU-0038-V1","HYDRO QUEBEC","M-HYQU-0038",,,,"663",,"2026-08-05T17:27:58Z","soleil.anker@ermco-eci.com","2026-08-05T20:00:15Z","soleil.anker@ermco-eci.com","HYQU","M-HYQU-0038","ZIG-ZAG","[""MALT""]","1,000",,,"A2","6,210","Annexe","22","3",,"ronde","9x 70*244","9x 70*244","28.125","237",,,
"MR-TOHY-0001-V1","TORONTO HYDRO","M-TOHY-0001","TH-TS-DT-NT-01",,,"6643201",,"2026-08-05T17:28:00Z","soleil.anker@ermco-eci.com","2026-08-05T20:00:33Z","soleil.anker@ermco-eci.com","TOHY","M-TOHY-0001","NETWORK","[""NETWORK""]","500",,,"B2","1,590","Cogent","15","3","na","5.375x10.25","2x 50*14","81*162","15","238",,,
"MR-TOHY-0002-V1","TORONTO HYDRO","M-TOHY-0002","TH-TS-DT-NT-01",,,"6643202",,"2026-08-05T17:28:02Z","soleil.anker@ermco-eci.com","2026-08-05T20:00:33Z","soleil.anker@ermco-eci.com","TOHY","M-TOHY-0002","NETWORK","[""NETWORK""]","750",,,"B2","1,560","Cogent","16","3","na","5.875x10.25","2x 50*16","102*204","17","239",,,
"MR-TOHY-0035-V1","TORONTO HYDRO","M-TOHY-0035",,,,"6643202-22",,"2026-08-05T17:28:03Z","soleil.anker@ermco-eci.com","2026-08-05T20:00:37Z","soleil.anker@ermco-eci.com","TOHY","M-TOHY-0035","NETWORK","[""NETWORK""]","750",,,"B2","1,560","Cogent","38","3","na","5.875x10.25","2x 50*16","102*204","17","240",,,
"MR-TOHY-0003-V1","TORONTO HYDRO","M-TOHY-0003","TH-TS-DT-NT-01",,,"6643203",,"2026-08-05T17:28:08Z","soleil.anker@ermco-eci.com","2026-08-05T20:00:34Z","soleil.anker@ermco-eci.com","TOHY","M-TOHY-0003","NETWORK","[""NETWORK""]","1,000",,,"B2","1,850",,"16","3","na","6.75x12.25","1x 33*16 2x 50*16","2x 91*182","17","241",,,
"MR-TOHY-0004-V1","TORONTO HYDRO","M-TOHY-0004","TH-TS-DT-NT-01",,,"6643211",,"2026-08-05T17:28:09Z","soleil.anker@ermco-eci.com","2026-08-05T20:00:34Z","soleil.anker@ermco-eci.com","TOHY","M-TOHY-0004","NETWORK","[""NETWORK""]","1,000",,,"B2","1,850",,"16","3","na","6.875x12.25","2x 0.05*14","114*228","15","242",,,
"MR-TOHY-0005-V1","TORONTO HYDRO","M-TOHY-0005","TH-TS-DT-NT-01",,,"6643212",,"2026-08-05T17:28:12Z","soleil.anker@ermco-eci.com","2026-08-05T20:00:34Z","soleil.anker@ermco-eci.com","TOHY","M-TOHY-0005","NETWORK","[""NETWORK""]","1,500",,,"B2","2,200","Cogent","16",,"na","8.625x12.5","2x 50*16","2x 102*204","17","243",,,
"MR-TOHY-0006-V1","TORONTO HYDRO","M-TOHY-0006","TH-TS-DT-NT-01",,,"6643213",,"2026-08-05T17:28:14Z","soleil.anker@ermco-eci.com","2026-08-05T20:00:34Z","soleil.anker@ermco-eci.com","TOHY","M-TOHY-0006","NETWORK","[""NETWORK""]","2,000",,,"B2","2,470","Cogent","16","3","na","9.375x12.5","33*20 2x 45*20","128*256","21","244",,,
"MR-TOHY-0007-V1","TORONTO HYDRO","M-TOHY-0007","D-14-11",,,"6643222",,"2026-08-05T17:28:17Z","soleil.anker@ermco-eci.com","2026-08-05T20:00:34Z","soleil.anker@ermco-eci.com","TOHY","M-TOHY-0007",,,"0",,,,,,,,,,,,,"245",,,
"MR-TOHY-0008-V1","TORONTO HYDRO","M-TOHY-0008","D-14-11",,,"6643223",,"2026-08-05T17:28:18Z","soleil.anker@ermco-eci.com","2026-08-05T20:00:34Z","soleil.anker@ermco-eci.com","TOHY","M-TOHY-0008",,,"0",,,,,,,,,,,,,"246",,,
"MR-TOHY-0012-V1","TORONTO HYDRO","M-TOHY-0012","TH-TS-DT-SUB-01",,,"6683202",,"2026-08-05T17:28:19Z","soleil.anker@ermco-eci.com","2026-08-05T20:00:35Z","soleil.anker@ermco-eci.com","TOHY","M-TOHY-0012","SUBMERSIBLE","[""SUBWAY""]","300",,,"B2","1,230",,"24","3","na","5.25x10.25","2x 45*10","10RD","11","247",,,
"MR-TOHY-0013-V1","TORONTO HYDRO","M-TOHY-0013","TH-TS-DT-SUB-01",,,"6683203",,"2026-08-05T17:28:23Z","soleil.anker@ermco-eci.com","2026-08-05T20:00:35Z","soleil.anker@ermco-eci.com","TOHY","M-TOHY-0013","SUBMERSIBLE","[""SUBWAY""]","500",,,"B2","1,130",,"24","3",,"5.875x10.25","2x 50*14","81*162","15","248",,,
"MR-TOHY-0014-V1","TORONTO HYDRO","M-TOHY-0014","TH-TS-DT-SUB-01",,,"6683204",,"2026-08-05T17:28:24Z","soleil.anker@ermco-eci.com","2026-08-05T20:00:35Z","soleil.anker@ermco-eci.com","TOHY","M-TOHY-0014",,,"0",,,,,,,,,,,,,"249",,,
"MR-TOHY-0015-V1","TORONTO HYDRO","M-TOHY-0015","TH-TS-DT-SUB-01",,,"6683205",,"2026-08-05T17:28:26Z","soleil.anker@ermco-eci.com","2026-08-05T20:00:35Z","soleil.anker@ermco-eci.com","TOHY","M-TOHY-0015",,,"0",,,,,,,,,,,,,"250",,,
"MR-TOHY-0016-V1","TORONTO HYDRO","M-TOHY-0016","TH-TS-DT-SUB-01",,,"6683211",,"2026-08-05T17:28:27Z","soleil.anker@ermco-eci.com","2026-08-05T20:00:35Z","soleil.anker@ermco-eci.com","TOHY","M-TOHY-0016","SUBMERSIBLE","[""SUBWAY""]","500",,,"B2","1,100",,"25","3","na","5.75x10.25","45*14","81*162","15","251",,,
"MR-TOHY-0017-V1","TORONTO HYDRO","M-TOHY-0017","TH-TS-DT-SUB-01",,,"6683212",,"2026-08-05T17:28:29Z","soleil.anker@ermco-eci.com","2026-08-05T20:00:35Z","soleil.anker@ermco-eci.com","TOHY","M-TOHY-0017","SUBMERSIBLE","[""SUBWAY""]","750",,,"B2","1,150",,"25","3",,"6.75x10.25","45*16","114*228","17","252",,,
"MR-TOHY-0019-V1","TORONTO HYDRO","M-TOHY-0019","TH-TS-DT-SUB-01",,,"6683214",,"2026-08-05T17:28:31Z","soleil.anker@ermco-eci.com","2026-08-05T20:00:35Z","soleil.anker@ermco-eci.com","TOHY","M-TOHY-0019","SUBMERSIBLE","[""SUBWAY""]","1,500",,,"B2","1,650",,"25","3","na","10.125x13.5","2x 45*14","2x 102*204","15","253",,,
"MR-TOHY-0020-V1","TORONTO HYDRO","M-TOHY-0020","TH-TS-DT-SUB-01",,,"6683215",,"2026-08-05T17:28:33Z","soleil.anker@ermco-eci.com","2026-08-05T20:00:35Z","soleil.anker@ermco-eci.com","TOHY","M-TOHY-0020","SUBMERSIBLE","[""SUBWAY""]","2,000",,,"B2","1,610",,"25","3","0","10.75x13.5","2x 50*16","2x 114*228","17","254",,,
"MR-TOHY-0021-V1","TORONTO HYDRO","M-TOHY-0021","TH-TS-DT-SUB-01",,,"6683216",,"2026-08-05T17:28:35Z","soleil.anker@ermco-eci.com","2026-08-05T20:00:36Z","soleil.anker@ermco-eci.com","TOHY","M-TOHY-0021",,,"0",,,,,,,,,,,,,"255",,,
"MR-TOHY-0023-V1","TORONTO HYDRO","M-TOHY-0023","DT-SW-02R1",,,"6683221",,"2026-08-05T17:28:38Z","soleil.anker@ermco-eci.com","2026-08-05T20:00:36Z","soleil.anker@ermco-eci.com","TOHY","M-TOHY-0023",,,"0",,,,,,,,,,,,,"256",,,
"MR-TOHY-0024-V1","TORONTO HYDRO","M-TOHY-0024","TH-TS-DT-NT-02",,,"6683222",,"2026-08-05T17:28:39Z","soleil.anker@ermco-eci.com","2026-08-05T20:00:36Z","soleil.anker@ermco-eci.com","TOHY","M-TOHY-0024",,,"0",,,,,,,,,,,,,"257",,,
"MR-TOHY-0025-V1","TORONTO HYDRO","M-TOHY-0025","TH-TS-DT-NT-02",,,"6683223",,"2026-08-05T17:28:41Z","soleil.anker@ermco-eci.com","2026-08-05T20:00:36Z","soleil.anker@ermco-eci.com","TOHY","M-TOHY-0025","SUBMERSIBLE","[""SUBWAY""]","500",,,"B2","1,110",,"24","3","na","6.125x10.25","33*16  50*16","81*162","17","258",,,
"MR-TOHY-0026-V1","TORONTO HYDRO","M-TOHY-0026","TH-TS-DT-NT-02",,,"6683224",,"2026-08-05T17:28:42Z","soleil.anker@ermco-eci.com","2026-08-05T20:00:36Z","soleil.anker@ermco-eci.com","TOHY","M-TOHY-0026","SUBMERSIBLE","[""SUBWAY""]","750",,,"B2","1,350",,"25","3","na","7.25x12.25","2x 50*16","114*228","17","259",,,
"MR-TOHY-0027-V1","TORONTO HYDRO","M-TOHY-0027","TH-TS-DT-NT-02",,,"6683231",,"2026-08-05T17:28:45Z","soleil.anker@ermco-eci.com","2026-08-05T20:00:36Z","soleil.anker@ermco-eci.com","TOHY","M-TOHY-0027",,,"0",,,,,,,,,,,,,"260",,,
"MR-TOHY-0028-V1","TORONTO HYDRO","M-TOHY-0028","TH-TS-DT-NT-02",,,"6683232",,"2026-08-05T17:28:45Z","soleil.anker@ermco-eci.com","2026-08-05T20:00:36Z","soleil.anker@ermco-eci.com","TOHY","M-TOHY-0028","SUBMERSIBLE","[""SUBWAY""]","750",,,"B2","1,210",,"25","3",,"7.125x12.25","50*16","114*228","17","261",,,
"MR-TOHY-0029-V1","TORONTO HYDRO","M-TOHY-0029","TH-TS-DT-NT-02",,,"6689423",,"2026-08-05T17:28:48Z","soleil.anker@ermco-eci.com","2026-08-05T20:00:36Z","soleil.anker@ermco-eci.com","TOHY","M-TOHY-0029",,,"0",,,,,,,,,,,,,"262",,,
"MR-TOHY-0030-V1","TORONTO HYDRO","M-TOHY-0030",,,,"6689424",,"2026-08-05T17:28:50Z","soleil.anker@ermco-eci.com","2026-08-05T20:00:36Z","soleil.anker@ermco-eci.com","TOHY","M-TOHY-0030",,,"0",,,,,,,,,,,,,"263",,,
"MR-TOHY-0022-V1","TORONTO HYDRO","M-TOHY-0022",,,,"6689441",,"2026-08-05T17:28:52Z","soleil.anker@ermco-eci.com","2026-08-05T20:00:36Z","soleil.anker@ermco-eci.com","TOHY","M-TOHY-0022",,,"0",,,,,,,,,,,,,"264",,,
"MR-ALPO-0001-V1","ALABAMA POWER","M-ALPO-0001","ADP-54-160-11-0",,,"68580",,"2026-08-05T17:28:53Z","soleil.anker@ermco-eci.com","2026-08-05T19:59:57Z","soleil.anker@ermco-eci.com","ALPO","M-ALPO-0001","NETWORK","[""NETWORK""]","500",,,"FR3","262",,"16","3","na","5.75x10.25","2x 45*14","2x 128*256","13","265",,,
"MR-ALPO-0002-V1","ALABAMA POWER","M-ALPO-0002","SES-PD-197",,,"68585",,"2026-08-05T17:28:56Z","soleil.anker@ermco-eci.com","2026-08-05T19:59:57Z","soleil.anker@ermco-eci.com","ALPO","M-ALPO-0002","NETWORK","[""NETWORK""]","1,000",,,"FR3","370",,"16","3","na","6.25x12.25","3x 45*20","114*228","21","266",,,
"MR-ALPO-0003-V1","ALABAMA POWER","M-ALPO-0003","SES-PD-197",,,"68586",,"2026-08-05T17:28:57Z","soleil.anker@ermco-eci.com","2026-08-05T19:59:57Z","soleil.anker@ermco-eci.com","ALPO","M-ALPO-0003",,,"0",,,,,,,,,,,,,"267",,,
"MR-ALPO-0004-V1","ALABAMA POWER","M-ALPO-0004","SES-PD-197",,,"68587",,"2026-08-05T17:29:00Z","soleil.anker@ermco-eci.com","2026-08-05T19:59:57Z","soleil.anker@ermco-eci.com","ALPO","M-ALPO-0004","NETWORK","[""NETWORK""]","750",,,"FR3","357",,"16","3","na","6,875x10,25","2x 33*12","91*162","11","268",,,
"MR-ALPO-0005-V1","ALABAMA POWER","M-ALPO-0005","SES-PD-197",,,"68588",,"2026-08-05T17:29:00Z","soleil.anker@ermco-eci.com","2026-08-05T19:59:58Z","soleil.anker@ermco-eci.com","ALPO","M-ALPO-0005","NETWORK","[""NETWORK""]","1,000",,,"FR3","400",,"16","3","na","6.75x12.25","2x 33*14","102*204","15","269",,,
"MR-ALPO-0006-V1","ALABAMA POWER","M-ALPO-0006","SES-PD-197",,,"68589",,"2026-08-05T17:29:03Z","soleil.anker@ermco-eci.com","2026-08-05T19:59:58Z","soleil.anker@ermco-eci.com","ALPO","M-ALPO-0006","NETWORK","[""NETWORK""]","1,500",,,"FR3","525",,"16","3","na","8,625x10,5","2x 45*16","128*256","17","270",,,
"MR-ALPO-0007-V1","ALABAMA POWER","M-ALPO-0007","SES-PD-197",,,"68590",,"2026-08-05T17:29:04Z","soleil.anker@ermco-eci.com","2026-08-05T20:03:16Z","soleil.anker@ermco-eci.com","ALPO","M-ALPO-0007","NETWORK","[""NETWORK""]","2,000",,,"FR3",,,"16","3",,"7.25x12.5","2x 45*24","2x 114*228","25","271",,,
"MR-ALPO-0008-V1","ALABAMA POWER","M-ALPO-0008","ADP-54-160-11-0",,,"68591",,"2026-08-05T17:29:07Z","soleil.anker@ermco-eci.com","2026-08-05T19:59:58Z","soleil.anker@ermco-eci.com","ALPO","M-ALPO-0008",,,"0",,,,,,,,,,,,,"272",,,
"MR-XCEN-0006-V1","XCEL ENERGY NORTHERN","M-XCEN-0006","6110.0701",,,"6863",,"2026-08-05T17:29:09Z","soleil.anker@ermco-eci.com","2026-08-05T20:00:38Z","soleil.anker@ermco-eci.com","XCEN","M-XCEN-0006",,,"0",,,,,,,,,,,,,"273",,,
"MR-XCEN-0007-V1","XCEL ENERGY NORTHERN","M-XCEN-0007","6110.0701",,,"6864",,"2026-08-05T17:29:10Z","soleil.anker@ermco-eci.com","2026-08-05T20:00:38Z","soleil.anker@ermco-eci.com","XCEN","M-XCEN-0007",,,"0",,,,,,,,,,,,,"274",,,
"MR-XCEN-0008-V1","XCEL ENERGY NORTHERN","M-XCEN-0008","6110.0701",,,"6865",,"2026-08-05T17:29:13Z","soleil.anker@ermco-eci.com","2026-08-05T20:00:38Z","soleil.anker@ermco-eci.com","XCEN","M-XCEN-0008","NETWORK","[""NETWORK""]","1,500",,,"FR3","535",,"16","3","na","8.125x10.5","2x 45*16","128*256","16.75","275",,,
"MR-XCEN-0009-V1","XCEL ENERGY NORTHERN","M-XCEN-0009","6110.0701",,,"69305",,"2026-08-05T17:29:14Z","soleil.anker@ermco-eci.com","2026-08-05T20:00:38Z","soleil.anker@ermco-eci.com","XCEN","M-XCEN-0009","NETWORK","[""NETWORK""]","500",,,"FR3","275",,"15","3","na","5.25x10.25","45*14","9RD","15","276",,,
"MR-LISA-0001-V1","LIZCO SALES","M-LISA-0001",,,,"94949",,"2026-08-05T17:29:17Z","soleil.anker@ermco-eci.com","2026-08-05T20:00:23Z","soleil.anker@ermco-eci.com","LISA","M-LISA-0001","POWER-W","[""SUBSTATION""]","3,750",,,"B2","3,710",,"20","3","na","12.375x14.375","2x 33*10","91*182","23.75","277",,,
"MR-TOHY-0031-V1","TORONTO HYDRO","M-TOHY-0031","TH-TS-DT-NT-02",,,"9663048",,"2026-08-05T17:29:19Z","soleil.anker@ermco-eci.com","2026-08-05T20:00:37Z","soleil.anker@ermco-eci.com","TOHY","M-TOHY-0031",,,"0",,,,,,,,,,,,,"278",,,
"MR-TOHY-0032-V1","TORONTO HYDRO","M-TOHY-0032",,,,"9665274",,"2026-08-05T17:29:19Z","soleil.anker@ermco-eci.com","2026-08-05T20:00:37Z","soleil.anker@ermco-eci.com","TOHY","M-TOHY-0032","NETWORK","[""NETWORK""]","2,000",,,"B2","2,210","Cogent","16",,"na","11x13.5","2x 50*16","114*228","17.25","279",,,
"MR-TOHY-0033-V1","TORONTO HYDRO","M-TOHY-0033",,,,"9665275",,"2026-08-05T17:29:22Z","soleil.anker@ermco-eci.com","2026-08-05T20:00:37Z","soleil.anker@ermco-eci.com","TOHY","M-TOHY-0033","NETWORK","[""NETWORK""]","1,000",,,"B2","690","Cogent","16",,"na","7.5x13.25","2x 33*14","114*228","15","280",,,
"MR-NAEL-0002-V1","NASHVILLE ELECTRIC","M-NAEL-0002","ET-258-12",,,"966600000",,"2026-08-05T17:29:24Z","soleil.anker@ermco-eci.com","2026-08-05T20:00:26Z","soleil.anker@ermco-eci.com","NAEL","M-NAEL-0002","NETWORK","[""NETWORK""]","750",,,"B2","1,230",,"16","3","na","6.75x10.25","2x 0.05*16","102*204","16.75","281",,,
"MR-NAEL-0003-V1","NASHVILLE ELECTRIC","M-NAEL-0003","ET-258-10",,,"966620000",,"2026-08-05T17:29:26Z","soleil.anker@ermco-eci.com","2026-08-05T20:00:26Z","soleil.anker@ermco-eci.com","NAEL","M-NAEL-0003","NETWORK","[""NETWORK""]","750",,,"B2","1,160",,"16","3","na","6x10.25","50*14","91*182","14.75","282",,,
"MR-NAEL-0004-V1","NASHVILLE ELECTRIC","M-NAEL-0004","ET-258-10",,,"966635000",,"2026-08-05T17:29:27Z","soleil.anker@ermco-eci.com","2026-08-05T20:00:26Z","soleil.anker@ermco-eci.com","NAEL","M-NAEL-0004",,,"0",,,,,,,,,,,,,"283",,,
"MR-NAEL-0005-V1","NASHVILLE ELECTRIC","M-NAEL-0005","ET-258-12",,,"966640000",,"2026-08-05T17:29:30Z","soleil.anker@ermco-eci.com","2026-08-05T20:00:26Z","soleil.anker@ermco-eci.com","NAEL","M-NAEL-0005",,,"0",,,,,,,,,,,,,"284",,,
"MR-NAEL-0006-V1","NASHVILLE ELECTRIC","M-NAEL-0006","ET-258-12",,,"966652000",,"2026-08-05T17:29:31Z","soleil.anker@ermco-eci.com","2026-08-05T20:00:27Z","soleil.anker@ermco-eci.com","NAEL","M-NAEL-0006","NETWORK","[""NETWORK""]","1,500",,,"B2","1,930",,"16","3","na","6.75x13.5","45*16 50*16","128*256","16.75","285",,,
"MR-NAEL-0007-V1","NASHVILLE ELECTRIC","M-NAEL-0007","ET-258-12",,,"966656000",,"2026-08-05T17:29:32Z","soleil.anker@ermco-eci.com","2026-08-05T20:00:27Z","soleil.anker@ermco-eci.com","NAEL","M-NAEL-0007","NETWORK","[""NETWORK""]","2,000",,,"B2","2,290",,"16","3","na","8.875x12.5","2x 45*20","114*228","20.75","286",,,
"MR-NAEL-0008-V1","NASHVILLE ELECTRIC","M-NAEL-0008","ET-258-12",,,"966660000",,"2026-08-05T17:29:35Z","soleil.anker@ermco-eci.com","2026-08-05T20:00:27Z","soleil.anker@ermco-eci.com","NAEL","M-NAEL-0008",,,"0",,,,,,,,,,,,,"287",,,
"MR-LISA-0002-V1","LIZCO SALES","M-LISA-0002",,,,"97666",,"2026-08-05T17:29:36Z","soleil.anker@ermco-eci.com","2026-08-05T20:00:23Z","soleil.anker@ermco-eci.com","LISA","M-LISA-0002","POWER-W","[""SUBSTATION""]","5,000",,,"FR3","1,205",,"20","3","na","11.25x14.375","45*10","3x 114*228","23.25","288",,,
"MR-LISA-0003-V1","LIZCO SALES","M-LISA-0003",,,,"A454200",,"2026-08-05T17:29:39Z","soleil.anker@ermco-eci.com","2026-08-05T20:00:23Z","soleil.anker@ermco-eci.com","LISA","M-LISA-0003","POWER-W","[""SUBSTATION""]","2,000",,,"B2","2,805",,"19","3",,"10.375x13.5","2x 33*18","9RD","18.75","289",,,
"MR-LISA-0004-V1","LIZCO SALES","M-LISA-0004",,,,"A454300",,"2026-08-05T17:29:40Z","soleil.anker@ermco-eci.com","2026-08-05T20:00:23Z","soleil.anker@ermco-eci.com","LISA","M-LISA-0004","POWER-W","[""SUBSTATION""]","3,000",,,"B2","2,510",,"19","3",,"9.375 x 14.5","1x 33*28 1x50*28","91*182","30.75","290",,,
"MR-SIEN-0001-V1","SIEMENS ENERGY","M-SIEN-0001",,,,"E21011",,"2026-08-05T17:29:42Z","soleil.anker@ermco-eci.com","2026-08-05T20:00:32Z","soleil.anker@ermco-eci.com","SIEN","M-SIEN-0001","SUBSTATION","[""SUBSTATION""]","1,000",,,,"0",,,"3",,,,,,"291",,,
"MR-SIEN-0002-V1","SIEMENS ENERGY","M-SIEN-0002",,,,"E21012",,"2026-08-05T17:29:43Z","soleil.anker@ermco-eci.com","2026-08-05T20:00:32Z","soleil.anker@ermco-eci.com","SIEN","M-SIEN-0002","SUBSTATION","[""SUBSTATION""]","2,000",,,,"0",,,"3",,,,,,"292",,,
"MR-SIEN-0003-V1","SIEMENS ENERGY","M-SIEN-0003",,,,"E21014",,"2026-08-05T17:29:46Z","soleil.anker@ermco-eci.com","2026-08-05T20:00:32Z","soleil.anker@ermco-eci.com","SIEN","M-SIEN-0003","SUBSTATION","[""SUBSTATION""]","1,000",,,,"0",,"19","3",,,,,,"293",,,
"MR-SIEN-0004-V1","SIEMENS ENERGY","M-SIEN-0004",,,,"E21015",,"2026-08-05T17:29:47Z","soleil.anker@ermco-eci.com","2026-08-05T20:00:32Z","soleil.anker@ermco-eci.com","SIEN","M-SIEN-0004","SUBSTATION","[""SUBSTATION""]","2,000",,,,"0",,"19","3",,,,,,"294",,,
"MR-CAIN-0001-V1","CAPSTONE INFRASTRUCTURE","M-CAIN-0001",,,,"E21016",,"2026-08-05T17:29:50Z","soleil.anker@ermco-eci.com","2026-08-05T20:00:00Z","soleil.anker@ermco-eci.com","CAIN","M-CAIN-0001","PADMOUNT","[""PADMOUNT""]","3,000",,,,"0",,"5","3",,,,,,"295",,,
"MR-CRSC-0001-V1","CRSC","M-CRSC-0001",,,,"FAN KIT",,"2026-08-05T17:29:51Z","soleil.anker@ermco-eci.com","2026-08-05T20:00:01Z","soleil.anker@ermco-eci.com","CRSC","M-CRSC-0001","PARTS","[""PARTS""]","0",,,,"0",,"1","0",,,,,,"296",,,
"MR-HYQU-0083-V1","HYDRO QUEBEC","M-HYQU-0083",,,,"G1168A122",,"2026-08-05T17:29:54Z","soleil.anker@ermco-eci.com","2026-08-05T20:00:20Z","soleil.anker@ermco-eci.com","HYQU","M-HYQU-0083","0","[""PLAQUE ANCRAGE""]","0",,,,"0",,"32","0",,,,,,"297",,,
"MR-PITR-0002-V1","PIONEER TRANSFORMERS","M-PITR-0002",,,,"G15545",,"2026-08-05T17:29:56Z","soleil.anker@ermco-eci.com","2026-08-05T20:00:28Z","soleil.anker@ermco-eci.com","PITR","M-PITR-0002","C2","[""VAULT-1PH""]","1,500",,,"FR3","515",,"3","3",,"10x10.5","2x 33*16","91*182","17","298",,,
"MR-PITR-0003-V1","PIONEER TRANSFORMERS","M-PITR-0003",,,,"G16948",,"2026-08-05T17:29:58Z","soleil.anker@ermco-eci.com","2026-08-05T20:00:28Z","soleil.anker@ermco-eci.com","PITR","M-PITR-0003","C2","[""VAULT-1PH""]","20",,,"FR3","146",,"3","1","0","6.835x10.375","102*204","19RD","17.5","299",,,
"MR-GOSO-0001-V1","GOLDEN SOUTH WIND","M-GOSO-0001",,,,"G19515",,"2026-08-05T17:29:59Z","soleil.anker@ermco-eci.com","2026-08-05T20:00:10Z","soleil.anker@ermco-eci.com","GOSO","M-GOSO-0001","PADMOUNT","[""PADMOUNT""]","4,889",,,,"0",,"32","3",,,,,,"300",,,
"MR-TECO-0001-V1","TECHNO CONTACT","M-TECO-0001",,,,"G19921",,"2026-08-05T17:30:00Z","soleil.anker@ermco-eci.com","2026-08-05T20:00:33Z","soleil.anker@ermco-eci.com","TECO","M-TECO-0001","POWER-W","[""SUBSTATION""]","2,500",,,"LUMINOL","2,430",,"19","3",,"8.75x10.5","2x 45*20","128*256","21","301",,,
"MR-TECO-0007-V1","TECHNO CONTACT","M-TECO-0007",,,,"G20162",,"2026-08-05T17:30:03Z","soleil.anker@ermco-eci.com","2026-08-05T20:00:33Z","soleil.anker@ermco-eci.com","TECO","M-TECO-0007","SUBSTATION","[""SUBSTATION""]","750",,,,"0",,,"3",,,,,,"302",,,
"MR-TECO-0005-V1","TECHNO CONTACT","M-TECO-0005",,,,"G20163",,"2026-08-05T17:30:05Z","soleil.anker@ermco-eci.com","2026-08-05T20:00:33Z","soleil.anker@ermco-eci.com","TECO","M-TECO-0005","SUBSTATION","[""SUBSTATION""]","1,250",,,,"0",,"19","3",,,,,,"303",,,
"MR-TECO-0004-V1","TECHNO CONTACT","M-TECO-0004",,,,"G20164W2",,"2026-08-05T17:30:07Z","soleil.anker@ermco-eci.com","2026-08-05T20:00:33Z","soleil.anker@ermco-eci.com","TECO","M-TECO-0004","SUBSTATION","[""SUBSTATION""]","2,000",,,"FR3","570",,"20","3",,,,,,"304",,,
"MR-TECO-0006-V1","TECHNO CONTACT","M-TECO-0006",,,,"G20165",,"2026-08-05T17:30:08Z","soleil.anker@ermco-eci.com","2026-08-05T20:00:33Z","soleil.anker@ermco-eci.com","TECO","M-TECO-0006","SUBSTATION","[""SUBSTATION""]","3,750",,,,"0",,"20","3",,,,,,"305",,,
"MR-BEEL-0001-V1","BEAVER ELECTRICAL ","M-BEEL-0001",,,,"G20877",,"2026-08-05T19:04:43Z","soleil.anker@ermco-eci.com","2026-08-05T20:00:00Z","soleil.anker@ermco-eci.com","BEEL","M-BEEL-0001","SUBSTATION","[""SUBSTATION""]","2,500",,,,,,"19","3",,,,,,"306",,,
"MR-XCEN-0010-V1","XCEL ENERGY NORTHERN","M-XCEN-0010",,,,"G20883",,"2026-08-05T19:04:43Z","soleil.anker@ermco-eci.com","2026-08-05T20:00:39Z","soleil.anker@ermco-eci.com","XCEN","M-XCEN-0010","NETWORK","[""NETWORK""]","1,500",,,,"0",,"16","3",,,,,,"307",,,
"MR-HYQU-0002-V1","HYDRO QUEBEC","M-HYQU-0002",,,,"G21523",,"2026-08-05T19:04:47Z","soleil.anker@ermco-eci.com","2026-08-05T20:00:11Z","soleil.anker@ermco-eci.com","HYQU","M-HYQU-0002","ZIG-ZAG + SA","[""MALT + SA""]","24.94",,,"A2","5,160","Annexe","40","3",,"ronde","9x 64*207","9x 64*207","33.625","309",,,
"MR-TECO-0002-V1","TECHNO CONTACT","M-TECO-0002",,,,"G21730",,"2026-08-05T19:04:51Z","soleil.anker@ermco-eci.com","2026-08-05T20:00:33Z","soleil.anker@ermco-eci.com","TECO","M-TECO-0002","PADMOUNT","[""PADMOUNT""]","500",,,"B2","1,108",,"4","3",,"6x10.25","45x12","81*162","13","310",,,
"MR-TECO-0003-V1","TECHNO CONTACT","M-TECO-0003",,,,"G21731",,"2026-08-05T19:04:54Z","soleil.anker@ermco-eci.com","2026-08-05T20:00:33Z","soleil.anker@ermco-eci.com","TECO","M-TECO-0003","POWER-W","[""SUBSTATION""]","2,500",,,,"0",,,"3",,,,,,"311",,,
"MR-POWE-0001-V1","POWERTECK","M-POWE-0001",,,,"G21778",,"2026-08-05T19:04:56Z","soleil.anker@ermco-eci.com","2026-08-05T20:00:29Z","soleil.anker@ermco-eci.com","POWE","M-POWE-0001","POWER-W","[""SUBSTATION""]","1,500",,,"B2","2,610",,"19","3",,"9.875x12.5","45*16","11.5RD","16.75","312",,,
"MR-LGEN-0008-V1","LG§E","M-LGEN-0008",,,,"G21931",,"2026-08-05T19:04:59Z","soleil.anker@ermco-eci.com","2026-08-05T20:00:23Z","soleil.anker@ermco-eci.com","LGEN","M-LGEN-0008","MALT","[""MALT""]","13.8",,,"B2","890","Annexe","22","3",,"ronde","81*162","81*162","19.125","313",,,
"MR-ELPA-0001-V1","EL PASO ELECTRIC","M-ELPA-0001",,,,"G22063",,"2026-08-05T19:05:02Z","soleil.anker@ermco-eci.com","2026-08-05T20:00:01Z","soleil.anker@ermco-eci.com","ELPA","M-ELPA-0001","NETWORK","[""NETWORK""]","500",,,,,,,"3",,"5.75x10.25","2x 45*16","81*162","16.75","314",,,
"MR-ELPA-0002-V1","EL PASO ELECTRIC","M-ELPA-0002",,,,"G22064",,"2026-08-05T19:05:04Z","soleil.anker@ermco-eci.com","2026-08-05T20:00:01Z","soleil.anker@ermco-eci.com","ELPA","M-ELPA-0002","NETWORK","[""NETWORK""]","1,000",,,,,,,"3",,"6.5x12.25","2x 33*16","102*204","17","315",,,
"MR-KORT-0001-V1","KORTICK","M-KORT-0001","DS1410",,,"KSMUD10010961",,"2026-08-05T19:05:05Z","soleil.anker@ermco-eci.com","2026-08-05T20:00:22Z","soleil.anker@ermco-eci.com","KORT","M-KORT-0001","NETWORK","[""NETWORK""]","1,000",,,"FR3","315","Cogent","16","3","na","6.875x12.25","2x 33*16","114*228","17.25","316",,,
"MR-KORT-0002-V1","KORTICK","M-KORT-0002","DS1410",,,"KSMUD10011580",,"2026-08-05T19:05:08Z","soleil.anker@ermco-eci.com","2026-08-05T20:00:22Z","soleil.anker@ermco-eci.com","KORT","M-KORT-0002","NETWORK","[""NETWORK""]","750",,,"FR3","296","Cogent","16","3","na","6.875x10.25","50*14","102*204","14.75","317",,,
"MR-KORT-0003-V1","KORTICK","M-KORT-0003","DS1410",,,"KSMUD10011581",,"2026-08-05T19:05:09Z","soleil.anker@ermco-eci.com","2026-08-05T20:00:22Z","soleil.anker@ermco-eci.com","KORT","M-KORT-0003","NETWORK","[""NETWORK""]","750",,,"FR3","296","Cogent","16","3","na","7.25x10.25","2x 50*16","102*204","16.75","318",,,
"MR-KORT-0004-V1","KORTICK","M-KORT-0004","DS1410",,,"KSMUD10011582",,"2026-08-05T19:05:13Z","soleil.anker@ermco-eci.com","2026-08-05T20:00:22Z","soleil.anker@ermco-eci.com","KORT","M-KORT-0004","NETWORK","[""NETWORK""]","500",,,"FR3","245","Cogent","15","3","na","5.75x10.25","2x 45*14","91*182","14.75","319",,,
"M-KORT-0005","KORTICK","M-KORT-0005","DS1410",,,"KSMUD10028678",,"2026-08-05T19:05:15Z","soleil.anker@ermco-eci.com","2026-08-08T05:33:40Z","soleil.anker@ermco-eci.com","KORT","M-KORT-0005","NETWORK","[""NETWORK""]","1,500",,,"FR3","558",,"16","3","na","8.125x10.5","2x 50*16","2x 102*204","17","320",,,
"MR-ATCO-0001-V1","ATCO","M-ATCO-0001",,,,"M-ATCO-0001",,"2026-08-05T19:05:19Z","soleil.anker@ermco-eci.com","2026-08-05T19:59:58Z","soleil.anker@ermco-eci.com","ATCO","M-ATCO-0001","SUBSTATION","[""SUBSTATION""]","15,000",,,,,,,"3",,,,,,"321",,,
"MR-MULT-0001-V1","MULTITECH","M-MULT-0001",,,,"M-MULT-0001",,"2026-08-05T19:05:21Z","soleil.anker@ermco-eci.com","2026-08-05T20:00:26Z","soleil.anker@ermco-eci.com","MULT","M-MULT-0001","SUBSTATION","[""SUBSTATION""]",,,,,,,,"3",,,,,,"322",,,
"MR-RIED-0001-V1","Rising Edge Group","M-RIED-0001",,,,"M-RIED-0001",,"2026-08-05T19:05:24Z","soleil.anker@ermco-eci.com","2026-08-05T20:00:32Z","soleil.anker@ermco-eci.com","RIED","M-RIED-0001","PADMOUNT","[""PADMOUNT""]","2,500",,,,,,,"3",,,,,,"323",,,
"MR-WESC-0001-V1","WESCO","M-WESC-0001",,,,"M-WESC-0001",,"2026-08-05T19:05:27Z","soleil.anker@ermco-eci.com","2026-08-05T20:00:37Z","soleil.anker@ermco-eci.com","WESC","M-WESC-0001","SUBSTATION","[""SUBSTATION""]","1,500",,,,,,,"3",,,,,,"324",,,
"MR-HYQU-0004-V1","HYDRO QUEBEC","M-HYQU-0004",,,,"N/A",,"2026-08-05T19:08:01Z","soleil.anker@ermco-eci.com","2026-08-05T20:00:11Z","soleil.anker@ermco-eci.com","HYQU","M-HYQU-0004",,,,,,,,,,,,,,,,"325",,,
"MR-MULT-0002-V1","MULTITECH","M-MULT-0002",,,,"NY250137-40380-M",,"2026-08-05T19:08:02Z","soleil.anker@ermco-eci.com","2026-08-05T20:00:26Z","soleil.anker@ermco-eci.com","MULT","M-MULT-0002","PADMOUNT","[""PADMOUNT""]","1,000",,,"B2","2,640",,"5","3",,"9.375x10.25","45*16","13RD","17","326",,,
"MR-UNUT-0001-V1","UNITED UTILITY SUPPLY","M-UNUT-0001",,,,"P170C7B7ABI",,"2026-08-05T19:08:04Z","soleil.anker@ermco-eci.com","2026-08-05T20:00:37Z","soleil.anker@ermco-eci.com","UNUT","M-UNUT-0001","PADMOUNT","[""PADMOUNT""]","5,000",,,,"0",,"6","3",,,,,,"327",,,
"MR-KEEL-0001-V1","KENTUCKY ELECTRIC","M-KEEL-0001",,,,"PI750NETCOH",,"2026-08-05T19:08:12Z","soleil.anker@ermco-eci.com","2026-08-05T20:00:21Z","soleil.anker@ermco-eci.com","KEEL","M-KEEL-0001","NETWORK","[""NETWORK""]","750",,,"B2","1,170",,"16","3",,"6.75x10.25","2x 50*16","102*204","17","330",,,
"MR-HYQU-0003-V1","HYDRO QUEBEC","M-HYQU-0003",,,,"REPARATION",,"2026-08-05T19:08:14Z","soleil.anker@ermco-eci.com","2026-08-05T20:00:11Z","soleil.anker@ermco-eci.com","HYQU","M-HYQU-0003","PADMOUNT","[""PADMOUNT""]",,,,,,,"5","3","0",,,,,"331",,,
"MR-HITA-0001-V1","HITACHI","M-HITA-0001",,,,"T1.AL.TA1",,"2026-08-05T19:08:15Z","soleil.anker@ermco-eci.com","2026-08-05T20:00:11Z","soleil.anker@ermco-eci.com","HITA","M-HITA-0001","POWER-LTC","[""SUBSTATION LTC""]","3,000",,,"A2","6,310","Annexe","21","3","na","ronde","2x 32*34.5","2x 126*256","36.75","332",,,
"MR-HITA-0002-V1","HITACHI","M-HITA-0002",,,,"T1.AL.TA2",,"2026-08-05T19:08:20Z","soleil.anker@ermco-eci.com","2026-08-05T20:00:11Z","soleil.anker@ermco-eci.com","HITA","M-HITA-0002","POWER-LTC","[""SUBSTATION LTC""]","3,000",,,"A2","0","Annexe","21","3","na","ronde","2x 32*34.5","2x 126*256","36.75","333",,,
"MR-HITA-0003-V1","HITACHI","M-HITA-0003",,,,"TMP1",,"2026-08-05T19:08:23Z","soleil.anker@ermco-eci.com","2026-08-05T20:00:11Z","soleil.anker@ermco-eci.com","HITA","M-HITA-0003","POWER-LTC","[""SUBSTATION LTC""]","0",,,"A2","6,310","Annexe","21","3","na","ronde","2x 32*34.5","2x 126*256","36.75","334",,,
"MR-HYQU-0084-V1","HYDRO QUEBEC","M-HYQU-0084",,,,"TMP10",,"2026-08-05T19:08:25Z","soleil.anker@ermco-eci.com","2026-08-05T20:00:20Z","soleil.anker@ermco-eci.com","HYQU","M-HYQU-0084","POWER-LTC","[""SUBSTATION LTC""]","3,000",,,"A2","6,900","Annexe","21","3",,"ronde",,,"37.25","335",,,
"MR-HYQU-0085-V1","HYDRO QUEBEC","M-HYQU-0085",,,,"TMP11",,"2026-08-05T19:08:28Z","soleil.anker@ermco-eci.com","2026-08-05T20:00:20Z","soleil.anker@ermco-eci.com","HYQU","M-HYQU-0085","POWER-LTC","[""SUBSTATION LTC""]","3,000",,,"A2","8,160","Annexe","21","3",,"ronde",,,,"336",,,
"MR-ENBR-0001-V1","ENBRIDGE","M-ENBR-0001",,,,"TMP2",,"2026-08-05T19:08:31Z","soleil.anker@ermco-eci.com","2026-08-05T20:00:01Z","soleil.anker@ermco-eci.com","ENBR","M-ENBR-0001","POWER-S","[""SUBST-STACK""]","10,000",,,"LUMINOL","6,200",,"23","3","na","ronde","35*24.88","2x 110*364","56","337",,,
"MR-HYQU-0086-V1","HYDRO QUEBEC","M-HYQU-0086",,,,"TMP3",,"2026-08-05T19:08:33Z","soleil.anker@ermco-eci.com","2026-08-05T20:00:20Z","soleil.anker@ermco-eci.com","HYQU","M-HYQU-0086","ZIG-ZAG + SA","[""MALT + SA""]","24.94",,,"A2","5,980","Annexe","40","3","na","ronde","9x 70*244","9x 70*244","28.125","338",,,
"MR-HYQU-0087-V1","HYDRO QUEBEC","M-HYQU-0087",,,,"TMP4",,"2026-08-05T19:08:34Z","soleil.anker@ermco-eci.com","2026-08-05T20:00:20Z","soleil.anker@ermco-eci.com","HYQU","M-HYQU-0087","ZIG-ZAG + SA","[""MALT + SA""]","24.94",,,"A2","5,980","Annexe","40","3","na","9.375x10.25","50*14","81*162","15","339",,,
"MR-HYQU-0088-V1","HYDRO QUEBEC","M-HYQU-0088",,,,"TMP5",,"2026-08-05T19:08:39Z","soleil.anker@ermco-eci.com","2026-08-05T20:00:21Z","soleil.anker@ermco-eci.com","HYQU","M-HYQU-0088","ZIG-ZAG","[""MALT""]","24.94",,,"A2","3,830","Annexe","22","3","na","ronde","9x 64*207","9x 64*207","33.625","340",,,
"MR-HYQU-0089-V1","HYDRO QUEBEC","M-HYQU-0089",,,,"TMP6",,"2026-08-05T19:08:40Z","soleil.anker@ermco-eci.com","2026-08-05T20:00:21Z","soleil.anker@ermco-eci.com","HYQU","M-HYQU-0089","ZIG-ZAG + SA","[""MALT + SA""]","24.94",,,"A2","5,250","Annexe","40","3","na","8.375x9.25","45*10","11.5RD","11.25","341",,,
"MR-HYQU-0090-V1","HYDRO QUEBEC","M-HYQU-0090",,,,"TMP7",,"2026-08-05T19:08:44Z","soleil.anker@ermco-eci.com","2026-08-05T20:00:21Z","soleil.anker@ermco-eci.com","HYQU","M-HYQU-0090","POWER-LTC","[""SUBSTATION LTC""]","3,000",,,"A2","8,080","Annexe","21","3",,"ronde","2x 44*29","9x 70*252","31","342",,,
"MR-HYQU-0091-V1","HYDRO QUEBEC","M-HYQU-0091",,,,"TMP8",,"2026-08-05T19:08:48Z","soleil.anker@ermco-eci.com","2026-08-05T20:00:21Z","soleil.anker@ermco-eci.com","HYQU","M-HYQU-0091","POWER-LTC","[""SUBSTATION LTC""]","24.94",,,"B2","6,280","Annexe","21","3","na","ronde","2x 35*30.250","2x 113*266","32.5","343",,,
"MR-HYQU-0092-V1","HYDRO QUEBEC","M-HYQU-0092",,,,"TMP9",,"2026-08-05T19:08:51Z","soleil.anker@ermco-eci.com","2026-08-05T20:00:21Z","soleil.anker@ermco-eci.com","HYQU","M-HYQU-0092","ZIG-ZAG + SA","[""MALT + SA""]","4.16",,,"A2","2,970","Annexe","40","3",,"ronde","152*430","152*430","25.375","344",,,
"MR-PSEG-0001-V1","PSE§G ","M-PSEG-0001","1-F-4",,,"W007136",,"2026-08-05T19:11:53Z","soleil.anker@ermco-eci.com","2026-08-05T20:00:29Z","soleil.anker@ermco-eci.com","PSEG","M-PSEG-0001",,,"0",,,,,,,,,,,,,"345",,,
"MR-PSEG-0002-V1","PSE§G ","M-PSEG-0002","1-F-4",,,"W007156",,"2026-08-05T19:15:27Z","soleil.anker@ermco-eci.com","2026-08-05T20:00:29Z","soleil.anker@ermco-eci.com","PSEG","M-PSEG-0002",,,"0",,,,,,,,,,,,,"346",,,
"MR-PSEG-0003-V1","PSE§G ","M-PSEG-0003","ED-OP-SP-7107 (1-N-7)",,,"W007800",,"2026-08-05T19:15:41Z","soleil.anker@ermco-eci.com","2026-08-05T20:00:29Z","soleil.anker@ermco-eci.com","PSEG","M-PSEG-0003","NETWORK","[""NETWORK""]","2,000",,,"FR3","620","Cogent","16",,"na","8.5x12.375","33*10","102*204","23","347",,,
"MR-PSEG-0004-V1","PSE§G ","M-PSEG-0004","ED-OP-SP-7107 (1-N-7)",,,"W007802",,"2026-08-05T19:15:54Z","soleil.anker@ermco-eci.com","2026-08-05T20:00:29Z","soleil.anker@ermco-eci.com","PSEG","M-PSEG-0004","NETWORK","[""NETWORK""]","1,500",,,"FR3","325",,"16","3",,"7.25x13.5","2x 50*16","2x 102*204","17","348",,,
"MR-PSEG-0005-V1","PSE§G ","M-PSEG-0005",,,,"W007804",,"2026-08-05T19:16:30Z","soleil.anker@ermco-eci.com","2026-08-05T20:00:29Z","soleil.anker@ermco-eci.com","PSEG","M-PSEG-0005",,,"0",,,,,,,,,,,,,"349",,,
"MR-PSEG-0006-V1","PSE§G ","M-PSEG-0006","ED-OP-SP-7107 (1-N-7)",,,"W007808",,"2026-08-05T19:19:09Z","soleil.anker@ermco-eci.com","2026-08-05T20:00:30Z","soleil.anker@ermco-eci.com","PSEG","M-PSEG-0006",,,"0",,,,,,,,,,,,,"350",,,
"MR-PSEG-0007-V1","PSE§G ","M-PSEG-0007","ED-OP-SP-7107 (1-N-7)",,,"W007812",,"2026-08-05T19:19:19Z","soleil.anker@ermco-eci.com","2026-08-05T20:00:30Z","soleil.anker@ermco-eci.com","PSEG","M-PSEG-0007","NETWORK","[""NETWORK""]","750",,,"FR3","325",,"16","3","0","6.375x10.25","2x 50*16","102*204","16.75","351",,,
"MR-PSEG-0008-V1","PSE§G ","M-PSEG-0008","ED-OP-SP-7107 (1-N-7)",,,"W007814",,"2026-08-05T19:19:26Z","soleil.anker@ermco-eci.com","2026-08-05T20:00:30Z","soleil.anker@ermco-eci.com","PSEG","M-PSEG-0008",,,"0",,,,,,,,,,,,,"352",,,
"MR-PSEG-0009-V1","PSE§G ","M-PSEG-0009","ED-OP-SP-7107 (1-N-7)",,,"W007816",,"2026-08-05T19:19:33Z","soleil.anker@ermco-eci.com","2026-08-05T20:00:30Z","soleil.anker@ermco-eci.com","PSEG","M-PSEG-0009",,,"0",,,,,,,,,,,,,"353",,,
"MR-PSEG-0010-V1","PSE§G ","M-PSEG-0010","ED-OP-SP-7107 (1-N-7)",,,"W007818",,"2026-08-05T19:19:38Z","soleil.anker@ermco-eci.com","2026-08-05T20:00:30Z","soleil.anker@ermco-eci.com","PSEG","M-PSEG-0010",,,"0",,,,,,,,,,,,,"354",,,
"MR-PSEG-0011-V1","PSE§G ","M-PSEG-0011","1-J-8",,,"W007820",,"2026-08-05T19:19:44Z","soleil.anker@ermco-eci.com","2026-08-05T20:00:30Z","soleil.anker@ermco-eci.com","PSEG","M-PSEG-0011","NETWORK","[""NETWORK""]","750",,,"FR3","390",,"16","3","0","7.375x12.25","33*10  50*10","2x 128*256","11","355",,,
"MR-PSEG-0012-V1","PSE§G ","M-PSEG-0012","1-J-8",,,"W007822",,"2026-08-05T19:19:50Z","soleil.anker@ermco-eci.com","2026-08-05T20:00:30Z","soleil.anker@ermco-eci.com","PSEG","M-PSEG-0012","NETWORK","[""NETWORK""]","1,000",,,"FR3","455",,"16","3","na","7.375x13.25","33*12 45*12","3x 128*256","13","356",,,
"MR-PSEG-0013-V1","PSE§G ","M-PSEG-0013","1-J-8",,,"W007826",,"2026-08-05T19:19:55Z","soleil.anker@ermco-eci.com","2026-08-05T20:00:30Z","soleil.anker@ermco-eci.com","PSEG","M-PSEG-0013","NETWORK","[""NETWORK""]","300",,,"FR3","214",,"15","3","na","4.5x10.25","2x 33*10","2x 102*204","10.75","357",,,
"MR-PSEG-0014-V1","PSE§G ","M-PSEG-0014","1-J-8",,,"W007828",,"2026-08-05T19:20:00Z","soleil.anker@ermco-eci.com","2026-08-05T20:00:30Z","soleil.anker@ermco-eci.com","PSEG","M-PSEG-0014",,,"0",,,,,,,,,,,,,"358",,,
"MR-PSEG-0015-V1","PSE§G ","M-PSEG-0015","1-J-8",,,"W007830",,"2026-08-05T19:20:04Z","soleil.anker@ermco-eci.com","2026-08-05T20:00:31Z","soleil.anker@ermco-eci.com","PSEG","M-PSEG-0015","NETWORK","[""NETWORK""]","750",,,"FR3","312",,"16","3",,"6.875x10.25","2x 45*18","4x 114*228","19.25","359",,,
"MR-PSEG-0016-V1","PSE§G ","M-PSEG-0016","1-J-8",,,"W007832",,"2026-08-05T19:20:10Z","soleil.anker@ermco-eci.com","2026-08-05T20:00:31Z","soleil.anker@ermco-eci.com","PSEG","M-PSEG-0016","NETWORK","[""NETWORK""]","1,000",,,"FR3","420",,"16","3",,"6.875x13.25","3x 45*18","4x 128*256","19","360",,,
"MR-PSEG-0017-V1","PSE§G ","M-PSEG-0017","ED-OP-SP-7107 (1-N-7)",,,"W008600",,"2026-08-05T19:20:18Z","soleil.anker@ermco-eci.com","2026-08-05T20:00:31Z","soleil.anker@ermco-eci.com","PSEG","M-PSEG-0017",,,"0",,,,,,,,,,,,,"361",,,
"MR-PSEG-0018-V1","PSE§G ","M-PSEG-0018","ED-OP-SP-7107 (1-N-7)",,,"W008602",,"2026-08-05T19:20:56Z","soleil.anker@ermco-eci.com","2026-08-05T20:00:31Z","soleil.anker@ermco-eci.com","PSEG","M-PSEG-0018",,,"0",,,,,,,,,,,,,"362",,,
"MR-PSEG-0019-V1","PSE§G ","M-PSEG-0019","ED-OP-SP-7107 (1-N-7)",,,"W008604",,"2026-08-05T19:20:56Z","soleil.anker@ermco-eci.com","2026-08-05T20:00:31Z","soleil.anker@ermco-eci.com","PSEG","M-PSEG-0019","NETWORK","[""NETWORK""]","1,000",,,"FR3","555",,"16","3",,"7.5x13.25","33*24 2x 45*24","91*182","25","363",,,
"MR-PSEG-0020-V1","PSE§G ","M-PSEG-0020","ED-OP-SP-7107 (1-N-7)",,,"W008606",,"2026-08-05T19:20:56Z","soleil.anker@ermco-eci.com","2026-08-05T20:00:31Z","soleil.anker@ermco-eci.com","PSEG","M-PSEG-0020","NETWORK","[""NETWORK""]","750",,,"FR3","368",,"16",,"na","6.875x12.25","2x 33*14","10.5rd","15","364",,,
"MR-PSEG-0021-V1","PSE§G ","M-PSEG-0021","ED-OP-SP-7107 (1-N-7)",,,"W008608",,"2026-08-05T19:20:57Z","soleil.anker@ermco-eci.com","2026-08-05T20:00:31Z","soleil.anker@ermco-eci.com","PSEG","M-PSEG-0021","NETWORK","[""NETWORK""]","1,000",,,"FR3","368",,"16","3",,"7.25x12.25","2x 33*16","9RD","17.5","365",,,
"MR-PSEG-0022-V1","PSE§G ","M-PSEG-0022","ED-OP-SP-7107 (1-N-7)",,,"W008610",,"2026-08-05T19:20:57Z","soleil.anker@ermco-eci.com","2026-08-05T20:00:31Z","soleil.anker@ermco-eci.com","PSEG","M-PSEG-0022",,,"1,000",,,,,,,,,,,,,"366",,,
"MR-PSEG-0023-V1","PSE§G ","M-PSEG-0023","ED-OP-SP-7107 (1-N-7)",,,"W008612",,"2026-08-05T19:20:58Z","soleil.anker@ermco-eci.com","2026-08-05T20:00:31Z","soleil.anker@ermco-eci.com","PSEG","M-PSEG-0023",,,"0",,,,,,,,,,,,,"367",,,
"MR-PSEG-0024-V1","PSE§G ","M-PSEG-0024","ED-OP-SP-7107 (1-N-7)",,,"W008614",,"2026-08-05T19:20:58Z","soleil.anker@ermco-eci.com","2026-08-05T20:00:32Z","soleil.anker@ermco-eci.com","PSEG","M-PSEG-0024",,,"0",,,,,,,,,,,,,"368",,,
"MR-PSEG-0025-V1","PSE§G ","M-PSEG-0025",,,,"W008616",,"2026-08-05T19:20:58Z","soleil.anker@ermco-eci.com","2026-08-05T20:00:32Z","soleil.anker@ermco-eci.com","PSEG","M-PSEG-0025",,,"0",,,,,,,,,,,,,"369",,,
"MR-GTWO-0001-V1","G.T. WOOD","M-GTWO-0001",,,,"WRG3015.FANKIT",,"2026-08-05T19:20:59Z","soleil.anker@ermco-eci.com","2026-08-05T20:00:10Z","soleil.anker@ermco-eci.com","GTWO","M-GTWO-0001","SPARE PARTS","[""SPARE PARTS""]","0",,,,"0",,"36","0",,,,,,"370",,,
"MR-MAGA-0001-V1","MADISON GAS § ELECTRIC","M-MAGA-0001","2022-NTR-1",,,"X104129",,"2026-08-05T19:20:59Z","soleil.anker@ermco-eci.com","2026-08-05T20:00:24Z","soleil.anker@ermco-eci.com","MAGA","M-MAGA-0001","NETWORK",,"500",,,"FR3",,,,,,,,,,"371",,,
"MR-MAGA-0002-V1","MADISON GAS § ELECTRIC","M-MAGA-0002","2023-NTR-1",,,"X104130",,"2026-08-05T19:21:00Z","soleil.anker@ermco-eci.com","2026-08-05T20:00:24Z","soleil.anker@ermco-eci.com","MAGA","M-MAGA-0002","NETWORK",,"750",,,"FR3",,,,,,,,,,"372",,,
"MR-MAGA-0003-V1","MADISON GAS § ELECTRIC","M-MAGA-0003","2020-NTR1",,,"X104131",,"2026-08-05T19:21:00Z","soleil.anker@ermco-eci.com","2026-08-05T20:00:24Z","soleil.anker@ermco-eci.com","MAGA","M-MAGA-0003","NETWORK",,"750",,,"FR3",,,,,,,,,,"373",,,
"MR-MAGA-0004-V1","MADISON GAS § ELECTRIC","M-MAGA-0004","2023-NTR-1",,,"X104132",,"2026-08-05T19:21:00Z","soleil.anker@ermco-eci.com","2026-08-05T20:00:24Z","soleil.anker@ermco-eci.com","MAGA","M-MAGA-0004","NETWORK",,"1,500",,,"FR3",,,,,,,,,,"374",,,
"MR-MAGA-0005-V1","MADISON GAS § ELECTRIC","M-MAGA-0005","2023-NTR-2",,,"X114282",,"2026-08-05T19:21:00Z","soleil.anker@ermco-eci.com","2026-08-05T20:00:24Z","soleil.anker@ermco-eci.com","MAGA","M-MAGA-0005","NETWORK",,"750",,,"FR3",,,,,,,,,,"375",,,
"MR-MAGA-0006-V1","MADISON GAS § ELECTRIC","M-MAGA-0006","2022-NTR-2",,,"X116807",,"2026-08-05T19:21:01Z","soleil.anker@ermco-eci.com","2026-08-05T20:00:24Z","soleil.anker@ermco-eci.com","MAGA","M-MAGA-0006","NETWORK","[""NETWORK""]","500",,,,,,"15","3",,,,,,"376",,,
"MR-FIEN-0004-V1","FIRST ENERGY","M-FIEN-0004
",,,,"100153683",,"2026-08-05T19:21:01Z","soleil.anker@ermco-eci.com","2026-08-05T20:00:08Z","soleil.anker@ermco-eci.com","FIEN","M-FIEN-0004","PADMOUNT","[""PADMOUNT""]","5,000",,,,,,"6","3",,,,,,"377",,,
"MR-REDE-0001-V1","RED DEER","M-REDE-0001",,,,"53188",,"2026-08-05T19:21:02Z","soleil.anker@ermco-eci.com","2026-08-05T20:00:32Z","soleil.anker@ermco-eci.com","REDE","M-REDE-0001","SUBMERSIBLE",,"1,000",,,"B2",,,,"3",,,,,,"378",,,
"MR-EXEL-0001-V1","EXELON","M-EXEL-0001",,,,"1394755",,"2026-08-05T19:21:02Z","soleil.anker@ermco-eci.com","2026-08-05T20:19:51Z","soleil.anker@ermco-eci.com","EXEL","M-EXEL-0001","NETWORK","[""NETWORK""]","750",,,"FR3",,,,"3",,,,,,"379",,,
"MR-PITR-0004-V1","PIONEER TRANSFORMERS","M-PITR-0004",,,,"P20004",,"2026-08-05T19:21:02Z","soleil.anker@ermco-eci.com","2026-08-05T20:00:29Z","soleil.anker@ermco-eci.com","PITR","M-PITR-0004","NETWORK","[""NETWORK""]","500",,,"FR3","396",,"32","3",,"7.5x14.25","2x 50*14","10RD","15","380",,,
"MR-EPBC-0002-V1","ELECTRIC POWER BOARD","M-EPBC-0002",,,,"G22084",,"2026-08-05T19:21:03Z","soleil.anker@ermco-eci.com","2026-08-05T20:00:07Z","soleil.anker@ermco-eci.com","EPBC","M-EPBC-0002","NETWORK","[""NETWORK""]","750",,,"FR3","458",,"15","3",,"6.75 x 12.25","2x 50*16","114*228","17","381",,,
"MR-EPBC-0001-V1","ELECTRIC POWER BOARD","M-EPBC-0001",,,,"G22083",,"2026-08-05T19:21:04Z","soleil.anker@ermco-eci.com","2026-08-05T20:00:07Z","soleil.anker@ermco-eci.com","EPBC","M-EPBC-0001","NETWORK","[""NETWORK""]","500",,,"FR3","318",,"15","3",,"6.125 x 10.25","2x 50*14","81*162","15","382",,,
"MR-HYQU-0079-V1","HYDRO QUEBEC","M-HYQU-0079",,,,"4276086/1189360",,"2026-08-05T19:21:04Z","soleil.anker@ermco-eci.com","2026-08-05T20:00:20Z","soleil.anker@ermco-eci.com","HYQU","M-HYQU-0079","LTC","[""LTC""]","3,000",,,,"0",,"22","3",,,,,,"383",,,
"MR-HYQU-0094-V1","HYDRO QUEBEC","M-HYQU-0094",,,,"G22110",,"2026-08-05T19:21:04Z","soleil.anker@ermco-eci.com","2026-08-05T20:00:21Z","soleil.anker@ermco-eci.com","HYQU","M-HYQU-0094","MALT + SA","[""MALT + SA""]","500",,,,,,"22","3",,,,,,"384",,,
"MR-LISA-0005-V1","LIZCO SALES","M-LISA-0005",,,,"132123LIZ",,"2026-08-05T19:21:05Z","soleil.anker@ermco-eci.com","2026-08-05T20:00:23Z","soleil.anker@ermco-eci.com","LISA","M-LISA-0005","PADMOUNT","[""PADMOUNT""]","4,000",,,,,,"6","3",,,,,,"385",,,
"MR-WIHI-0001-V1","WILSON HIGH VOLTAGE","M-WIHI-0001",,,,"167-278-01 / 25Z0110",,"2026-08-05T19:21:05Z","soleil.anker@ermco-eci.com","2026-08-05T20:00:38Z","soleil.anker@ermco-eci.com","WIHI","M-WIHI-0001","PARTS","[""PARTS""]","0",,,,,,"0",,,,,,,"386",,,
"MR-HYQU-0093-V1","HYDRO QUEBEC","M-HYQU-0093",,,,"1002560",,"2026-08-05T19:21:05Z","soleil.anker@ermco-eci.com","2026-08-05T20:00:21Z","soleil.anker@ermco-eci.com","HYQU","M-HYQU-0093","MINPAD","[""MINPAD-1HP""]","167",,,"A2","335",,"1","1",,"7.25x8.875","45*16","9RD","17.25","387",,,
"MR-HYQU-0095-V1","HYDRO QUEBEC",,,,,"4301872/1204685",,"2026-08-05T19:21:06Z","soleil.anker@ermco-eci.com","2026-08-05T20:00:21Z","soleil.anker@ermco-eci.com","HYQU","M-HYQU-0095","MALT + SA","[""MALT + SA""]","6,000",,,,,,"22","3",,,,,,"388",,,
"MR-TRIV-0001-V1","TRIVOLT","M-TRIV-0001",,,,"WRG3027.FANKIT",,"2026-08-05T19:21:06Z","soleil.anker@ermco-eci.com","2026-08-05T20:00:37Z","soleil.anker@ermco-eci.com","TRIV","M-TRIV-0001",,,"0",,,,,,"0","3",,,,,,"389",,,
"MR-ATCO-0002-V1","ATCO","M-ATCO-0002",,,,"1147003",,"2026-08-05T19:21:07Z","soleil.anker@ermco-eci.com","2026-08-05T19:59:58Z","soleil.anker@ermco-eci.com","ATCO","M-ATCO-0002",,,"1,500",,,,,,"0","3",,,,,,"390",,,
"MR-ENMA-0054-V1","ENMAX",,,,,"61200220024-316L",,"2026-08-10T19:55:17Z","soleil.anker@ermco-eci.com","2026-08-10T19:55:17Z","soleil.anker@ermco-eci.com",,,"None",,"0",,,"None",,"None",,,,,,,,"395",,,
"MR-ENMA-0055-V1","ENMAX",,,,,"±61200220112",,"2026-08-10T20:15:30Z","soleil.anker@ermco-eci.com","2026-08-10T20:15:30Z","soleil.anker@ermco-eci.com",,,"None",,"0",,,"None",,"None",,,,,,,,"396",,,
