"list","displayName","internalName","type","lookupList","lookupShowField","multiValue","choices","formula","hidden","readOnly","required","indexed","restField","csvColumn","idColumn","fillRate","isKey","syncedFromList","syncedFromField","syncedByFlow","viaLookup","readAs","notes"
"Clients","App Created By","AppAuthor","lookup","AppPrincipals","Title","False","","","False","True","False","False","AppAuthorId","","","","False","","","","","","Absent from CSV exports and from a plain REST item read. REST gives AppAuthorId; display value via FieldValuesAsText, or this mirror's AppAuthor column."
"Clients","App Modified By","AppEditor","lookup","AppPrincipals","Title","False","","","False","True","False","False","AppEditorId","","","","False","","","","","","Absent from CSV exports and from a plain REST item read. REST gives AppEditorId; display value via FieldValuesAsText, or this mirror's AppEditor column."
"Clients","Attachments","Attachments","other","","","","","","False","False","False","False","Attachments","Attachments","","1","False","","","","","",""
"Clients","Created By","Author","personOrGroup","","","","","","False","True","False","False","AuthorId","AuthorId","AuthorId","1","False","","","","","",""
"Clients","Critical Part 1","CliCriticalPart1","text","","","","","","False","False","False","False","CliCriticalPart1","CliCriticalPart1","","0.172","False","","","","","",""
"Clients","Critical Part 2","CliCriticalPart2","text","","","","","","False","False","False","False","CliCriticalPart2","CliCriticalPart2","","0.131","False","","","","","",""
"Clients","Delai","CliDelai","text","","","","","","False","False","False","False","CliDelai","CliDelai","","0.182","False","","","","","",""
"Clients","Lead Time (weeks)","CliLeadTimeWeeks","number","","","","","","False","False","False","False","CliLeadTimeWeeks","CliLeadTimeWeeks","","0.172","False","","","","","",""
"Clients","Supplier 1","CliSupplier1","text","","","","","","False","False","False","False","CliSupplier1","CliSupplier1","","0.162","False","","","","","",""
"Clients","Supplier 2","CliSupplier2","text","","","","","","False","False","False","False","CliSupplier2","CliSupplier2","","0.141","False","","","","","",""
"Clients","Client_ID","Client_ID","text","","","","","","False","False","True","True","Client_ID","Client_ID","","1","True","","","","","","Identifies a row: 100% filled and unique (the list's own key is always Id)."
"Clients","Compliance Asset Id","ComplianceAssetId","text","","","","","","False","True","False","False","ComplianceAssetId","","","","False","","","","","",""
"Clients","Content Type","ContentType","other","","","","","","False","False","False","False","ContentType","","","","False","","","","","",""
"Clients","Created","Created","dateTime (dateTime)","","","","","","False","True","False","False","Created","Created","","1","False","","","","","",""
"Clients","Type","DocIcon","other","","","","","","False","True","False","False","DocIcon","","","","False","","","","","",""
"Clients","Edit","Edit","other","","","","","","False","True","False","False","Edit","","","","False","","","","","",""
"Clients","Modified By","Editor","personOrGroup","","","","","","False","True","False","False","EditorId","EditorId","EditorId","1","False","","","","","",""
"Clients","Folder Child Count","FolderChildCount","lookup","","FolderChildCount","False","","","False","True","False","False","FolderChildCountId","","","","False","","","","","","Absent from CSV exports and from a plain REST item read. REST gives FolderChildCountId; display value via FieldValuesAsText, or this mirror's FolderChildCount column."
"Clients","ID","ID","other","","","","","","False","True","False","False","ID","","","","False","","","","","",""
"Clients","Item Child Count","ItemChildCount","lookup","","ItemChildCount","False","","","False","True","False","False","ItemChildCountId","","","","False","","","","","","Absent from CSV exports and from a plain REST item read. REST gives ItemChildCountId; display value via FieldValuesAsText, or this mirror's ItemChildCount column."
"Clients","Client","LinkTitle","other","","","","","","False","True","False","False","LinkTitle","","","","False","","","","","",""
"Clients","Title","LinkTitleNoMenu","other","","","","","","False","True","False","False","LinkTitleNoMenu","","","","False","","","","","",""
"Clients","Modified","Modified","dateTime (dateTime)","","","","","","False","True","False","False","Modified","Modified","","1","False","","","","","",""
"Clients","Title","Title","text","","","","","","False","False","False","False","Title","Title","","1","True","","","","","","Identifies a row: 100% filled and unique (the list's own key is always Id)."
"Clients","Color Tag","_ColorTag","text","","","","","","False","True","False","False","_ColorTag","","","","False","","","","","",""
"Clients","Label setting","_ComplianceFlags","lookup","","ComplianceFlags","False","","","False","True","False","False","_ComplianceFlagsId","","","","False","","","","","","Absent from CSV exports and from a plain REST item read. REST gives _ComplianceFlagsId; display value via FieldValuesAsText, or this mirror's _ComplianceFlags column."
"Clients","Retention label","_ComplianceTag","lookup","","ComplianceTag","False","","","False","True","False","False","_ComplianceTagId","","","","False","","","","","","Absent from CSV exports and from a plain REST item read. REST gives _ComplianceTagId; display value via FieldValuesAsText, or this mirror's _ComplianceTag column."
"Clients","Label applied by","_ComplianceTagUserId","lookup","","ComplianceTagUserId","False","","","False","True","False","False","_ComplianceTagUserIdId","","","","False","","","","","","Absent from CSV exports and from a plain REST item read. REST gives _ComplianceTagUserIdId; display value via FieldValuesAsText, or this mirror's _ComplianceTagUserId column."
"Clients","Retention label Applied","_ComplianceTagWrittenTime","lookup","","ComplianceTagWrittenTime","False","","","False","True","False","False","_ComplianceTagWrittenTimeId","","","","False","","","","","","Absent from CSV exports and from a plain REST item read. REST gives _ComplianceTagWrittenTimeId; display value via FieldValuesAsText, or this mirror's _ComplianceTagWrittenTime column."
"Clients","Item is a Record","_IsRecord","other","","","","","","False","True","False","False","_IsRecord","","","","False","","","","","",""
"Clients","Version","_UIVersionString","text","","","","","","False","True","False","False","_UIVersionString","","","","False","","","","","",""
"Index","App Created By","AppAuthor","lookup","AppPrincipals","Title","False","","","False","True","False","False","AppAuthorId","","","","False","","","","","","Absent from CSV exports and from a plain REST item read. REST gives AppAuthorId; display value via FieldValuesAsText, or this mirror's AppAuthor column."
"Index","App Modified By","AppEditor","lookup","AppPrincipals","Title","False","","","False","True","False","False","AppEditorId","","","","False","","","","","","Absent from CSV exports and from a plain REST item read. REST gives AppEditorId; display value via FieldValuesAsText, or this mirror's AppEditor column."
"Index","Attachments","Attachments","other","","","","","","False","False","False","False","Attachments","Attachments","","1","False","","","","","",""
"Index","Created By","Author","personOrGroup","","","","","","False","True","False","False","AuthorId","AuthorId","AuthorId","1","False","","","","","",""
"Index","Compliance Asset Id","ComplianceAssetId","text","","","","","","False","True","False","False","ComplianceAssetId","","","","False","","","","","",""
"Index","Content Type","ContentType","other","","","","","","False","False","False","False","ContentType","","","","False","","","","","",""
"Index","Created","Created","dateTime (dateTime)","","","","","","False","True","False","False","Created","Created","","1","False","","","","","",""
"Index","Type","DocIcon","other","","","","","","False","True","False","False","DocIcon","","","","False","","","","","",""
"Index","Edit","Edit","other","","","","","","False","True","False","False","Edit","","","","False","","","","","",""
"Index","Modified By","Editor","personOrGroup","","","","","","False","True","False","False","EditorId","EditorId","EditorId","1","False","","","","","",""
"Index","Folder Child Count","FolderChildCount","lookup","","FolderChildCount","False","","","False","True","False","False","FolderChildCountId","","","","False","","","","","","Absent from CSV exports and from a plain REST item read. REST gives FolderChildCountId; display value via FieldValuesAsText, or this mirror's FolderChildCount column."
"Index","ID","ID","other","","","","","","False","True","False","False","ID","","","","False","","","","","",""
"Index","Item Child Count","ItemChildCount","lookup","","ItemChildCount","False","","","False","True","False","False","ItemChildCountId","","","","False","","","","","","Absent from CSV exports and from a plain REST item read. REST gives ItemChildCountId; display value via FieldValuesAsText, or this mirror's ItemChildCount column."
"Index","Title","LinkTitle","other","","","","","","False","True","False","False","LinkTitle","","","","False","","","","","",""
"Index","Title","LinkTitleNoMenu","other","","","","","","False","True","False","False","LinkTitleNoMenu","","","","False","","","","","",""
"Index","Modified","Modified","dateTime (dateTime)","","","","","","False","True","False","False","Modified","Modified","","1","False","","","","","",""
"Index","Path","Path","other","","","","","","False","False","False","False","Path","Path","","1","False","","","","","",""
"Index","Title","Title","text","","","","","","False","False","False","False","Title","Title","","1","True","","","","","","Identifies a row: 100% filled and unique (the list's own key is always Id)."
"Index","Color Tag","_ColorTag","text","","","","","","False","True","False","False","_ColorTag","","","","False","","","","","",""
"Index","Label setting","_ComplianceFlags","lookup","","ComplianceFlags","False","","","False","True","False","False","_ComplianceFlagsId","","","","False","","","","","","Absent from CSV exports and from a plain REST item read. REST gives _ComplianceFlagsId; display value via FieldValuesAsText, or this mirror's _ComplianceFlags column."
"Index","Retention label","_ComplianceTag","lookup","","ComplianceTag","False","","","False","True","False","False","_ComplianceTagId","","","","False","","","","","","Absent from CSV exports and from a plain REST item read. REST gives _ComplianceTagId; display value via FieldValuesAsText, or this mirror's _ComplianceTag column."
"Index","Label applied by","_ComplianceTagUserId","lookup","","ComplianceTagUserId","False","","","False","True","False","False","_ComplianceTagUserIdId","","","","False","","","","","","Absent from CSV exports and from a plain REST item read. REST gives _ComplianceTagUserIdId; display value via FieldValuesAsText, or this mirror's _ComplianceTagUserId column."
"Index","Retention label Applied","_ComplianceTagWrittenTime","lookup","","ComplianceTagWrittenTime","False","","","False","True","False","False","_ComplianceTagWrittenTimeId","","","","False","","","","","","Absent from CSV exports and from a plain REST item read. REST gives _ComplianceTagWrittenTimeId; display value via FieldValuesAsText, or this mirror's _ComplianceTagWrittenTime column."
"Index","Item is a Record","_IsRecord","other","","","","","","False","True","False","False","_IsRecord","","","","False","","","","","",""
"Index","Version","_UIVersionString","text","","","","","","False","True","False","False","_UIVersionString","","","","False","","","","","",""
"Model Revisions","App Created By","AppAuthor","lookup","AppPrincipals","Title","False","","","False","True","False","False","AppAuthorId","","","","False","","","","","","Absent from CSV exports and from a plain REST item read. REST gives AppAuthorId; display value via FieldValuesAsText, or this mirror's AppAuthor column."
"Model Revisions","App Modified By","AppEditor","lookup","AppPrincipals","Title","False","","","False","True","False","False","AppEditorId","","","","False","","","","","","Absent from CSV exports and from a plain REST item read. REST gives AppEditorId; display value via FieldValuesAsText, or this mirror's AppEditor column."
"Model Revisions","Attachments","Attachments","other","","","","","","False","False","False","False","Attachments","Attachments","","1","False","","","","","",""
"Model Revisions","Created_By","Author","personOrGroup","","","","","","False","True","False","False","AuthorId","AuthorId","AuthorId","1","False","","","","","",""
"Model Revisions","Cable","Cable","text","","","","","","False","False","False","False","Cable","Cable","","0.349","False","","","","","",""
"Model Revisions","Client","Client","lookup","Clients","Title","False","","","False","False","True","False","ClientId","ClientId","ClientId","1","False","","","","","","Absent from CSV exports and from a plain REST item read. REST gives ClientId; display value via FieldValuesAsText, or this mirror's Client column."
"Model Revisions","Client_ID_TextField","Client_ID_TextFiel","text","","","","","","False","False","False","False","Client_ID_TextFiel","Client_ID_TextFiel","","0.98","False","","","","","",""
"Model Revisions","Compliance Asset Id","ComplianceAssetId","text","","","","","","False","True","False","False","ComplianceAssetId","","","","False","","","","","",""
"Model Revisions","Content Type","ContentType","other","","","","","","False","False","False","False","ContentType","","","","False","","","","","",""
"Model Revisions","Copper (LV)","Copper_x0028_LV_x0029_","text","","","","","","False","False","False","False","Copper_x0028_LV_x0029_","Copper_x0028_LV_x0029_","","0.643","False","","","","","",""
"Model Revisions","Core Type","Core_x0020_Type","choice","","","","None | Cogent | Amorphe | Annexe","","False","False","False","False","Core_x0020_Type","Core_x0020_Type","","0.271","False","","","","","",""
"Model Revisions","Created","Created","dateTime (dateTime)","","","","","","False","True","False","False","Created","Created","","1","False","","","","","",""
"Model Revisions","Model Description","Description","choice","","","","POWER-S | POWER-W | C2 | UNITIZED | FLAT FRONT | MALT | MALT + SA | ZIG-ZAG | ZIG-ZAG + SA | PARTS | SPAREPARTS | SUBSTATION | SUBST-STACK | SUBWAY | 1PH-VAULT | 3PH-VAULT | LTC","","False","False","False","False","Description","Description","","1","False","","","","","",""
"Model Revisions","Type","DocIcon","other","","","","","","False","True","False","False","DocIcon","","","","False","","","","","",""
"Model Revisions","Duplicate Order","DuplicateOrder","lookup","Order","Order_x0020_Number1","False","","","False","False","False","False","DuplicateOrderId","DuplicateOrderId","DuplicateOrderId","0","False","","","","","","Absent from CSV exports and from a plain REST item read. REST gives DuplicateOrderId; display value via FieldValuesAsText, or this mirror's DuplicateOrder column. EMPTY on every row (fillRate 0) - never look rows up by this column."
"Model Revisions","Duplicate_Order_TextField","Duplicate_Order_TextField","text","","","","","","False","False","False","False","Duplicate_Order_TextField","Duplicate_Order_TextField","","0","False","","","","","","Mirror of a lookup; only as current as its last sync (x16). Never derive a fix from it. EMPTY on every row (fillRate 0) - never look rows up by this column."
"Model Revisions","Edit","Edit","other","","","","","","False","True","False","False","Edit","","","","False","","","","","",""
"Model Revisions","Modified_By","Editor","personOrGroup","","","","","","False","True","False","False","EditorId","EditorId","EditorId","1","False","","","","","",""
"Model Revisions","Family","Family","choice","","","","A | B1 | B2 | C","","False","False","False","False","Family","Family","","0.172","False","","","","","",""
"Model Revisions","Folder Child Count","FolderChildCount","lookup","","FolderChildCount","False","","","False","True","False","False","FolderChildCountId","","","","False","","","","","","Absent from CSV exports and from a plain REST item read. REST gives FolderChildCountId; display value via FieldValuesAsText, or this mirror's FolderChildCount column."
"Model Revisions","Form","Form","text","","","","","","False","False","False","False","Form","Form","","0.658","False","","","","","",""
"Model Revisions","ID","ID","other","","","","","","False","True","False","False","ID","","","","False","","","","","",""
"Model Revisions","Item Child Count","ItemChildCount","lookup","","ItemChildCount","False","","","False","True","False","False","ItemChildCountId","","","","False","","","","","","Absent from CSV exports and from a plain REST item read. REST gives ItemChildCountId; display value via FieldValuesAsText, or this mirror's ItemChildCount column."
"Model Revisions","JS #","JS_x0020__x0023_","text","","","","","","False","False","False","False","JS_x0020__x0023_","JS_x0020__x0023_","","0.686","False","","","","","",""
"Model Revisions","Title","LinkTitle","other","","","","","","False","True","False","False","LinkTitle","","","","False","","","","","",""
"Model Revisions","Title","LinkTitleNoMenu","other","","","","","","False","True","False","False","LinkTitleNoMenu","","","","False","","","","","",""
"Model Revisions","Pioneer Model Code","Model","lookup","Models","ModelID","False","","","False","False","False","False","ModelId","ModelId2","ModelId2","0.98","False","","","","","","Absent from CSV exports and from a plain REST item read. REST gives ModelId; display value via FieldValuesAsText, or this mirror's Model column. The mirror CSV names this id column ModelId2 (Excel names are case-insensitive and ModelId collides with another column) - but REST and flows still call it ModelId."
"Model Revisions","Model_Revion_ID","ModelID","text","","","","","","False","False","False","True","ModelID","ModelID","","0.997","False","","","","","",""
"Model Revisions","Client_Model_Code","ModelName","text","","","","","","False","False","True","False","ModelName","ModelName","","1","False","","","","","",""
"Model Revisions","Model Type","Model_x0020_Type","choice","","","","None | 1PH PAD (MINIPAD) | 3PH PAD (PADMOUNT) | POLEMOUNT | SUBSTATION | NETWORK | 1PH SUBMERSIBLE | 3PH SUBMERSIBLE | GROUNDING TX","","False","False","False","False","Model_x0020_Type","Model_x0020_Type","","0.863","False","","","","","",""
"Model Revisions","Modified","Modified","dateTime (dateTime)","","","","","","False","True","False","False","Modified","Modified","","1","False","","","","","",""
"Model Revisions","Notes","Notes","text","","","","","","False","False","False","False","Notes","Notes","","0.003","False","","","","","",""
"Model Revisions","Oil Amount","OilAmount","number","","","","","","False","False","False","False","OilAmount","OilAmount","","0.699","False","","","","","",""
"Model Revisions","Oil Type","Oil_x0020_Type","choice","","","","None | A2 | B2 | BETA | FR3 | Inconnu | Luminol | Midel","","False","False","False","False","Oil_x0020_Type","Oil_x0020_Type","","0.691","False","","","","","",""
"Model Revisions","Overcoil","Overcoil","number","","","","","","False","False","False","False","Overcoil","Overcoil","","0.661","False","","","","","",""
"Model Revisions","Phases","Phases","number","","","","","","False","False","False","False","Phases","Phases","","0.782","False","","","","","",""
"Model Revisions","Pioneer_Model_Code_TextField","Pioneer_Model_Code_TextField","text","","","","","","False","False","False","False","Pioneer_Model_Code_TextField","Pioneer_Model_Code_TextField","","0.975","False","","","","","","Mirror of a lookup; only as current as its last sync (x16). Never derive a fix from it."
"Model Revisions","Primary Voltage","PrimaryVoltage","number","","","","","","False","False","False","False","PrimaryVoltage","PrimaryVoltage","","0","False","","","","","","EMPTY on every row (fillRate 0) - never look rows up by this column."
"Model Revisions","Secondary Voltage","SecondaryVoltage","number","","","","","","False","False","False","False","SecondaryVoltage","SecondaryVoltage","","0","False","","","","","","EMPTY on every row (fillRate 0) - never look rows up by this column."
"Model Revisions","Spec_ID","SpecID","text","","","","","","False","False","False","False","SpecID","SpecID","","0.544","False","","","","","",""
"Model Revisions","Spec_Date","Spec_Date","dateTime (dateOnly)","","","","","","False","False","False","False","Spec_Date","Spec_Date","","0","False","","","","","","Date-only: write a BARE yyyy-mm-dd. Stored as Eastern midnight, reads back ...T04:00Z/T05:00Z. A ...T00:00:00Z value is UTC midnight = the PREVIOUS day on this site (E7). EMPTY on every row (fillRate 0) - never look rows up by this column."
"Model Revisions","Spec_Revision","Spec_Revision","text","","","","","","False","False","False","False","Spec_Revision","Spec_Revision","","0","False","","","","","","EMPTY on every row (fillRate 0) - never look rows up by this column."
"Model Revisions","Title","Title","text","","","","","","False","False","False","False","Title","Title","","0","False","","","","","","EMPTY on every row (fillRate 0) - never look rows up by this column."
"Model Revisions","Wire (HV)","Wire_x0028_HV_x0029_","text","","","","","","False","False","False","False","Wire_x0028_HV_x0029_","Wire_x0028_HV_x0029_","","0.643","False","","","","","",""
"Model Revisions","Color Tag","_ColorTag","text","","","","","","False","True","False","False","_ColorTag","","","","False","","","","","",""
"Model Revisions","Label setting","_ComplianceFlags","lookup","","ComplianceFlags","False","","","False","True","False","False","_ComplianceFlagsId","","","","False","","","","","","Absent from CSV exports and from a plain REST item read. REST gives _ComplianceFlagsId; display value via FieldValuesAsText, or this mirror's _ComplianceFlags column."
"Model Revisions","Retention label","_ComplianceTag","lookup","","ComplianceTag","False","","","False","True","False","False","_ComplianceTagId","","","","False","","","","","","Absent from CSV exports and from a plain REST item read. REST gives _ComplianceTagId; display value via FieldValuesAsText, or this mirror's _ComplianceTag column."
"Model Revisions","Label applied by","_ComplianceTagUserId","lookup","","ComplianceTagUserId","False","","","False","True","False","False","_ComplianceTagUserIdId","","","","False","","","","","","Absent from CSV exports and from a plain REST item read. REST gives _ComplianceTagUserIdId; display value via FieldValuesAsText, or this mirror's _ComplianceTagUserId column."
"Model Revisions","Retention label Applied","_ComplianceTagWrittenTime","lookup","","ComplianceTagWrittenTime","False","","","False","True","False","False","_ComplianceTagWrittenTimeId","","","","False","","","","","","Absent from CSV exports and from a plain REST item read. REST gives _ComplianceTagWrittenTimeId; display value via FieldValuesAsText, or this mirror's _ComplianceTagWrittenTime column."
"Model Revisions","Item is a Record","_IsRecord","other","","","","","","False","True","False","False","_IsRecord","","","","False","","","","","",""
"Model Revisions","Version","_UIVersionString","text","","","","","","False","True","False","False","_UIVersionString","","","","False","","","","","",""
"Model Revisions","kVA","kVA_x0020_and_x0020_kV","number","","","","","","False","False","False","False","kVA_x0020_and_x0020_kV","kVA_x0020_and_x0020_kV","","0.992","False","","","","","",""
"Models","App Created By","AppAuthor","lookup","AppPrincipals","Title","False","","","False","True","False","False","AppAuthorId","","","","False","","","","","","Absent from CSV exports and from a plain REST item read. REST gives AppAuthorId; display value via FieldValuesAsText, or this mirror's AppAuthor column."
"Models","App Modified By","AppEditor","lookup","AppPrincipals","Title","False","","","False","True","False","False","AppEditorId","","","","False","","","","","","Absent from CSV exports and from a plain REST item read. REST gives AppEditorId; display value via FieldValuesAsText, or this mirror's AppEditor column."
"Models","Attachments","Attachments","other","","","","","","False","False","False","False","Attachments","Attachments","","1","False","","","","","",""
"Models","Created_By","Author","personOrGroup","","","","","","False","True","False","False","AuthorId","AuthorId","AuthorId","1","False","","","","","",""
"Models","Cable","Cable","text","","","","","","False","False","False","False","Cable","Cable","","0.173","False","","","","","",""
"Models","Changes Due Date","Changes_x0020_Due_x0020_Date","dateTime (dateOnly)","","","","","","False","False","False","False","Changes_x0020_Due_x0020_Date","Changes_x0020_Due_x0020_Date","","0.32","False","","","","","","Date-only: write a BARE yyyy-mm-dd. Stored as Eastern midnight, reads back ...T04:00Z/T05:00Z. A ...T00:00:00Z value is UTC midnight = the PREVIOUS day on this site (E7)."
"Models","Client","Client","lookup","Clients","Title","False","","","False","False","True","False","ClientId","ClientId","ClientId","1","False","","","","","","Absent from CSV exports and from a plain REST item read. REST gives ClientId; display value via FieldValuesAsText, or this mirror's Client column."
"Models","Client_ID_TextField","Client_ID_TextFiel","text","","","","","","False","False","False","False","Client_ID_TextFiel","Client_ID_TextFiel","","1","False","","","","","",""
"Models","Compliance Asset Id","ComplianceAssetId","text","","","","","","False","True","False","False","ComplianceAssetId","","","","False","","","","","",""
"Models","Configuration","Configuration","text","","","","","","False","False","False","False","Configuration","Configuration","","0.112","False","","","","","",""
"Models","Content Type","ContentType","other","","","","","","False","False","False","False","ContentType","","","","False","","","","","",""
"Models","Copper (LV)","Copper_x0028_LV_x0029_","text","","","","","","False","False","False","False","Copper_x0028_LV_x0029_","Copper_x0028_LV_x0029_","","0.452","False","","","","","",""
"Models","Core Type","Core_x0020_Type","choice","","","","None | Cogent | Amorphe | Annexe","","False","False","False","False","Core_x0020_Type","Core_x0020_Type","","0.734","False","","","","","",""
"Models","Created","Created","dateTime (dateTime)","","","","","","False","True","False","False","Created","Created","","1","False","","","","","",""
"Models","Current Changes Priority","Current_x0020_Changes_x0020_Prio","choice","","","","ASAP | Next Month | Next Order | Set Date","","False","False","False","False","Current_x0020_Changes_x0020_Prio","Current_x0020_Changes_x0020_Prio","","0.698","False","","","","","",""
"Models","Description","Description","choice","","","","ANNEX | FLAT FRONT | Goujon | MALT | MALT + SA | MINPAD-1HP | NETWORK | PADMOUNT | PARTS | PLAQUE ANCRAGE | SPAREPARTS | SUBSTATION | SUBSTATION + LTC | SUBST-STACK | SUBWAY | VAULT1-HP","","False","False","False","False","Description","Description","","0.751","False","","","","","",""
"Models","Type","DocIcon","other","","","","","","False","True","False","False","DocIcon","","","","False","","","","","",""
"Models","Edit","Edit","other","","","","","","False","True","False","False","Edit","","","","False","","","","","",""
"Models","Modified_By","Editor","personOrGroup","","","","","","False","True","False","False","EditorId","EditorId","EditorId","1","False","","","","","",""
"Models","Estimated Effort","Estimated_x0020_Effort","number","","","","","","False","False","False","False","Estimated_x0020_Effort","Estimated_x0020_Effort","","0.756","False","","","","","",""
"Models","Folder Child Count","FolderChildCount","lookup","","FolderChildCount","False","","","False","True","False","False","FolderChildCountId","","","","False","","","","","","Absent from CSV exports and from a plain REST item read. REST gives FolderChildCountId; display value via FieldValuesAsText, or this mirror's FolderChildCount column."
"Models","Form","Form","text","","","","","","False","False","False","False","Form","Form","","0.457","False","","","","","",""
"Models","ID","ID","other","","","","","","False","True","False","False","ID","","","","False","","","","","",""
"Models","Info+","Info_x002b_","text","","","","","","False","False","False","False","Info_x002b_","Info_x002b_","","0.074","False","","","","","",""
"Models","Is Cancelled","Is_x0020_Cancelled","boolean","","","","","","False","False","False","False","Is_x0020_Cancelled","Is_x0020_Cancelled","","0.183","False","","","","","","Yes/No: never-set = NULL over REST; a CSV export prints NULL as False (E6)."
"Models","Item Child Count","ItemChildCount","lookup","","ItemChildCount","False","","","False","True","False","False","ItemChildCountId","","","","False","","","","","","Absent from CSV exports and from a plain REST item read. REST gives ItemChildCountId; display value via FieldValuesAsText, or this mirror's ItemChildCount column."
"Models","JS #","JS_x0020__x0023_","text","","","","","","False","False","False","False","JS_x0020__x0023_","JS_x0020__x0023_","","0.716","False","","","","","",""
"Models","Latest_Model_Revision_TextField","Latest_Model_Revision_TextField","text","","","","","","False","False","False","False","Latest_Model_Revision_TextField","Latest_Model_Revision_TextField","","0.99","False","","","","","","Mirror of a lookup; only as current as its last sync (x16). Never derive a fix from it."
"Models","Title","LinkTitle","other","","","","","","False","True","False","False","LinkTitle","","","","False","","","","","",""
"Models","Title","LinkTitleNoMenu","other","","","","","","False","True","False","False","LinkTitleNoMenu","","","","False","","","","","",""
"Models","Model_ID","ModelID","text","","","","","","False","False","False","True","ModelID","ModelID","","1","True","","","","","","Identifies a row: 100% filled and unique (the list's own key is always Id)."
"Models","Model_Code","ModelName","text","","","","","","False","False","False","False","ModelName","ModelName","","1","False","","","","","",""
"Models","Latest Model Revision","ModelRevision","lookup","Model Revisions","ModelID","False","","","False","False","False","False","ModelRevisionId","ModelRevisionId","ModelRevisionId","1","False","","","","","","Absent from CSV exports and from a plain REST item read. REST gives ModelRevisionId; display value via FieldValuesAsText, or this mirror's ModelRevision column."
"Models","Model Type","Model_x0020_Type","choice","","","","None | 1PH PAD (MINIPAD) | 3PH PAD (PADMOUNT) | POLEMOUNT | SUBSTATION | NETWORK | 1PH SUBMERSIBLE | 3PH SUBMERSIBLE | GROUNDING TX | ANNEX | C2 | FLATFACE | MALT | MINPAD | NETWORK | PADMOUNT | POLEMOUNT | POWER-LTC | POWER-S | POWER-W | SPECIAL | SUBMERSIBLE | UNITIZED | ZIG-ZAG | ZIG-ZAG + SA","","False","False","False","False","Model_x0020_Type","Model_x0020_Type","","1","False","","","","","",""
"Models","Modification_Status","ModificationStatus","choice","","","","Up to Date | Minor Changes | Moderate Changes | Major Changes | New Model","","False","False","False","False","ModificationStatus","ModificationStatus","","0.751","False","","","","","",""
"Models","Modified","Modified","dateTime (dateTime)","","","","","","False","True","False","False","Modified","Modified","","1","False","","","","","",""
"Models","Notes","Notes","text","","","","","","False","False","False","False","Notes","Notes","","0.013","False","","","","","",""
"Models","Oil Amount","OilAmount","number","","","","","","False","False","False","False","OilAmount","OilAmount","","0.548","False","","","","","",""
"Models","Oil Type","Oil_x0020_Type","choice","","","","None | A2 | B2 | BETA | FR3 | Inconnu | Luminol | Midel","","False","False","False","False","Oil_x0020_Type","Oil_x0020_Type","","0.858","False","","","","","",""
"Models","Overcoil","Overcoil","number","","","","","","False","False","False","False","Overcoil","Overcoil","","0.452","False","","","","","",""
"Models","Parent Model","ParentModel","lookup","Models","ModelName","False","","","False","False","False","False","ParentModelId","ParentModelId","ParentModelId","0.038","False","","","","","","Absent from CSV exports and from a plain REST item read. REST gives ParentModelId; display value via FieldValuesAsText, or this mirror's ParentModel column."
"Models","Parent_Model_TextField","Parent_Model_TextField","text","","","","","","False","False","False","False","Parent_Model_TextField","Parent_Model_TextField","","0.038","False","","","","","","Mirror of a lookup; only as current as its last sync (x16). Never derive a fix from it."
"Models","Phases","Phases","number","","","","","","False","False","False","False","Phases","Phases","","0.602","False","","","","","",""
"Models","Protector & Switchgear Item #","ProtectorSwitchgearItem_x0023_","text","","","","","","False","False","False","False","ProtectorSwitchgearItem_x0023_","ProtectorSwitchgearItem_x0023_","","0","False","","","","","","EMPTY on every row (fillRate 0) - never look rows up by this column."
"Models","SA Model","SAModel","boolean","","","","","","False","False","False","False","SAModel","SAModel","","0.066","False","","","","","","Yes/No: never-set = NULL over REST; a CSV export prints NULL as False (E6)."
"Models","SFRA","SFRA","text","","","","","","False","False","False","False","SFRA","SFRA","","0.013","False","","","","","",""
"Models","Section Qty","SectionQty","text","","","","","","False","False","False","False","SectionQty","SectionQty","","0.056","False","","","","","",""
"Models","Spec_ID","SpecID","text","","","","","","False","False","False","False","SpecID","SpecID","","0.548","False","","","","","",""
"Models","Title","Title","text","","","","","","False","False","False","False","Title","Title","","0.003","False","","","","","",""
"Models","Wire (HV)","Wire_x0028_HV_x0029_","text","","","","","","False","False","False","False","Wire_x0028_HV_x0029_","Wire_x0028_HV_x0029_","","0.452","False","","","","","",""
"Models","Color Tag","_ColorTag","text","","","","","","False","True","False","False","_ColorTag","","","","False","","","","","",""
"Models","Label setting","_ComplianceFlags","lookup","","ComplianceFlags","False","","","False","True","False","False","_ComplianceFlagsId","","","","False","","","","","","Absent from CSV exports and from a plain REST item read. REST gives _ComplianceFlagsId; display value via FieldValuesAsText, or this mirror's _ComplianceFlags column."
"Models","Retention label","_ComplianceTag","lookup","","ComplianceTag","False","","","False","True","False","False","_ComplianceTagId","","","","False","","","","","","Absent from CSV exports and from a plain REST item read. REST gives _ComplianceTagId; display value via FieldValuesAsText, or this mirror's _ComplianceTag column."
"Models","Label applied by","_ComplianceTagUserId","lookup","","ComplianceTagUserId","False","","","False","True","False","False","_ComplianceTagUserIdId","","","","False","","","","","","Absent from CSV exports and from a plain REST item read. REST gives _ComplianceTagUserIdId; display value via FieldValuesAsText, or this mirror's _ComplianceTagUserId column."
"Models","Retention label Applied","_ComplianceTagWrittenTime","lookup","","ComplianceTagWrittenTime","False","","","False","True","False","False","_ComplianceTagWrittenTimeId","","","","False","","","","","","Absent from CSV exports and from a plain REST item read. REST gives _ComplianceTagWrittenTimeId; display value via FieldValuesAsText, or this mirror's _ComplianceTagWrittenTime column."
"Models","Item is a Record","_IsRecord","other","","","","","","False","True","False","False","_IsRecord","","","","False","","","","","",""
"Models","Version","_UIVersionString","text","","","","","","False","True","False","False","_UIVersionString","","","","False","","","","","",""
"Models","kVA and kV","kVA_x0020_and_x0020_kV","number","","","","","","False","False","False","False","kVA_x0020_and_x0020_kV","kVA_x0020_and_x0020_kV","","0.997","False","","","","","",""
"Models SA","App Created By","AppAuthor","lookup","AppPrincipals","Title","False","","","False","True","False","False","AppAuthorId","","","","False","","","","","","Absent from CSV exports and from a plain REST item read. REST gives AppAuthorId; display value via FieldValuesAsText, or this mirror's AppAuthor column."
"Models SA","App Modified By","AppEditor","lookup","AppPrincipals","Title","False","","","False","True","False","False","AppEditorId","","","","False","","","","","","Absent from CSV exports and from a plain REST item read. REST gives AppEditorId; display value via FieldValuesAsText, or this mirror's AppEditor column."
"Models SA","Attachments","Attachments","other","","","","","","False","False","False","False","Attachments","Attachments","","1","False","","","","","",""
"Models SA","Created_By","Author","personOrGroup","","","","","","False","True","False","False","AuthorId","AuthorId","AuthorId","1","False","","","","","",""
"Models SA","Cable","Cable","text","","","","","","False","False","False","False","Cable","Cable","","0.067","False","","","","","",""
"Models SA","Changes Due Date","Changes_x0020_Due_x0020_Date","dateTime (dateOnly)","","","","","","False","False","False","False","Changes_x0020_Due_x0020_Date","Changes_x0020_Due_x0020_Date","","0","False","","","","","","Date-only: write a BARE yyyy-mm-dd. Stored as Eastern midnight, reads back ...T04:00Z/T05:00Z. A ...T00:00:00Z value is UTC midnight = the PREVIOUS day on this site (E7). EMPTY on every row (fillRate 0) - never look rows up by this column."
"Models SA","Client","Client","lookup","Clients","Title","False","","","False","False","True","False","ClientId","ClientId","ClientId","1","False","","","","","","Absent from CSV exports and from a plain REST item read. REST gives ClientId; display value via FieldValuesAsText, or this mirror's Client column."
"Models SA","Client_ID_TextField","Client_ID_TextFiel","text","","","","","","False","False","False","False","Client_ID_TextFiel","Client_ID_TextFiel","","1","False","","","","","",""
"Models SA","Compliance Asset Id","ComplianceAssetId","text","","","","","","False","True","False","False","ComplianceAssetId","","","","False","","","","","",""
"Models SA","Configuration","Configuration","text","","","","","","False","False","False","False","Configuration","Configuration","","0","False","","","","","","EMPTY on every row (fillRate 0) - never look rows up by this column."
"Models SA","Content Type","ContentType","other","","","","","","False","False","False","False","ContentType","","","","False","","","","","",""
"Models SA","Copper (LV)","Copper_x0028_LV_x0029_","text","","","","","","False","False","False","False","Copper_x0028_LV_x0029_","Copper_x0028_LV_x0029_","","0.533","False","","","","","",""
"Models SA","Core Type","Core_x0020_Type","choice","","","","None | Cogent | Amorphe | Annexe","","False","False","False","False","Core_x0020_Type","Core_x0020_Type","","0.867","False","","","","","",""
"Models SA","Created","Created","dateTime (dateTime)","","","","","","False","True","False","False","Created","Created","","1","False","","","","","",""
"Models SA","Current Changes Priority","Current_x0020_Changes_x0020_Prio","choice","","","","ASAP | Next Month | Next Order | Set Date","","False","False","False","False","Current_x0020_Changes_x0020_Prio","Current_x0020_Changes_x0020_Prio","","1","False","","","","","",""
"Models SA","Description","Description","choice","","","","ANNEX | FLAT FRONT | Goujon | MALT | MALT + SA | MALT + SA + LTC | MINPAD-1HP | NETWORK | PADMOUNT | PARTS | PLAQUE ANCRAGE | SA + LTC | SPAREPARTS | SUBSTATION | SUBSTATION + LTC | SUBST-STACK | SUBWAY | Choice 18 | VAULT1-HP","","False","False","False","False","Description","Description","","1","False","","","","","",""
"Models SA","Type","DocIcon","other","","","","","","False","True","False","False","DocIcon","","","","False","","","","","",""
"Models SA","Edit","Edit","other","","","","","","False","True","False","False","Edit","","","","False","","","","","",""
"Models SA","Modified_By","Editor","personOrGroup","","","","","","False","True","False","False","EditorId","EditorId","EditorId","1","False","","","","","",""
"Models SA","Estimated Effort","Estimated_x0020_Effort","number","","","","","","False","False","False","False","Estimated_x0020_Effort","Estimated_x0020_Effort","","1","False","","","","","",""
"Models SA","Folder Child Count","FolderChildCount","lookup","","FolderChildCount","False","","","False","True","False","False","FolderChildCountId","","","","False","","","","","","Absent from CSV exports and from a plain REST item read. REST gives FolderChildCountId; display value via FieldValuesAsText, or this mirror's FolderChildCount column."
"Models SA","Form","Form","text","","","","","","False","False","False","False","Form","Form","","0.533","False","","","","","",""
"Models SA","ID","ID","other","","","","","","False","True","False","False","ID","","","","False","","","","","",""
"Models SA","Info+","Info_x002b_","text","","","","","","False","False","False","False","Info_x002b_","Info_x002b_","","0","False","","","","","","EMPTY on every row (fillRate 0) - never look rows up by this column."
"Models SA","Is Cancelled","Is_x0020_Cancelled","boolean","","","","","","False","False","False","False","Is_x0020_Cancelled","Is_x0020_Cancelled","","1","False","","","","","","Yes/No: never-set = NULL over REST; a CSV export prints NULL as False (E6)."
"Models SA","Item Child Count","ItemChildCount","lookup","","ItemChildCount","False","","","False","True","False","False","ItemChildCountId","","","","False","","","","","","Absent from CSV exports and from a plain REST item read. REST gives ItemChildCountId; display value via FieldValuesAsText, or this mirror's ItemChildCount column."
"Models SA","Title","LinkTitle","other","","","","","","False","True","False","False","LinkTitle","","","","False","","","","","",""
"Models SA","Title","LinkTitleNoMenu","other","","","","","","False","True","False","False","LinkTitleNoMenu","","","","False","","","","","",""
"Models SA","Model_ID","ModelID","text","","","","","","False","False","False","True","ModelID","ModelID","","1","True","","","","","","Identifies a row: 100% filled and unique (the list's own key is always Id)."
"Models SA","Model_Code","ModelName","text","","","","","","False","False","True","False","ModelName","ModelName","","1","True","","","","","","Identifies a row: 100% filled and unique (the list's own key is always Id)."
"Models SA","Model Type","Model_x0020_Type","choice","","","","None | ANNEX | C2 | FLATFACE | MALT | MINPAD | NETWORK | PADMOUNT | POLEMOUNT | POWER-LTC | POWER-S | POWER-W | SPECIAL | SUBMERSIBLE | UNITIZED | ZIG-ZAG | ZIG-ZAG + SA","","False","False","False","False","Model_x0020_Type","Model_x0020_Type","","1","False","","","","","",""
"Models SA","Modification_Status","ModificationStatus","choice","","","","Up to Date | Minor Changes | Moderate Changes | Major Changes","","False","False","False","False","ModificationStatus","ModificationStatus","","1","False","","","","","",""
"Models SA","Modified","Modified","dateTime (dateTime)","","","","","","False","True","False","False","Modified","Modified","","1","False","","","","","",""
"Models SA","Notes","Notes","text","","","","","","False","False","False","False","Notes","Notes","","0","False","","","","","","EMPTY on every row (fillRate 0) - never look rows up by this column."
"Models SA","Oil Amount","OilAmount","number","","","","","","False","False","False","False","OilAmount","OilAmount","","0","False","","","","","","EMPTY on every row (fillRate 0) - never look rows up by this column."
"Models SA","Oil Type","Oil_x0020_Type","choice","","","","None | A2 | B2 | BETA | FR3 | Inconnu | Luminol | Midel","","False","False","False","False","Oil_x0020_Type","Oil_x0020_Type","","0.067","False","","","","","",""
"Models SA","Overcoil","Overcoil","number","","","","","","False","False","False","False","Overcoil","Overcoil","","0.533","False","","","","","",""
"Models SA","Phases","Phases","number","","","","","","False","False","False","False","Phases","Phases","","1","False","","","","","",""
"Models SA","Protector & Switchgear Item #","ProtectorSwitchgearItem_x0023_","text","","","","","","False","False","False","False","ProtectorSwitchgearItem_x0023_","ProtectorSwitchgearItem_x0023_","","0","False","","","","","","EMPTY on every row (fillRate 0) - never look rows up by this column."
"Models SA","SFRA","SFRA","text","","","","","","False","False","False","False","SFRA","SFRA","","0","False","","","","","","EMPTY on every row (fillRate 0) - never look rows up by this column."
"Models SA","Section Qty","SectionQty","text","","","","","","False","False","False","False","SectionQty","SectionQty","","0","False","","","","","","EMPTY on every row (fillRate 0) - never look rows up by this column."
"Models SA","Spec_ID","SpecID","text","","","","","","False","False","False","False","SpecID","SpecID","","0","False","","","","","","EMPTY on every row (fillRate 0) - never look rows up by this column."
"Models SA","Title","Title","text","","","","","","False","False","False","False","Title","Title","","0","False","","","","","","EMPTY on every row (fillRate 0) - never look rows up by this column."
"Models SA","Wire (HV)","Wire_x0028_HV_x0029_","text","","","","","","False","False","False","False","Wire_x0028_HV_x0029_","Wire_x0028_HV_x0029_","","0.533","False","","","","","",""
"Models SA","Color Tag","_ColorTag","text","","","","","","False","True","False","False","_ColorTag","","","","False","","","","","",""
"Models SA","Label setting","_ComplianceFlags","lookup","","ComplianceFlags","False","","","False","True","False","False","_ComplianceFlagsId","","","","False","","","","","","Absent from CSV exports and from a plain REST item read. REST gives _ComplianceFlagsId; display value via FieldValuesAsText, or this mirror's _ComplianceFlags column."
"Models SA","Retention label","_ComplianceTag","lookup","","ComplianceTag","False","","","False","True","False","False","_ComplianceTagId","","","","False","","","","","","Absent from CSV exports and from a plain REST item read. REST gives _ComplianceTagId; display value via FieldValuesAsText, or this mirror's _ComplianceTag column."
"Models SA","Label applied by","_ComplianceTagUserId","lookup","","ComplianceTagUserId","False","","","False","True","False","False","_ComplianceTagUserIdId","","","","False","","","","","","Absent from CSV exports and from a plain REST item read. REST gives _ComplianceTagUserIdId; display value via FieldValuesAsText, or this mirror's _ComplianceTagUserId column."
"Models SA","Retention label Applied","_ComplianceTagWrittenTime","lookup","","ComplianceTagWrittenTime","False","","","False","True","False","False","_ComplianceTagWrittenTimeId","","","","False","","","","","","Absent from CSV exports and from a plain REST item read. REST gives _ComplianceTagWrittenTimeId; display value via FieldValuesAsText, or this mirror's _ComplianceTagWrittenTime column."
"Models SA","Item is a Record","_IsRecord","other","","","","","","False","True","False","False","_IsRecord","","","","False","","","","","",""
"Models SA","Version","_UIVersionString","text","","","","","","False","True","False","False","_UIVersionString","","","","False","","","","","",""
"Models SA","kVA and kV","kVA_x0020_and_x0020_kV","number","","","","","","False","False","False","False","kVA_x0020_and_x0020_kV","kVA_x0020_and_x0020_kV","","1","False","","","","","",""
"Order","App Created By","AppAuthor","lookup","AppPrincipals","Title","False","","","False","True","False","False","AppAuthorId","","","","False","","","","","","Absent from CSV exports and from a plain REST item read. REST gives AppAuthorId; display value via FieldValuesAsText, or this mirror's AppAuthor column."
"Order","App Modified By","AppEditor","lookup","AppPrincipals","Title","False","","","False","True","False","False","AppEditorId","","","","False","","","","","","Absent from CSV exports and from a plain REST item read. REST gives AppEditorId; display value via FieldValuesAsText, or this mirror's AppEditor column."
"Order","Assigne Sales Order Number and Type","Assigne_x0020_Sales_x0020_Order_","boolean","","","","","","False","False","False","False","Assigne_x0020_Sales_x0020_Order_","Assigne_x0020_Sales_x0020_Order_","","0.004","False","","","","","","Yes/No: never-set = NULL over REST; a CSV export prints NULL as False (E6)."
"Order","Attachments","Attachments","other","","","","","","False","False","False","False","Attachments","Attachments","","1","False","","","","","",""
"Order","Created By","Author","personOrGroup","","","","","","False","True","False","False","AuthorId","AuthorId","AuthorId","1","False","","","","","",""
"Order","Client","Client","lookup","Clients","Title","False","","","False","False","False","False","ClientId","ClientId","ClientId","0.998","False","","","","","","Absent from CSV exports and from a plain REST item read. REST gives ClientId; display value via FieldValuesAsText, or this mirror's Client column."
"Order","Client Date Status","ClientDateStatus","choice","","","","Confirmed | Not Confirmed | Pending","","False","False","False","False","ClientDateStatus","ClientDateStatus","","0.091","False","","","","","",""
"Order","Client_ID_TextField","Client_ID_TextField","text","","","","","","False","False","False","False","Client_ID_TextField","Client_ID_TextField","","0.896","False","","","","","","Mirror of a lookup; only as current as its last sync (x16). Never derive a fix from it."
"Order","Complete Job Scope Entry","Complete_x0020_Job_x0020_Scope_x","boolean","","","","","","False","False","False","False","Complete_x0020_Job_x0020_Scope_x","Complete_x0020_Job_x0020_Scope_x","","0.004","False","","","","","","Yes/No: never-set = NULL over REST; a CSV export prints NULL as False (E6)."
"Order","Compliance Asset Id","ComplianceAssetId","text","","","","","","False","True","False","False","ComplianceAssetId","","","","False","","","","","",""
"Order","Content Type","ContentType","other","","","","","","False","False","False","False","ContentType","","","","False","","","","","",""
"Order","Create and Organize Project Information Document Folder","Create_x0020_and_x0020_Organize_","boolean","","","","","","False","False","False","False","Create_x0020_and_x0020_Organize_","Create_x0020_and_x0020_Organize_","","0.004","False","","","","","","Yes/No: never-set = NULL over REST; a CSV export prints NULL as False (E6)."
"Order","Created","Created","dateTime (dateTime)","","","","","","False","True","False","False","Created","Created","","1","False","","","","","",""
"Order","Define feedback deadlines","Define_x0020_feedback_x0020_dead","boolean","","","","","","False","False","False","False","Define_x0020_feedback_x0020_dead","Define_x0020_feedback_x0020_dead","","0.004","False","","","","","","Yes/No: never-set = NULL over REST; a CSV export prints NULL as False (E6)."
"Order","Type","DocIcon","other","","","","","","False","True","False","False","DocIcon","","","","False","","","","","",""
"Order","Edit","Edit","other","","","","","","False","True","False","False","Edit","","","","False","","","","","",""
"Order","Modified By","Editor","personOrGroup","","","","","","False","True","False","False","EditorId","EditorId","EditorId","1","False","","","","","",""
"Order","Engineering Required","EngineeringRequired","boolean","","","","","","False","False","False","False","EngineeringRequired","EngineeringRequired","","0.506","False","","","","","","Yes/No: never-set = NULL over REST; a CSV export prints NULL as False (E6)."
"Order","Estimated Delivery Date (Projected)","Estimated_x0020_Delivery_x0020_D","calculated","","","","","=IF(ISBLANK([Order Date]),"""",[Order Date]+90+(IF(ISBLANK([Lead Time]),52,[Lead Time])*7))","False","True","False","False","Estimated_x0020_Delivery_x0020_D","Estimated_x0020_Delivery_x0020_D","","0.996","False","","","","","","Calculated: reads BLANK in CSV exports."
"Order","FX Rate","FX_x0020_Rate","calculated","","","","","=IF(ISBLANK([Order Date]),"""",IF(YEAR(([Order Date]+90+(IF(ISBLANK([Lead Time]),52,[Lead Time])*7)))>=2029,1.47,IF(YEAR(([Order Date]+90+(IF(ISBLANK([Lead Time]),52,[Lead Time])*7)))>=2028,1.43,IF(YEAR(([Order Date]+90+(IF(ISBLANK([Lead Time]),52,[Lead Time])*7)))>=2027,1.39,IF(YEAR(([Order Date]+90+(IF(ISBLANK([Lead Time]),52,[Lead Time])*7)))>=2026,1.38,IF(YEAR(([Order Date]+90+(IF(ISBLANK([Lead Time]),52,[Lead Time])*7)))>=2025,1.44,1.35))))))","False","True","False","False","FX_x0020_Rate","FX_x0020_Rate","","0.996","False","","","","","","Calculated: reads BLANK in CSV exports."
"Order","Folder Child Count","FolderChildCount","lookup","","FolderChildCount","False","","","False","True","False","False","FolderChildCountId","","","","False","","","","","","Absent from CSV exports and from a plain REST item read. REST gives FolderChildCountId; display value via FieldValuesAsText, or this mirror's FolderChildCount column."
"Order","Follow-up with customer","Follow_x002d_up_x0020_with_x0020","boolean","","","","","","False","False","False","False","Follow_x002d_up_x0020_with_x0020","Follow_x002d_up_x0020_with_x0020","","0.004","False","","","","","","Yes/No: never-set = NULL over REST; a CSV export prints NULL as False (E6)."
"Order","ID","ID","other","","","","","","False","True","False","False","ID","","","","False","","","","","",""
"Order","Indexing","Indexing","choice","","","","Y | N","","False","False","False","False","Indexing","Indexing","","0.906","False","","","","","",""
"Order","Ing. Due Date","Ing_x002e__x0020_Due_x0020_Date","calculated","","","","","=[Initial Promised Date]-(7*([Lead Time]+4))","False","True","False","False","Ing_x002e__x0020_Due_x0020_Date","Ing_x002e__x0020_Due_x0020_Date","","1","False","","","","","","Calculated: reads BLANK in CSV exports."
"Order","Initial Promised Date","Initial_x0020_Promised_x0020_Dat","dateTime (dateOnly)","","","","","","False","False","False","False","Initial_x0020_Promised_x0020_Dat","Initial_x0020_Promised_x0020_Dat","","0.977","False","","","","","","Date-only: write a BARE yyyy-mm-dd. Stored as Eastern midnight, reads back ...T04:00Z/T05:00Z. A ...T00:00:00Z value is UTC midnight = the PREVIOUS day on this site (E7)."
"Order","Item Child Count","ItemChildCount","lookup","","ItemChildCount","False","","","False","True","False","False","ItemChildCountId","","","","False","","","","","","Absent from CSV exports and from a plain REST item read. REST gives ItemChildCountId; display value via FieldValuesAsText, or this mirror's ItemChildCount column."
"Order","LDs","LDs","boolean","","","","","","False","False","False","False","LDs","LDs","","0.166","False","","","","","","Yes/No: never-set = NULL over REST; a CSV export prints NULL as False (E6)."
"Order","Lead Time","Lead_x0020_Time","number","","","","","","False","False","False","False","Lead_x0020_Time","Lead_x0020_Time","","1","False","","","","","",""
"Order","Title","LinkTitle","other","","","","","","False","True","False","False","LinkTitle","","","","False","","","","","",""
"Order","Title","LinkTitleNoMenu","other","","","","","","False","True","False","False","LinkTitleNoMenu","","","","False","","","","","",""
"Order","Model","Model","lookup","Models","ModelName","False","","","False","False","False","False","ModelId","ModelId","ModelId","0.989","False","","","","","","Absent from CSV exports and from a plain REST item read. REST gives ModelId; display value via FieldValuesAsText, or this mirror's Model column."
"Order","Model Revision","ModelRevision","lookup","Model Revisions","ModelID","False","","","False","False","False","False","ModelRevisionId","ModelRevisionId","ModelRevisionId","0.987","False","","","","","","Absent from CSV exports and from a plain REST item read. REST gives ModelRevisionId; display value via FieldValuesAsText, or this mirror's ModelRevision column."
"Order","Model_ID_TextField","Model_ID_TextField","text","","","","","","False","False","False","False","Model_ID_TextField","Model_ID_TextField","","0.896","False","","","","","","Mirror of a lookup; only as current as its last sync (x16). Never derive a fix from it."
"Order","Model_Revision_ID_TextField","Model_Revision_ID_TextField","text","","","","","","False","False","False","False","Model_Revision_ID_TextField","Model_Revision_ID_TextField","","0.896","False","","","","","","Mirror of a lookup; only as current as its last sync (x16). Never derive a fix from it."
"Order","Model:kVA and kV","Model_x003A_kVA_x0020_and_x0020_","lookup","Models","kVA_x0020_and_x0020_kV","False","","","False","True","False","False","Model_x003A_kVA_x0020_and_x0020_Id","","","","False","","","","","","Absent from CSV exports and from a plain REST item read. REST gives Model_x003A_kVA_x0020_and_x0020_Id; display value via FieldValuesAsText, or this mirror's Model_x003A_kVA_x0020_and_x0020_ column."
"Order","Modified","Modified","dateTime (dateTime)","","","","","","False","True","False","False","Modified","Modified","","1","False","","","","","",""
"Order","New model to be created","New_x0020_model_x0020_to_x0020_b","choice","","","","Yes | No","","False","False","False","False","New_x0020_model_x0020_to_x0020_b","New_x0020_model_x0020_to_x0020_b","","0","False","","","","","","EMPTY on every row (fillRate 0) - never look rows up by this column."
"Order","Note","Note","text","","","","","","False","False","False","False","Note","Note","","0.057","False","","","","","",""
"Order","Order Status","OrderStatus","choice","","","","Active | Cancelled","","False","False","False","False","OrderStatus","OrderStatus","","0.8","False","","","","","",""
"Order","Order Date","Order_x0020_Date","dateTime (dateOnly)","","","","","","False","False","False","False","Order_x0020_Date","Order_x0020_Date","","0.996","False","","","","","","Date-only: write a BARE yyyy-mm-dd. Stored as Eastern midnight, reads back ...T04:00Z/T05:00Z. A ...T00:00:00Z value is UTC midnight = the PREVIOUS day on this site (E7)."
"Order","Order Entry Status","Order_x0020_Entry_x0020_Status","choice","","","","In Progress | Done","","False","False","False","False","Order_x0020_Entry_x0020_Status","Order_x0020_Entry_x0020_Status","","0","False","","","","","","EMPTY on every row (fillRate 0) - never look rows up by this column."
"Order","Order Folder","Order_x0020_Folder","other","","","","","","False","False","False","False","Order_x0020_Folder","Order_x0020_Folder","","0.27","False","","","","","",""
"Order","Order Number","Order_x0020_Number1","text","","","","","","False","False","False","False","Order_x0020_Number1","Order_x0020_Number1","","1","True","","","","","","Identifies a row: 100% filled and unique (the list's own key is always Id)."
"Order","Order Step","Order_x0020_Step","choice","","","","Order Creation | Engineering Preliminary Review | Electrical Design | Planning Schedule | P.O. (Preliminary) | P.O. (Update) | Thermal Constraints | Elec. Design Validation | Mechanical Design 1 | Customer Drawings | Mechanical Design 2 | Update Delivery Date | P.O. Final | Production","","False","False","False","False","Order_x0020_Step","Order_x0020_Step","","0.27","False","","","","","",""
"Order","Order Type","Order_x0020_Type1","choice","","","","Standard | Warranty | Repair | ETS | Parts | R&D","","False","False","False","False","Order_x0020_Type1","Order_x0020_Type1","","0.998","False","","","","","",""
"Order","PO","PO","text","","","","","","False","False","False","False","PO","PO","","0.943","False","","","","","",""
"Order","Price","Price","currency","","","","","","False","False","False","False","Price","Price","","0.96","False","","","","","",""
"Order","Price CAD","Price_x0020_CAD","calculated","","","","","=IF(OR(ISBLANK([Order Date]),ISBLANK(Price)),"""",IF(OR([Province/State]=""AB"",[Province/State]=""BC"",[Province/State]=""MB"",[Province/State]=""NB"",[Province/State]=""NL"",[Province/State]=""NT"",[Province/State]=""NS"",[Province/State]=""NU"",[Province/State]=""ON"",[Province/State]=""PE"",[Province/State]=""QC"",[Province/State]=""SK"",[Province/State]=""YT""),Price,Price*[FX Rate]))","False","True","False","False","Price_x0020_CAD","Price_x0020_CAD","","0.957","False","","","","","","Calculated: reads BLANK in CSV exports."
"Order","Price USD","Price_x0020_USD","calculated","","","","","=IF(OR(ISBLANK([Order Date]),ISBLANK(Price)),"""",IF(OR([Province/State]=""AB"",[Province/State]=""BC"",[Province/State]=""MB"",[Province/State]=""NB"",[Province/State]=""NL"",[Province/State]=""NT"",[Province/State]=""NS"",[Province/State]=""NU"",[Province/State]=""ON"",[Province/State]=""PE"",[Province/State]=""QC"",[Province/State]=""SK"",[Province/State]=""YT""),Price/[FX Rate],Price))","False","True","False","False","Price_x0020_USD","Price_x0020_USD","","0.957","False","","","","","","Calculated: reads BLANK in CSV exports."
"Order","Province/State","Province_x002F_State","text","","","","","","False","False","False","False","Province_x002F_State","Province_x002F_State","","0.932","False","","","","","",""
"Order","Qty","Qty","number","","","","","","False","False","False","False","Qty","Qty","","1","False","","","","","",""
"Order","Receive CRM Sales Order","Receive_x0020_CRM_x0020_Sales_x0","boolean","","","","","","False","False","False","False","Receive_x0020_CRM_x0020_Sales_x0","Receive_x0020_CRM_x0020_Sales_x0","","0.004","False","","","","","","Yes/No: never-set = NULL over REST; a CSV export prints NULL as False (E6)."
"Order","Reference Design Available","Reference_x0020_Design_x0020_Ava","choice","","","","Yes | No","","False","False","False","False","Reference_x0020_Design_x0020_Ava","Reference_x0020_Design_x0020_Ava","","0.004","False","","","","","",""
"Order","Review If There is a Previous OCL","Review_x0020_If_x0020_There_x002","boolean","","","","","","False","False","False","False","Review_x0020_If_x0020_There_x002","Review_x0020_If_x0020_There_x002","","0.004","False","","","","","","Yes/No: never-set = NULL over REST; a CSV export prints NULL as False (E6)."
"Order","Review Project Folder Information","Review_x0020_Project_x0020_Folde","boolean","","","","","","False","False","False","False","Review_x0020_Project_x0020_Folde","Review_x0020_Project_x0020_Folde","","0.004","False","","","","","","Yes/No: never-set = NULL over REST; a CSV export prints NULL as False (E6)."
"Order","Review or create model","Review_x0020_or_x0020_create_x00","boolean","","","","","","False","False","False","False","Review_x0020_or_x0020_create_x00","Review_x0020_or_x0020_create_x00","","0.002","False","","","","","","Yes/No: never-set = NULL over REST; a CSV export prints NULL as False (E6)."
"Order","SA","SA","boolean","","","","","","False","False","False","False","SA","SA","","0.411","False","","","","","","Yes/No: never-set = NULL over REST; a CSV export prints NULL as False (E6)."
"Order","Sales Notes","SalesNotes","text","","","","","","False","False","False","False","SalesNotes","SalesNotes","","0","False","","","","","","EMPTY on every row (fillRate 0) - never look rows up by this column."
"Order","Send Engineering Q&A or customer clarification to customer","Send_x0020_Engineering_x0020_Q_x","boolean","","","","","","False","False","False","False","Send_x0020_Engineering_x0020_Q_x","Send_x0020_Engineering_x0020_Q_x","","0.004","False","","","","","","Yes/No: never-set = NULL over REST; a CSV export prints NULL as False (E6)."
"Order","Send Q&A or customer clarification to Engineering","Send_x0020_Q_x0026_A_x0020_or_x0","boolean","","","","","","False","False","False","False","Send_x0020_Q_x0026_A_x0020_or_x0","Send_x0020_Q_x0026_A_x0020_or_x0","","0.004","False","","","","","","Yes/No: never-set = NULL over REST; a CSV export prints NULL as False (E6)."
"Order","Send approval drawings to the customer","Send_x0020_approval_x0020_drawin","boolean","","","","","","False","False","False","False","Send_x0020_approval_x0020_drawin","Send_x0020_approval_x0020_drawin","","0.004","False","","","","","","Yes/No: never-set = NULL over REST; a CSV export prints NULL as False (E6)."
"Order","Task Status","TaskStatus","choice","","","","Not Started | In Progress | Completed | Deferred | Waiting on someone else","","False","False","False","False","TaskStatus","TaskStatus","","0.004","False","","","","","",""
"Order","Title","Title","text","","","","","","False","False","False","False","Title","Title","","0.006","False","","","","","",""
"Order","WET-WETP","WET_x002d_WETP","choice","","","","WET | WETP","","False","False","False","False","WET_x002d_WETP","WET_x002d_WETP","","0.919","False","","","","","",""
"Order","Color Tag","_ColorTag","text","","","","","","False","True","False","False","_ColorTag","","","","False","","","","","",""
"Order","Label setting","_ComplianceFlags","lookup","","ComplianceFlags","False","","","False","True","False","False","_ComplianceFlagsId","","","","False","","","","","","Absent from CSV exports and from a plain REST item read. REST gives _ComplianceFlagsId; display value via FieldValuesAsText, or this mirror's _ComplianceFlags column."
"Order","Retention label","_ComplianceTag","lookup","","ComplianceTag","False","","","False","True","False","False","_ComplianceTagId","","","","False","","","","","","Absent from CSV exports and from a plain REST item read. REST gives _ComplianceTagId; display value via FieldValuesAsText, or this mirror's _ComplianceTag column."
"Order","Label applied by","_ComplianceTagUserId","lookup","","ComplianceTagUserId","False","","","False","True","False","False","_ComplianceTagUserIdId","","","","False","","","","","","Absent from CSV exports and from a plain REST item read. REST gives _ComplianceTagUserIdId; display value via FieldValuesAsText, or this mirror's _ComplianceTagUserId column."
"Order","Retention label Applied","_ComplianceTagWrittenTime","lookup","","ComplianceTagWrittenTime","False","","","False","True","False","False","_ComplianceTagWrittenTimeId","","","","False","","","","","","Absent from CSV exports and from a plain REST item read. REST gives _ComplianceTagWrittenTimeId; display value via FieldValuesAsText, or this mirror's _ComplianceTagWrittenTime column."
"Order","Item is a Record","_IsRecord","other","","","","","","False","True","False","False","_IsRecord","","","","False","","","","","",""
"Order","Version","_UIVersionString","text","","","","","","False","True","False","False","_UIVersionString","","","","False","","","","","",""
"Order Items","App Created By","AppAuthor","lookup","AppPrincipals","Title","False","","","False","True","False","False","AppAuthorId","","","","False","","","","","","Absent from CSV exports and from a plain REST item read. REST gives AppAuthorId; display value via FieldValuesAsText, or this mirror's AppAuthor column."
"Order Items","App Modified By","AppEditor","lookup","AppPrincipals","Title","False","","","False","True","False","False","AppEditorId","","","","False","","","","","","Absent from CSV exports and from a plain REST item read. REST gives AppEditorId; display value via FieldValuesAsText, or this mirror's AppEditor column."
"Order Items","Assembly End Date","AssemblyDate","dateTime (dateOnly)","","","","","","False","False","False","False","AssemblyDate","AssemblyDate","","0.122","False","","","","","","Date-only: write a BARE yyyy-mm-dd. Stored as Eastern midnight, reads back ...T04:00Z/T05:00Z. A ...T00:00:00Z value is UTC midnight = the PREVIOUS day on this site (E7)."
"Order Items","Assembly Start Date","AssemblyStartDate","dateTime (dateOnly)","","","","","","False","False","False","False","AssemblyStartDate","AssemblyStartDate","","0","False","","","","","","Date-only: write a BARE yyyy-mm-dd. Stored as Eastern midnight, reads back ...T04:00Z/T05:00Z. A ...T00:00:00Z value is UTC midnight = the PREVIOUS day on this site (E7). EMPTY on every row (fillRate 0) - never look rows up by this column."
"Order Items","Assembly Status","AssemblyStatus","choice","","","","Pending | In Progress | Completed | N/A","","False","False","False","False","AssemblyStatus","AssemblyStatus","","0.078","False","","","","","",""
"Order Items","Attachments","Attachments","other","","","","","","False","False","False","False","Attachments","Attachments","","1","False","","","","","",""
"Order Items","Created By","Author","personOrGroup","","","","","","False","True","False","False","AuthorId","AuthorId","AuthorId","1","False","","","","","",""
"Order Items","BO","BO","choice","","","","BO | OK","","False","False","False","False","BO","BO","","0.057","False","","","","","",""
"Order Items","BO1 Date","BO1Date","dateTime (dateOnly)","","","","","","False","False","False","False","BO1Date","BO1Date","","0.025","False","","","","","","Date-only: write a BARE yyyy-mm-dd. Stored as Eastern midnight, reads back ...T04:00Z/T05:00Z. A ...T00:00:00Z value is UTC midnight = the PREVIOUS day on this site (E7)."
"Order Items","BO1 Description","BO1Description","text","","","","","","False","False","False","False","BO1Description","BO1Description","","0.025","False","","","","","",""
"Order Items","BO1 Fournisseur Interne","BO1Fournisseur","text","","","","","","False","False","False","False","BO1Fournisseur","BO1Fournisseur","","0.025","False","","","","","",""
"Order Items","BO1 OK","BO1OK","boolean","","","","","","False","False","False","False","BO1OK","BO1OK","","0.079","False","","","","","","Yes/No: never-set = NULL over REST; a CSV export prints NULL as False (E6)."
"Order Items","BO1 PO Intern","BO1POIntern","text","","","","","","False","False","False","False","BO1POIntern","BO1POIntern","","0.025","False","","","","","",""
"Order Items","BO1 Part Numbre","BO1PartNumber","text","","","","","","False","False","False","False","BO1PartNumber","BO1PartNumber","","0.025","False","","","","","",""
"Order Items","BO2 Date","BO2Date","dateTime (dateOnly)","","","","","","False","False","False","False","BO2Date","BO2Date","","0.012","False","","","","","","Date-only: write a BARE yyyy-mm-dd. Stored as Eastern midnight, reads back ...T04:00Z/T05:00Z. A ...T00:00:00Z value is UTC midnight = the PREVIOUS day on this site (E7)."
"Order Items","BO2 Description","BO2Description","text","","","","","","False","False","False","False","BO2Description","BO2Description","","0.012","False","","","","","",""
"Order Items","BO2 Fournisseur Interne","BO2Fournisseur","text","","","","","","False","False","False","False","BO2Fournisseur","BO2Fournisseur","","0.012","False","","","","","",""
"Order Items","BO2 OK","BO2OK","boolean","","","","","","False","False","False","False","BO2OK","BO2OK","","0.067","False","","","","","","Yes/No: never-set = NULL over REST; a CSV export prints NULL as False (E6)."
"Order Items","BO2 PO Intern","BO2POIntern","text","","","","","","False","False","False","False","BO2POIntern","BO2POIntern","","0.012","False","","","","","",""
"Order Items","BO2 Part Numbre","BO2PartNumber","text","","","","","","False","False","False","False","BO2PartNumber","BO2PartNumber","","0.012","False","","","","","",""
"Order Items","BO3 Date","BO3Date","dateTime (dateOnly)","","","","","","False","False","False","False","BO3Date","BO3Date","","0.003","False","","","","","","Date-only: write a BARE yyyy-mm-dd. Stored as Eastern midnight, reads back ...T04:00Z/T05:00Z. A ...T00:00:00Z value is UTC midnight = the PREVIOUS day on this site (E7)."
"Order Items","BO3 Description","BO3Description","text","","","","","","False","False","False","False","BO3Description","BO3Description","","0.003","False","","","","","",""
"Order Items","BO3 Fournisseur Interne","BO3Fournisseur","text","","","","","","False","False","False","False","BO3Fournisseur","BO3Fournisseur","","0.002","False","","","","","",""
"Order Items","BO3 OK","BO3OK","boolean","","","","","","False","False","False","False","BO3OK","BO3OK","","0.057","False","","","","","","Yes/No: never-set = NULL over REST; a CSV export prints NULL as False (E6)."
"Order Items","BO3 PO Intern","BO3POIntern","text","","","","","","False","False","False","False","BO3POIntern","BO3POIntern","","0.003","False","","","","","",""
"Order Items","BO3 Part Numbre","BO3PartNumber","text","","","","","","False","False","False","False","BO3PartNumber","BO3PartNumber","","0.003","False","","","","","",""
"Order Items","Bo Penalty","BoPenalty","calculated","","","","","=IF(OR(LOWER(TRIM(BO))=""ok"",TRIM(BO)=""""),0,30)","False","True","False","False","BoPenalty","BoPenalty","","1","False","","","","","","Calculated: reads BLANK in CSV exports."
"Order Items","Planned Tanking Sort Date","Bo_x0020_Sort_x0020_Date","calculated","","","","","=IF(ISBLANK([Planned Tanking Date]),DATE(2999,12,31),[Planned Tanking Date])","False","True","False","False","Bo_x0020_Sort_x0020_Date","Bo_x0020_Sort_x0020_Date","","1","False","","","","","","Calculated: reads BLANK in CSV exports."
"Order Items","CSA","CSA","boolean","","","","","","False","False","False","False","CSA","CSA","","1","False","","","","","","Yes/No: never-set = NULL over REST; a CSV export prints NULL as False (E6)."
"Order Items","Calc Refreshed","CalcRefreshed","dateTime (dateOnly)","","","","","","False","False","False","False","CalcRefreshed","CalcRefreshed","","0.001","False","","","","","","Date-only: write a BARE yyyy-mm-dd. Stored as Eastern midnight, reads back ...T04:00Z/T05:00Z. A ...T00:00:00Z value is UTC midnight = the PREVIOUS day on this site (E7)."
"Order Items","Client - Lead Time (weeks)","CliLeadTimeWeeks","number","","","","","","False","False","False","False","CliLeadTimeWeeks","CliLeadTimeWeeks","","0.936","False","Clients","CliLeadTimeWeeks","Order Items - sync from Clients","ClientId","plain","Written by 'Order Items - sync from Clients' from Clients.CliLeadTimeWeeks (plain) - edit the parent, not this column."
"Order Items","Client","Client","lookup","Clients","Title","False","","","False","False","False","False","ClientId","ClientId","ClientId","0.998","False","","","","","","Absent from CSV exports and from a plain REST item read. REST gives ClientId; display value via FieldValuesAsText, or this mirror's Client column."
"Order Items","Client_ID_TextField","Client_ID_TextField","text","","","","","","False","False","False","False","Client_ID_TextField","Client_ID_TextField","","0.998","False","","","","","","Mirror of a lookup; only as current as its last sync (x16). Never derive a fix from it."
"Order Items","Coil Winder","CoilWinder","text","","","","","","False","False","False","False","CoilWinder","CoilWinder","","0.221","False","","","","","",""
"Order Items","Coiling End Date","CoilingDate","dateTime (dateOnly)","","","","","","False","False","False","False","CoilingDate","CoilingDate","","0.188","False","","","","","","Date-only: write a BARE yyyy-mm-dd. Stored as Eastern midnight, reads back ...T04:00Z/T05:00Z. A ...T00:00:00Z value is UTC midnight = the PREVIOUS day on this site (E7)."
"Order Items","Coiling Start Date","CoilingStartDate","dateTime (dateOnly)","","","","","","False","False","False","False","CoilingStartDate","CoilingStartDate","","0","False","","","","","","Date-only: write a BARE yyyy-mm-dd. Stored as Eastern midnight, reads back ...T04:00Z/T05:00Z. A ...T00:00:00Z value is UTC midnight = the PREVIOUS day on this site (E7). EMPTY on every row (fillRate 0) - never look rows up by this column."
"Order Items","Coiling Status","CoilingStatus","choice","","","","Pending | In Progress | Completed | N/A","","False","False","False","False","CoilingStatus","CoilingStatus","","0.195","False","","","","","",""
"Order Items","Compliance Asset Id","ComplianceAssetId","text","","","","","","False","True","False","False","ComplianceAssetId","","","","False","","","","","",""
"Order Items","Configuration","Configuration","text","","","","","","False","False","False","False","Configuration","Configuration","","0.458","False","","","","","",""
"Order Items","Content Type","ContentType","other","","","","","","False","False","False","False","ContentType","","","","False","","","","","",""
"Order Items","Core Status","CoreStatus","choice","","","","Entrepôt SN | Reçu | Transport","","False","False","False","False","CoreStatus","CoreStatus","","0.248","False","","","","","",""
"Order Items","Created","Created","dateTime (dateTime)","","","","","","False","True","False","False","Created","Created","","1","False","","","","","",""
"Order Items","DB","DB","boolean","","","","","","False","False","False","False","DB","DB","","1","False","","","","","","Yes/No: never-set = NULL over REST; a CSV export prints NULL as False (E6)."
"Order Items","Delivery End Date","DeliveryDate","dateTime (dateOnly)","","","","","","False","False","False","False","DeliveryDate","DeliveryDate","","0","False","","","","","","Date-only: write a BARE yyyy-mm-dd. Stored as Eastern midnight, reads back ...T04:00Z/T05:00Z. A ...T00:00:00Z value is UTC midnight = the PREVIOUS day on this site (E7). EMPTY on every row (fillRate 0) - never look rows up by this column."
"Order Items","Delivery Start Date","DeliveryStartDate","dateTime (dateOnly)","","","","","","False","False","False","False","DeliveryStartDate","DeliveryStartDate","","0","False","","","","","","Date-only: write a BARE yyyy-mm-dd. Stored as Eastern midnight, reads back ...T04:00Z/T05:00Z. A ...T00:00:00Z value is UTC midnight = the PREVIOUS day on this site (E7). EMPTY on every row (fillRate 0) - never look rows up by this column."
"Order Items","Delivery Status","DeliveryStatus","choice","","","","Pending | In Progress | Completed | N/A","","False","False","False","False","DeliveryStatus","DeliveryStatus","","0","False","","","","","","EMPTY on every row (fillRate 0) - never look rows up by this column."
"Order Items","Type","DocIcon","other","","","","","","False","True","False","False","DocIcon","","","","False","","","","","",""
"Order Items","Drying End Date","DryingDate","dateTime (dateOnly)","","","","","","False","False","False","False","DryingDate","DryingDate","","0.108","False","","","","","","Date-only: write a BARE yyyy-mm-dd. Stored as Eastern midnight, reads back ...T04:00Z/T05:00Z. A ...T00:00:00Z value is UTC midnight = the PREVIOUS day on this site (E7)."
"Order Items","Drying Start Date","DryingStartDate","dateTime (dateOnly)","","","","","","False","False","False","False","DryingStartDate","DryingStartDate","","0","False","","","","","","Date-only: write a BARE yyyy-mm-dd. Stored as Eastern midnight, reads back ...T04:00Z/T05:00Z. A ...T00:00:00Z value is UTC midnight = the PREVIOUS day on this site (E7). EMPTY on every row (fillRate 0) - never look rows up by this column."
"Order Items","Drying Status","DryingStatus","choice","","","","Pending | In Progress | Completed | N/A","","False","False","False","False","DryingStatus","DryingStatus","","0.073","False","","","","","",""
"Order Items","Edit","Edit","other","","","","","","False","True","False","False","Edit","","","","False","","","","","",""
"Order Items","Modified By","Editor","personOrGroup","","","","","","False","True","False","False","EditorId","EditorId","EditorId","1","False","","","","","",""
"Order Items","Estimated Delivery Date","EstimatedDeliveryDate","calculated","","","","","=IF(NOT(ISBLANK([Planned Delivery Date])),[Planned Delivery Date],IF(NOT(ISBLANK([Manual Estimated Delivery Date])),[Manual Estimated Delivery Date],IF(NOT(ISBLANK([Finishing End Date])),MAX(TODAY(),[Finishing End Date])+7+[Bo Penalty],IF(NOT(ISBLANK([Testing End Date])),MAX(TODAY(),[Testing End Date])+10+[Bo Penalty],IF(NOT(ISBLANK([Planned Tanking Date])),MAX(TODAY(),[Planned Tanking Date])+14+[Bo Penalty],IF(OR(NOT(ISBLANK([Coiling End Date])),NOT(ISBLANK([Stacking End Date])),NOT(ISBLANK([Assembly End Date])),NOT(ISBLANK([Drying End Date]))),MAX(TODAY(),[Coiling End Date],[Stacking End Date],[Assembly End Date],[Drying End Date],[Tank Delivery Date])+21+[Bo Penalty],IF(NOT(ISBLANK([Order - Order Date])),[Order - Order Date]+90+(IF(ISBLANK([Client - Lead Time (weeks)]),26,[Client - Lead Time (weeks)]))*7,"""")))))))","False","True","False","False","EstimatedDeliveryDate","EstimatedDeliveryDate","","0.998","False","","","","","","Calculated: reads BLANK in CSV exports."
"Order Items","Finishing End Date","FinishingDate","dateTime (dateOnly)","","","","","","False","False","False","False","FinishingDate","FinishingDate","","0.077","False","","","","","","Date-only: write a BARE yyyy-mm-dd. Stored as Eastern midnight, reads back ...T04:00Z/T05:00Z. A ...T00:00:00Z value is UTC midnight = the PREVIOUS day on this site (E7)."
"Order Items","Finishing Start Date","FinishingStartDate","dateTime (dateOnly)","","","","","","False","False","False","False","FinishingStartDate","FinishingStartDate","","0","False","","","","","","Date-only: write a BARE yyyy-mm-dd. Stored as Eastern midnight, reads back ...T04:00Z/T05:00Z. A ...T00:00:00Z value is UTC midnight = the PREVIOUS day on this site (E7). EMPTY on every row (fillRate 0) - never look rows up by this column."
"Order Items","Finishing Status","FinishingStatus","choice","","","","Pending | In Progress | Completed | N/A","","False","False","False","False","FinishingStatus","FinishingStatus","","0.023","False","","","","","",""
"Order Items","Folder Child Count","FolderChildCount","lookup","","FolderChildCount","False","","","False","True","False","False","FolderChildCountId","","","","False","","","","","","Absent from CSV exports and from a plain REST item read. REST gives FolderChildCountId; display value via FieldValuesAsText, or this mirror's FolderChildCount column."
"Order Items","Frame","Frame","choice","","","","Plaspak | Reçu | 0","","False","False","False","False","Frame","Frame","","0.317","False","","","","","",""
"Order Items","Fx Rate","FxRate","calculated","","","","","=IF([Fx Year]=0,0,IF([Fx Year]<=2024,1.35,IF([Fx Year]=2025,1.44,IF([Fx Year]=2026,1.38,IF([Fx Year]=2027,1.39,IF([Fx Year]=2028,1.43,1.47))))))","False","True","False","False","FxRate","FxRate","","1","False","","","","","","Calculated: reads BLANK in CSV exports."
"Order Items","Fx Year","FxYear","calculated","","","","","=IF(AND(ISBLANK([Estimated Delivery Date]),ISBLANK([Order - Initial Promised Date])),0,YEAR(IF(ISBLANK([Estimated Delivery Date]),[Order - Initial Promised Date],[Estimated Delivery Date])))","False","True","False","False","FxYear","FxYear","","1","False","","","","","","Calculated: reads BLANK in CSV exports."
"Order Items","ID","ID","other","","","","","","False","True","False","False","ID","","","","False","","","","","",""
"Order Items","ISO Coil","ISOCoil","boolean","","","","","","False","False","False","False","ISOCoil","ISOCoil","","1","False","","","","","","Yes/No: never-set = NULL over REST; a CSV export prints NULL as False (E6)."
"Order Items","ISO Stack","ISOStack","boolean","","","","","","False","False","False","False","ISOStack","ISOStack","","1","False","","","","","","Yes/No: never-set = NULL over REST; a CSV export prints NULL as False (E6)."
"Order Items","Impulse","Impulse","boolean","","","","","","False","False","False","False","Impulse","Impulse","","1","False","","","","","","Yes/No: never-set = NULL over REST; a CSV export prints NULL as False (E6)."
"Order Items","Info+","Info_x002b_","text","","","","","","False","False","False","False","Info_x002b_","Info_x002b_","","0.084","False","","","","","",""
"Order Items","Invoice","Invoice","boolean","","","","","","False","False","False","False","Invoice","Invoice","","0.072","False","","","","","","Yes/No: never-set = NULL over REST; a CSV export prints NULL as False (E6)."
"Order Items","Is Canadian","IsCanadian","calculated","","","","","=OR(LOWER(TRIM([Order - Province/State]))=""ab"",LOWER(TRIM([Order - Province/State]))=""bc"",LOWER(TRIM([Order - Province/State]))=""mb"",LOWER(TRIM([Order - Province/State]))=""nb"",LOWER(TRIM([Order - Province/State]))=""nl"",LOWER(TRIM([Order - Province/State]))=""nt"",LOWER(TRIM([Order - Province/State]))=""ns"",LOWER(TRIM([Order - Province/State]))=""nu"",LOWER(TRIM([Order - Province/State]))=""on"",LOWER(TRIM([Order - Province/State]))=""pe"",LOWER(TRIM([Order - Province/State]))=""qc"",LOWER(TRIM([Order - Province/State]))=""sk"",LOWER(TRIM([Order - Province/State]))=""yt"")","False","True","False","False","IsCanadian","IsCanadian","","1","False","","","","","","Calculated: reads BLANK in CSV exports."
"Order Items","Item Child Count","ItemChildCount","lookup","","ItemChildCount","False","","","False","True","False","False","ItemChildCountId","","","","False","","","","","","Absent from CSV exports and from a plain REST item read. REST gives ItemChildCountId; display value via FieldValuesAsText, or this mirror's ItemChildCount column."
"Order Items","Item Status","ItemStatus","choice","","","","Active | Delivered | Regrouped | Cancelled","","False","False","False","False","ItemStatus","ItemStatus","","1","False","","","","","",""
"Order Items","Last Modified","LastModified","dateTime (dateTime)","","","","","","False","False","False","False","LastModified","LastModified","","0","False","","","","","","EMPTY on every row (fillRate 0) - never look rows up by this column."
"Order Items","Lead Assembly","LeadAssembly","boolean","","","","","","False","False","False","False","LeadAssembly","LeadAssembly","","1","False","","","","","","Yes/No: never-set = NULL over REST; a CSV export prints NULL as False (E6)."
"Order Items","Unit ID","LinkTitle","other","","","","","","False","True","False","False","LinkTitle","","","","False","","","","","",""
"Order Items","Unit ID","LinkTitleNoMenu","other","","","","","","False","True","False","False","LinkTitleNoMenu","","","","False","","","","","",""
"Order Items","Location","Location","choice","","","","Isolation | Bobinage | Stacking | Assemblage | Four | Tanking | Test | Finition | Livraison | Entrepôt | Extérieur | Réparation","","False","False","False","False","Location","Location","","0.195","False","","","","","",""
"Order Items","Location Stamped","LocationStamped","text","","","","","","False","False","False","False","LocationStamped","LocationStamped","","0.189","False","","","","","",""
"Order Items","Manual Estimated Delivery Date","ManualEstimatedDeliveryDate","dateTime (dateOnly)","","","","","","False","False","False","False","ManualEstimatedDeliveryDate","ManualEstimatedDeliveryDate","","0.968","False","","","","","","Date-only: write a BARE yyyy-mm-dd. Stored as Eastern midnight, reads back ...T04:00Z/T05:00Z. A ...T00:00:00Z value is UTC midnight = the PREVIOUS day on this site (E7)."
"Order Items","Model - Estimated Effort","MdlEstimatedEffort","number","","","","","","False","False","False","False","MdlEstimatedEffort","MdlEstimatedEffort","","0.844","False","Models","Estimated_x0020_Effort","Order Items - sync from Models","ModelId","plain","Written by 'Order Items - sync from Models' from Models.Estimated_x0020_Effort (plain) - edit the parent, not this column."
"Order Items","Model - Latest Model Revision","MdlLatestModelRevision","text","","","","","","False","False","False","False","MdlLatestModelRevision","MdlLatestModelRevision","","0.995","False","Models","ModelRevision","Order Items - sync from Models","ModelId","?['Value'] (Choice/lookup)","Written by 'Order Items - sync from Models' from Models.ModelRevision (?['Value'] (Choice/lookup)) - edit the parent, not this column."
"Order Items","Model - Model_ID","MdlModelID","text","","","","","","False","False","False","False","MdlModelID","MdlModelID","","0.995","False","Models","ModelID","Order Items - sync from Models","ModelId","plain","Written by 'Order Items - sync from Models' from Models.ModelID (plain) - edit the parent, not this column."
"Order Items","Model - Modification_Status","MdlModificationStatus","choice","","","","Up to Date | Minor Changes | Moderate Changes | Major Changes | New Model","","False","False","False","False","MdlModificationStatus","MdlModificationStatus","","0.838","False","Models","ModificationStatus","Order Items - sync from Models","ModelId","?['Value'] (Choice/lookup)","Written by 'Order Items - sync from Models' from Models.ModificationStatus (?['Value'] (Choice/lookup)) - edit the parent, not this column."
"Order Items","Model - Parent Model","MdlParentModel","text","","","","","","False","False","False","False","MdlParentModel","MdlParentModel","","0.033","False","Models","ParentModel","Order Items - sync from Models","ModelId","?['Value'] (Choice/lookup)","Written by 'Order Items - sync from Models' from Models.ParentModel (?['Value'] (Choice/lookup)) - edit the parent, not this column."
"Order Items","Model","Model","lookup","Models","ModelName","False","","","False","False","False","False","ModelId","ModelId","ModelId","0.995","False","","","","","","Absent from CSV exports and from a plain REST item read. REST gives ModelId; display value via FieldValuesAsText, or this mirror's Model column."
"Order Items","Model Revision","ModelRevision","lookup","Model Revisions","ModelID","False","","","False","False","False","False","ModelRevisionId","ModelRevisionId","ModelRevisionId","0.995","False","","","","","","Absent from CSV exports and from a plain REST item read. REST gives ModelRevisionId; display value via FieldValuesAsText, or this mirror's ModelRevision column."
"Order Items","Model_ID_TextField","Model_ID_TextField","text","","","","","","False","False","False","False","Model_ID_TextField","Model_ID_TextField","","0.995","False","","","","","","Mirror of a lookup; only as current as its last sync (x16). Never derive a fix from it."
"Order Items","Model_Revision_ID_TextField","Model_Revision_ID_TextField","text","","","","","","False","False","False","False","Model_Revision_ID_TextField","Model_Revision_ID_TextField","","0.995","False","","","","","","Mirror of a lookup; only as current as its last sync (x16). Never derive a fix from it."
"Order Items","Modified","Modified","dateTime (dateTime)","","","","","","False","True","False","False","Modified","Modified","","1","False","","","","","",""
"Order Items","Oil Analysis","OilAnalysis","boolean","","","","","","False","False","False","False","OilAnalysis","OilAnalysis","","1","False","","","","","","Yes/No: never-set = NULL over REST; a CSV export prints NULL as False (E6)."
"Order Items","Order - Client Date Status","OrdClientDateStatus","choice","","","","Confirmed | Not Confirmed | Pending","","False","False","False","False","OrdClientDateStatus","OrdClientDateStatus","","0.103","False","Order","ClientDateStatus","Order Items - sync from Order","OrderNumberId","?['Value'] (Choice/lookup)","Written by 'Order Items - sync from Order' from Order.ClientDateStatus (?['Value'] (Choice/lookup)) - edit the parent, not this column."
"Order Items","Order - Engineering Required","OrdEngineeringRequired","boolean","","","","","","False","False","False","False","OrdEngineeringRequired","OrdEngineeringRequired","","0.578","False","Order","EngineeringRequired","Order Items - sync from Order","OrderNumberId","plain","Written by 'Order Items - sync from Order' from Order.EngineeringRequired (plain) - edit the parent, not this column. Yes/No: never-set = NULL over REST; a CSV export prints NULL as False (E6)."
"Order Items","Order - Indexing","OrdIndexing","choice","","","","Y | N","","False","False","False","False","OrdIndexing","OrdIndexing","","0.946","False","Order","Indexing","Order Items - sync from Order","OrderNumberId","?['Value'] (Choice/lookup)","Written by 'Order Items - sync from Order' from Order.Indexing (?['Value'] (Choice/lookup)) - edit the parent, not this column."
"Order Items","Order - Initial Promised Date","OrdInitialPromisedDate","dateTime (dateOnly)","","","","","","False","False","False","False","OrdInitialPromisedDate","OrdInitialPromisedDate","","0.989","False","Order","Initial_x0020_Promised_x0020_Dat","Order Items - sync from Order","OrderNumberId","plain","Written by 'Order Items - sync from Order' from Order.Initial_x0020_Promised_x0020_Dat (plain) - edit the parent, not this column. Date-only: write a BARE yyyy-mm-dd. Stored as Eastern midnight, reads back ...T04:00Z/T05:00Z. A ...T00:00:00Z value is UTC midnight = the PREVIOUS day on this site (E7)."
"Order Items","Order - LDs","OrdLDs","boolean","","","","","","False","False","False","False","OrdLDs","OrdLDs","","0.192","False","Order","LDs","Order Items - sync from Order","OrderNumberId","plain","Written by 'Order Items - sync from Order' from Order.LDs (plain) - edit the parent, not this column. Yes/No: never-set = NULL over REST; a CSV export prints NULL as False (E6)."
"Order Items","Order - New model to be created","OrdNewmodeltobecreated","choice","","","","Yes | No","","False","False","False","False","OrdNewmodeltobecreated","OrdNewmodeltobecreated","","0","False","Order","New_x0020_model_x0020_to_x0020_b","Order Items - sync from Order","OrderNumberId","?['Value'] (Choice/lookup)","Written by 'Order Items - sync from Order' from Order.New_x0020_model_x0020_to_x0020_b (?['Value'] (Choice/lookup)) - edit the parent, not this column. EMPTY on every row (fillRate 0) - never look rows up by this column."
"Order Items","Order - Note","OrdNote","text","","","","","","False","False","False","False","OrdNote","OrdNote","","0.071","False","Order","Note","Order Items - sync from Order","OrderNumberId","plain","Written by 'Order Items - sync from Order' from Order.Note (plain) - edit the parent, not this column."
"Order Items","Order - Order Date","OrdOrderDate","dateTime (dateOnly)","","","","","","False","False","False","False","OrdOrderDate","OrdOrderDate","","0.996","False","Order","Order_x0020_Date","Order Items - sync from Order","OrderNumberId","plain","Written by 'Order Items - sync from Order' from Order.Order_x0020_Date (plain) - edit the parent, not this column. Date-only: write a BARE yyyy-mm-dd. Stored as Eastern midnight, reads back ...T04:00Z/T05:00Z. A ...T00:00:00Z value is UTC midnight = the PREVIOUS day on this site (E7)."
"Order Items","Order - Order Folder","OrdOrderFolder","other","","","","","","False","False","False","False","OrdOrderFolder","OrdOrderFolder","","0.459","False","Order","Order_x0020_Folder","Order Items - sync from Order","OrderNumberId","plain","Written by 'Order Items - sync from Order' from Order.Order_x0020_Folder (plain) - edit the parent, not this column."
"Order Items","Order - Order Status","OrdOrderStatus","choice","","","","Active | Cancelled","","False","False","False","False","OrdOrderStatus","OrdOrderStatus","","0.998","False","Order","OrderStatus","Order Items - sync from Order","OrderNumberId","?['Value'] (Choice/lookup)","Written by 'Order Items - sync from Order' from Order.OrderStatus (?['Value'] (Choice/lookup)) - edit the parent, not this column."
"Order Items","Order - Order Step","OrdOrderStep","choice","","","","Order Creation | Engineering Preliminary Review | Electrical Design | Planning Schedule | P.O. (Preliminary) | P.O. (Update) | Thermal Constraints | Elec. Design Validation | Mechanical Design 1 | Customer Drawings | Mechanical Design 2 | Update Delivery Date | P.O. Final | Production","","False","False","False","False","OrdOrderStep","OrdOrderStep","","0.459","False","Order","Order_x0020_Step","Order Items - sync from Order","OrderNumberId","?['Value'] (Choice/lookup)","Written by 'Order Items - sync from Order' from Order.Order_x0020_Step (?['Value'] (Choice/lookup)) - edit the parent, not this column."
"Order Items","Order - Order Type","OrdOrderType","choice","","","","Standard | Warranty | Repair | ETS | Parts | R&D","","False","False","False","False","OrdOrderType","OrdOrderType","","0.998","False","Order","Order_x0020_Type1","Order Items - sync from Order","OrderNumberId","?['Value'] (Choice/lookup)","Written by 'Order Items - sync from Order' from Order.Order_x0020_Type1 (?['Value'] (Choice/lookup)) - edit the parent, not this column."
"Order Items","Order - PO","OrdPO","text","","","","","","False","False","False","False","OrdPO","OrdPO","","0.991","False","Order","PO","Order Items - sync from Order","OrderNumberId","plain","Written by 'Order Items - sync from Order' from Order.PO (plain) - edit the parent, not this column."
"Order Items","Order - Price","OrdPrice","currency","","","","","","False","False","False","False","OrdPrice","OrdPrice","","0.995","False","Order","Price","Order Items - sync from Order","OrderNumberId","plain","Written by 'Order Items - sync from Order' from Order.Price (plain) - edit the parent, not this column."
"Order Items","Order - Province/State","OrdProvinceState","text","","","","","","False","False","False","False","OrdProvinceState","OrdProvinceState","","0.983","False","Order","Province_x002F_State","Order Items - sync from Order","OrderNumberId","plain","Written by 'Order Items - sync from Order' from Order.Province_x002F_State (plain) - edit the parent, not this column."
"Order Items","Order - Sales Notes","OrdSalesNotes","text","","","","","","False","False","False","False","OrdSalesNotes","OrdSalesNotes","","0","False","Order","SalesNotes","Order Items - sync from Order","OrderNumberId","plain","Written by 'Order Items - sync from Order' from Order.SalesNotes (plain) - edit the parent, not this column. EMPTY on every row (fillRate 0) - never look rows up by this column."
"Order Items","Order - WET-WETP","OrdWETWETP","choice","","","","WET | WETP","","False","False","False","False","OrdWETWETP","OrdWETWETP","","0.961","False","Order","WET_x002d_WETP","Order Items - sync from Order","OrderNumberId","?['Value'] (Choice/lookup)","Written by 'Order Items - sync from Order' from Order.WET_x002d_WETP (?['Value'] (Choice/lookup)) - edit the parent, not this column."
"Order Items","Order Number","OrderNumber","lookup","Order","Order_x0020_Number1","False","","","False","False","False","False","OrderNumberId","OrderNumberId","OrderNumberId","0.998","False","","","","","","Absent from CSV exports and from a plain REST item read. REST gives OrderNumberId; display value via FieldValuesAsText, or this mirror's OrderNumber column."
"Order Items","Order_Number_TextField","Order_Number_TextField","text","","","","","","False","False","False","False","Order_Number_TextField","Order_Number_TextField","","0.998","False","","","","","","Mirror of a lookup; only as current as its last sync (x16). Never derive a fix from it."
"Order Items","Original Tanking Date","OriginalTankingDate","dateTime (dateOnly)","","","","","","False","False","False","False","OriginalTankingDate","OriginalTankingDate","","0.94","False","","","","","","Date-only: write a BARE yyyy-mm-dd. Stored as Eastern midnight, reads back ...T04:00Z/T05:00Z. A ...T00:00:00Z value is UTC midnight = the PREVIOUS day on this site (E7)."
"Order Items","Partial D","PartialD","boolean","","","","","","False","False","False","False","PartialD","PartialD","","1","False","","","","","","Yes/No: never-set = NULL over REST; a CSV export prints NULL as False (E6)."
"Order Items","Planned Delivery Date","Planned_x0020_Delivery_x0020_Dat","dateTime (dateOnly)","","","","","","False","False","False","False","Planned_x0020_Delivery_x0020_Dat","Planned_x0020_Delivery_x0020_Dat","","0.142","False","","","","","","Date-only: write a BARE yyyy-mm-dd. Stored as Eastern midnight, reads back ...T04:00Z/T05:00Z. A ...T00:00:00Z value is UTC midnight = the PREVIOUS day on this site (E7)."
"Order Items","Planned Tanking Date","Planned_x0020_Tanking_x0020_Date","dateTime (dateOnly)","","","","","","False","False","False","False","Planned_x0020_Tanking_x0020_Date","Planned_x0020_Tanking_x0020_Date","","0.961","False","","","","","","Date-only: write a BARE yyyy-mm-dd. Stored as Eastern midnight, reads back ...T04:00Z/T05:00Z. A ...T00:00:00Z value is UTC midnight = the PREVIOUS day on this site (E7)."
"Order Items","Price CAD","PriceCAD","calculated","","","","","=IF([Is Canadian],[Order - Price],IF([Fx Rate]=0,"""",[Order - Price]*[Fx Rate]))","False","True","False","False","PriceCAD","PriceCAD","","1","False","","","","","","Calculated: reads BLANK in CSV exports."
"Order Items","Price USD","PriceUSD","calculated","","","","","=IF([Is Canadian],IF([Fx Rate]=0,"""",[Order - Price]/[Fx Rate]),[Order - Price])","False","True","False","False","PriceUSD","PriceUSD","","1","False","","","","","","Calculated: reads BLANK in CSV exports."
"Order Items","Production Line","ProductionLine","choice","","","","Power / Ligne 1 | Distribution | Power | Zone B | Ligne 1","","False","False","False","False","ProductionLine","ProductionLine","","0.743","False","","","","","",""
"Order Items","Protector Status","ProtectorStatus","choice","","","","Entrepôt SN | Reçu | à vérifier","","False","False","False","False","ProtectorStatus","ProtectorStatus","","0","False","","","","","","EMPTY on every row (fillRate 0) - never look rows up by this column."
"Order Items","Protector & Switchgear PO","ProtectorSwitchgearPO","text","","","","","","False","False","False","False","ProtectorSwitchgearPO","ProtectorSwitchgearPO","","0.009","False","","","","","",""
"Order Items","Protector & Switchgear Item #","Protector_x0020__x0026__x0020_Sw","text","","","","","","False","False","False","False","Protector_x0020__x0026__x0020_Sw","Protector_x0020__x0026__x0020_Sw","","0","False","","","","","","EMPTY on every row (fillRate 0) - never look rows up by this column."
"Order Items","Qty","Qty","number","","","","","","False","False","False","False","Qty","Qty","","0.998","False","","","","","",""
"Order Items","Regrouped Into","RegroupedInto","lookup","Order Items","Title","True","","","False","False","False","False","RegroupedIntoId","RegroupedIntoId","RegroupedIntoId","1","False","","","","","","Absent from CSV exports and from a plain REST item read. REST gives RegroupedIntoId; display value via FieldValuesAsText, or this mirror's RegroupedInto column. Multi-value: RegroupedIntoId is an id ARRAY."
"Order Items","Regrouped_Into_TextField","Regrouped_Into_TextField","text","","","","","","False","False","False","False","Regrouped_Into_TextField","Regrouped_Into_TextField","","0","False","","","","","","Mirror of a lookup; only as current as its last sync (x16). Never derive a fix from it. EMPTY on every row (fillRate 0) - never look rows up by this column."
"Order Items","Mod. Rev. - Cable","RevCable","text","","","","","","False","False","False","False","RevCable","RevCable","","0.539","False","Model Revisions","Cable","Order Items - sync from Model Revisions","ModelRevisionId","plain","Written by 'Order Items - sync from Model Revisions' from Model Revisions.Cable (plain) - edit the parent, not this column."
"Order Items","Mod. Rev. - Client_Model_Code","RevClientModelCode","text","","","","","","False","False","False","False","RevClientModelCode","RevClientModelCode","","0.995","False","Model Revisions","ModelName","Order Items - sync from Model Revisions","ModelRevisionId","plain","Written by 'Order Items - sync from Model Revisions' from Model Revisions.ModelName (plain) - edit the parent, not this column."
"Order Items","Mod. Rev. - Copper (LV)","RevCopperLV","text","","","","","","False","False","False","False","RevCopperLV","RevCopperLV","","0.852","False","Model Revisions","Copper_x0028_LV_x0029_","Order Items - sync from Model Revisions","ModelRevisionId","plain","Written by 'Order Items - sync from Model Revisions' from Model Revisions.Copper_x0028_LV_x0029_ (plain) - edit the parent, not this column."
"Order Items","Mod. Rev. - Core Type","RevCoreType","choice","","","","None | Cogent | Amorphe | Annexe","","False","False","False","False","RevCoreType","RevCoreType","","0.525","False","Model Revisions","Core_x0020_Type","Order Items - sync from Model Revisions","ModelRevisionId","?['Value'] (Choice/lookup)","Written by 'Order Items - sync from Model Revisions' from Model Revisions.Core_x0020_Type (?['Value'] (Choice/lookup)) - edit the parent, not this column."
"Order Items","Mod. Rev. - Duplicate Order","RevDuplicateOrder","text","","","","","","False","False","False","False","RevDuplicateOrder","RevDuplicateOrder","","0","False","Model Revisions","DuplicateOrder","Order Items - sync from Model Revisions","ModelRevisionId","?['Value'] (Choice/lookup)","Written by 'Order Items - sync from Model Revisions' from Model Revisions.DuplicateOrder (?['Value'] (Choice/lookup)) - edit the parent, not this column. EMPTY on every row (fillRate 0) - never look rows up by this column."
"Order Items","Mod. Rev. - Family","RevFamily","choice","","","","A | B1 | B2 | C","","False","False","False","False","RevFamily","RevFamily","","0.722","False","Model Revisions","Family","Order Items - sync from Model Revisions","ModelRevisionId","?['Value'] (Choice/lookup)","Written by 'Order Items - sync from Model Revisions' from Model Revisions.Family (?['Value'] (Choice/lookup)) - edit the parent, not this column."
"Order Items","Mod. Rev. - Form","RevForm","text","","","","","","False","False","False","False","RevForm","RevForm","","0.865","False","Model Revisions","Form","Order Items - sync from Model Revisions","ModelRevisionId","plain","Written by 'Order Items - sync from Model Revisions' from Model Revisions.Form (plain) - edit the parent, not this column."
"Order Items","Mod. Rev. - JS #","RevJS","text","","","","","","False","False","False","False","RevJS","RevJS","","0.859","False","Model Revisions","JS_x0020__x0023_","Order Items - sync from Model Revisions","ModelRevisionId","plain","Written by 'Order Items - sync from Model Revisions' from Model Revisions.JS_x0020__x0023_ (plain) - edit the parent, not this column."
"Order Items","Mod. Rev. - Model Description","RevModelDescription","choice","","","","POWER-S | POWER-W | C2 | UNITIZED | FLAT FRONT | MALT | MALT + SA | ZIG-ZAG | ZIG-ZAG + SA | PARTS | SPAREPARTS | SUBSTATION | SUBST-STACK | SUBWAY | 1PH-VAULT | 3PH-VAULT | LTC","","False","False","False","False","RevModelDescription","RevModelDescription","","0.948","False","Model Revisions","Description","Order Items - sync from Model Revisions","ModelRevisionId","first(...)?['Value'] of a MultiChoice","Written by 'Order Items - sync from Model Revisions' from Model Revisions.Description (first(...)?['Value'] of a MultiChoice) - edit the parent, not this column. Target of a MultiChoice source; the flow takes first().Value - never write the array (R22)."
"Order Items","Mod. Rev. - Model_Revion_ID","RevModelRevionID","text","","","","","","False","False","False","False","RevModelRevionID","RevModelRevionID","","0.995","False","Model Revisions","ModelID","Order Items - sync from Model Revisions","ModelRevisionId","plain","Written by 'Order Items - sync from Model Revisions' from Model Revisions.ModelID (plain) - edit the parent, not this column. Internal name is misspelled (Revion) - use it exactly as is."
"Order Items","Mod. Rev. - Model Type","RevModelType","choice","","","","None | 1PH PAD (MINIPAD) | 3PH PAD (PADMOUNT) | POLEMOUNT | SUBSTATION | NETWORK | 1PH SUBMERSIBLE | 3PH SUBMERSIBLE | GROUNDING TX","","False","False","False","False","RevModelType","RevModelType","","0.992","False","Model Revisions","Model_x0020_Type","Order Items - sync from Model Revisions","ModelRevisionId","?['Value'] (Choice/lookup)","Written by 'Order Items - sync from Model Revisions' from Model Revisions.Model_x0020_Type (?['Value'] (Choice/lookup)) - edit the parent, not this column."
"Order Items","Mod. Rev. - Notes","RevNotes","text","","","","","","False","False","False","False","RevNotes","RevNotes","","0.002","False","Model Revisions","Notes","Order Items - sync from Model Revisions","ModelRevisionId","plain","Written by 'Order Items - sync from Model Revisions' from Model Revisions.Notes (plain) - edit the parent, not this column."
"Order Items","Mod. Rev. - Oil Amount","RevOilAmount","number","","","","","","False","False","False","False","RevOilAmount","RevOilAmount","","0.884","False","Model Revisions","OilAmount","Order Items - sync from Model Revisions","ModelRevisionId","plain","Written by 'Order Items - sync from Model Revisions' from Model Revisions.OilAmount (plain) - edit the parent, not this column."
"Order Items","Mod. Rev. - Oil Type","RevOilType","choice","","","","None | A2 | B2 | BETA | FR3 | Inconnu | Luminol | Midel","","False","False","False","False","RevOilType","RevOilType","","0.928","False","Model Revisions","Oil_x0020_Type","Order Items - sync from Model Revisions","ModelRevisionId","?['Value'] (Choice/lookup)","Written by 'Order Items - sync from Model Revisions' from Model Revisions.Oil_x0020_Type (?['Value'] (Choice/lookup)) - edit the parent, not this column."
"Order Items","Mod. Rev. - Overcoil","RevOvercoil","number","","","","","","False","False","False","False","RevOvercoil","RevOvercoil","","0.889","False","Model Revisions","Overcoil","Order Items - sync from Model Revisions","ModelRevisionId","plain","Written by 'Order Items - sync from Model Revisions' from Model Revisions.Overcoil (plain) - edit the parent, not this column."
"Order Items","Mod. Rev. - Phases","RevPhases","number","","","","","","False","False","False","False","RevPhases","RevPhases","","0.947","False","Model Revisions","Phases","Order Items - sync from Model Revisions","ModelRevisionId","plain","Written by 'Order Items - sync from Model Revisions' from Model Revisions.Phases (plain) - edit the parent, not this column."
"Order Items","Mod. Rev. - Pioneer Model Code","RevPioneerModelCode","text","","","","","","False","False","False","False","RevPioneerModelCode","RevPioneerModelCode","","0.967","False","Model Revisions","Model","Order Items - sync from Model Revisions","ModelRevisionId","?['Value'] (Choice/lookup)","Written by 'Order Items - sync from Model Revisions' from Model Revisions.Model (?['Value'] (Choice/lookup)) - edit the parent, not this column."
"Order Items","Mod. Rev. - Primary Voltage","RevPrimaryVoltage","number","","","","","","False","False","False","False","RevPrimaryVoltage","RevPrimaryVoltage","","0","False","Model Revisions","PrimaryVoltage","Order Items - sync from Model Revisions","ModelRevisionId","plain","Written by 'Order Items - sync from Model Revisions' from Model Revisions.PrimaryVoltage (plain) - edit the parent, not this column. EMPTY on every row (fillRate 0) - never look rows up by this column."
"Order Items","Mod. Rev. - Secondary Voltage","RevSecondaryVoltage","number","","","","","","False","False","False","False","RevSecondaryVoltage","RevSecondaryVoltage","","0","False","Model Revisions","SecondaryVoltage","Order Items - sync from Model Revisions","ModelRevisionId","plain","Written by 'Order Items - sync from Model Revisions' from Model Revisions.SecondaryVoltage (plain) - edit the parent, not this column. EMPTY on every row (fillRate 0) - never look rows up by this column."
"Order Items","Mod. Rev. - Spec_Date","RevSpecDate","dateTime (dateOnly)","","","","","","False","False","False","False","RevSpecDate","RevSpecDate","","0","False","Model Revisions","Spec_Date","Order Items - sync from Model Revisions","ModelRevisionId","plain","Written by 'Order Items - sync from Model Revisions' from Model Revisions.Spec_Date (plain) - edit the parent, not this column. Date-only: write a BARE yyyy-mm-dd. Stored as Eastern midnight, reads back ...T04:00Z/T05:00Z. A ...T00:00:00Z value is UTC midnight = the PREVIOUS day on this site (E7). EMPTY on every row (fillRate 0) - never look rows up by this column."
"Order Items","Mod. Rev. - Spec_ID","RevSpecID","text","","","","","","False","False","False","False","RevSpecID","RevSpecID","","0.663","False","Model Revisions","SpecID","Order Items - sync from Model Revisions","ModelRevisionId","plain","Written by 'Order Items - sync from Model Revisions' from Model Revisions.SpecID (plain) - edit the parent, not this column."
"Order Items","Mod. Rev. - Spec_Revision","RevSpecRevision","text","","","","","","False","False","False","False","RevSpecRevision","RevSpecRevision","","0","False","Model Revisions","Spec_Revision","Order Items - sync from Model Revisions","ModelRevisionId","plain","Written by 'Order Items - sync from Model Revisions' from Model Revisions.Spec_Revision (plain) - edit the parent, not this column. EMPTY on every row (fillRate 0) - never look rows up by this column."
"Order Items","Mod. Rev. - Wire (HV)","RevWireHV","text","","","","","","False","False","False","False","RevWireHV","RevWireHV","","0.852","False","Model Revisions","Wire_x0028_HV_x0029_","Order Items - sync from Model Revisions","ModelRevisionId","plain","Written by 'Order Items - sync from Model Revisions' from Model Revisions.Wire_x0028_HV_x0029_ (plain) - edit the parent, not this column."
"Order Items","Mod. Rev. - kVA","RevkVA","number","","","","","","False","False","False","False","RevkVA","RevkVA","","0.993","False","Model Revisions","kVA_x0020_and_x0020_kV","Order Items - sync from Model Revisions","ModelRevisionId","plain","Written by 'Order Items - sync from Model Revisions' from Model Revisions.kVA_x0020_and_x0020_kV (plain) - edit the parent, not this column."
"Order Items","SA Job","SAJob","boolean","","","","","","False","False","False","False","SAJob","SAJob","","1","False","","","","","","Yes/No: never-set = NULL over REST; a CSV export prints NULL as False (E6)."
"Order Items","SFRA","SFRA","boolean","","","","","","False","False","False","False","SFRA","SFRA","","1","False","","","","","","Yes/No: never-set = NULL over REST; a CSV export prints NULL as False (E6)."
"Order Items","Section Qty","Section_x0020_Qty","number","","","","","","False","False","False","False","Section_x0020_Qty","Section_x0020_Qty","","0.112","False","","","","","",""
"Order Items","Stacking End Date","StackingDate","dateTime (dateOnly)","","","","","","False","False","False","False","StackingDate","StackingDate","","0.132","False","","","","","","Date-only: write a BARE yyyy-mm-dd. Stored as Eastern midnight, reads back ...T04:00Z/T05:00Z. A ...T00:00:00Z value is UTC midnight = the PREVIOUS day on this site (E7)."
"Order Items","Stacking Start Date","StackingStartDate","dateTime (dateOnly)","","","","","","False","False","False","False","StackingStartDate","StackingStartDate","","0","False","","","","","","Date-only: write a BARE yyyy-mm-dd. Stored as Eastern midnight, reads back ...T04:00Z/T05:00Z. A ...T00:00:00Z value is UTC midnight = the PREVIOUS day on this site (E7). EMPTY on every row (fillRate 0) - never look rows up by this column."
"Order Items","Stacking Status","StackingStatus","choice","","","","Pending | In Progress | Completed | N/A","","False","False","False","False","StackingStatus","StackingStatus","","0.1","False","","","","","",""
"Order Items","Status","Status","text","","","","","","False","False","False","False","Status","Status","","0.134","False","","","","","",""
"Order Items","Status Date","StatusDate","dateTime (dateOnly)","","","","","","False","False","False","False","StatusDate","StatusDate","","0.195","False","","","","","","Date-only: write a BARE yyyy-mm-dd. Stored as Eastern midnight, reads back ...T04:00Z/T05:00Z. A ...T00:00:00Z value is UTC midnight = the PREVIOUS day on this site (E7)."
"Order Items","Step Status","StepStatus","choice","","","","Attente | En cours | Réparation | Manque Pièces | Terminé | Bobine 1 | Bobine 2 | Bobine 3","","False","False","False","False","StepStatus","StepStatus","","0.195","False","","","","","",""
"Order Items","Step Status Stamped","StepStatusStamped","text","","","","","","False","False","False","False","StepStatusStamped","StepStatusStamped","","0.189","False","","","","","",""
"Order Items","Tank","Tank","boolean","","","","","","False","False","False","False","Tank","Tank","","1","False","","","","","","Yes/No: never-set = NULL over REST; a CSV export prints NULL as False (E6)."
"Order Items","Tank Delivery Date","TankDeliveryDate","dateTime (dateOnly)","","","","","","False","False","False","False","TankDeliveryDate","TankDeliveryDate","","0.05","False","","","","","","Date-only: write a BARE yyyy-mm-dd. Stored as Eastern midnight, reads back ...T04:00Z/T05:00Z. A ...T00:00:00Z value is UTC midnight = the PREVIOUS day on this site (E7)."
"Order Items","Tanking End Date","TankingDate","dateTime (dateOnly)","","","","","","False","False","False","False","TankingDate","TankingDate","","0.026","False","","","","","","Date-only: write a BARE yyyy-mm-dd. Stored as Eastern midnight, reads back ...T04:00Z/T05:00Z. A ...T00:00:00Z value is UTC midnight = the PREVIOUS day on this site (E7)."
"Order Items","Planning Notes","TankingDateChangeJustification","text","","","","","","False","False","False","False","TankingDateChangeJustification","TankingDateChangeJustification","","0.207","False","","","","","",""
"Order Items","Tanking Start Date","TankingStartDate","dateTime (dateOnly)","","","","","","False","False","False","False","TankingStartDate","TankingStartDate","","0","False","","","","","","Date-only: write a BARE yyyy-mm-dd. Stored as Eastern midnight, reads back ...T04:00Z/T05:00Z. A ...T00:00:00Z value is UTC midnight = the PREVIOUS day on this site (E7). EMPTY on every row (fillRate 0) - never look rows up by this column."
"Order Items","Tanking Status","TankingStatus","choice","","","","Pending | In Progress | Completed | N/A","","False","False","False","False","TankingStatus","TankingStatus","","0.026","False","","","","","",""
"Order Items","Technical Notes","Technical_x0020_Notes","text","","","","","","False","False","False","False","Technical_x0020_Notes","Technical_x0020_Notes","","0.006","False","","","","","",""
"Order Items","Temperature Rise","TemperatureRise","boolean","","","","","","False","False","False","False","TemperatureRise","TemperatureRise","","1","False","","","","","","Yes/No: never-set = NULL over REST; a CSV export prints NULL as False (E6)."
"Order Items","Testing End Date","TestingDate","dateTime (dateOnly)","","","","","","False","False","False","False","TestingDate","TestingDate","","0.09","False","","","","","","Date-only: write a BARE yyyy-mm-dd. Stored as Eastern midnight, reads back ...T04:00Z/T05:00Z. A ...T00:00:00Z value is UTC midnight = the PREVIOUS day on this site (E7)."
"Order Items","Testing Start Date","TestingStartDate","dateTime (dateOnly)","","","","","","False","False","False","False","TestingStartDate","TestingStartDate","","0","False","","","","","","Date-only: write a BARE yyyy-mm-dd. Stored as Eastern midnight, reads back ...T04:00Z/T05:00Z. A ...T00:00:00Z value is UTC midnight = the PREVIOUS day on this site (E7). EMPTY on every row (fillRate 0) - never look rows up by this column."
"Order Items","Testing Status","TestingStatus","choice","","","","Pending | In Progress | Completed | N/A","","False","False","False","False","TestingStatus","TestingStatus","","0.744","False","","","","","",""
"Order Items","Time (days)","Time_x0028_days_x0029_","number","","","","","","False","False","False","False","Time_x0028_days_x0029_","Time_x0028_days_x0029_","","0","False","","","","","","EMPTY on every row (fillRate 0) - never look rows up by this column."
"Order Items","Unit ID","Title","text","","","","","","False","False","False","False","Title","Title","","0.998","False","","","","","",""
"Order Items","Trimestrial Customer","TrimestrialCustomer","choice","","","","Yes | No","","False","False","False","False","TrimestrialCustomer","TrimestrialCustomer","","0.098","False","","","","","",""
"Order Items","Unit #","Unit_x0023_","number","","","","","","False","False","False","False","Unit_x0023_","Unit_x0023_","","0.998","False","","","","","",""
"Order Items","Winder","Winder","text","","","","","","False","False","False","False","Winder","Winder","","0.694","False","","","","","",""
"Order Items","Witness/Other","Witness_x002f_Other","text","","","","","","False","False","False","False","Witness_x002f_Other","Witness_x002f_Other","","0.002","False","","","","","",""
"Order Items","Color Tag","_ColorTag","text","","","","","","False","True","False","False","_ColorTag","","","","False","","","","","",""
"Order Items","Label setting","_ComplianceFlags","lookup","","ComplianceFlags","False","","","False","True","False","False","_ComplianceFlagsId","","","","False","","","","","","Absent from CSV exports and from a plain REST item read. REST gives _ComplianceFlagsId; display value via FieldValuesAsText, or this mirror's _ComplianceFlags column."
"Order Items","Retention label","_ComplianceTag","lookup","","ComplianceTag","False","","","False","True","False","False","_ComplianceTagId","","","","False","","","","","","Absent from CSV exports and from a plain REST item read. REST gives _ComplianceTagId; display value via FieldValuesAsText, or this mirror's _ComplianceTag column."
"Order Items","Label applied by","_ComplianceTagUserId","lookup","","ComplianceTagUserId","False","","","False","True","False","False","_ComplianceTagUserIdId","","","","False","","","","","","Absent from CSV exports and from a plain REST item read. REST gives _ComplianceTagUserIdId; display value via FieldValuesAsText, or this mirror's _ComplianceTagUserId column."
"Order Items","Retention label Applied","_ComplianceTagWrittenTime","lookup","","ComplianceTagWrittenTime","False","","","False","True","False","False","_ComplianceTagWrittenTimeId","","","","False","","","","","","Absent from CSV exports and from a plain REST item read. REST gives _ComplianceTagWrittenTimeId; display value via FieldValuesAsText, or this mirror's _ComplianceTagWrittenTime column."
"Order Items","Item is a Record","_IsRecord","other","","","","","","False","True","False","False","_IsRecord","","","","False","","","","","",""
"Order Items","Version","_UIVersionString","text","","","","","","False","True","False","False","_UIVersionString","","","","False","","","","","",""
"Order Items","test calculated column","test_x0020_calculated_x0020_colu","calculated","","","","","=MAX(TODAY(),[Planned Delivery Date])+7","False","True","False","False","test_x0020_calculated_x0020_colu","test_x0020_calculated_x0020_colu","","1","False","","","","","","Calculated: reads BLANK in CSV exports."
