ListSchema={"schemaXmlList":["<Field ID=\"{fa564e0f-0c70-4ab9-b863-0177e6ddd247}\" Type=\"Text\" Name=\"Title\" DisplayName=\"Title\" Required=\"FALSE\" SourceID=\"http://schemas.microsoft.com/sharepoint/v3\" StaticName=\"Title\" FromBaseType=\"TRUE\" MaxLength=\"255\" />","<Field DisplayName=\"Model_ID\" Format=\"Dropdown\" IsModern=\"TRUE\" MaxLength=\"255\" Name=\"ModelID\" Title=\"ModelID\" Type=\"Text\" ID=\"{7341f004-bfd1-4148-8e8e-233b3e259027}\" StaticName=\"ModelID\" CustomFormatter=\"\" Required=\"FALSE\" EnforceUniqueValues=\"TRUE\" Indexed=\"TRUE\" />","<Field Type=\"Text\" DisplayName=\"Spec_ID\" Required=\"FALSE\" EnforceUniqueValues=\"FALSE\" Indexed=\"FALSE\" MaxLength=\"255\" ID=\"{222ea723-0714-4bcd-b83c-ffeda35c0cb0}\" StaticName=\"SpecID\" Name=\"SpecID\" CustomFormatter=\"\" />","<Field Type=\"Text\" DisplayName=\"Model_Code\" Required=\"FALSE\" EnforceUniqueValues=\"FALSE\" Indexed=\"FALSE\" MaxLength=\"255\" ID=\"{cd55e311-fa06-43b7-9572-2cb4f30b1f43}\" StaticName=\"ModelName\" Name=\"ModelName\" CustomFormatter=\"\" />","<Field ClientSideComponentId=\"00000000-0000-0000-0000-000000000000\" CustomFormatter=\"{&quot;elmType&quot;:&quot;div&quot;,&quot;style&quot;:{&quot;box-sizing&quot;:&quot;border-box&quot;,&quot;padding&quot;:&quot;0 2px&quot;,&quot;overflow&quot;:&quot;hidden&quot;,&quot;text-overflow&quot;:&quot;ellipsis&quot;},&quot;attributes&quot;:{&quot;class&quot;:{&quot;operator&quot;:&quot;:&quot;,&quot;operands&quot;:[{&quot;operator&quot;:&quot;==&quot;,&quot;operands&quot;:[&quot;[$ModificationStatus]&quot;,&quot;Up to Date&quot;]},&quot;sp-css-backgroundColor-BgMintGreen sp-css-borderColor-MintGreenFont sp-css-color-MintGreenFont sp-css-color-MintGreenFont&quot;,{&quot;operator&quot;:&quot;:&quot;,&quot;operands&quot;:[{&quot;operator&quot;:&quot;==&quot;,&quot;operands&quot;:[&quot;[$ModificationStatus]&quot;,&quot;Minor Changes&quot;]},&quot;sp-css-backgroundColor-BgCyan sp-css-borderColor-CyanFont sp-css-color-CyanFont sp-css-color-CyanFont&quot;,{&quot;operator&quot;:&quot;:&quot;,&quot;operands&quot;:[{&quot;operator&quot;:&quot;==&quot;,&quot;operands&quot;:[&quot;[$ModificationStatus]&quot;,&quot;Moderate Changes&quot;]},&quot;sp-css-backgroundColor-BgGold sp-css-borderColor-GoldFont sp-css-color-GoldFont sp-css-color-GoldFont&quot;,{&quot;operator&quot;:&quot;:&quot;,&quot;operands&quot;:[{&quot;operator&quot;:&quot;==&quot;,&quot;operands&quot;:[&quot;[$ModificationStatus]&quot;,&quot;Major Changes&quot;]},&quot;sp-css-backgroundColor-BgCoral sp-css-color-CoralFont sp-css-color-CoralFont&quot;,{&quot;operator&quot;:&quot;:&quot;,&quot;operands&quot;:[{&quot;operator&quot;:&quot;==&quot;,&quot;operands&quot;:[&quot;[$ModificationStatus]&quot;,&quot;&quot;]},&quot;&quot;,{&quot;operator&quot;:&quot;:&quot;,&quot;operands&quot;:[{&quot;operator&quot;:&quot;==&quot;,&quot;operands&quot;:[&quot;[$ModificationStatus]&quot;,&quot;New Model&quot;]},&quot;sp-css-backgroundColor-BgViolet sp-css-borderColor-VioletFont sp-css-color-VioletFont sp-css-color-VioletFont&quot;,&quot;&quot;]}]}]}]}]}]}},&quot;children&quot;:[{&quot;elmType&quot;:&quot;span&quot;,&quot;style&quot;:{&quot;overflow&quot;:&quot;hidden&quot;,&quot;text-overflow&quot;:&quot;ellipsis&quot;,&quot;padding&quot;:&quot;0 3px&quot;},&quot;txtContent&quot;:&quot;[$ModificationStatus]&quot;,&quot;attributes&quot;:{&quot;class&quot;:{&quot;operator&quot;:&quot;:&quot;,&quot;operands&quot;:[{&quot;operator&quot;:&quot;==&quot;,&quot;operands&quot;:[&quot;[$ModificationStatus]&quot;,&quot;Up to Date&quot;]},&quot;sp-css-color-MintGreenFont&quot;,{&quot;operator&quot;:&quot;:&quot;,&quot;operands&quot;:[{&quot;operator&quot;:&quot;==&quot;,&quot;operands&quot;:[&quot;[$ModificationStatus]&quot;,&quot;Minor Changes&quot;]},&quot;sp-css-color-CyanFont&quot;,{&quot;operator&quot;:&quot;:&quot;,&quot;operands&quot;:[{&quot;operator&quot;:&quot;==&quot;,&quot;operands&quot;:[&quot;[$ModificationStatus]&quot;,&quot;Moderate Changes&quot;]},&quot;sp-css-color-GoldFont&quot;,{&quot;operator&quot;:&quot;:&quot;,&quot;operands&quot;:[{&quot;operator&quot;:&quot;==&quot;,&quot;operands&quot;:[&quot;[$ModificationStatus]&quot;,&quot;Major Changes&quot;]},&quot;sp-css-color-CoralFont&quot;,{&quot;operator&quot;:&quot;:&quot;,&quot;operands&quot;:[{&quot;operator&quot;:&quot;==&quot;,&quot;operands&quot;:[&quot;[$ModificationStatus]&quot;,&quot;&quot;]},&quot;&quot;,{&quot;operator&quot;:&quot;:&quot;,&quot;operands&quot;:[{&quot;operator&quot;:&quot;==&quot;,&quot;operands&quot;:[&quot;[$ModificationStatus]&quot;,&quot;New Model&quot;]},&quot;sp-css-color-VioletFont&quot;,&quot;&quot;]}]}]}]}]}]}}}],&quot;templateId&quot;:&quot;BgColorChoice&quot;}\" DisplayName=\"Modification_Status\" FillInChoice=\"FALSE\" Format=\"Dropdown\" Name=\"ModificationStatus\" Title=\"Modification_Status\" Type=\"Choice\" ID=\"{ce4a0c06-99b9-4661-9836-4958390109e6}\" StaticName=\"ModificationStatus\"><CHOICES><CHOICE>Up to Date</CHOICE><CHOICE>Minor Changes</CHOICE><CHOICE>Moderate Changes</CHOICE><CHOICE>Major Changes</CHOICE><CHOICE>New Model</CHOICE></CHOICES><Default>Up to Date</Default></Field>","<Field Type=\"Note\" DisplayName=\"Notes\" Required=\"FALSE\" EnforceUniqueValues=\"FALSE\" Indexed=\"FALSE\" NumLines=\"6\" RichText=\"TRUE\" RichTextMode=\"FullHtml\" IsolateStyles=\"TRUE\" Sortable=\"FALSE\" ID=\"{cb569d8b-53c1-4d3a-90f1-a3b5c99b775e}\" StaticName=\"Notes\" Name=\"Notes\" CustomFormatter=\"\" RestrictedMode=\"TRUE\" AppendOnly=\"FALSE\" />","<Field ID=\"{1df5e554-ec7e-46a6-901d-d85a3881cb18}\" ReadOnly=\"TRUE\" Type=\"User\" List=\"UserInfo\" Name=\"Author\" DisplayName=\"Created_By\" SourceID=\"http://schemas.microsoft.com/sharepoint/v3\" StaticName=\"Author\" FromBaseType=\"TRUE\" Required=\"FALSE\" Group=\"\" ShowField=\"ImnName\" />","<Field ID=\"{d31655d1-1d5b-4511-95a1-7a09e9b75bf2}\" ReadOnly=\"TRUE\" Type=\"User\" List=\"UserInfo\" Name=\"Editor\" DisplayName=\"Modified_By\" SourceID=\"http://schemas.microsoft.com/sharepoint/v3\" StaticName=\"Editor\" FromBaseType=\"TRUE\" Required=\"FALSE\" Group=\"\" ShowField=\"ImnName\" />","<Field Type=\"Number\" DisplayName=\"Estimated Effort\" Required=\"FALSE\" EnforceUniqueValues=\"FALSE\" Indexed=\"FALSE\" ID=\"{1e928e8d-9186-49a6-a7dd-177013fc168f}\" StaticName=\"Estimated_x0020_Effort\" Name=\"Estimated_x0020_Effort\"><Default>0</Default></Field>","<Field Type=\"Choice\" DisplayName=\"Current Changes Priority\" Required=\"FALSE\" EnforceUniqueValues=\"FALSE\" Indexed=\"FALSE\" Format=\"Dropdown\" FillInChoice=\"FALSE\" ID=\"{7dddc5b9-c99a-4488-a44e-321588a4db55}\" StaticName=\"Current_x0020_Changes_x0020_Prio\" Name=\"Current_x0020_Changes_x0020_Prio\"><Default>ASAP</Default><CHOICES><CHOICE>ASAP</CHOICE><CHOICE>Next Month</CHOICE><CHOICE>Next Order</CHOICE><CHOICE>Set Date</CHOICE></CHOICES></Field>","<Field Type=\"DateTime\" DisplayName=\"Changes Due Date\" Required=\"FALSE\" EnforceUniqueValues=\"FALSE\" Indexed=\"FALSE\" Format=\"DateOnly\" FriendlyDisplayFormat=\"Disabled\" ID=\"{709aca0e-11f7-4df9-8cc9-26b8bb87856f}\" StaticName=\"Changes_x0020_Due_x0020_Date\" Name=\"Changes_x0020_Due_x0020_Date\" />","<Field Type=\"Text\" DisplayName=\"Client_ID_TextField\" Required=\"FALSE\" EnforceUniqueValues=\"FALSE\" Indexed=\"FALSE\" MaxLength=\"255\" ID=\"{afaa104d-4351-4d93-9b9e-83314cf60b23}\" StaticName=\"Client_ID_TextFiel\" Name=\"Client_ID_TextFiel\" CustomFormatter=\"\" />","<Field Type=\"Number\" DisplayName=\"kVA and kV\" Required=\"FALSE\" EnforceUniqueValues=\"FALSE\" Indexed=\"FALSE\" ID=\"{ba47acb3-a901-4b35-a904-a2530aa7c986}\" StaticName=\"kVA_x0020_and_x0020_kV\" Name=\"kVA_x0020_and_x0020_kV\"><Default>0</Default></Field>","<Field ClientSideComponentId=\"00000000-0000-0000-0000-000000000000\" DisplayName=\"Model Type\" FillInChoice=\"TRUE\" Format=\"Dropdown\" Name=\"Model_x0020_Type\" Title=\"Model Type\" Type=\"Choice\" ID=\"{90acef6a-9d76-4dae-9e78-6bd61349d6b4}\" StaticName=\"Model_x0020_Type\" CustomFormatter=\"\" Required=\"FALSE\" EnforceUniqueValues=\"FALSE\" Indexed=\"FALSE\"><CHOICES><CHOICE>None</CHOICE><CHOICE>1PH PAD (MINIPAD)</CHOICE><CHOICE>3PH PAD (PADMOUNT)</CHOICE><CHOICE>POLEMOUNT</CHOICE><CHOICE>SUBSTATION</CHOICE><CHOICE>NETWORK</CHOICE><CHOICE>1PH SUBMERSIBLE</CHOICE><CHOICE>3PH SUBMERSIBLE</CHOICE><CHOICE>GROUNDING TX</CHOICE><CHOICE>ANNEX</CHOICE><CHOICE>C2</CHOICE><CHOICE>FLATFACE</CHOICE><CHOICE>MALT</CHOICE><CHOICE>MINPAD</CHOICE><CHOICE>NETWORK</CHOICE><CHOICE>PADMOUNT</CHOICE><CHOICE>POLEMOUNT</CHOICE><CHOICE>POWER-LTC</CHOICE><CHOICE>POWER-S</CHOICE><CHOICE>POWER-W</CHOICE><CHOICE>SPECIAL</CHOICE><CHOICE>SUBMERSIBLE</CHOICE><CHOICE>UNITIZED</CHOICE><CHOICE>ZIG-ZAG</CHOICE><CHOICE>ZIG-ZAG + SA</CHOICE></CHOICES><Default>None</Default></Field>","<Field Type=\"Choice\" DisplayName=\"Oil Type\" Required=\"FALSE\" EnforceUniqueValues=\"FALSE\" Indexed=\"FALSE\" Format=\"Dropdown\" FillInChoice=\"TRUE\" ID=\"{e3be1322-4677-489b-aafb-ff3aa653ae84}\" StaticName=\"Oil_x0020_Type\" Name=\"Oil_x0020_Type\" CustomFormatter=\"\"><Default>None</Default><CHOICES><CHOICE>None</CHOICE><CHOICE>A2</CHOICE><CHOICE>B2</CHOICE><CHOICE>BETA</CHOICE><CHOICE>FR3</CHOICE><CHOICE>Inconnu</CHOICE><CHOICE>Luminol</CHOICE><CHOICE>Midel</CHOICE></CHOICES></Field>","<Field Type=\"Choice\" DisplayName=\"Core Type\" Required=\"FALSE\" EnforceUniqueValues=\"FALSE\" Indexed=\"FALSE\" Format=\"Dropdown\" FillInChoice=\"TRUE\" ID=\"{b585289a-af88-4efa-a632-a48c14602e2b}\" StaticName=\"Core_x0020_Type\" Name=\"Core_x0020_Type\" CustomFormatter=\"\"><Default>None</Default><CHOICES><CHOICE>None</CHOICE><CHOICE>Cogent</CHOICE><CHOICE>Amorphe</CHOICE><CHOICE>Annexe</CHOICE></CHOICES></Field>","<Field Type=\"Boolean\" DisplayName=\"Is Cancelled\" EnforceUniqueValues=\"FALSE\" Indexed=\"FALSE\" ID=\"{156a75f3-ccf7-4aa5-9a20-00a425c580c8}\" StaticName=\"Is_x0020_Cancelled\" Name=\"Is_x0020_Cancelled\"><Default>0</Default></Field>","<Field CommaSeparator=\"TRUE\" CustomUnitOnRight=\"TRUE\" Decimals=\"0\" DisplayName=\"Phases\" Format=\"Dropdown\" IsModern=\"TRUE\" Name=\"Phases\" Percentage=\"FALSE\" Title=\"Phases\" Type=\"Number\" Unit=\"None\" ID=\"{71d85a9d-c008-4ef9-abe4-f46a525a4cc4}\" StaticName=\"Phases\" />","<Field DisplayName=\"Info+\" Format=\"Dropdown\" IsModern=\"TRUE\" MaxLength=\"255\" Name=\"Info_x002b_\" Title=\"Info+\" Type=\"Text\" ID=\"{2181ce60-cecc-465e-b318-074c5ba81266}\" StaticName=\"Info_x002b_\" />","<Field DisplayName=\"Protector &amp; Switchgear Item #\" Format=\"Dropdown\" IsModern=\"TRUE\" MaxLength=\"255\" Name=\"ProtectorSwitchgearItem_x0023_\" Title=\"Protector &amp; Switchgear Item #\" Type=\"Text\" ID=\"{1fb2de7a-0b93-4432-b5dd-e1ecde728276}\" StaticName=\"ProtectorSwitchgearItem_x0023_\" />","<Field DisplayName=\"SFRA\" Format=\"Dropdown\" IsModern=\"TRUE\" MaxLength=\"255\" Name=\"SFRA\" Title=\"SFRA\" Type=\"Text\" ID=\"{707edcbc-b763-41f9-84aa-26c8c421010d}\" StaticName=\"SFRA\" />","<Field CommaSeparator=\"TRUE\" CustomUnitOnRight=\"TRUE\" DisplayName=\"Oil Amount\" Format=\"Dropdown\" IsModern=\"TRUE\" Name=\"OilAmount\" Percentage=\"FALSE\" Title=\"Oil Amount\" Type=\"Number\" Unit=\"None\" ID=\"{1a6787d8-9efd-4f86-83ff-8454511c200e}\" StaticName=\"OilAmount\" />","<Field DisplayName=\"Configuration\" Format=\"Dropdown\" IsModern=\"TRUE\" MaxLength=\"255\" Name=\"Configuration\" Title=\"Configuration\" Type=\"Text\" ID=\"{25e2f381-ec52-43b7-b689-8a852f324cfa}\" StaticName=\"Configuration\" />","<Field DisplayName=\"Section Qty\" Format=\"Dropdown\" IsModern=\"TRUE\" MaxLength=\"255\" Name=\"SectionQty\" Title=\"Section Qty\" Type=\"Text\" ID=\"{052b9dcc-a972-4a5a-9a58-55002ab1402e}\" StaticName=\"SectionQty\" />","<Field DisplayName=\"Cable\" Format=\"Dropdown\" IsModern=\"TRUE\" MaxLength=\"255\" Name=\"Cable\" Title=\"Cable\" Type=\"Text\" ID=\"{a06a4e76-e049-4ccc-908f-7f7d4e5de113}\" StaticName=\"Cable\" />","<Field DisplayName=\"Form\" Format=\"Dropdown\" IsModern=\"TRUE\" MaxLength=\"255\" Name=\"Form\" Title=\"Form\" Type=\"Text\" ID=\"{a40ef034-c521-4e60-b255-4bcdb52af1d6}\" StaticName=\"Form\" />","<Field DisplayName=\"Copper (LV)\" Format=\"Dropdown\" IsModern=\"TRUE\" MaxLength=\"255\" Name=\"Copper_x0028_LV_x0029_\" Title=\"Copper (LV)\" Type=\"Text\" ID=\"{23bf3fab-9e2b-4088-a75f-662b43c4cda2}\" StaticName=\"Copper_x0028_LV_x0029_\" />","<Field DisplayName=\"Wire (HV)\" Format=\"Dropdown\" IsModern=\"TRUE\" MaxLength=\"255\" Name=\"Wire_x0028_HV_x0029_\" Title=\"Wire (HV)\" Type=\"Text\" ID=\"{444aab61-0180-4bec-8c66-78c7bc8e0858}\" StaticName=\"Wire_x0028_HV_x0029_\" />","<Field CommaSeparator=\"TRUE\" CustomUnitOnRight=\"TRUE\" DisplayName=\"Overcoil\" Format=\"Dropdown\" IsModern=\"TRUE\" Name=\"Overcoil\" Percentage=\"FALSE\" Title=\"Overcoil\" Type=\"Number\" Unit=\"None\" ID=\"{b4d09a00-d0ea-48e4-bd39-41cfa4e15306}\" StaticName=\"Overcoil\" />","<Field ClientSideComponentId=\"00000000-0000-0000-0000-000000000000\" CustomFormatter=\"{&quot;elmType&quot;:&quot;div&quot;,&quot;style&quot;:{&quot;flex-wrap&quot;:&quot;wrap&quot;,&quot;display&quot;:&quot;flex&quot;},&quot;children&quot;:[{&quot;elmType&quot;:&quot;div&quot;,&quot;style&quot;:{&quot;box-sizing&quot;:&quot;border-box&quot;,&quot;padding&quot;:&quot;4px 8px 5px 8px&quot;,&quot;overflow&quot;:&quot;hidden&quot;,&quot;text-overflow&quot;:&quot;ellipsis&quot;,&quot;display&quot;:&quot;flex&quot;,&quot;border-radius&quot;:&quot;16px&quot;,&quot;height&quot;:&quot;24px&quot;,&quot;align-items&quot;:&quot;center&quot;,&quot;white-space&quot;:&quot;nowrap&quot;,&quot;margin&quot;:&quot;4px 4px 4px 4px&quot;},&quot;attributes&quot;:{&quot;class&quot;:{&quot;operator&quot;:&quot;:&quot;,&quot;operands&quot;:[{&quot;operator&quot;:&quot;==&quot;,&quot;operands&quot;:[&quot;[$Description]&quot;,&quot;ANNEX&quot;]},&quot;sp-css-backgroundColor-BgCornflowerBlue sp-css-color-CornflowerBlueFont sp-css-color-CornflowerBlueFont&quot;,{&quot;operator&quot;:&quot;:&quot;,&quot;operands&quot;:[{&quot;operator&quot;:&quot;==&quot;,&quot;operands&quot;:[&quot;[$Description]&quot;,&quot;FLAT FRONT&quot;]},&quot;sp-css-backgroundColor-BgMintGreen sp-css-color-MintGreenFont sp-css-color-MintGreenFont&quot;,{&quot;operator&quot;:&quot;:&quot;,&quot;operands&quot;:[{&quot;operator&quot;:&quot;==&quot;,&quot;operands&quot;:[&quot;[$Description]&quot;,&quot;Goujon&quot;]},&quot;sp-css-backgroundColor-BgGold sp-css-color-GoldFont sp-css-color-GoldFont&quot;,{&quot;operator&quot;:&quot;:&quot;,&quot;operands&quot;:[{&quot;operator&quot;:&quot;==&quot;,&quot;operands&quot;:[&quot;[$Description]&quot;,&quot;&quot;]},&quot;&quot;,{&quot;operator&quot;:&quot;:&quot;,&quot;operands&quot;:[{&quot;operator&quot;:&quot;==&quot;,&quot;operands&quot;:[&quot;[$Description]&quot;,&quot;MALT&quot;]},&quot;sp-css-backgroundColor-BgCoral sp-css-color-CoralFont sp-css-color-CoralFont&quot;,{&quot;operator&quot;:&quot;:&quot;,&quot;operands&quot;:[{&quot;operator&quot;:&quot;==&quot;,&quot;operands&quot;:[&quot;[$Description]&quot;,&quot;MALT + SA&quot;]},&quot;sp-css-backgroundColor-BgDustRose sp-css-color-DustRoseFont sp-css-color-DustRoseFont&quot;,{&quot;operator&quot;:&quot;:&quot;,&quot;operands&quot;:[{&quot;operator&quot;:&quot;==&quot;,&quot;operands&quot;:[&quot;[$Description]&quot;,&quot;MINPAD-1HP&quot;]},&quot;sp-css-backgroundColor-BgPeach sp-css-color-PeachFont sp-css-color-PeachFont&quot;,{&quot;operator&quot;:&quot;:&quot;,&quot;operands&quot;:[{&quot;operator&quot;:&quot;==&quot;,&quot;operands&quot;:[&quot;[$Description]&quot;,&quot;NETWORK&quot;]},&quot;sp-css-backgroundColor-BgSage sp-css-color-SageFont sp-css-color-SageFont&quot;,{&quot;operator&quot;:&quot;:&quot;,&quot;operands&quot;:[{&quot;operator&quot;:&quot;==&quot;,&quot;operands&quot;:[&quot;[$Description]&quot;,&quot;PADMOUNT&quot;]},&quot;sp-css-backgroundColor-BgLightPurple sp-css-color-LightPurpleFont sp-css-color-LightPurpleFont&quot;,{&quot;operator&quot;:&quot;:&quot;,&quot;operands&quot;:[{&quot;operator&quot;:&quot;==&quot;,&quot;operands&quot;:[&quot;[$Description]&quot;,&quot;PARTS&quot;]},&quot;sp-css-backgroundColor-BgViolet sp-css-color-VioletFont sp-css-color-VioletFont&quot;,{&quot;operator&quot;:&quot;:&quot;,&quot;operands&quot;:[{&quot;operator&quot;:&quot;==&quot;,&quot;operands&quot;:[&quot;[$Description]&quot;,&quot;PLAQUE ANCRAGE&quot;]},&quot;sp-css-backgroundColor-BgLightBlue sp-css-color-LightBlueFont sp-css-color-LightBlueFont&quot;,{&quot;operator&quot;:&quot;:&quot;,&quot;operands&quot;:[{&quot;operator&quot;:&quot;==&quot;,&quot;operands&quot;:[&quot;[$Description]&quot;,&quot;SPAREPARTS&quot;]},&quot;sp-css-backgroundColor-BgLilac sp-css-color-LilacFont sp-css-color-LilacFont&quot;,{&quot;operator&quot;:&quot;:&quot;,&quot;operands&quot;:[{&quot;operator&quot;:&quot;==&quot;,&quot;operands&quot;:[&quot;[$Description]&quot;,&quot;SUBSTATION&quot;]},&quot;sp-css-backgroundColor-BgLightGray sp-css-color-LightGrayFont sp-css-color-LightGrayFont&quot;,{&quot;operator&quot;:&quot;:&quot;,&quot;operands&quot;:[{&quot;operator&quot;:&quot;==&quot;,&quot;operands&quot;:[&quot;[$Description]&quot;,&quot;SUBSTATION + LTC&quot;]},&quot;sp-css-backgroundColor-BgBlue sp-css-color-WhiteFont sp-css-color-WhiteFont&quot;,{&quot;operator&quot;:&quot;:&quot;,&quot;operands&quot;:[{&quot;operator&quot;:&quot;==&quot;,&quot;operands&quot;:[&quot;[$Description]&quot;,&quot;SUBST-STACK&quot;]},&quot;sp-css-backgroundColor-BgGreen sp-css-color-WhiteFont sp-css-color-WhiteFont&quot;,{&quot;operator&quot;:&quot;:&quot;,&quot;operands&quot;:[{&quot;operator&quot;:&quot;==&quot;,&quot;operands&quot;:[&quot;[$Description]&quot;,&quot;SUBWAY&quot;]},&quot;sp-css-backgroundColor-BgBrown sp-css-color-WhiteFont sp-css-color-WhiteFont&quot;,{&quot;operator&quot;:&quot;:&quot;,&quot;operands&quot;:[{&quot;operator&quot;:&quot;==&quot;,&quot;operands&quot;:[&quot;[$Description]&quot;,&quot;Choice 18&quot;]},&quot;sp-css-backgroundColor-BgDarkRed sp-css-color-WhiteFont sp-css-color-WhiteFont&quot;,{&quot;operator&quot;:&quot;:&quot;,&quot;operands&quot;:[{&quot;operator&quot;:&quot;==&quot;,&quot;operands&quot;:[&quot;[$Description]&quot;,&quot;VAULT1-HP&quot;]},&quot;sp-css-backgroundColor-BgRed sp-css-color-WhiteFont sp-css-color-WhiteFont&quot;,&quot;sp-field-borderAllRegular sp-field-borderAllSolid sp-css-borderColor-neutralSecondary&quot;]}]}]}]}]}]}]}]}]}]}]}]}]}]}]}]}]}]}},&quot;children&quot;:[{&quot;elmType&quot;:&quot;span&quot;,&quot;style&quot;:{&quot;overflow&quot;:&quot;hidden&quot;,&quot;text-overflow&quot;:&quot;ellipsis&quot;,&quot;padding&quot;:&quot;0 3px&quot;},&quot;txtContent&quot;:&quot;[$Description]&quot;,&quot;attributes&quot;:{&quot;class&quot;:{&quot;operator&quot;:&quot;:&quot;,&quot;operands&quot;:[{&quot;operator&quot;:&quot;==&quot;,&quot;operands&quot;:[&quot;[$Description]&quot;,&quot;ANNEX&quot;]},&quot;sp-css-color-CornflowerBlueFont&quot;,{&quot;operator&quot;:&quot;:&quot;,&quot;operands&quot;:[{&quot;operator&quot;:&quot;==&quot;,&quot;operands&quot;:[&quot;[$Description]&quot;,&quot;FLAT FRONT&quot;]},&quot;sp-css-color-MintGreenFont&quot;,{&quot;operator&quot;:&quot;:&quot;,&quot;operands&quot;:[{&quot;operator&quot;:&quot;==&quot;,&quot;operands&quot;:[&quot;[$Description]&quot;,&quot;Goujon&quot;]},&quot;sp-css-color-GoldFont&quot;,{&quot;operator&quot;:&quot;:&quot;,&quot;operands&quot;:[{&quot;operator&quot;:&quot;==&quot;,&quot;operands&quot;:[&quot;[$Description]&quot;,&quot;&quot;]},&quot;&quot;,{&quot;operator&quot;:&quot;:&quot;,&quot;operands&quot;:[{&quot;operator&quot;:&quot;==&quot;,&quot;operands&quot;:[&quot;[$Description]&quot;,&quot;MALT&quot;]},&quot;sp-css-color-CoralFont&quot;,{&quot;operator&quot;:&quot;:&quot;,&quot;operands&quot;:[{&quot;operator&quot;:&quot;==&quot;,&quot;operands&quot;:[&quot;[$Description]&quot;,&quot;MALT + SA&quot;]},&quot;sp-css-color-DustRoseFont&quot;,{&quot;operator&quot;:&quot;:&quot;,&quot;operands&quot;:[{&quot;operator&quot;:&quot;==&quot;,&quot;operands&quot;:[&quot;[$Description]&quot;,&quot;MINPAD-1HP&quot;]},&quot;sp-css-color-PeachFont&quot;,{&quot;operator&quot;:&quot;:&quot;,&quot;operands&quot;:[{&quot;operator&quot;:&quot;==&quot;,&quot;operands&quot;:[&quot;[$Description]&quot;,&quot;NETWORK&quot;]},&quot;sp-css-color-SageFont&quot;,{&quot;operator&quot;:&quot;:&quot;,&quot;operands&quot;:[{&quot;operator&quot;:&quot;==&quot;,&quot;operands&quot;:[&quot;[$Description]&quot;,&quot;PADMOUNT&quot;]},&quot;sp-css-color-LightPurpleFont&quot;,{&quot;operator&quot;:&quot;:&quot;,&quot;operands&quot;:[{&quot;operator&quot;:&quot;==&quot;,&quot;operands&quot;:[&quot;[$Description]&quot;,&quot;PARTS&quot;]},&quot;sp-css-color-VioletFont&quot;,{&quot;operator&quot;:&quot;:&quot;,&quot;operands&quot;:[{&quot;operator&quot;:&quot;==&quot;,&quot;operands&quot;:[&quot;[$Description]&quot;,&quot;PLAQUE ANCRAGE&quot;]},&quot;sp-css-color-LightBlueFont&quot;,{&quot;operator&quot;:&quot;:&quot;,&quot;operands&quot;:[{&quot;operator&quot;:&quot;==&quot;,&quot;operands&quot;:[&quot;[$Description]&quot;,&quot;SPAREPARTS&quot;]},&quot;sp-css-color-LilacFont&quot;,{&quot;operator&quot;:&quot;:&quot;,&quot;operands&quot;:[{&quot;operator&quot;:&quot;==&quot;,&quot;operands&quot;:[&quot;[$Description]&quot;,&quot;SUBSTATION&quot;]},&quot;sp-css-color-LightGrayFont&quot;,{&quot;operator&quot;:&quot;:&quot;,&quot;operands&quot;:[{&quot;operator&quot;:&quot;==&quot;,&quot;operands&quot;:[&quot;[$Description]&quot;,&quot;SUBSTATION + LTC&quot;]},&quot;sp-css-color-WhiteFont&quot;,{&quot;operator&quot;:&quot;:&quot;,&quot;operands&quot;:[{&quot;operator&quot;:&quot;==&quot;,&quot;operands&quot;:[&quot;[$Description]&quot;,&quot;SUBST-STACK&quot;]},&quot;sp-css-color-WhiteFont&quot;,{&quot;operator&quot;:&quot;:&quot;,&quot;operands&quot;:[{&quot;operator&quot;:&quot;==&quot;,&quot;operands&quot;:[&quot;[$Description]&quot;,&quot;SUBWAY&quot;]},&quot;sp-css-color-WhiteFont&quot;,{&quot;operator&quot;:&quot;:&quot;,&quot;operands&quot;:[{&quot;operator&quot;:&quot;==&quot;,&quot;operands&quot;:[&quot;[$Description]&quot;,&quot;Choice 18&quot;]},&quot;sp-css-color-WhiteFont&quot;,{&quot;operator&quot;:&quot;:&quot;,&quot;operands&quot;:[{&quot;operator&quot;:&quot;==&quot;,&quot;operands&quot;:[&quot;[$Description]&quot;,&quot;VAULT1-HP&quot;]},&quot;sp-css-color-WhiteFont&quot;,&quot;&quot;]}]}]}]}]}]}]}]}]}]}]}]}]}]}]}]}]}]}}}]}],&quot;templateId&quot;:&quot;BgColorChoicePill&quot;}\" DisplayName=\"Description\" FillInChoice=\"TRUE\" Format=\"Dropdown\" Name=\"Description\" Title=\"Description\" Type=\"Choice\" ID=\"{434d0b55-745a-432d-8f54-1fe47cb201b4}\" StaticName=\"Description\" Required=\"FALSE\" EnforceUniqueValues=\"FALSE\" Indexed=\"FALSE\"><CHOICES><CHOICE>ANNEX</CHOICE><CHOICE>FLAT FRONT</CHOICE><CHOICE>Goujon</CHOICE><CHOICE>MALT</CHOICE><CHOICE>MALT + SA</CHOICE><CHOICE>MINPAD-1HP</CHOICE><CHOICE>NETWORK</CHOICE><CHOICE>PADMOUNT</CHOICE><CHOICE>PARTS</CHOICE><CHOICE>PLAQUE ANCRAGE</CHOICE><CHOICE>SPAREPARTS</CHOICE><CHOICE>SUBSTATION</CHOICE><CHOICE>SUBSTATION + LTC</CHOICE><CHOICE>SUBST-STACK</CHOICE><CHOICE>SUBWAY</CHOICE><CHOICE>VAULT1-HP</CHOICE></CHOICES></Field>","<Field Type=\"Text\" DisplayName=\"JS #\" Required=\"FALSE\" EnforceUniqueValues=\"FALSE\" Indexed=\"FALSE\" MaxLength=\"255\" ID=\"{29bab08c-be67-4a22-88dc-aec82a182635}\" StaticName=\"JS_x0020__x0023_\" Name=\"JS_x0020__x0023_\" />","<Field DisplayName=\"Latest_Model_Revision_TextField\" Format=\"Dropdown\" IsModern=\"TRUE\" MaxLength=\"255\" Name=\"Latest_Model_Revision_TextField\" Title=\"Latest_Model_Revision_TextField\" Type=\"Text\" ID=\"{b4558831-5112-4534-b713-ef9de39fef95}\" StaticName=\"Latest_Model_Revision_TextField\" />","<Field DisplayName=\"SA Model\" Format=\"Dropdown\" IsModern=\"TRUE\" Name=\"SAModel\" Title=\"SA Model\" Type=\"Boolean\" ID=\"{6ddfe715-484b-4d9f-bc55-51c33607e68f}\" StaticName=\"SAModel\"><Default>0</Default></Field>","<Field DisplayName=\"Parent_Model_TextField\" Format=\"Dropdown\" IsModern=\"TRUE\" MaxLength=\"255\" Name=\"Parent_Model_TextField\" Title=\"Parent_Model_TextField\" Type=\"Text\" ID=\"{7995726b-5304-4ca3-9595-6e0e49e96796}\" StaticName=\"Parent_Model_TextField\" />","<Field ID=\"{82642ec8-ef9b-478f-acf9-31f7d45fbc31}\" ReadOnly=\"TRUE\" Type=\"Computed\" Name=\"LinkTitle\" DisplayName=\"Title\" DisplayNameSrcField=\"Title\" ClassInfo=\"Menu\" AuthoringInfo=\"(linked to item with edit menu)\" ListItemMenuAllowed=\"Required\" LinkToItemAllowed=\"Prohibited\" SourceID=\"http://schemas.microsoft.com/sharepoint/v3\" StaticName=\"LinkTitle\" FromBaseType=\"TRUE\"><FieldRefs><FieldRef Name=\"Title\" /><FieldRef Name=\"LinkTitleNoMenu\" /><FieldRef Name=\"_EditMenuTableStart2\" /><FieldRef Name=\"_EditMenuTableEnd\" /></FieldRefs><DisplayPattern><FieldSwitch><Expr><GetVar Name=\"FreeForm\" /></Expr><Case Value=\"TRUE\"><Field Name=\"LinkTitleNoMenu\" /></Case><Default><HTML><![CDATA[<div class=\"ms-vb itx\" onmouseover=\"OnItem(this)\" CTXName=\"ctx]]></HTML><Field Name=\"_EditMenuTableStart2\" /><HTML><![CDATA[\">]]></HTML><Field Name=\"LinkTitleNoMenu\" /><HTML><![CDATA[</div>]]></HTML><HTML><![CDATA[<div class=\"s4-ctx\" onmouseover=\"OnChildItem(this.parentNode); return false;\">]]></HTML><HTML><![CDATA[<span>&nbsp;</span>]]></HTML><HTML><![CDATA[<a onfocus=\"OnChildItem(this.parentNode.parentNode); return false;\" onclick=\"PopMenuFromChevron(event); return false;\" href=\"javascript:;\" title=\"Open Menu\"></a>]]></HTML><HTML><![CDATA[<span>&nbsp;</span>]]></HTML><HTML><![CDATA[</div>]]></HTML></Default></FieldSwitch></DisplayPattern></Field>"]}
"Model_ID","Client","Latest Model Revision","Latest_Model_Revision_TextField","SA Model","Parent Model","Parent_Model_TextField","Spec_ID","Model_Code","Modification_Status","Notes","Created","Created_By","Modified","Modified_By","Estimated Effort","Current Changes Priority","Changes Due Date","Client_ID_TextField","Is Cancelled","kVA and kV","Model Type","Description","Oil Type","Oil Amount","Core Type","JS %23","Phases","Info+","Protector & Switchgear Item %23","SFRA","Configuration","Section Qty","Cable","Form","Copper (LV)","Wire (HV)","Overcoil","ID"
"M-ENMA-0002","ENMAX","MR-ENMA-0002-V1","MR-ENMA-0002-V1","False",,,"506-3T85-003","100305181","Moderate Changes",,"2025-12-02T15:36:34Z","soleil.anker@ermco-eci.com","2026-08-13T17:37:24Z","soleil.anker@ermco-eci.com","5","ASAP",,"ENMA","False","0","NETWORK",,,,"None",,,,,,,,,,,,,"38"
"M-ENMA-0003","ENMAX","MR-ENMA-0003-V1","MR-ENMA-0003-V1","False",,,"506-3T85-003","100305186","Moderate Changes",,"2025-12-02T15:38:35Z","soleil.anker@ermco-eci.com","2026-08-13T17:37:24Z","soleil.anker@ermco-eci.com","5","ASAP",,"ENMA","False","0","NETWORK",,,,"None",,,,,,,,,,,,,"39"
"M-ENMA-0004","ENMAX","MR-ENMA-0004-V1","MR-ENMA-0004-V1","False",,,"506-3T85-003","100305187","Moderate Changes",,"2025-12-02T15:39:42Z","soleil.anker@ermco-eci.com","2026-08-13T17:37:24Z","soleil.anker@ermco-eci.com","5","ASAP",,"ENMA","False","0","NETWORK",,,,"None",,,,,,,,,,,,,"40"
"M-ENMA-0005","ENMAX","MR-ENMA-0005-V1","MR-ENMA-0005-V1","False",,,"506-3T85-003","100306582","Minor Changes",,"2025-12-02T15:41:08Z","soleil.anker@ermco-eci.com","2026-08-13T17:37:24Z","soleil.anker@ermco-eci.com","2","ASAP",,"ENMA","False","2,500","NETWORK","NETWORK","Midel",,"None","15",,,,,,,,,,,,"41"
"M-ENMA-0006","ENMAX","MR-ENMA-0006-V1","MR-ENMA-0006-V1","False",,,"506-3T85-003","100306583","Minor Changes",,"2025-12-02T15:43:03Z","soleil.anker@ermco-eci.com","2026-08-13T17:37:25Z","soleil.anker@ermco-eci.com","2","ASAP",,"ENMA","False","2,500","NETWORK","NETWORK",,,"Cogent","15",,,,,,,,,,,,"42"
"M-ENMA-0007","ENMAX","MR-ENMA-0007-V1","MR-ENMA-0007-V1","False",,,"506-3T85-003","100309628","Moderate Changes",,"2025-12-02T15:50:04Z","soleil.anker@ermco-eci.com","2026-08-13T17:37:25Z","soleil.anker@ermco-eci.com","5","ASAP",,"ENMA","False","750","NETWORK","NETWORK",,,"Cogent","16",,,,,,,,,,,,"43"
"M-ENMA-0008","ENMAX","MR-ENMA-0008-V1","MR-ENMA-0008-V1","False",,,"506-3T85-003","100309629","Moderate Changes",,"2025-12-02T15:51:04Z","soleil.anker@ermco-eci.com","2026-08-13T17:37:25Z","soleil.anker@ermco-eci.com","5","ASAP",,"ENMA","False","750","NETWORK","NETWORK",,,"None","16",,,,,,,,,,,,"44"
"M-ENMA-0009","ENMAX","MR-ENMA-0009-V1","MR-ENMA-0009-V1","False",,,"506-3T85-003","100309837","Moderate Changes",,"2025-12-02T15:52:11Z","soleil.anker@ermco-eci.com","2026-08-13T17:37:25Z","soleil.anker@ermco-eci.com","6","ASAP",,"ENMA","False","1,000","NETWORK","NETWORK",,,"None","16",,,,,,,,,,,,"45"
"M-ENMA-0010","ENMAX","MR-ENMA-0010-V1","MR-ENMA-0010-V1","False",,,"506-3T85-003","100309838","Moderate Changes",,"2025-12-02T15:52:52Z","soleil.anker@ermco-eci.com","2026-08-13T17:37:25Z","soleil.anker@ermco-eci.com","6","ASAP",,"ENMA","False","1,000","NETWORK","NETWORK",,,"None","16",,,,,,,,,,,,"46"
"M-ENMA-0011","ENMAX","MR-ENMA-0011-V1","MR-ENMA-0011-V1","False",,,"506-3T85-003","100310233","Moderate Changes",,"2025-12-02T15:53:47Z","soleil.anker@ermco-eci.com","2026-08-13T17:37:25Z","soleil.anker@ermco-eci.com","5","ASAP",,"ENMA","False","2,500","NETWORK","NETWORK",,,"None","16",,,,,,,,,,,,"47"
"M-ENMA-0012","ENMAX","MR-ENMA-0012-V1","MR-ENMA-0012-V1","False",,,"506-3T85-003","100310236","Moderate Changes",,"2025-12-02T15:54:36Z","soleil.anker@ermco-eci.com","2026-08-13T17:37:25Z","soleil.anker@ermco-eci.com","5","ASAP",,"ENMA","False","2,500","NETWORK","NETWORK",,,"None","16",,,,,,,,,,,,"48"
"M-ENMA-0013","ENMAX","MR-ENMA-0013-V1","MR-ENMA-0013-V1","False",,,,"100311774","Moderate Changes",,"2025-12-02T15:55:39Z","soleil.anker@ermco-eci.com","2026-08-13T17:37:25Z","soleil.anker@ermco-eci.com","5","ASAP",,"ENMA","False","750","NETWORK","NETWORK","Midel",,"None","16",,,,,,,,,,,,"49"
"M-ENMA-0014","ENMAX","M-ENMA-0014","M-ENMA-0014","False",,,"506-3T85-003","100311915","Up to Date",,"2025-12-02T15:56:40Z","soleil.anker@ermco-eci.com","2026-08-17T15:05:50Z","soleil.anker@ermco-eci.com","0","ASAP",,"ENMA","False","1,500","NETWORK","NETWORK","Midel","2,010","None","16","3",,,,,,,"9.125 x 12.5","33*16 45*16","128*256","16.75","50"
"M-ENMA-0015","ENMAX","MR-ENMA-0015-V1","MR-ENMA-0015-V1","False",,,"506-3T85-003","100311917","Up to Date",,"2025-12-02T15:58:17Z","soleil.anker@ermco-eci.com","2026-08-13T17:37:26Z","soleil.anker@ermco-eci.com","0","ASAP",,"ENMA","False","1,000","NETWORK","NETWORK","None",,"None","16",,,,,,,,,,,,"52"
"M-ENMA-0016","ENMAX","MR-ENMA-0016-V1","MR-ENMA-0016-V1","False",,,"506-3T85-003","100311918","Up to Date",,"2025-12-02T15:58:47Z","soleil.anker@ermco-eci.com","2026-08-13T17:37:26Z","soleil.anker@ermco-eci.com","0","ASAP",,"ENMA","False","1,000","NETWORK","NETWORK","None",,"None","16",,,,,,,,,,,,"53"
"M-ENMA-0017","ENMAX","MR-ENMA-0017-V1","MR-ENMA-0017-V1","False",,,"506-3T85-003","100311927","Up to Date",,"2025-12-02T15:59:31Z","soleil.anker@ermco-eci.com","2026-08-13T17:37:26Z","soleil.anker@ermco-eci.com","0","ASAP",,"ENMA","False","750","NETWORK","NETWORK","Midel","1,220","None","16","3",,,,,,,"7.5x9.25","2x 45*16","81*162","17","54"
"M-ENMA-0018","ENMAX","MR-ENMA-0018-V1","MR-ENMA-0018-V1","False",,,"506-3T85-003","100311928","Up to Date",,"2025-12-02T16:00:26Z","soleil.anker@ermco-eci.com","2026-08-13T17:37:26Z","soleil.anker@ermco-eci.com","0","ASAP",,"ENMA","False","750","NETWORK","NETWORK","Midel","1,220","None","16","3",,,,,,,"7.5x9.25","2x 45*16","81*162","17","55"
"M-ENMA-0019","ENMAX","MR-ENMA-0019-V1","MR-ENMA-0019-V1","False",,,"506-3T85-003","61200220012","Up to Date",,"2025-12-02T16:01:09Z","soleil.anker@ermco-eci.com","2026-08-13T17:37:26Z","soleil.anker@ermco-eci.com","0",,,"ENMA","False","500","NETWORK","NETWORK","A2","1,115","None","15","3",,,,,,,"6 x 10.25","2x 45*10","11RD","10.75","56"
"M-ENMA-0020","ENMAX","MR-ENMA-0020-V1","MR-ENMA-0020-V1","False",,,"506-3T85-003","61200220031","Moderate Changes",,"2025-12-02T16:02:25Z","soleil.anker@ermco-eci.com","2026-08-13T17:37:26Z","soleil.anker@ermco-eci.com","5","ASAP",,"ENMA","False","0","NETWORK",,,,"None",,,,,,,,,,,,,"58"
"M-ENMA-0021","ENMAX","MR-ENMA-0021-V1","MR-ENMA-0021-V1","False",,,"506-3T85-003","61200220015","Minor Changes",,"2025-12-02T16:05:18Z","soleil.anker@ermco-eci.com","2026-08-13T17:37:26Z","soleil.anker@ermco-eci.com","2","ASAP",,"ENMA","False","500","NETWORK","NETWORK",,,"None","15",,,,,,,,,,,,"59"
"M-ENMA-0022","ENMAX","MR-ENMA-0022-V1","MR-ENMA-0022-V1","False",,,"506-3T85-003","61200220016","Up to Date",,"2025-12-02T16:06:20Z","soleil.anker@ermco-eci.com","2026-08-13T17:37:27Z","soleil.anker@ermco-eci.com","0","ASAP",,"ENMA","False","750","NETWORK","NETWORK","A2",,"None","16",,,,,,,,,,,,"60"
"M-ENMA-0023","ENMAX","MR-ENMA-0023-V1","MR-ENMA-0023-V1","False",,,"506-3T85-003","61200220023","Minor Changes",,"2025-12-02T16:07:12Z","soleil.anker@ermco-eci.com","2026-08-13T17:37:27Z","soleil.anker@ermco-eci.com","4","ASAP",,"ENMA","True","750","NETWORK","NETWORK",,,"None","16",,,,,,,,,,,,"61"
"M-ENMA-0024","ENMAX","MR-ENMA-0024-V1","MR-ENMA-0024-V1","False",,,"506-3T85-003","61200220024","Moderate Changes",,"2025-12-02T16:07:44Z","soleil.anker@ermco-eci.com","2026-08-13T17:37:27Z","soleil.anker@ermco-eci.com","5","ASAP",,"ENMA","False","750","NETWORK","NETWORK","A2","1,720","None","16","3",,,,,,,"6.25x13.25","2x 45*16","91*182","16.75","62"
"M-ENMA-0025","ENMAX","MR-ENMA-0025-V1","MR-ENMA-0025-V1","False",,,"506-3T85-003","61200220039","Minor Changes",,"2025-12-02T16:09:03Z","soleil.anker@ermco-eci.com","2026-08-13T17:37:27Z","soleil.anker@ermco-eci.com","2","ASAP",,"ENMA","False",,"None",,,,"None",,,,,,,,,,,,,"64"
"M-ENMA-0026","ENMAX","MR-ENMA-0026-V1","MR-ENMA-0026-V1","False",,,"506-3T85-003","61200220040","Minor Changes",,"2025-12-02T16:09:48Z","soleil.anker@ermco-eci.com","2026-08-13T17:37:27Z","soleil.anker@ermco-eci.com","2","ASAP",,"ENMA","False","750","NETWORK","NETWORK","A2",,"None","16",,,,,,,,,,,,"65"
"M-ENMA-0027","ENMAX","MR-ENMA-0027-V1","MR-ENMA-0027-V1","False",,,"506-3T85-003","61200220047","Moderate Changes",,"2025-12-02T16:15:46Z","soleil.anker@ermco-eci.com","2026-08-13T17:37:27Z","soleil.anker@ermco-eci.com","5","ASAP",,"ENMA","False","1,000","NETWORK","NETWORK",,,"None","16",,,,,,,,,,,,"66"
"M-ENMA-0028","ENMAX","MR-ENMA-0028-V1","MR-ENMA-0028-V1","False",,,"506-3T85-003","61200220048","Moderate Changes",,"2025-12-02T16:16:18Z","soleil.anker@ermco-eci.com","2026-08-13T17:37:27Z","soleil.anker@ermco-eci.com","6","ASAP",,"ENMA","False","1,000","NETWORK","NETWORK","A2",,"None","16",,,,,,,,,,,,"67"
"M-ENMA-0029","ENMAX","MR-ENMA-0029-V1","MR-ENMA-0029-V1","False",,,"506-3T85-003","61200220055","Moderate Changes",,"2025-12-02T16:16:47Z","soleil.anker@ermco-eci.com","2026-08-13T17:37:27Z","soleil.anker@ermco-eci.com","5","ASAP",,"ENMA","False","0","None",,,"0","None",,"0",,,,,,,,,,,"68"
"M-ENMA-0030","ENMAX","MR-ENMA-0030-V1","MR-ENMA-0030-V1","False",,,"506-3T85-003","61200220056","Up to Date",,"2025-12-02T16:18:48Z","soleil.anker@ermco-eci.com","2026-08-13T17:37:27Z","soleil.anker@ermco-eci.com","0","ASAP",,"ENMA","False","1,500","NETWORK","NETWORK","A2","1,935","None","16","3",,,,,,,"9x12.5","2x 45*12","114*228","13.25","69"
"M-ENMA-0031","ENMAX","MR-ENMA-0031-V1","MR-ENMA-0031-V1","False",,,"506-3T85-003","61200220063","Minor Changes",,"2025-12-02T16:19:44Z","soleil.anker@ermco-eci.com","2026-08-13T17:37:27Z","soleil.anker@ermco-eci.com","4","ASAP",,"ENMA","False","2,000","NETWORK","NETWORK",,"0","None","16","0",,,,,,,,,,,"70"
"M-ENMA-0032","ENMAX","MR-ENMA-0032-V1","MR-ENMA-0032-V1","False",,,"506-3T85-003","61200220071","Moderate Changes",,"2025-12-02T16:20:21Z","soleil.anker@ermco-eci.com","2026-08-13T17:37:27Z","soleil.anker@ermco-eci.com","5","ASAP",,"ENMA","False","0","None",,,"0","None",,"0",,,,,,,,,,,"71"
"M-ENMA-0033","ENMAX","MR-ENMA-0033-V1","MR-ENMA-0033-V1","False",,,"506-3T85-003","61200220112","Up to Date",,"2025-12-02T16:22:06Z","soleil.anker@ermco-eci.com","2026-08-13T17:37:28Z","soleil.anker@ermco-eci.com","0","ASAP",,"ENMA","False","500","NETWORK","NETWORK","A2","1,115","None","16","3",,,,,,,"6 x 10.25","2x 45*10","11RD","10.75","72"
"M-ENMA-0034","ENMAX","MR-ENMA-0034-V1","MR-ENMA-0034-V1","False",,,"506-3T85-003","61200220115","Minor Changes",,"2025-12-02T16:23:32Z","soleil.anker@ermco-eci.com","2026-08-13T17:37:28Z","soleil.anker@ermco-eci.com","2","ASAP",,"ENMA","False","500","NETWORK","NETWORK",,"0","None","15","0",,,,,,,,,,,"74"
"M-ENMA-0035","ENMAX","MR-ENMA-0035-V1","MR-ENMA-0035-V1","False",,,"506-3T85-003","61200220116","Up to Date",,"2025-12-02T16:24:48Z","soleil.anker@ermco-eci.com","2026-08-13T17:37:28Z","soleil.anker@ermco-eci.com","0","ASAP",,"ENMA","False","750","NETWORK","NETWORK","A2","1,140","Cogent","16","3",,,,,,,"6.875x10.25","2x 45*14","81*162","14.75","75"
"M-ENMA-0036","ENMAX","MR-ENMA-0036-V1","MR-ENMA-0036-V1","False",,,"506-3T85-003","61200220123","Moderate Changes",,"2025-12-02T16:25:34Z","soleil.anker@ermco-eci.com","2026-08-13T17:37:28Z","soleil.anker@ermco-eci.com","6","ASAP",,"ENMA","False","750","NETWORK","NETWORK",,"0","None","16","0",,,,,,,,,,,"76"
"M-ENMA-0037","ENMAX","MR-ENMA-0037-V1","MR-ENMA-0037-V1","False",,,"506-3T85-003","61200220124","Up to Date",,"2025-12-02T16:26:34Z","soleil.anker@ermco-eci.com","2026-08-13T17:37:28Z","soleil.anker@ermco-eci.com","0","ASAP",,"ENMA","False","1,000","NETWORK","NETWORK","A2","1,720","None","16","3",,,,,,,"6.25x13.25","2x 45*16","91*182","16.75","77"
"M-ENMA-0038","ENMAX","MR-ENMA-0038-V1","MR-ENMA-0038-V1","False",,,"506-3T85-003","61200220131","Moderate Changes",,"2025-12-02T16:27:13Z","soleil.anker@ermco-eci.com","2026-08-13T17:37:28Z","soleil.anker@ermco-eci.com","5","ASAP",,"ENMA","False","0","None",,,"0","None",,"0",,,,,,,,,,,"78"
"M-ENMA-0039","ENMAX","MR-ENMA-0039-V1","MR-ENMA-0039-V1","False",,,"506-3T85-003","61200220140","Minor Changes",,"2025-12-02T16:28:01Z","soleil.anker@ermco-eci.com","2026-08-13T17:37:28Z","soleil.anker@ermco-eci.com","2","ASAP",,"ENMA","False","750","NETWORK","NETWORK","A2","0","None","16","0",,,,,,,,,,,"79"
"M-ENMA-0040","ENMAX","MR-ENMA-0040-V1","MR-ENMA-0040-V1","False",,,"506-3T85-003","61200220147","Moderate Changes",,"2025-12-02T16:29:18Z","soleil.anker@ermco-eci.com","2026-08-13T17:37:28Z","soleil.anker@ermco-eci.com","6","ASAP",,"ENMA","False","1,000","NETWORK","NETWORK",,"0","None","16","0",,,,,,,,,,,"80"
"M-ENMA-0041","ENMAX","MR-ENMA-0041-V1","MR-ENMA-0041-V1","False",,,"506-3T85-003","61200220148","Moderate Changes",,"2025-12-02T16:30:08Z","soleil.anker@ermco-eci.com","2026-08-13T17:37:28Z","soleil.anker@ermco-eci.com","6","ASAP",,"ENMA","False","1,000","NETWORK","NETWORK","A2","0","None","16","0",,,,,,,,,,,"81"
"M-ENMA-0042","ENMAX","M-ENMA-0042","M-ENMA-0042","False",,,"506-3T85-003","100311916","Up to Date","Ancient Model Code&#58;
61200220155","2025-12-02T16:31:34Z","soleil.anker@ermco-eci.com","2026-08-17T15:07:46Z","soleil.anker@ermco-eci.com","0","ASAP",,"ENMA","False","1,500","NETWORK","NETWORK","Midel","2,010","None","16","3",,,,,,,"9.125 x 12.5","33*16 45*16","128*256","16.75","82"
"M-ENMA-0043","ENMAX","MR-ENMA-0043-V1","MR-ENMA-0043-V1","False",,,"506-3T85-003","61200220156","Up to Date",,"2025-12-02T16:33:42Z","soleil.anker@ermco-eci.com","2026-08-13T17:37:28Z","soleil.anker@ermco-eci.com","0",,,"ENMA","False","1,500","NETWORK","NETWORK","Midel","1,935","None","16","3",,,,,,,"9x12.5","2x 45*12","114*228","13.25","83"
"M-ENMA-0044","ENMAX","MR-ENMA-0044-V1","MR-ENMA-0044-V1","False",,,"506-3T85-003","61200220163","Minor Changes",,"2025-12-02T16:34:23Z","soleil.anker@ermco-eci.com","2026-08-13T17:37:29Z","soleil.anker@ermco-eci.com","2","ASAP",,"ENMA","False","2,000","NETWORK","NETWORK",,"0","None","16","0",,,,,,,,,,,"84"
"M-ENMA-0045","ENMAX","MR-ENMA-0045-V1","MR-ENMA-0045-V1","False",,,"506-3T85-003","61200220166","Moderate Changes",,"2025-12-02T16:34:50Z","soleil.anker@ermco-eci.com","2026-08-13T17:37:29Z","soleil.anker@ermco-eci.com","6","ASAP",,"ENMA","False","0","None",,"None","0","None",,"0",,,,,,,,,,,"85"
"M-ENMA-0046","ENMAX","MR-ENMA-0046-V1","MR-ENMA-0046-V1","False",,,"506-3T85-003","61200220171","Moderate Changes",,"2025-12-02T16:35:15Z","soleil.anker@ermco-eci.com","2026-08-13T17:37:29Z","soleil.anker@ermco-eci.com","5","ASAP",,"ENMA","False","0","None",,"None","0","None",,"0",,,,,,,,,,,"86"
"M-HYQU-0005","HYDRO QUEBEC","MR-HYQU-0005-V1","MR-HYQU-0005-V1","False",,,"STERD S5/010","1001893-22","Minor Changes",,"2025-12-02T17:34:37Z","soleil.anker@ermco-eci.com","2026-08-13T17:37:34Z","soleil.anker@ermco-eci.com","4","ASAP","2026-03-17T04:00:00Z","HYQU","False","500","ANNEX","ANNEX","A2","900","Amorphe","32","3",,,,"HQ",,,"7,25x11,75","45*10","10RD","11","87"
"M-HYQU-0006","HYDRO QUEBEC","M-HYQU-0006","M-HYQU-0006","False",,,"STERD S5/010","1001903-22","Up to Date",,"2025-12-02T17:35:37Z","soleil.anker@ermco-eci.com","2026-08-31T19:41:25Z","soleil.anker@ermco-eci.com","0","ASAP",,"HYQU","False","1,000","ANNEX","ANNEX","A2","1,170","Amorphe","32","3",,,,,,,"7,75x14","50*14","102*204","15","88"
"M-HYQU-0007","HYDRO QUEBEC","MR-HYQU-0007-V1","MR-HYQU-0007-V1","False",,,"STERD S5/010","1001912-22","Up to Date",,"2025-12-02T17:36:26Z","soleil.anker@ermco-eci.com","2026-08-13T17:37:34Z","soleil.anker@ermco-eci.com","0","ASAP",,"HYQU","False","2,000","ANNEX","ANNEX","A2","1,620","Cogent","32","3",,,,"HQ",,,"10,75x13,5","2x 45*16","2x 102*204","16.75","89"
"M-HYQU-0008","HYDRO QUEBEC","M-HYQU-0008","M-HYQU-0008","False",,,"STERD S5/011","1002104-22","Up to Date",,"2025-12-02T17:37:32Z","soleil.anker@ermco-eci.com","2026-08-31T19:41:25Z","soleil.anker@ermco-eci.com","0","ASAP",,"HYQU","False","250","SUBMERSIBLE","SUBWAY","A2","670",,"24","1",,,,,,,"7,125x12,25","33*10 50*10","91*182","11.5","90"
"M-HYQU-0009","HYDRO QUEBEC","M-HYQU-0009","M-HYQU-0009","False",,,"STERD S5/011","1002113-22","Up to Date",,"2025-12-02T17:38:21Z","soleil.anker@ermco-eci.com","2026-08-31T19:41:25Z","soleil.anker@ermco-eci.com","0",,,"HYQU","False","333","SUBMERSIBLE","SUBWAY","A2","670","Amorphe","24","1",,,,"HQ Mono",,"na","8,75x11,75","2x 50*14","114*228","14.75","91"
"M-HYQU-0010","HYDRO QUEBEC","MR-HYQU-0010-V1","MR-HYQU-0010-V1","False",,,"STERD S5/011","1191450-22","Up to Date","Ancient Model Code&#58;
1002158-22","2025-12-02T17:40:08Z","soleil.anker@ermco-eci.com","2026-08-13T17:37:35Z","soleil.anker@ermco-eci.com","0","ASAP",,"HYQU","False","250","SUBMERSIBLE","SUBWAY","A2","490",,"27","1",,,,,,,"8.5x11.75","45*16","102*204","16.75","92"
"M-HYQU-0011","HYDRO QUEBEC","MR-HYQU-0011-V1","MR-HYQU-0011-V1","False",,,"STERD S5/011","1191449-22","Up to Date","Ancient Model Code&#58;
1002178-22","2025-12-02T17:41:00Z","soleil.anker@ermco-eci.com","2026-08-13T17:37:35Z","soleil.anker@ermco-eci.com","0","ASAP",,"HYQU","False","250","SUBMERSIBLE","SUBWAY-1PH","A2","490",,"27","1",,,,,,"NA","7,625x11,75","2x 45*12","91*182","13","93"
"M-HYQU-0012","HYDRO QUEBEC","M-HYQU-0012","M-HYQU-0012","False",,,"STERD S5/012","1002394-22","Up to Date",,"2025-12-02T17:44:02Z","soleil.anker@ermco-eci.com","2026-08-31T19:41:25Z","soleil.anker@ermco-eci.com","0","ASAP",,"HYQU","False","500","SUBMERSIBLE","SUBWAY","A2","1,010","Amorphe","24","3",,,,"HQ",,,"8,75x8,875","33*14","81*162","15","94"
"M-HYQU-0013","HYDRO QUEBEC","MR-HYQU-0013-V1","MR-HYQU-0013-V1","False",,,"STERD S5/012","1002403-22","Moderate Changes",,"2025-12-02T17:45:48Z","soleil.anker@ermco-eci.com","2026-08-13T17:37:35Z","soleil.anker@ermco-eci.com","7",,,"HYQU","False","1,000","SUBMERSIBLE","SUBWAY","A2","1,510","Amorphe","25","3",,,,"HQ",,"na","10,375x11,75","33*14 50*14","128*256","15","95"
"M-HYQU-0014","HYDRO QUEBEC","M-HYQU-0014","M-HYQU-0014","False",,,"STERD S5/011","1002458-22","Up to Date",,"2025-12-02T17:46:52Z","soleil.anker@ermco-eci.com","2026-08-31T19:41:25Z","soleil.anker@ermco-eci.com","0","ASAP",,"HYQU","False","167","SUBMERSIBLE","SUBWAY","A2","260","Amorphe","24","1",,,,"hq (mono)",,,"7,875x11,75","2x 33*12","81*162","12.75","96"
"M-HYQU-0015","HYDRO QUEBEC","MR-HYQU-0015-V1","MR-HYQU-0015-V1","False",,,"STERD S5/008","1002551-22","Up to Date",,"2025-12-02T17:48:45Z","soleil.anker@ermco-eci.com","2026-08-13T17:37:35Z","soleil.anker@ermco-eci.com","0","ASAP",,"HYQU","False","100","MINPAD","MINPAD-1PH","A2","360","Amorphe","1","1",,,,"HQ",,,"7,25x8,875","33*12","11,5 RD","12.75","97"
"M-HYQU-0016","HYDRO QUEBEC","M-HYQU-0016","M-HYQU-0016","False",,,"STERD S5/009","1002801-22","Up to Date",,"2025-12-02T17:50:03Z","soleil.anker@ermco-eci.com","2026-08-31T19:41:26Z","soleil.anker@ermco-eci.com","0",,,"HYQU","False","750","PADMOUNT","PADMOUNT","A2","1,650","Cogent","5","3",,,,"HQ",,,"7,5x12,25","45*14","91*182","15","98"
"M-HYQU-0017","HYDRO QUEBEC","M-HYQU-0017","M-HYQU-0017","False",,,"STERD S5/009","1002812-22","Up to Date",,"2025-12-02T17:51:22Z","soleil.anker@ermco-eci.com","2026-08-31T19:41:25Z","soleil.anker@ermco-eci.com","0",,,"HYQU","False","1,500","PADMOUNT","PADMOUNT","A2","1,810","Cogent","5","3",,,,"HQ",,,"10x13,5","2x 45*16","128*256","17","99"
"M-HYQU-0018","HYDRO QUEBEC","MR-HYQU-0018-V1","MR-HYQU-0018-V1","False",,,"STERD S5/009","1002817-22","Up to Date",,"2025-12-02T17:52:11Z","soleil.anker@ermco-eci.com","2026-08-13T17:37:36Z","soleil.anker@ermco-eci.com","0","ASAP",,"HYQU","False","2,500","PADMOUNT","PADMOUNT","A2","1,840","Cogent","5","3",,,,"HQ",,,"10,375x13,5","2x 45*16","2x 114*228","17","100"
"M-HYQU-0019","HYDRO QUEBEC","MR-HYQU-0019-V1","MR-HYQU-0019-V1","False",,,"STERD S5/009","1002839-22","Moderate Changes",,"2025-12-02T17:53:13Z","soleil.anker@ermco-eci.com","2026-08-13T17:37:36Z","soleil.anker@ermco-eci.com","8","Next Order","1969-12-31T05:00:00Z","HYQU","False","500","PADMOUNT","PADMOUNT","A2",,"Cogent","4",,,,,,,,,,,,"101"
"M-HYQU-0020","HYDRO QUEBEC","MR-HYQU-0020-V1","MR-HYQU-0020-V1","False",,,"STERD S5/009","1002846-22","Major Changes",,"2025-12-02T17:53:52Z","soleil.anker@ermco-eci.com","2026-08-13T17:37:36Z","soleil.anker@ermco-eci.com","9","Next Order","1969-12-31T05:00:00Z","HYQU","False","750","PADMOUNT","PADMOUNT","A2",,"Cogent","5",,,,,,,,,,,,"102"
"M-HYQU-0021","HYDRO QUEBEC","MR-HYQU-0021-V1","MR-HYQU-0021-V1","False",,,"STERD S5/009","1002851-22","Moderate Changes",,"2025-12-02T17:54:53Z","soleil.anker@ermco-eci.com","2026-08-13T17:37:36Z","soleil.anker@ermco-eci.com","7","Next Order","1969-12-31T05:00:00Z","HYQU","False","1,500","PADMOUNT","PADMOUNT","A2",,"Cogent","5",,,,,,,,,,,,"103"
"M-HYQU-0022","HYDRO QUEBEC","MR-HYQU-0022-V1","MR-HYQU-0022-V1","False",,,"STERD S5/009","1002859-22","Minor Changes",,"2025-12-02T17:56:43Z","soleil.anker@ermco-eci.com","2026-08-13T17:37:36Z","soleil.anker@ermco-eci.com","2","Next Order","1969-12-31T05:00:00Z","HYQU","False","2,500","PADMOUNT","PADMOUNT","A2","1,850","Cogent","5","3",,,,,,,"10.375x13.5","2x 45*16","2x 114*228","17","104"
"M-HYQU-0023","HYDRO QUEBEC","MR-HYQU-0023-V1","MR-HYQU-0023-V1","False",,,"STERD S5/009","1002882-22","Moderate Changes",,"2025-12-02T17:57:47Z","soleil.anker@ermco-eci.com","2026-08-13T17:37:36Z","soleil.anker@ermco-eci.com","8","Next Order","1969-12-31T05:00:00Z","HYQU","False","750","PADMOUNT","PADMOUNT","A2",,"Cogent","5",,,,,,,,,,,,"105"
"M-HYQU-0024","HYDRO QUEBEC","MR-HYQU-0024-V1","MR-HYQU-0024-V1","False",,,"STERD S5/009","1002890-22","Minor Changes",,"2025-12-02T17:58:37Z","soleil.anker@ermco-eci.com","2026-08-13T17:37:36Z","soleil.anker@ermco-eci.com","1","Next Order","1969-12-31T05:00:00Z","HYQU","False","1,500","PADMOUNT","PADMOUNT","A2","1,810","Cogent","5","3",,,,,,,"10x13.5","2x 45*16","128*256","17","106"
"M-HYQU-0025","HYDRO QUEBEC","MR-HYQU-0025-V1","MR-HYQU-0025-V1","False",,,"STERD S5/009","1089550-22","Minor Changes",,"2025-12-02T17:59:19Z","soleil.anker@ermco-eci.com","2026-08-13T17:37:36Z","soleil.anker@ermco-eci.com","2","Next Order","1969-12-31T05:00:00Z","HYQU","False","500","PADMOUNT","PADMOUNT","A2","1,140","Amorphe","4","3",,,,,,,"7.25x11.75","33*12","9RD","13.5","107"
"M-HYQU-0026","HYDRO QUEBEC","MR-HYQU-0026-V1","MR-HYQU-0026-V1","False",,,"MYDS-065-1-78-4","1120261-22","Major Changes",,"2025-12-02T18:00:42Z","soleil.anker@ermco-eci.com","2026-08-13T17:37:36Z","soleil.anker@ermco-eci.com","9","ASAP","2026-01-22T05:00:00Z","HYQU","False","667","ANNEX",,"None",,"None",,,,,,,,,,,,,"108"
"M-HYQU-0027","HYDRO QUEBEC","MR-HYQU-0027-V1","MR-HYQU-0027-V1","False",,,"STERD S5/009","1144341-22","Minor Changes",,"2025-12-02T18:01:30Z","soleil.anker@ermco-eci.com","2026-08-13T17:37:36Z","soleil.anker@ermco-eci.com","1","Next Order","1969-12-31T05:00:00Z","HYQU","False","1,500","PADMOUNT","PADMOUNT","A2","1,820","None","5","3",,,,,,,"9x13.5","33*16 50*16","114*228","17","109"
"M-HYQU-0028","HYDRO QUEBEC","MR-HYQU-0028-V1","MR-HYQU-0028-V1","False",,,"STERD S5/009","1146703-22","Minor Changes",,"2025-12-02T18:02:32Z","soleil.anker@ermco-eci.com","2026-08-13T17:37:37Z","soleil.anker@ermco-eci.com","3","Next Order","1969-12-31T05:00:00Z","HYQU","False","2,500","PADMOUNT","PADMOUNT","A2",,"None","5",,,,,,,,,,,,"110"
"M-HYQU-0029","HYDRO QUEBEC","MR-HYQU-0029-V1","MR-HYQU-0029-V1","False",,,,"1149646-22","Major Changes",,"2025-12-02T18:03:12Z","soleil.anker@ermco-eci.com","2026-08-13T17:37:37Z","soleil.anker@ermco-eci.com","11","Next Order","1969-12-31T05:00:00Z","HYQU","False","500","PADMOUNT",,"None",,"None",,,,,,,,,,,,,"111"
"M-HYQU-0030","HYDRO QUEBEC","M-HYQU-0030","M-HYQU-0030","False",,,"STERD S5/009","1149648-22","Moderate Changes",,"2025-12-02T18:05:10Z","soleil.anker@ermco-eci.com","2026-08-31T19:41:25Z","soleil.anker@ermco-eci.com","8","Next Order","1969-12-31T05:00:00Z","HYQU","False","1,500","PADMOUNT","PADMOUNT","A2",,"None","5",,,,,,,,,,,,"113"
"M-HYQU-0031","HYDRO QUEBEC","MR-HYQU-0031-V1","MR-HYQU-0031-V1","False",,,,"1153212-22","Major Changes",,"2025-12-02T18:05:41Z","soleil.anker@ermco-eci.com","2026-08-13T17:37:37Z","soleil.anker@ermco-eci.com","11","Next Order","1969-12-31T05:00:00Z","HYQU","False","500","PADMOUNT",,"None",,"None",,,,,,,,,,,,,"114"
"M-HYQU-0032","HYDRO QUEBEC","MR-HYQU-0032-V1","MR-HYQU-0032-V1","False",,,"STERD S5/009","1153214-22","Minor Changes",,"2025-12-02T18:06:24Z","soleil.anker@ermco-eci.com","2026-08-13T17:37:37Z","soleil.anker@ermco-eci.com","2","Next Order","1969-12-31T05:00:00Z","HYQU","False","1,500","PADMOUNT","PADMOUNT","A2",,"None","5",,,,,,,,,,,,"115"
"M-HYQU-0033","HYDRO QUEBEC","MR-HYQU-0033-V1","MR-HYQU-0033-V1","False",,,"STERD S5/009","1153215-22","Up to Date",,"2025-12-02T18:07:04Z","soleil.anker@ermco-eci.com","2026-08-13T17:37:37Z","soleil.anker@ermco-eci.com","0",,,"HYQU","False","2,500","PADMOUNT","PADMOUNT","A2","2,270","None","5","3",,,,,,,"10.5x13.5","2x 45*24","2x 114*228","25","116"
"M-HYQU-0034","HYDRO QUEBEC","MR-HYQU-0034-V1","MR-HYQU-0034-V1","False",,,"STERD S5/012","1166476-22","Minor Changes",,"2025-12-02T18:07:55Z","soleil.anker@ermco-eci.com","2026-08-13T17:37:37Z","soleil.anker@ermco-eci.com","1","ASAP",,"HYQU","False","1,000","SUBMERSIBLE","SUBWAY","A2",,"None","25",,,,,,,,,,,,"117"
"M-HYQU-0035","HYDRO QUEBEC","MR-HYQU-0035-V1","MR-HYQU-0035-V1","False",,,,"1169812-22","Major Changes",,"2025-12-02T18:08:24Z","soleil.anker@ermco-eci.com","2026-08-13T17:37:37Z","soleil.anker@ermco-eci.com","10","Next Order","1969-12-31T05:00:00Z","HYQU","False","3,000","PADMOUNT",,"None",,"None",,,,,,,,,,,,,"118"
"M-HYQU-0036","HYDRO QUEBEC","MR-HYQU-0036-V1","MR-HYQU-0036-V1","False",,,,"1169813-22","Major Changes",,"2025-12-02T18:08:54Z","soleil.anker@ermco-eci.com","2026-08-13T17:37:37Z","soleil.anker@ermco-eci.com","10","Next Order","1969-12-31T05:00:00Z","HYQU","False","3,000","PADMOUNT",,"None",,"None",,,,,,,,,,,,,"119"
"M-HYQU-0037","HYDRO QUEBEC","MR-HYQU-0037-V1","MR-HYQU-0037-V1","False",,,"1600-00/20-070","1149647-22","Minor Changes",,"2025-12-02T18:21:44Z","soleil.anker@ermco-eci.com","2026-08-13T17:37:37Z","soleil.anker@ermco-eci.com","1","ASAP",,"HYQU","False","750","PADMOUNT","PADMOUNT","A2",,"None",,,,,,,,,,,,,"120"
"M-ALPO-0001","ALABAMA POWER","MR-ALPO-0001-V1","MR-ALPO-0001-V1","False",,,"ADP-54-160-11-0","68580","Major Changes",,"2025-12-02T18:59:14Z","soleil.anker@ermco-eci.com","2026-08-25T17:03:23Z","ABouthillette@pioneertransformers.com","10","ASAP",,"ALPO","False","500","NETWORK","NETWORK","FR3","262","None","16","3","PROTECTOR",,,,,"na","5,75x10,25","2x 45*14","2x 128*256","13","121"
"M-ALPO-0002","ALABAMA POWER","MR-ALPO-0002-V1","MR-ALPO-0002-V1","False",,,"SES-PD-197","68585","Moderate Changes",,"2025-12-02T19:00:02Z","soleil.anker@ermco-eci.com","2026-08-25T17:03:22Z","ABouthillette@pioneertransformers.com","5","ASAP",,"ALPO","False","1,000","NETWORK","NETWORK","FR3","370","None","16","3","PROTECTOR",,,,,"na","6,25x12,25","3x 45*20","114*228","21","122"
"M-ALPO-0003","ALABAMA POWER","MR-ALPO-0003-V1","MR-ALPO-0003-V1","False",,,"SES-PD-197","68586","Major Changes",,"2025-12-02T19:00:45Z","soleil.anker@ermco-eci.com","2026-08-25T17:03:21Z","ABouthillette@pioneertransformers.com","10","ASAP",,"ALPO","False","0","None",,"None",,"None",,,,,,,,,,,,,"123"
"M-ALPO-0004","ALABAMA POWER","MR-ALPO-0004-V1","MR-ALPO-0004-V1","False",,,"SES-PD-197","68587","Moderate Changes",,"2025-12-02T19:01:59Z","soleil.anker@ermco-eci.com","2026-08-25T17:03:22Z","ABouthillette@pioneertransformers.com","8","ASAP",,"ALPO","False","750","NETWORK","NETWORK","FR3","0","None","16","3","PROTECTOR",,,,,"na",,,,,"124"
"M-ALPO-0005","ALABAMA POWER","MR-ALPO-0005-V1","MR-ALPO-0005-V1","False",,,"SES-PD-197","68588","Minor Changes",,"2025-12-02T19:02:32Z","soleil.anker@ermco-eci.com","2026-08-25T17:03:22Z","ABouthillette@pioneertransformers.com","4","ASAP",,"ALPO","False","1,000","NETWORK","NETWORK","FR3","400",,"16","3","PROTECTOR",,,,"0","na","6,75x12,25","2x 33*14","102*204","15","125"
"M-ALPO-0006","ALABAMA POWER","MR-ALPO-0006-V1","MR-ALPO-0006-V1","False",,,"SES-PD-197","68589","Moderate Changes",,"2025-12-02T19:03:12Z","soleil.anker@ermco-eci.com","2026-08-25T17:03:21Z","ABouthillette@pioneertransformers.com","5","ASAP",,"ALPO","False","1,500","NETWORK","NETWORK","FR3","525","None","16","3","PROTECTOR",,,"Switch",,"na","8,625x10,5","2x 45*16","128*256","17","126"
"M-ALPO-0007","ALABAMA POWER","MR-ALPO-0007-V1","MR-ALPO-0007-V1","False",,,"SES-PD-197","68590","Minor Changes",,"2025-12-02T19:03:55Z","soleil.anker@ermco-eci.com","2026-08-25T17:03:21Z","ABouthillette@pioneertransformers.com","4","ASAP",,"ALPO","False","2,000","NETWORK","NETWORK","FR3","525",,"16","3",,,,,,"na","7,25x12,5","2x 45*24","2x 114*228","25","127"
"M-ALPO-0008","ALABAMA POWER","MR-ALPO-0008-V1","MR-ALPO-0008-V1","False",,,"ADP-54-160-11-0","68591","Major Changes",,"2025-12-02T19:04:27Z","soleil.anker@ermco-eci.com","2026-08-25T17:03:22Z","ABouthillette@pioneertransformers.com","10","ASAP",,"ALPO","False","0","None",,"None",,"None",,,,,,,,,,,,,"128"
"M-ALPO-0009","ALABAMA POWER","MR-ALPO-0009-V1","MR-ALPO-0009-V1","False",,,"SES-PD-197","1000050","Major Changes",,"2025-12-02T19:05:03Z","soleil.anker@ermco-eci.com","2026-08-25T17:03:22Z","ABouthillette@pioneertransformers.com","10","ASAP",,"ALPO","False","750","NETWORK","NETWORK","FR3","357","None","16","3","PROTECTOR",,,,,"na","6,25x12,25","2x 45*20","81*162","21","129"
"M-ALPO-0010","ALABAMA POWER","MR-ALPO-0010-V1","MR-ALPO-0010-V1","False",,,"SES-PD-197","1281347","Major Changes",,"2025-12-02T19:05:45Z","soleil.anker@ermco-eci.com","2026-08-25T17:03:22Z","ABouthillette@pioneertransformers.com","10","ASAP",,"ALPO","False","2,000","NETWORK","NETWORK","FR3",,"None","16",,,,,,,,,,,,"130"
"M-GEPO-0001","GEORGIA POWER","MR-GEPO-0001-V1","MR-GEPO-0001-V1","False",,,"SES-PD-197","132109","Major Changes",,"2025-12-02T19:10:45Z","soleil.anker@ermco-eci.com","2026-08-21T19:09:50Z","nharsan@pioneertransformers.com","10","ASAP","2026-08-21T04:00:00Z","GEPO","False","500","NETWORK","NETWORK","FR3","254","None","15","3",,,,"Switch",,"na","5,5x10,25","33*14 50*14","81*162","14.75","131"
"M-GEPO-0002","GEORGIA POWER","MR-GEPO-0002-V1","MR-GEPO-0002-V1","False",,,"SES-PD-197","132110","Moderate Changes",,"2025-12-02T19:11:27Z","soleil.anker@ermco-eci.com","2026-08-21T19:09:59Z","nharsan@pioneertransformers.com","5","ASAP","2026-08-21T04:00:00Z","GEPO","False","1,000","NETWORK","NETWORK"," FR3 ","310",,"16","3",,,,,,,"7x10,25","2x 45*24","128*256","24.75","132"
"M-GEPO-0003","GEORGIA POWER","MR-GEPO-0003-V1","MR-GEPO-0003-V1","False",,,"SES-PD-197","132111","Moderate Changes",,"2025-12-02T19:12:08Z","soleil.anker@ermco-eci.com","2026-08-21T19:10:02Z","nharsan@pioneertransformers.com","8","ASAP","2026-08-21T04:00:00Z","GEPO","False","500","NETWORK","NETWORK","FR3","270","None","15","3",,,,,,,"5x10,25","33*14","81*162","14.75","133"
"M-GEPO-0004","GEORGIA POWER","MR-GEPO-0004-V1","MR-GEPO-0004-V1","False",,,"SES-PD-197","132112","Moderate Changes",,"2025-12-02T19:12:49Z","soleil.anker@ermco-eci.com","2026-08-21T19:10:06Z","nharsan@pioneertransformers.com","7","ASAP","2026-08-21T04:00:00Z","GEPO","False","1,000","NETWORK","NETWORK","FR3","399","None","16","3",,,,,,,"6,375x12,25","2x 33*16","114*228","17","134"
"M-GEPO-0005","GEORGIA POWER","MR-GEPO-0005-V1","MR-GEPO-0005-V1","False",,,,"132113","Major Changes",,"2025-12-02T19:13:11Z","soleil.anker@ermco-eci.com","2026-08-21T19:10:11Z","nharsan@pioneertransformers.com","10","ASAP","2026-08-21T04:00:00Z","GEPO","False","2,000","NETWORK","NETWORK","FR3","560",,"16","3",,,,,,,"7,375x13,5","2x 45*24","2x 114*228","25","135"
"M-GEPO-0006","GEORGIA POWER","MR-GEPO-0006-V1","MR-GEPO-0006-V1","False",,,,"132114","Moderate Changes",,"2025-12-02T19:13:32Z","soleil.anker@ermco-eci.com","2026-08-21T19:12:22Z","nharsan@pioneertransformers.com","8","ASAP","2026-08-21T04:00:00Z","GEPO","False","500","NETWORK","NETWORK","FR3","315",,"16","3",,,,,,,"5,625x12,25","2x 50*14","81*162","14.75","136"
"M-GEPO-0007","GEORGIA POWER","MR-GEPO-0007-V1","MR-GEPO-0007-V1","False",,,"SES-PD-197","132115","Major Changes",,"2025-12-02T19:14:28Z","soleil.anker@ermco-eci.com","2026-08-21T19:12:23Z","nharsan@pioneertransformers.com","10","ASAP","2026-08-21T04:00:00Z","GEPO","False","1,000","NETWORK","NETWORK","FR3","344","None","16","3",,,,"Switch",,"na","6,875x12,25","3x 45*20","114*228","21","137"
"M-GEPO-0008","GEORGIA POWER","MR-GEPO-0008-V1","MR-GEPO-0008-V1","False",,,"SES-PD-197","132118","Major Changes",,"2025-12-02T19:14:53Z","soleil.anker@ermco-eci.com","2026-08-21T19:12:26Z","nharsan@pioneertransformers.com","10","ASAP","2026-08-21T04:00:00Z","GEPO","False","2,000","NETWORK","NETWORK","FR3","605",,"16","3",,,,,,,"9x10,5","2x 45*20","2x 114*228","20.75","138"
"M-GEPO-0009","GEORGIA POWER","MR-GEPO-0009-V1","MR-GEPO-0009-V1","False",,,"SES-PD-197","132119","Moderate Changes",,"2025-12-02T19:15:34Z","soleil.anker@ermco-eci.com","2026-08-21T19:12:26Z","nharsan@pioneertransformers.com","8","ASAP","2026-08-21T04:00:00Z","GEPO","False","500","NETWORK","NETWORK"," FR3 ","295",,"16","3",,,,,,,"6,25x10,25","2x 50*14","9RD","15.5","139"
"M-GEPO-0010","GEORGIA POWER","MR-GEPO-0010-V1","MR-GEPO-0010-V1","False",,,"SES-PD-197","132121","Major Changes",,"2025-12-02T19:15:54Z","soleil.anker@ermco-eci.com","2026-08-21T19:12:28Z","nharsan@pioneertransformers.com","10","ASAP","2026-08-21T04:00:00Z","GEPO","False","1,000","NETWORK","NETWORK","FR3","335",,"16","3",,,,,,,"7,75x10,25","2x 45*24","102*204","26","140"
"M-GEPO-0011","GEORGIA POWER","MR-GEPO-0011-V1","MR-GEPO-0011-V1","False",,,"SES-PD-197","132123","Moderate Changes",,"2025-12-02T19:16:24Z","soleil.anker@ermco-eci.com","2026-08-21T19:12:29Z","nharsan@pioneertransformers.com","7","ASAP","2026-08-21T04:00:00Z","GEPO","False","500","NETWORK","NETWORK","FR3","305","None","15","3",,,,,,,"6,25x9,25","45*14","10,5rd","15","141"
"M-GEPO-0012","GEORGIA POWER","MR-GEPO-0012-V1","MR-GEPO-0012-V1","False",,,"SES-PD-197","132124","Moderate Changes",,"2025-12-02T19:17:01Z","soleil.anker@ermco-eci.com","2026-08-21T19:12:31Z","nharsan@pioneertransformers.com","6","ASAP","2026-08-21T04:00:00Z","GEPO","False","1,000","NETWORK","NETWORK"," FR3 ","385",,"16","3",,,,,"0","na","8,375x10,25","33*14 45*14","81*162","14.75","142"
"M-GEPO-0013","GEORGIA POWER","MR-GEPO-0013-V1","MR-GEPO-0013-V1","False",,,"SES-PD-197","132125","Up to Date",,"2025-12-02T19:17:34Z","soleil.anker@ermco-eci.com","2026-08-21T19:16:33Z","nharsan@pioneertransformers.com","0",,,"GEPO","False","2,000","NETWORK","NETWORK","FR3","585",,"16","3",,,,"Switch","0","na","7,25x13,5","2x 45*28","128*256","28.75","143"
"M-GEPO-0014","GEORGIA POWER","MR-GEPO-0014-V1","MR-GEPO-0014-V1","False",,,"SES-PD-197","132128","Major Changes",,"2025-12-02T19:17:57Z","soleil.anker@ermco-eci.com","2026-08-21T19:12:37Z","nharsan@pioneertransformers.com","10","ASAP","2026-08-21T04:00:00Z","GEPO","False","0","None",,"None",,"None",,,,,,,,,,,,,"144"
"M-GEPO-0015","GEORGIA POWER","MR-GEPO-0015-V1","MR-GEPO-0015-V1","False",,,"SES-PD-197","132129","Major Changes",,"2025-12-02T19:18:23Z","soleil.anker@ermco-eci.com","2026-08-25T17:07:17Z","ABouthillette@pioneertransformers.com","10","ASAP","2026-08-12T04:00:00Z","GEPO","False","0","None",,"None",,"None",,,,,,,,,,,,,"145"
"M-GEPO-0016","GEORGIA POWER","MR-GEPO-0016-V1","MR-GEPO-0016-V1","False",,,"SES-PD-197","132130","Moderate Changes",,"2025-12-02T19:19:01Z","soleil.anker@ermco-eci.com","2026-08-21T19:12:40Z","nharsan@pioneertransformers.com","6","ASAP","2026-08-21T04:00:00Z","GEPO","False","3,000","NETWORK","NETWORK","FR3","995",,"16","3",,,,,,,"9,5x12,375","45*10","128*256","23.25","146"
"M-GEPO-0017","GEORGIA POWER","MR-GEPO-0017-V1","MR-GEPO-0017-V1","False",,,"SES-PD-197","132132","Major Changes",,"2025-12-02T19:19:19Z","soleil.anker@ermco-eci.com","2026-08-21T19:12:42Z","nharsan@pioneertransformers.com","10","ASAP","2026-08-21T04:00:00Z","GEPO","False","0","None",,"None",,"None",,,,,,,,,,,,,"147"
"M-MAGA-0001","MADISON GAS § ELECTRIC","MR-MAGA-0001-V1","MR-MAGA-0001-V1","False",,,"2022-NTR-1","X104129","Up to Date",,"2025-12-02T19:26:46Z","soleil.anker@ermco-eci.com","2026-08-13T17:37:45Z","soleil.anker@ermco-eci.com","0",,,"MAGA","False","500","NETWORK",,"FR3",,"None",,,,,,,,,,,,,"148"
"M-MAGA-0002","MADISON GAS § ELECTRIC","MR-MAGA-0002-V1","MR-MAGA-0002-V1","False",,,"2023-NTR-1","X104130","Up to Date",,"2025-12-02T19:28:18Z","soleil.anker@ermco-eci.com","2026-08-13T17:37:45Z","soleil.anker@ermco-eci.com","0",,,"MAGA","False","750","NETWORK",,"FR3",,"None",,,,,,,,,,,,,"149"
"M-MAGA-0003","MADISON GAS § ELECTRIC","MR-MAGA-0003-V1","MR-MAGA-0003-V1","False",,,"2020-NTR1","X104131","Up to Date",,"2025-12-02T19:29:02Z","soleil.anker@ermco-eci.com","2026-08-13T17:37:45Z","soleil.anker@ermco-eci.com","0",,,"MAGA","False","750","NETWORK",,"FR3",,"None",,,,,,,,,,,,,"150"
"M-MAGA-0004","MADISON GAS § ELECTRIC","MR-MAGA-0004-V1","MR-MAGA-0004-V1","False",,,"2023-NTR-1","X104132","Minor Changes",,"2025-12-02T19:29:50Z","soleil.anker@ermco-eci.com","2026-08-13T17:37:45Z","soleil.anker@ermco-eci.com","1","ASAP",,"MAGA","False","1,500","NETWORK",,"FR3",,"None",,,,,,,,,,,,,"151"
"M-MAGA-0005","MADISON GAS § ELECTRIC","MR-MAGA-0005-V1","MR-MAGA-0005-V1","False",,,"2023-NTR-2","X114282","Minor Changes",,"2025-12-02T19:30:36Z","soleil.anker@ermco-eci.com","2026-08-13T17:37:45Z","soleil.anker@ermco-eci.com","4","ASAP","2026-01-25T05:00:00Z","MAGA","False","750","NETWORK",,"FR3",,"None",,,,,,,,,,,,,"152"
"M-MAGA-0006","MADISON GAS § ELECTRIC","MR-MAGA-0006-V1","MR-MAGA-0006-V1","False",,,"2022-NTR-2","X116807","Up to Date",,"2025-12-02T19:31:19Z","soleil.anker@ermco-eci.com","2026-08-13T17:37:45Z","soleil.anker@ermco-eci.com","0","ASAP",,"MAGA","False","500","NETWORK","NETWORK","None",,"None","15",,,,,,,,,,,,"153"
"M-TOHY-0001","TORONTO HYDRO","MR-TOHY-0001-V1","MR-TOHY-0001-V1","False",,,"TH-TS-DT-NT-01","6643201","Major Changes",,"2025-12-03T07:14:24Z","soleil.anker@ermco-eci.com","2026-08-13T17:37:53Z","soleil.anker@ermco-eci.com","9","ASAP","2026-01-26T05:00:00Z","TOHY","False","500","NETWORK","NETWORK","B2",,"Cogent","15",,,,,,,,,,,,"154"
"M-TOHY-0002","TORONTO HYDRO","M-TOHY-0002","M-TOHY-0002","False",,,"TH-TS-DT-NT-01","6643202-22","Up to Date",,"2025-12-03T07:15:27Z","soleil.anker@ermco-eci.com","2026-09-02T13:41:27Z","soleil.anker@ermco-eci.com","0",,,"TOHY","False","750","NETWORK","NETWORK","B2","1,560","Cogent","16","3",,,,,,"na","5.875x10.25","2x 50*16","102*204","17","155"
"M-TOHY-0003","TORONTO HYDRO","MR-TOHY-0003-V1","MR-TOHY-0003-V1","False",,,"TH-TS-DT-NT-01","6643203","Major Changes",,"2025-12-03T07:16:06Z","soleil.anker@ermco-eci.com","2026-08-13T17:37:53Z","soleil.anker@ermco-eci.com","9","ASAP","2026-01-26T05:00:00Z","TOHY","False","1,000","NETWORK","NETWORK","B2",,"None","16",,,,,,,,,,,,"156"
"M-TOHY-0004","TORONTO HYDRO","MR-TOHY-0004-V1","MR-TOHY-0004-V1","False",,,"TH-TS-DT-NT-01","6643211","Up to Date",,"2025-12-03T07:16:43Z","soleil.anker@ermco-eci.com","2026-08-13T17:37:53Z","soleil.anker@ermco-eci.com","0",,,"TOHY","False","1,000","NETWORK","NETWORK","B2","1,850","None","16","3",,,,,,,"6.875x12.25","2x 0.05*14","114*228","15","157"
"M-TOHY-0005","TORONTO HYDRO","MR-TOHY-0005-V1","MR-TOHY-0005-V1","False",,,"TH-TS-DT-NT-01","6643212","Minor Changes",,"2025-12-03T07:17:22Z","soleil.anker@ermco-eci.com","2026-08-13T17:37:53Z","soleil.anker@ermco-eci.com","2","ASAP",,"TOHY","False","1,500","NETWORK","NETWORK","B2",,"Cogent","16",,,,,,,,,,,,"158"
"M-TOHY-0006","TORONTO HYDRO","MR-TOHY-0006-V1","MR-TOHY-0006-V1","False",,,"TH-TS-DT-NT-01","6643213","Major Changes",,"2025-12-03T07:18:14Z","soleil.anker@ermco-eci.com","2026-08-13T17:37:53Z","soleil.anker@ermco-eci.com","9","ASAP","2026-01-26T05:00:00Z","TOHY","False","2,000","NETWORK","NETWORK","B2",,"Cogent","16",,,,,,,,,,,,"159"
"M-TOHY-0007","TORONTO HYDRO","MR-TOHY-0007-V1","MR-TOHY-0007-V1","False",,,"D-14-11","6643222","Major Changes",,"2025-12-03T07:18:54Z","soleil.anker@ermco-eci.com","2026-08-13T17:37:53Z","soleil.anker@ermco-eci.com","9","ASAP","2026-01-26T05:00:00Z","TOHY","False","0","None",,"None",,"None",,,,,,,,,,,,,"160"
"M-TOHY-0008","TORONTO HYDRO","MR-TOHY-0008-V1","MR-TOHY-0008-V1","False",,,"D-14-11","6643223","Major Changes",,"2025-12-03T07:19:13Z","soleil.anker@ermco-eci.com","2026-08-13T17:37:54Z","soleil.anker@ermco-eci.com","9","ASAP","2026-01-26T05:00:00Z","TOHY","False","0","None",,"None",,"None",,,,,,,,,,,,,"161"
"M-TOHY-0009","TORONTO HYDRO","MR-TOHY-0009-V1","MR-TOHY-0009-V1","False",,,"TH-TS-DT-NT-01","100000875","Minor Changes",,"2025-12-03T07:20:01Z","soleil.anker@ermco-eci.com","2026-08-13T17:37:54Z","soleil.anker@ermco-eci.com","1","ASAP",,"TOHY","False","300","NETWORK","NETWORK","B2",,"None","15",,,,,,,,,,,,"162"
"M-TOHY-0010","TORONTO HYDRO","MR-TOHY-0010-V1","MR-TOHY-0010-V1","False",,,"mix","100000919","Minor Changes",,"2025-12-03T07:20:47Z","soleil.anker@ermco-eci.com","2026-08-13T17:37:54Z","soleil.anker@ermco-eci.com","3","ASAP",,"TOHY","False","1,000","SUBMERSIBLE","SUBWAY","B2","2,350","None","25","3",,,,,,,"6.75x12.25","2x 0.05*14","114*228","14.75","163"
"M-TOHY-0011","TORONTO HYDRO","MR-TOHY-0011-V1","MR-TOHY-0011-V1","False",,,"mix","100000920","Minor Changes",,"2025-12-03T07:21:34Z","soleil.anker@ermco-eci.com","2026-08-13T17:37:54Z","soleil.anker@ermco-eci.com","3","ASAP",,"TOHY","False","1,500","NETWORK","SUBWAY","B2",,"None","25",,,,,,,,,,,,"164"
"M-TOHY-0012","TORONTO HYDRO","MR-TOHY-0012-V1","MR-TOHY-0012-V1","False",,,"TH-TS-DT-SUB-01","6683202","Major Changes",,"2025-12-03T07:22:26Z","soleil.anker@ermco-eci.com","2026-08-13T17:37:54Z","soleil.anker@ermco-eci.com","9","ASAP","2026-01-26T05:00:00Z","TOHY","False","300","SUBMERSIBLE","SUBWAY","B2",,"None","24",,,,,,,,,,,,"165"
"M-TOHY-0013","TORONTO HYDRO","MR-TOHY-0013-V1","MR-TOHY-0013-V1","False",,,"TH-TS-DT-SUB-01","6683203","Minor Changes",,"2025-12-03T07:23:09Z","soleil.anker@ermco-eci.com","2026-08-13T17:37:54Z","soleil.anker@ermco-eci.com","3","ASAP",,"TOHY","False","500","SUBMERSIBLE","SUBWAY","B2",,"None","24",,,,,,,,,,,,"166"
"M-TOHY-0014","TORONTO HYDRO","MR-TOHY-0014-V1","MR-TOHY-0014-V1","False",,,"TH-TS-DT-SUB-01","6683204","Major Changes",,"2025-12-03T07:23:44Z","soleil.anker@ermco-eci.com","2026-08-13T17:37:54Z","soleil.anker@ermco-eci.com","9","ASAP","2026-01-26T05:00:00Z","TOHY","False","0","None",,"None",,"None",,,,,,,,,,,,,"167"
"M-TOHY-0015","TORONTO HYDRO","MR-TOHY-0015-V1","MR-TOHY-0015-V1","False",,,"TH-TS-DT-SUB-01","6683205","Major Changes",,"2025-12-03T07:24:06Z","soleil.anker@ermco-eci.com","2026-08-13T17:37:54Z","soleil.anker@ermco-eci.com","9","ASAP","2026-01-26T05:00:00Z","TOHY","False","0","None",,"None",,"None",,,,,,,,,,,,,"168"
"M-TOHY-0016","TORONTO HYDRO","MR-TOHY-0016-V1","MR-TOHY-0016-V1","False",,,"TH-TS-DT-SUB-01","6683211","Major Changes",,"2025-12-03T07:24:50Z","soleil.anker@ermco-eci.com","2026-08-13T17:37:54Z","soleil.anker@ermco-eci.com","9","ASAP","2026-01-26T05:00:00Z","TOHY","False","500","SUBMERSIBLE","SUBWAY","B2",,"None","24",,,,,,,,,,,,"169"
"M-TOHY-0017","TORONTO HYDRO","MR-TOHY-0017-V1","MR-TOHY-0017-V1","False",,,"TH-TS-DT-SUB-01","6683212","Up to Date",,"2025-12-03T07:25:22Z","soleil.anker@ermco-eci.com","2026-08-13T17:37:54Z","soleil.anker@ermco-eci.com","0","ASAP",,"TOHY","False","750","SUBMERSIBLE","SUBWAY","B2","1,150","None","25","3",,,,,,,"6.75x10.25","45*16","114*228","17","170"
"M-TOHY-0018","TORONTO HYDRO","MR-TOHY-0018-V1","MR-TOHY-0018-V1","False",,,"TH-TS-DT-SUB-01","6683213","Minor Changes",,"2025-12-03T07:26:35Z","soleil.anker@ermco-eci.com","2026-08-13T17:37:54Z","soleil.anker@ermco-eci.com","1","ASAP",,"TOHY","False","1,000","SUBMERSIBLE","SUBWAY","B2",,"None","25",,,,,,,,,,,,"171"
"M-TOHY-0019","TORONTO HYDRO","MR-TOHY-0019-V1","MR-TOHY-0019-V1","False",,,"TH-TS-DT-SUB-01","6683214","Major Changes",,"2025-12-03T07:27:33Z","soleil.anker@ermco-eci.com","2026-08-13T17:37:55Z","soleil.anker@ermco-eci.com","9","ASAP","2026-01-26T05:00:00Z","TOHY","False","1,500","SUBMERSIBLE","SUBWAY","B2",,"None","25",,,,,,,,,,,,"172"
"M-TOHY-0020","TORONTO HYDRO","M-TOHY-0020","M-TOHY-0020","False",,,"TH-TS-DT-SUB-01","6683215","Up to Date",,"2025-12-03T07:28:31Z","soleil.anker@ermco-eci.com","2026-09-01T15:46:59Z","soleil.anker@ermco-eci.com","0","ASAP",,"TOHY","False","2,000","SUBMERSIBLE","SUBWAY","B2",,"None","25",,,,,,,,,,,,"173"
"M-TOHY-0021","TORONTO HYDRO","MR-TOHY-0021-V1","MR-TOHY-0021-V1","False",,,"TH-TS-DT-SUB-01","6683216","Major Changes",,"2025-12-03T07:29:04Z","soleil.anker@ermco-eci.com","2026-08-13T17:37:55Z","soleil.anker@ermco-eci.com","9","ASAP","2026-01-26T05:00:00Z","TOHY","False","0","None",,"None",,"None",,,,,,,,,,,,,"174"
"M-TOHY-0022","TORONTO HYDRO","MR-TOHY-0022-V1","MR-TOHY-0022-V1","False",,,,"6689441","Major Changes",,"2025-12-03T07:29:26Z","soleil.anker@ermco-eci.com","2026-08-13T17:37:55Z","soleil.anker@ermco-eci.com","9","ASAP","2026-01-26T05:00:00Z","TOHY","False","0","None",,"None",,"None",,,,,,,,,,,,,"175"
"M-TOHY-0023","TORONTO HYDRO","MR-TOHY-0023-V1","MR-TOHY-0023-V1","False",,,"DT-SW-02R1","6683221","Major Changes",,"2025-12-03T07:30:08Z","soleil.anker@ermco-eci.com","2026-08-13T17:37:55Z","soleil.anker@ermco-eci.com","9","ASAP","2026-01-26T05:00:00Z","TOHY","False","0","None",,"None",,"None",,,,,,,,,,,,,"176"
"M-TOHY-0024","TORONTO HYDRO","MR-TOHY-0024-V1","MR-TOHY-0024-V1","False",,,"TH-TS-DT-NT-02","6683222","Major Changes",,"2025-12-03T07:30:31Z","soleil.anker@ermco-eci.com","2026-08-13T17:37:55Z","soleil.anker@ermco-eci.com","9","ASAP","2026-01-26T05:00:00Z","TOHY","False","0","None",,"None",,"None",,,,,,,,,,,,,"177"
"M-TOHY-0025","TORONTO HYDRO","MR-TOHY-0025-V1","MR-TOHY-0025-V1","False",,,"TH-TS-DT-NT-02","6683223","Major Changes",,"2025-12-03T07:31:05Z","soleil.anker@ermco-eci.com","2026-08-13T17:37:55Z","soleil.anker@ermco-eci.com","9","ASAP",,"TOHY","False","500","SUBMERSIBLE","SUBWAY","B2",,"None","24",,,,,,,,,,,,"178"
"M-TOHY-0026","TORONTO HYDRO","MR-TOHY-0026-V1","MR-TOHY-0026-V1","False",,,"TH-TS-DT-NT-02","6683224","Major Changes",,"2025-12-03T07:31:46Z","soleil.anker@ermco-eci.com","2026-08-13T17:37:55Z","soleil.anker@ermco-eci.com","9","ASAP","2026-01-26T05:00:00Z","TOHY","False","750","SUBMERSIBLE","SUBWAY","B2",,"None","25",,,,,,,,,,,,"179"
"M-TOHY-0027","TORONTO HYDRO","MR-TOHY-0027-V1","MR-TOHY-0027-V1","False",,,"TH-TS-DT-NT-02","6683231","Major Changes",,"2025-12-03T07:32:15Z","soleil.anker@ermco-eci.com","2026-08-13T17:37:55Z","soleil.anker@ermco-eci.com","9","ASAP","2026-01-26T05:00:00Z","TOHY","False","0","None",,"None",,"None",,,,,,,,,,,,,"180"
"M-TOHY-0028","TORONTO HYDRO","MR-TOHY-0028-V1","MR-TOHY-0028-V1","False",,,"TH-TS-DT-NT-02","6683232","Minor Changes",,"2025-12-03T07:32:48Z","soleil.anker@ermco-eci.com","2026-08-13T17:37:55Z","soleil.anker@ermco-eci.com","3","ASAP",,"TOHY","False","750","SUBMERSIBLE","SUBWAY","B2",,"None","25",,,,,,,,,,,,"181"
"M-TOHY-0029","TORONTO HYDRO","MR-TOHY-0029-V1","MR-TOHY-0029-V1","False",,,"TH-TS-DT-NT-02","6689423","Major Changes",,"2025-12-03T07:34:09Z","soleil.anker@ermco-eci.com","2026-08-13T17:37:55Z","soleil.anker@ermco-eci.com","9","ASAP","2026-01-26T05:00:00Z","TOHY","False","0","None",,"None",,"None",,,,,,,,,,,,,"182"
"M-TOHY-0030","TORONTO HYDRO","MR-TOHY-0030-V1","MR-TOHY-0030-V1","False",,,,"6689424","Major Changes",,"2025-12-03T07:34:27Z","soleil.anker@ermco-eci.com","2026-08-13T17:37:56Z","soleil.anker@ermco-eci.com","9","ASAP","2026-01-26T05:00:00Z","TOHY","False","0","None",,"None",,"None",,,,,,,,,,,,,"183"
"M-TOHY-0031","TORONTO HYDRO","MR-TOHY-0031-V1","MR-TOHY-0031-V1","False",,,"TH-TS-DT-NT-02","9663048","Major Changes",,"2025-12-03T07:34:49Z","soleil.anker@ermco-eci.com","2026-08-13T17:37:56Z","soleil.anker@ermco-eci.com","9","ASAP","2026-01-26T05:00:00Z","TOHY","False","0","None",,"None",,"None",,,,,,,,,,,,,"184"
"M-TOHY-0032","TORONTO HYDRO","MR-TOHY-0032-V1","MR-TOHY-0032-V1","False",,,,"9665274","Major Changes",,"2025-12-03T07:35:32Z","soleil.anker@ermco-eci.com","2026-08-13T17:37:56Z","soleil.anker@ermco-eci.com","9","ASAP","2026-01-26T05:00:00Z","TOHY","False","2,000","NETWORK","NETWORK","B2",,"Cogent","16",,,,,,,,,,,,"185"
"M-TOHY-0033","TORONTO HYDRO","MR-TOHY-0033-V1","MR-TOHY-0033-V1","False",,,,"9665275","Major Changes",,"2025-12-03T07:36:07Z","soleil.anker@ermco-eci.com","2026-08-13T17:37:56Z","soleil.anker@ermco-eci.com","9","ASAP","2026-01-26T05:00:00Z","TOHY","False","1,000","NETWORK","NETWORK","B2",,"Cogent","16",,,,,,,,,,,,"186"
"M-LGEN-0003","LG§E","MR-LGEN-0003-V1","MR-LGEN-0003-V1","False",,,"LGE062395NET3","1073119","Up to Date",,"2025-12-03T08:05:08Z","soleil.anker@ermco-eci.com","2026-08-13T17:37:44Z","soleil.anker@ermco-eci.com","0","ASAP",,"LGEN","False","500","NETWORK","NETWORK","FR3","266",,"15","3",,,,,,,"5.75x9.25","2x 0.05*14","81*162","14.75","187"
"M-LGEN-0004","LG§E","MR-LGEN-0004-V1","MR-LGEN-0004-V1","False",,,"LG&E and KU ENERGY","1073127","Up to Date",,"2025-12-03T08:05:53Z","soleil.anker@ermco-eci.com","2026-08-13T17:37:44Z","soleil.anker@ermco-eci.com","0","ASAP",,"LGEN","False","750","NETWORK","NETWORK","FR3","315",,"16","3",,,,"Switch","0","na","6,875x10,25","2x 50*16","102*204","17","188"
"M-LGEN-0005","LG§E","MR-LGEN-0005-V1","MR-LGEN-0005-V1","False",,,"LG&E and KU ENERGY","1073135","Up to Date",,"2025-12-03T08:06:39Z","soleil.anker@ermco-eci.com","2026-08-13T17:37:44Z","soleil.anker@ermco-eci.com","0","ASAP",,"LGEN","False","1,000","NETWORK","NETWORK","FR3","345","None","16","3",,,,,,,"6.25x13.25","3x 45*20","114*228","21","189"
"M-LGEN-0006","LG§E","MR-LGEN-0006-V1","MR-LGEN-0006-V1","False",,,"09-18-2017","1073186","Up to Date",,"2025-12-03T08:07:44Z","soleil.anker@ermco-eci.com","2026-08-13T17:37:44Z","soleil.anker@ermco-eci.com","0","ASAP",,"LGEN","False","750","NETWORK","NETWORK","FR3","340",,"16","3","PROTECTOR",,,,"0","0","7,5x9,25","50*14","91*182","14.75","190"
"M-LGEN-0007","LG§E","MR-LGEN-0007-V1","MR-LGEN-0007-V1","False",,,"LG&E and KU ENERGY","1073194","Up to Date",,"2025-12-03T08:08:38Z","soleil.anker@ermco-eci.com","2026-08-13T17:37:44Z","soleil.anker@ermco-eci.com","0","ASAP",,"LGEN","False","1,000","NETWORK","NETWORK","FR3","375",,"16","3","PROTECTOR",,,,"0","0","7x12,25","33*14 45*14","114*228","14.75","191"
"M-AUEN-0001","AUSTIN ENERGY","MR-AUEN-0001-V1","MR-AUEN-0001-V1","False",,,"E-708","16817","Minor Changes",,"2025-12-03T08:14:55Z","soleil.anker@ermco-eci.com","2026-08-13T17:37:20Z","soleil.anker@ermco-eci.com","3","ASAP","2026-04-16T04:00:00Z","AUEN","False","1,000","NETWORK","NETWORK","B2",,"None","16","3",,,,"Switch",,"na","6,625x13,25","2x 45*14","114*228","15","192"
"M-AUEN-0002","AUSTIN ENERGY","M-AUEN-0002","M-AUEN-0002","False",,,"E-709","16818","Minor Changes",,"2025-12-03T08:15:30Z","soleil.anker@ermco-eci.com","2026-08-17T17:55:54Z","soleil.anker@ermco-eci.com","2","ASAP","2026-04-16T04:00:00Z","AUEN","False","1,000","NETWORK","NETWORK","B2","1,720","None","16","3",,,,,,"na","7.375x13.25","2x 33*16","9RD","16.75","193"
"M-AUEN-0003","AUSTIN ENERGY","MR-AUEN-0003-V1","MR-AUEN-0003-V1","False",,,"E-708","16819","Moderate Changes",,"2025-12-03T08:16:45Z","soleil.anker@ermco-eci.com","2026-08-13T17:37:21Z","soleil.anker@ermco-eci.com","5","ASAP","2026-04-16T04:00:00Z","AUEN","False","1,500","NETWORK","NETWORK","B2","1,940","None","16","3",,,,"Switch",,"na","7,125x13,5","2x 50*16","114*228","17","194"
"M-AUEN-0004","AUSTIN ENERGY","MR-AUEN-0004-V1","MR-AUEN-0004-V1","False",,,"E-709","16820","Up to Date",,"2025-12-03T08:17:23Z","soleil.anker@ermco-eci.com","2026-08-13T17:37:21Z","soleil.anker@ermco-eci.com","0",,,"AUEN","False","1,500","NETWORK","NETWORK","B2","2,170",,"16","3","PROTECTOR",,,"Switch","0","na","8x13,5","2x 50*16","81*162","17","195"
"M-AUEN-0005","AUSTIN ENERGY","MR-AUEN-0005-V1","MR-AUEN-0005-V1","False",,,"E-708","16821","Minor Changes",,"2025-12-03T08:18:03Z","soleil.anker@ermco-eci.com","2026-08-13T17:37:21Z","soleil.anker@ermco-eci.com","2","ASAP","2026-04-16T04:00:00Z","AUEN","False","2,000","NETWORK","NETWORK","B2","2,330","None","16","3",,,,,,,"7,75x13,5","2x 45*18","2x 128*256","19.25","196"
"M-AUEN-0006","AUSTIN ENERGY","MR-AUEN-0006-V1","MR-AUEN-0006-V1","False",,,"E-709","16822","Moderate Changes",,"2025-12-03T08:18:43Z","soleil.anker@ermco-eci.com","2026-08-13T17:37:21Z","soleil.anker@ermco-eci.com","5","ASAP","2026-04-16T04:00:00Z","AUEN","False","2,000","NETWORK","NETWORK","B2","2,320","Cogent","16","3",,,,"Switch",,"na","8,125x13,5","2x 45*24","102*204","24.75","197"
"M-AUEN-0007","AUSTIN ENERGY","MR-AUEN-0007-V1","MR-AUEN-0007-V1","False",,,"E-708","16823","Moderate Changes",,"2025-12-03T08:19:25Z","soleil.anker@ermco-eci.com","2026-08-13T17:37:21Z","soleil.anker@ermco-eci.com","5","ASAP","2026-04-16T04:00:00Z","AUEN","False","500","NETWORK","NETWORK","B2","910","None","15","3",,,,"Switch",,"na","5,125x10,25","2x 50*14","81*162","15.5","198"
"M-AUEN-0008","AUSTIN ENERGY","MR-AUEN-0008-V1","MR-AUEN-0008-V1","False",,,"E-708","16824","Minor Changes",,"2025-12-03T08:20:18Z","soleil.anker@ermco-eci.com","2026-08-13T17:37:21Z","soleil.anker@ermco-eci.com","2","ASAP","2026-04-16T04:00:00Z","AUEN","False","500","NETWORK","NETWORK","B2","950","None","15","3",,,,,,,"5,125x10,25","45*14","91*182","14.75","199"
"M-AUEN-0009","AUSTIN ENERGY","MR-AUEN-0009-V1","MR-AUEN-0009-V1","False",,,"E-709","16825","Moderate Changes",,"2025-12-03T08:21:02Z","soleil.anker@ermco-eci.com","2026-08-13T17:37:21Z","soleil.anker@ermco-eci.com","5","ASAP","2026-04-16T04:00:00Z","AUEN","False","500","NETWORK","NETWORK","B2","1,010","None","15","3",,,,"Switch",,"na","6,125x12,25","2x 50*16","11.5 RD","16.75","200"
"M-AUEN-0010","AUSTIN ENERGY","MR-AUEN-0010-V1","MR-AUEN-0010-V1","False",,,"E-708","16826","Minor Changes",,"2025-12-03T08:21:43Z","soleil.anker@ermco-eci.com","2026-08-13T17:37:21Z","soleil.anker@ermco-eci.com","2","ASAP","2026-04-16T04:00:00Z","AUEN","False","500","NETWORK","NETWORK","B2","1,190","None","15","3",,,,,,,"6,25x10,25","50*14","12,5RD","14.75","201"
"M-AUEN-0011","AUSTIN ENERGY","MR-AUEN-0011-V1","MR-AUEN-0011-V1","False",,,"E-708","16827","Minor Changes",,"2025-12-03T08:22:31Z","soleil.anker@ermco-eci.com","2026-08-13T17:37:21Z","soleil.anker@ermco-eci.com","3","ASAP","2026-04-16T04:00:00Z","AUEN","False","750","NETWORK","NETWORK","B2","1,210","None","16","3",,,,,,,"6,25x10,25","2x 50*16","114*228","16.75","202"
"M-AUEN-0012","AUSTIN ENERGY","MR-AUEN-0012-V1","MR-AUEN-0012-V1","False",,,"E-709","16828","Minor Changes",,"2025-12-03T08:23:02Z","soleil.anker@ermco-eci.com","2026-08-13T17:37:22Z","soleil.anker@ermco-eci.com","3","ASAP","2026-04-16T04:00:00Z","AUEN","False","750","NETWORK","NETWORK","B2","1,470","None","16","3",,,,,,,"5,5x13,25","2x 45*24","9RD","24.75","203"
"M-AUEN-0013","AUSTIN ENERGY","MR-AUEN-0013-V1","MR-AUEN-0013-V1","False",,,,"22212","Moderate Changes",,"2025-12-03T08:23:26Z","soleil.anker@ermco-eci.com","2026-08-13T17:37:22Z","soleil.anker@ermco-eci.com","5","ASAP","2026-04-16T04:00:00Z","AUEN","False","0","None",,"None",,"None",,,,,,,,,,,,,"204"
"M-AUEN-0014","AUSTIN ENERGY","MR-AUEN-0014-V1","MR-AUEN-0014-V1","False",,,,"22213","Moderate Changes",,"2025-12-03T08:23:47Z","soleil.anker@ermco-eci.com","2026-08-13T17:37:22Z","soleil.anker@ermco-eci.com","5","ASAP","2026-04-16T04:00:00Z","AUEN","False","0","None",,"None",,"None",,,,,,,,,,,,,"205"
"M-AUEN-0015","AUSTIN ENERGY","MR-AUEN-0015-V1","MR-AUEN-0015-V1","False",,,"E-708","23922","Moderate Changes",,"2025-12-03T08:24:11Z","soleil.anker@ermco-eci.com","2026-08-13T17:37:22Z","soleil.anker@ermco-eci.com","5","ASAP","2026-04-16T04:00:00Z","AUEN","False","0","None",,"None",,"None",,,,,,,,,,,,,"206"
"M-AUEN-0016","AUSTIN ENERGY","MR-AUEN-0016-V1","MR-AUEN-0016-V1","False",,,"E-709","23923","Moderate Changes",,"2025-12-03T08:24:34Z","soleil.anker@ermco-eci.com","2026-08-13T17:37:22Z","soleil.anker@ermco-eci.com","5","ASAP","2026-04-16T04:00:00Z","AUEN","False","0","None",,"None",,"None",,,,,,,,,,,,,"207"
"M-AUEN-0017","AUSTIN ENERGY","MR-AUEN-0017-V1","MR-AUEN-0017-V1","False",,,"E-709","24126","Moderate Changes",,"2025-12-03T08:24:55Z","soleil.anker@ermco-eci.com","2026-08-13T17:37:22Z","soleil.anker@ermco-eci.com","5","ASAP","2026-04-16T04:00:00Z","AUEN","False","0","None",,"None",,"None",,,,,,,,,,,,,"208"
"M-AUEN-0018","AUSTIN ENERGY","MR-AUEN-0018-V1","MR-AUEN-0018-V1","False",,,,"24127","Moderate Changes",,"2025-12-03T08:25:14Z","soleil.anker@ermco-eci.com","2026-08-13T17:37:23Z","soleil.anker@ermco-eci.com","5","ASAP","2026-04-16T04:00:00Z","AUEN","False","0","None",,"None",,"None",,,,,,,,,,,,,"209"
"M-AUEN-0019","AUSTIN ENERGY","MR-AUEN-0019-V1","MR-AUEN-0019-V1","False",,,,"24263","Moderate Changes",,"2025-12-03T08:25:31Z","soleil.anker@ermco-eci.com","2026-08-13T17:37:23Z","soleil.anker@ermco-eci.com","5","ASAP","2026-04-16T04:00:00Z","AUEN","False","0","None",,"None",,"None",,,,,,,,,,,,,"210"
"M-PSEG-0001","PSE§G ","MR-PSEG-0001-V1","MR-PSEG-0001-V1","False",,,"1-F-4","W007136","Moderate Changes",,"2025-12-03T15:47:30Z","soleil.anker@ermco-eci.com","2026-08-13T17:37:49Z","soleil.anker@ermco-eci.com","5","ASAP","2026-02-06T05:00:00Z","PSEG","False","0","None",,"None",,"None",,,,,,,,,,,,,"211"
"M-PSEG-0002","PSE§G ","MR-PSEG-0002-V1","MR-PSEG-0002-V1","False",,,"1-F-4","W007156","Moderate Changes",,"2025-12-03T15:48:02Z","soleil.anker@ermco-eci.com","2026-08-13T17:37:49Z","soleil.anker@ermco-eci.com","5","ASAP","2026-02-06T05:00:00Z","PSEG","False","0","None",,"None",,"None",,,,,,,,,,,,,"212"
"M-PSEG-0003","PSE§G ","MR-PSEG-0003-V1","MR-PSEG-0003-V1","False",,,"ED-OP-SP-7107 (1-N-7)","W007800","Moderate Changes",,"2025-12-03T15:49:02Z","soleil.anker@ermco-eci.com","2026-08-13T17:37:49Z","soleil.anker@ermco-eci.com","5","ASAP","2026-02-06T05:00:00Z","PSEG","False","2,000","NETWORK","NETWORK","FR3",,"Cogent","16",,,,,,,,,,,,"213"
"M-PSEG-0004","PSE§G ","MR-PSEG-0004-V1","MR-PSEG-0004-V1","False",,,"ED-OP-SP-7107 (1-N-7)","W007802","Minor Changes",,"2025-12-03T15:49:46Z","soleil.anker@ermco-eci.com","2026-08-13T17:37:49Z","soleil.anker@ermco-eci.com","1","ASAP","2026-02-06T05:00:00Z","PSEG","False","1,500","NETWORK","NETWORK","FR3",,"None","16",,,,,,,,,,,,"214"
"M-PSEG-0005","PSE§G ","MR-PSEG-0005-V1","MR-PSEG-0005-V1","False",,,,"W007804","Moderate Changes",,"2025-12-03T15:50:12Z","soleil.anker@ermco-eci.com","2026-08-13T17:37:50Z","soleil.anker@ermco-eci.com","5","ASAP","2026-02-06T05:00:00Z","PSEG","False","0","None",,"None",,"None",,,,,,,,,,,,,"215"
"M-PSEG-0006","PSE§G ","MR-PSEG-0006-V1","MR-PSEG-0006-V1","False",,,"ED-OP-SP-7107 (1-N-7)","W007808","Moderate Changes",,"2025-12-03T15:50:50Z","soleil.anker@ermco-eci.com","2026-08-13T17:37:50Z","soleil.anker@ermco-eci.com","5","ASAP","2026-02-06T05:00:00Z","PSEG","False","0","None",,"None",,"None",,,,,,,,,,,,,"216"
"M-PSEG-0007","PSE§G ","MR-PSEG-0007-V1","MR-PSEG-0007-V1","False",,,"ED-OP-SP-7107 (1-N-7)","W007812","Moderate Changes",,"2025-12-03T15:51:24Z","soleil.anker@ermco-eci.com","2026-08-13T17:37:50Z","soleil.anker@ermco-eci.com","5","ASAP","2026-02-06T05:00:00Z","PSEG","False","750","NETWORK","NETWORK","None",,"None","16",,,,,,,,,,,,"217"
"M-PSEG-0008","PSE§G ","MR-PSEG-0008-V1","MR-PSEG-0008-V1","False",,,"ED-OP-SP-7107 (1-N-7)","W007814","Moderate Changes",,"2025-12-03T15:51:43Z","soleil.anker@ermco-eci.com","2026-08-13T17:37:50Z","soleil.anker@ermco-eci.com","5","ASAP","2026-02-06T05:00:00Z","PSEG","False","0","None",,"None",,"None",,,,,,,,,,,,,"218"
"M-PSEG-0009","PSE§G ","MR-PSEG-0009-V1","MR-PSEG-0009-V1","False",,,"ED-OP-SP-7107 (1-N-7)","W007816","Moderate Changes",,"2025-12-03T15:52:05Z","soleil.anker@ermco-eci.com","2026-08-13T17:37:50Z","soleil.anker@ermco-eci.com","5","ASAP","2026-02-06T05:00:00Z","PSEG","False","0","None",,"None",,"None",,,,,,,,,,,,,"219"
"M-PSEG-0010","PSE§G ","MR-PSEG-0010-V1","MR-PSEG-0010-V1","False",,,"ED-OP-SP-7107 (1-N-7)","W007818","Moderate Changes",,"2025-12-03T15:52:35Z","soleil.anker@ermco-eci.com","2026-08-13T17:37:50Z","soleil.anker@ermco-eci.com","5","ASAP","2026-02-06T05:00:00Z","PSEG","False","0","None",,"None",,"None",,,,,,,,,,,,,"220"
"M-PSEG-0011","PSE§G ","MR-PSEG-0011-V1","MR-PSEG-0011-V1","False",,,"1-J-8","W007820","Moderate Changes",,"2025-12-03T15:53:20Z","soleil.anker@ermco-eci.com","2026-08-13T17:37:50Z","soleil.anker@ermco-eci.com","5","ASAP","2026-02-06T05:00:00Z","PSEG","False","750","NETWORK","NETWORK","FR3",,"None","16",,,,,,,,,,,,"221"
"M-PSEG-0012","PSE§G ","MR-PSEG-0012-V1","MR-PSEG-0012-V1","False",,,"1-J-8","W007822","Moderate Changes",,"2025-12-03T15:54:16Z","soleil.anker@ermco-eci.com","2026-08-13T17:37:50Z","soleil.anker@ermco-eci.com","5","ASAP","2026-02-06T05:00:00Z","PSEG","False","1,000","NETWORK","NETWORK","FR3",,"None","16",,,,,,,,,,,,"222"
"M-PSEG-0013","PSE§G ","MR-PSEG-0013-V1","MR-PSEG-0013-V1","False",,,"1-J-8","W007826","Moderate Changes",,"2025-12-03T15:54:41Z","soleil.anker@ermco-eci.com","2026-08-13T17:37:50Z","soleil.anker@ermco-eci.com","5","ASAP","2026-02-06T05:00:00Z","PSEG","False","300","NETWORK","NETWORK","FR3",,"None","15",,,,,,,,,,,,"223"
"M-PSEG-0014","PSE§G ","MR-PSEG-0014-V1","MR-PSEG-0014-V1","False",,,"1-J-8","W007828","Moderate Changes",,"2025-12-03T15:55:40Z","soleil.anker@ermco-eci.com","2026-08-13T17:37:50Z","soleil.anker@ermco-eci.com","5","ASAP","2026-02-06T05:00:00Z","PSEG","False","0","None",,"None",,"None",,,,,,,,,,,,,"224"
"M-PSEG-0015","PSE§G ","MR-PSEG-0015-V1","MR-PSEG-0015-V1","False",,,"1-J-8","W007830","Moderate Changes",,"2025-12-03T15:56:13Z","soleil.anker@ermco-eci.com","2026-08-13T17:37:50Z","soleil.anker@ermco-eci.com","5","ASAP","2026-02-06T05:00:00Z","PSEG","False","750","NETWORK","NETWORK","FR3",,"None","16",,,,,,,,,,,,"225"
"M-PSEG-0016","PSE§G ","MR-PSEG-0016-V1","MR-PSEG-0016-V1","False",,,"1-J-8","W007832","Moderate Changes",,"2025-12-03T15:57:03Z","soleil.anker@ermco-eci.com","2026-08-13T17:37:51Z","soleil.anker@ermco-eci.com","5","ASAP","2026-02-06T05:00:00Z","PSEG","False","1,000","NETWORK","NETWORK","FR3",,"None","16",,,,,,,,,,,,"226"
"M-PSEG-0017","PSE§G ","MR-PSEG-0017-V1","MR-PSEG-0017-V1","False",,,"ED-OP-SP-7107 (1-N-7)","W008600","Moderate Changes",,"2025-12-03T15:57:46Z","soleil.anker@ermco-eci.com","2026-08-13T17:37:51Z","soleil.anker@ermco-eci.com","5","ASAP","2026-02-06T05:00:00Z","PSEG","False","0","None",,"None",,"None",,,,,,,,,,,,,"227"
"M-PSEG-0018","PSE§G ","MR-PSEG-0018-V1","MR-PSEG-0018-V1","False",,,"ED-OP-SP-7107 (1-N-7)","W008602","Moderate Changes",,"2025-12-03T15:58:17Z","soleil.anker@ermco-eci.com","2026-08-13T17:37:51Z","soleil.anker@ermco-eci.com","5","ASAP","2026-02-06T05:00:00Z","PSEG","False","0","None",,"None",,"None",,,,,,,,,,,,,"228"
"M-PSEG-0019","PSE§G ","MR-PSEG-0019-V1","MR-PSEG-0019-V1","False",,,"ED-OP-SP-7107 (1-N-7)","W008604","Minor Changes",,"2025-12-03T15:58:45Z","soleil.anker@ermco-eci.com","2026-08-13T17:37:51Z","soleil.anker@ermco-eci.com","1","ASAP","2026-02-06T05:00:00Z","PSEG","False","1,000","NETWORK","NETWORK","FR3",,"None","16",,,,,,,,,,,,"229"
"M-PSEG-0020","PSE§G ","MR-PSEG-0020-V1","MR-PSEG-0020-V1","False",,,"ED-OP-SP-7107 (1-N-7)","W008606","Moderate Changes",,"2025-12-03T16:01:11Z","soleil.anker@ermco-eci.com","2026-08-13T17:37:51Z","soleil.anker@ermco-eci.com","5","ASAP","2026-02-06T05:00:00Z","PSEG","False","750","NETWORK","NETWORK","FR3",,"None","16",,,,,,,,,,,,"230"
"M-PSEG-0021","PSE§G ","MR-PSEG-0021-V1","MR-PSEG-0021-V1","False",,,"ED-OP-SP-7107 (1-N-7)","W008608","Moderate Changes",,"2025-12-03T16:01:48Z","soleil.anker@ermco-eci.com","2026-08-13T17:37:51Z","soleil.anker@ermco-eci.com","5","ASAP","2026-02-06T05:00:00Z","PSEG","False","1,000","NETWORK","NETWORK","FR3",,"None","16",,,,,,,,,,,,"231"
"M-PSEG-0022","PSE§G ","MR-PSEG-0022-V1","MR-PSEG-0022-V1","False",,,"ED-OP-SP-7107 (1-N-7)","W008610","Moderate Changes",,"2025-12-03T16:02:04Z","soleil.anker@ermco-eci.com","2026-08-13T17:37:51Z","soleil.anker@ermco-eci.com","5","ASAP","2026-02-06T05:00:00Z","PSEG","False","1,000","None",,"None",,"None",,,,,,,,,,,,,"232"
"M-PSEG-0023","PSE§G ","MR-PSEG-0023-V1","MR-PSEG-0023-V1","False",,,"ED-OP-SP-7107 (1-N-7)","W008612","Moderate Changes",,"2025-12-03T16:02:34Z","soleil.anker@ermco-eci.com","2026-08-13T17:37:51Z","soleil.anker@ermco-eci.com","5","ASAP","2026-02-06T05:00:00Z","PSEG","False","0","None",,"None",,"None",,,,,,,,,,,,,"233"
"M-PSEG-0024","PSE§G ","MR-PSEG-0024-V1","MR-PSEG-0024-V1","False",,,"ED-OP-SP-7107 (1-N-7)","W008614","Moderate Changes",,"2025-12-03T16:02:47Z","soleil.anker@ermco-eci.com","2026-08-13T17:37:51Z","soleil.anker@ermco-eci.com","5","ASAP","2026-02-06T05:00:00Z","PSEG","False","0","None",,"None",,"None",,,,,,,,,,,,,"234"
"M-PSEG-0025","PSE§G ","MR-PSEG-0025-V1","MR-PSEG-0025-V1","False",,,,"W008616","Moderate Changes",,"2025-12-03T16:03:01Z","soleil.anker@ermco-eci.com","2026-08-13T17:37:51Z","soleil.anker@ermco-eci.com","5","ASAP","2026-02-06T05:00:00Z","PSEG","False","0","None",,"None",,"None",,,,,,,,,,,,,"235"
"M-KORT-0001","KORTICK","MR-KORT-0001-V1","MR-KORT-0001-V1","False",,,"DS1410","KSMUD10010961","Minor Changes",,"2025-12-03T17:49:36Z","soleil.anker@ermco-eci.com","2026-08-13T17:37:43Z","soleil.anker@ermco-eci.com","3","ASAP","2026-02-06T05:00:00Z","KORT","False","1,000","NETWORK","NETWORK","FR3",,"Cogent","16",,,,,,,,,,,,"236"
"M-KORT-0002","KORTICK","MR-KORT-0002-V1","MR-KORT-0002-V1","False",,,"DS1410","KSMUD10011580","Minor Changes",,"2025-12-03T17:50:26Z","soleil.anker@ermco-eci.com","2026-08-13T17:37:43Z","soleil.anker@ermco-eci.com","3","ASAP","2026-02-06T05:00:00Z","KORT","False","750","NETWORK","NETWORK","FR3",,"Cogent","16",,,,,,,,,,,,"237"
"M-KORT-0003","KORTICK","MR-KORT-0003-V1","MR-KORT-0003-V1","False",,,"DS1410","KSMUD10011581","Minor Changes",,"2025-12-03T17:51:12Z","soleil.anker@ermco-eci.com","2026-08-13T17:37:43Z","soleil.anker@ermco-eci.com","2","ASAP","2026-02-06T05:00:00Z","KORT","False","750","NETWORK","NETWORK","FR3",,"Cogent","16",,,,,,,,,,,,"238"
"M-KORT-0004","KORTICK","MR-KORT-0004-V1","MR-KORT-0004-V1","False",,,"DS1410","KSMUD10011582","Minor Changes",,"2025-12-03T17:51:51Z","soleil.anker@ermco-eci.com","2026-08-13T17:37:43Z","soleil.anker@ermco-eci.com","1","ASAP",,"KORT","False","500","NETWORK","NETWORK","FR3","245","Cogent","15","3",,,,,,,"5.75x10.25","2x 45*14","91*182","14,375","239"
"M-KORT-0005","KORTICK","M-KORT-0005","M-KORT-0005","False",,,"DS1410","KSMUD10028678","Major Changes",,"2025-12-03T17:52:22Z","soleil.anker@ermco-eci.com","2026-08-13T17:37:43Z","soleil.anker@ermco-eci.com","10","ASAP","2026-02-06T05:00:00Z","KORT","False","1,500","NETWORK","NETWORK","FR3",,"None","16",,,,,,,,,,,,"240"
"M-XCEN-0001","XCEL ENERGY NORTHERN","MR-XCEN-0001-V1","MR-XCEN-0001-V1","False",,,"6110.0701","108860","Up to Date",,"2025-12-03T18:09:29Z","soleil.anker@ermco-eci.com","2026-08-13T17:37:57Z","soleil.anker@ermco-eci.com","0",,,"XCEN","False","750","NETWORK","NETWORK","FR3","325",,"16","3","PROTECTOR",,,"Switch","0","na","6,5x10,25","2x 50*16","102*204","16.75","241"
"M-XCEN-0002","XCEL ENERGY NORTHERN","M-XCEN-0002","M-XCEN-0002","False",,,"6110.0701","108863","Up to Date",,"2025-12-03T18:10:08Z","soleil.anker@ermco-eci.com","2026-08-13T17:37:57Z","soleil.anker@ermco-eci.com","0","ASAP",,"XCEN","False","1,000","NETWORK","NETWORK","FR3","375",,"16","3",,,,,"0","na","7x10,25","2x 45*24","128*256","24.75","242"
"M-XCEN-0003","XCEL ENERGY NORTHERN","MR-XCEN-0003-V1","MR-XCEN-0003-V1","False",,,"6110.0701","108864","Up to Date",,"2025-12-03T18:10:41Z","soleil.anker@ermco-eci.com","2026-08-13T17:37:57Z","soleil.anker@ermco-eci.com","0","ASAP",,"XCEN","False","750","NETWORK","NETWORK","FR3","355",,"16","3","PROTECTOR",,,,"0","na","6,375x10,25","50*14","91*182","14.75","243"
"M-XCEN-0004","XCEL ENERGY NORTHERN","MR-XCEN-0004-V1","MR-XCEN-0004-V1","False",,,"6110.0701","108865","Minor Changes",,"2025-12-03T18:11:11Z","soleil.anker@ermco-eci.com","2026-08-13T17:37:57Z","soleil.anker@ermco-eci.com","3","ASAP","2026-02-06T05:00:00Z","XCEN","False","0","None",,"None",,"None",,,,,,,,,,,,,"244"
"M-XCEN-0005","XCEL ENERGY NORTHERN","MR-XCEN-0005-V1","MR-XCEN-0005-V1","False",,,"6110.0701","108866","Minor Changes",,"2025-12-03T18:12:17Z","soleil.anker@ermco-eci.com","2026-08-13T17:37:57Z","soleil.anker@ermco-eci.com","1","ASAP","2026-02-06T05:00:00Z","XCEN","False","1,500","NETWORK","NETWORK","FR3","545",,"16","3","PROTECTOR",,,"0","0","0","6,875x12,5","2x 45*20","128*256","20.75","245"
"M-XCEN-0006","XCEL ENERGY NORTHERN","MR-XCEN-0006-V1","MR-XCEN-0006-V1","False",,,"6110.0701","6863","Minor Changes",,"2025-12-03T18:12:40Z","soleil.anker@ermco-eci.com","2026-08-13T17:37:57Z","soleil.anker@ermco-eci.com","3","ASAP","2026-02-06T05:00:00Z","XCEN","False","0","None",,"None",,"None",,,,,,,,,,,,,"246"
"M-XCEN-0007","XCEL ENERGY NORTHERN","MR-XCEN-0007-V1","MR-XCEN-0007-V1","False",,,"6110.0701","6864","Minor Changes",,"2025-12-03T18:12:55Z","soleil.anker@ermco-eci.com","2026-08-13T17:37:57Z","soleil.anker@ermco-eci.com","3","ASAP","2026-02-06T05:00:00Z","XCEN","False","0","None",,"None",,"None",,,,,,,,,,,,,"247"
"M-XCEN-0008","XCEL ENERGY NORTHERN","MR-XCEN-0008-V1","MR-XCEN-0008-V1","False",,,"6110.0701","6865","Up to Date",,"2025-12-03T18:13:31Z","soleil.anker@ermco-eci.com","2026-08-13T17:37:57Z","soleil.anker@ermco-eci.com","0","ASAP",,"XCEN","False","1,500","NETWORK","NETWORK","FR3","535",,"16","3","PROTECTOR",,,,"0","na","8,125x10,5","2x 45*16","128*256","16.75","248"
"M-XCEN-0009","XCEL ENERGY NORTHERN","MR-XCEN-0009-V1","MR-XCEN-0009-V1","False",,,"6110.0701","69305","Minor Changes",,"2025-12-03T18:14:04Z","soleil.anker@ermco-eci.com","2026-08-13T17:37:57Z","soleil.anker@ermco-eci.com","3","ASAP","2026-02-06T05:00:00Z","XCEN","False","500","NETWORK","NETWORK","FR3","275","None","15","3","PROTECTOR",,,,,"na","5,25x10,25","45*14","9RD","15","249"
"M-EPCO-0001","EPCOR","MR-EPCO-0001-V1","MR-EPCO-0001-V1","False",,,"6200051529003","12587","Minor Changes",,"2025-12-03T18:19:26Z","soleil.anker@ermco-eci.com","2026-08-13T17:37:30Z","soleil.anker@ermco-eci.com","2","ASAP","2026-02-06T05:00:00Z","EPCO","False","750","NETWORK","NETWORK","Luminol","1,200","None","16","3",,,,,,"na","4,75x14,25","2x 50*14","102*204","14.75","250"
"M-EPCO-0002","EPCOR","MR-EPCO-0002-V1","MR-EPCO-0002-V1","False",,,"6200051529003","15273","Minor Changes",,"2025-12-03T18:20:10Z","soleil.anker@ermco-eci.com","2026-08-13T17:37:30Z","soleil.anker@ermco-eci.com","1","ASAP","2026-02-06T05:00:00Z","EPCO","False","500","NETWORK","NETWORK","Luminol","925",,"15","3",,,,,"0",,"5,625x10,25","2x 45*12","10RD","12.75","251"
"M-EPCO-0003","EPCOR","MR-EPCO-0003-V1","MR-EPCO-0003-V1","False",,,"6200051531100","29649","Minor Changes",,"2025-12-03T18:21:11Z","soleil.anker@ermco-eci.com","2026-08-13T17:37:30Z","soleil.anker@ermco-eci.com","2","ASAP","2026-02-06T05:00:00Z","EPCO","False","1,000","NETWORK","NETWORK","Luminol","1,050","None","25","3",,,,,,"na","25,5x12,25","45*20","114*228","20.75","252"
"M-EPCO-0004","EPCOR","MR-EPCO-0004-V1","MR-EPCO-0004-V1","False",,,"6200051531100","29650","Minor Changes",,"2025-12-03T18:22:12Z","soleil.anker@ermco-eci.com","2026-08-13T17:37:31Z","soleil.anker@ermco-eci.com","2","ASAP","2026-02-06T05:00:00Z","EPCO","False","1,500","NETWORK","NETWORK","Luminol","1,170","None","25","3",,,,"stackore",,"na","5,75x12,25","50*28","2x 102*204","28.75","253"
"M-EPCO-0005","EPCOR","MR-EPCO-0005-V1","MR-EPCO-0005-V1","False",,,"6200051531100","29651","Minor Changes",,"2025-12-03T18:22:57Z","soleil.anker@ermco-eci.com","2026-08-13T17:37:31Z","soleil.anker@ermco-eci.com","2","ASAP","2026-02-06T05:00:00Z","EPCO","False","2,000","NETWORK","NETWORK","Luminol","1,320","None","25","3",,,,,,"na","7,25x12,5","50*28","2x 114*228","28.75","254"
"M-EPCO-0006","EPCOR","MR-EPCO-0006-V1","MR-EPCO-0006-V1","False",,,"6200051531100","29653","Minor Changes",,"2025-12-03T18:23:37Z","soleil.anker@ermco-eci.com","2026-08-13T17:37:31Z","soleil.anker@ermco-eci.com","2","ASAP","2026-02-06T05:00:00Z","EPCO","False","2,500","NETWORK","NETWORK","A2","1,630","Annexe","25","3",,,,,,,"8,5x13,5","2x 45*24","2x 128*256","25","255"
"M-NAEL-0001","NASHVILLE ELECTRIC","MR-NAEL-0001-V1","MR-NAEL-0001-V1","False",,,"ET-258-9","55-001","Minor Changes",,"2025-12-03T18:35:49Z","soleil.anker@ermco-eci.com","2026-08-13T17:37:47Z","soleil.anker@ermco-eci.com","4","ASAP","2026-02-06T05:00:00Z","NAEL","False","0","None",,"None",,"None",,,,,,,,,,,,,"256"
"M-NAEL-0002","NASHVILLE ELECTRIC","MR-NAEL-0002-V1","MR-NAEL-0002-V1","False",,,"ET-258-12","966600000","Up to Date",,"2025-12-03T18:36:41Z","soleil.anker@ermco-eci.com","2026-08-13T17:37:47Z","soleil.anker@ermco-eci.com","0",,,"NAEL","False","750","NETWORK","NETWORK","B2","1,230","None","16","3",,,,,,,"6.75x10.25","2x 0.05*16","102*204","16.75","257"
"M-NAEL-0003","NASHVILLE ELECTRIC","M-NAEL-0003","M-NAEL-0003","False",,,"ET-258-10","966620000","Moderate Changes",,"2025-12-03T18:37:47Z","soleil.anker@ermco-eci.com","2026-08-31T19:41:25Z","soleil.anker@ermco-eci.com","5","ASAP","2026-04-10T04:00:00Z","NAEL","False","750","NETWORK","NETWORK","B2",,"None","16",,,,,,,,,,,,"258"
"M-NAEL-0004","NASHVILLE ELECTRIC","MR-NAEL-0004-V1","MR-NAEL-0004-V1","False",,,"ET-258-10","966635000","Moderate Changes",,"2025-12-03T18:38:15Z","soleil.anker@ermco-eci.com","2026-08-13T17:37:47Z","soleil.anker@ermco-eci.com","5","ASAP","2026-04-10T04:00:00Z","NAEL","False","0","None",,"None",,"None",,,,,,,,,,,,,"259"
"M-NAEL-0005","NASHVILLE ELECTRIC","MR-NAEL-0005-V1","MR-NAEL-0005-V1","False",,,"ET-258-12","966640000","Moderate Changes",,"2025-12-03T18:38:48Z","soleil.anker@ermco-eci.com","2026-08-13T17:37:47Z","soleil.anker@ermco-eci.com","5","ASAP","2026-04-10T04:00:00Z","NAEL","False","0","None",,"None",,"None",,,,,,,,,,,,,"260"
"M-NAEL-0006","NASHVILLE ELECTRIC","MR-NAEL-0006-V1","MR-NAEL-0006-V1","False",,,"ET-258-12","966652000","Moderate Changes",,"2025-12-03T18:39:25Z","soleil.anker@ermco-eci.com","2026-08-13T17:37:47Z","soleil.anker@ermco-eci.com","5","ASAP","2026-04-10T04:00:00Z","NAEL","False","1,500","NETWORK","NETWORK","B2",,"None","16",,,,,,,,,,,,"261"
"M-NAEL-0007","NASHVILLE ELECTRIC","MR-NAEL-0007-V1","MR-NAEL-0007-V1","False",,,"ET-258-12","966656000","Minor Changes",,"2025-12-03T18:40:13Z","soleil.anker@ermco-eci.com","2026-08-13T17:37:47Z","soleil.anker@ermco-eci.com","2","ASAP","2026-04-10T04:00:00Z","NAEL","False","2,000","NETWORK","NETWORK","B2",,"None","16",,,,,,,,,,,,"262"
"M-NAEL-0008","NASHVILLE ELECTRIC","MR-NAEL-0008-V1","MR-NAEL-0008-V1","False",,,"ET-258-12","966660000","Moderate Changes",,"2025-12-03T18:40:30Z","soleil.anker@ermco-eci.com","2026-08-13T17:37:47Z","soleil.anker@ermco-eci.com","5","ASAP","2026-04-10T04:00:00Z","NAEL","False","0","None",,"None",,"None",,,,,,,,,,,,,"263"
"M-OTHY-0001","OTTAWA HYDRO","MR-OTHY-0001-V1","MR-OTHY-0001-V1","False",,,"GMS-0002","616164","Minor Changes",,"2025-12-03T18:46:55Z","soleil.anker@ermco-eci.com","2026-08-13T17:37:47Z","soleil.anker@ermco-eci.com","2","ASAP","2026-02-06T05:00:00Z","OTHY","False","333","C2","VAULT-1PH","B2","450",,"03","1",,,,,,,"7x13,25","33*10 50*10","114*228","11","264"
"M-OTHY-0002","OTTAWA HYDRO","MR-OTHY-0002-V1","MR-OTHY-0002-V1","False",,,"GMS-0002","617070","Minor Changes",,"2025-12-03T18:49:08Z","soleil.anker@ermco-eci.com","2026-08-13T17:37:47Z","soleil.anker@ermco-eci.com","2","ASAP","2026-02-06T05:00:00Z","OTHY","False","667","C2","VAULT-1PH","B2","710",,"03","1",,,,,,,"10,25x13,375","2x 50*14","2x 102*204","15","266"
"M-OTHY-0003","OTTAWA HYDRO","MR-OTHY-0003-V1","MR-OTHY-0003-V1","False",,,"GMS-0002","617141","Minor Changes",,"2025-12-03T18:49:35Z","soleil.anker@ermco-eci.com","2026-08-13T17:37:48Z","soleil.anker@ermco-eci.com","1","ASAP",,"OTHY","False","333","C2","VAULT-1PH","B2","540",,"3","1",,,,,,,"8,75x12,25","45*10 50*10","102*204","11","267"
"M-OTHY-0004","OTTAWA HYDRO","MR-OTHY-0004-V1","MR-OTHY-0004-V1","False",,,"GMS-0002","617211","Up to Date",,"2025-12-03T18:50:56Z","soleil.anker@ermco-eci.com","2026-08-13T17:37:48Z","soleil.anker@ermco-eci.com","0",,,"OTHY","False","667","C2","VAULT-1PH","B2","720","Cogent","3","1","PROTECTOR",,,"Mono",,"na","10x13,5","2x 50*14","2x 114*228","14.75","268"
"M-OTHY-0005","OTTAWA HYDRO","MR-OTHY-0005-V1","MR-OTHY-0005-V1","False",,,"GMS-0002","617515","Up to Date",,"2025-12-03T18:51:37Z","soleil.anker@ermco-eci.com","2026-08-13T17:37:48Z","soleil.anker@ermco-eci.com","0",,,"OTHY","False","833","C2","VAULT-1PH","B2","887",,"30","1",,,,"Mono","0","na","9.875x13.5","3x 45*18","2x 128*256","19","269"
"M-OTHY-0006","OTTAWA HYDRO","MR-OTHY-0006-V1","MR-OTHY-0006-V1","False",,,"GMS-0002","617563","Minor Changes",,"2025-12-03T18:52:07Z","soleil.anker@ermco-eci.com","2026-08-13T17:37:48Z","soleil.anker@ermco-eci.com","2","ASAP","2026-02-06T05:00:00Z","OTHY","False","0","None",,"None",,"None",,,,,,,,,,,,,"270"
"M-OTHY-0007","OTTAWA HYDRO","MR-OTHY-0007-V1","MR-OTHY-0007-V1","False",,,"GMS-0002","618509","Minor Changes",,"2025-12-03T18:52:54Z","soleil.anker@ermco-eci.com","2026-08-13T17:37:48Z","soleil.anker@ermco-eci.com","2","ASAP","2026-02-06T05:00:00Z","OTHY","False","1,000","C2","VAULT-1PH","B2","900",,"3","1",,,,"Mono",,"na","12x14,5","3x 45*18","4x114*228","19","271"
"M-OTHY-0008","OTTAWA HYDRO","MR-OTHY-0008-V1","MR-OTHY-0008-V1","False",,,"GMS-0002","618513","Minor Changes",,"2025-12-03T18:53:38Z","soleil.anker@ermco-eci.com","2026-08-13T17:37:48Z","soleil.anker@ermco-eci.com","2","ASAP","2026-02-06T05:00:00Z","OTHY","False","1,000","C2","VAULT-1PH","B2","910","None","3",,,,,"Mono",,"na","11,375x14,5","3x 45*18","128*256","19","272"
"M-OTHY-0009","OTTAWA HYDRO","MR-OTHY-0009-V1","MR-OTHY-0009-V1","False",,,"GMS-0002","618527","Minor Changes",,"2025-12-03T18:54:12Z","soleil.anker@ermco-eci.com","2026-08-13T17:37:48Z","soleil.anker@ermco-eci.com","2","ASAP","2026-02-06T05:00:00Z","OTHY","False","883","C2","VAULT-1PH","B2","1,135","Cogent","3",,,,,"Mono",,"na","12,125x14,375","3x 45*24","128*256","25","273"
"M-HYQU-0038","HYDRO QUEBEC","MR-HYQU-0038-V1","MR-HYQU-0038-V1","False",,,,"663",,,"2026-04-24T05:05:06Z","soleil.anker@ermco-eci.com","2026-08-13T17:37:37Z","soleil.anker@ermco-eci.com","0",,,"HYQU","False","1,000","ZIG-ZAG","MALT","A2","6,210","Annexe","22","3",,,,,,,"ronde","9x 70*244","9x 70*244","28.125","275"
"M-FIEN-0001","FIRST ENERGY","MR-FIEN-0001-V1","MR-FIEN-0001-V1","False",,,,"4216",,,"2026-04-24T05:05:07Z","soleil.anker@ermco-eci.com","2026-08-13T17:37:31Z","soleil.anker@ermco-eci.com",,,,"FIEN","False","500","NETWORK","NETWORK","B2","1,030",,"15","3",,,,,,,"5,75x12,25","2x 45*12","128*256","13","276"
"M-LITE-0001","LTL (LINEMAN'S TESTING LAB)","MR-LITE-0001-V1","MR-LITE-0001-V1","False",,,,"5200",,,"2026-04-24T05:12:07Z","soleil.anker@ermco-eci.com","2026-08-13T17:37:44Z","soleil.anker@ermco-eci.com",,,,"LITE","False","3,000","FLAT FRONT","FLAT FRONT","FR3","740",,"10","3",,,,,,,"9.125x12.5","2x 33*24","114*228","25","278"
"M-HYQU-0039","HYDRO QUEBEC","MR-HYQU-0039-V1","MR-HYQU-0039-V1","False",,,,"20757",,,"2026-04-24T05:12:33Z","soleil.anker@ermco-eci.com","2026-08-13T17:37:38Z","soleil.anker@ermco-eci.com",,,,"HYQU","False","29.4","ZIG-ZAG","MALT","A2","3,830",,"22","3","PROTECTOR",,,"stackore",,"na","ronde","9x 70*219","70*219","34,313","294"
"M-MAGA-0007","MADISON GAS § ELECTRIC","MR-MAGA-0007-V1","MR-MAGA-0007-V1","False",,,,"21050",,,"2026-04-24T05:12:35Z","soleil.anker@ermco-eci.com","2026-08-13T17:37:45Z","soleil.anker@ermco-eci.com",,,,"MAGA","False","750","NETWORK","NETWORK","FR3","330",,"38","3","PROTECTOR",,,,,,"6.375x10.25","2x 50*16","102*204","16.75","295"
"M-POSY-0001","POWER SYSTEM SOLUTIONS","MR-POSY-0001-V1","MR-POSY-0001-V1","False",,,,"21918",,,"2026-04-24T05:12:37Z","soleil.anker@ermco-eci.com","2026-08-13T17:37:49Z","soleil.anker@ermco-eci.com",,,,"POSY","False","2,000","SUBSTATION","SUBSTATION","FR3","700",,"19","3",,,,,,,"11,125x14,5","33*18 45*18","9RD","19","296"
"M-LISA-0001","LIZCO SALES","MR-LISA-0001-V1","MR-LISA-0001-V1","False",,,,"94949",,,"2026-04-24T05:12:56Z","soleil.anker@ermco-eci.com","2026-08-13T17:37:44Z","soleil.anker@ermco-eci.com",,,,"LISA","False","3,750","POWER-W","SUBSTATION","B2","3,710",,"20","3",,,,,,"na","12,375x14,375","2x 33*10","91*182","23.75","309"
"M-LISA-0002","LIZCO SALES","MR-LISA-0002-V1","MR-LISA-0002-V1","False",,,,"97666",,,"2026-04-24T05:12:57Z","soleil.anker@ermco-eci.com","2026-08-13T17:37:44Z","soleil.anker@ermco-eci.com",,,,"LISA","False","5,000","POWER-W","SUBSTATION","FR3","1,205",,"20","3",,,,,,"na","11,25x14,375","45*10","3x 114*228","23.25","310"
"M-MAGA-0008","MADISON GAS § ELECTRIC","MR-MAGA-0008-V1","MR-MAGA-0008-V1","False",,,,"104129",,,"2026-04-24T05:12:59Z","soleil.anker@ermco-eci.com","2026-08-13T17:37:45Z","soleil.anker@ermco-eci.com",,,,"MAGA","False","500","NETWORK","NETWORK","FR3","320",,"15","3","PROTECTOR",,,"Switch","0","na","5,75x10,25","2x 50*12","9RD","13","311"
"M-MAGA-0009","MADISON GAS § ELECTRIC","MR-MAGA-0009-V1","MR-MAGA-0009-V1","False",,,,"104130",,,"2026-04-24T05:12:59Z","soleil.anker@ermco-eci.com","2026-08-13T17:37:45Z","soleil.anker@ermco-eci.com",,,,"MAGA","False","750","NETWORK","NETWORK"," FR3 ","330",,"16","3","PROTECTOR",,,"Switch","0","na","6,375x10,25","2x 50*16","102*204","16.75","312"
"M-MAGA-0010","MADISON GAS § ELECTRIC","MR-MAGA-0010-V1","MR-MAGA-0010-V1","False",,,,"104131",,,"2026-04-24T05:13:00Z","soleil.anker@ermco-eci.com","2026-08-13T17:37:45Z","soleil.anker@ermco-eci.com",,,,"MAGA","False","750","NETWORK","NETWORK","FR3","355",,"16","3","PROTECTOR",,,,"0","NA","7x10,25","50*12","91*182","12.75","313"
"M-MAGA-0011","MADISON GAS § ELECTRIC","MR-MAGA-0011-V1","MR-MAGA-0011-V1","False",,,,"104132",,,"2026-04-24T05:13:02Z","soleil.anker@ermco-eci.com","2026-08-13T17:37:46Z","soleil.anker@ermco-eci.com",,,,"MAGA","False","1,500","NETWORK","NETWORK","FR3","485",,"16","3",,,,,"0","0","7x12,25","2x 50*16","114*228","14.75","314"
"M-MAGA-0012","MADISON GAS § ELECTRIC","MR-MAGA-0012-V1","MR-MAGA-0012-V1","False",,,,"114282",,,"2026-04-24T05:13:06Z","soleil.anker@ermco-eci.com","2026-08-13T17:37:46Z","soleil.anker@ermco-eci.com",,,,"MAGA","False","750","NETWORK","NETWORK","FR3","354",,"16","3","PROTECTOR",,,,,"na","6,375x10,25","2x 50*16","102*204","16.75","319"
"M-MAGA-0013","MADISON GAS § ELECTRIC","MR-MAGA-0013-V1","MR-MAGA-0013-V1","False",,,,"116807",,,"2026-04-24T05:13:07Z","soleil.anker@ermco-eci.com","2026-08-13T17:37:46Z","soleil.anker@ermco-eci.com",,,,"MAGA","False","500","NETWORK","NETWORK","FR3","325","Amorphe","15","3",,,,,,,"6,375x9,25","2x 50*14","91*182","14.75","320"
"M-MAGA-0014","MADISON GAS § ELECTRIC","MR-MAGA-0014-V1","MR-MAGA-0014-V1","False",,,,"119773",,,"2026-04-24T05:13:08Z","soleil.anker@ermco-eci.com","2026-08-13T17:37:46Z","soleil.anker@ermco-eci.com",,,,"MAGA","False","500","NETWORK","NETWORK","FR3","330",,"15","3",,,,,,,"6,625x10,25","2x 50*14","102*204","14.75","321"
"M-MAGA-0015","MADISON GAS § ELECTRIC","MR-MAGA-0015-V1","MR-MAGA-0015-V1","False",,,,"119774",,,"2026-04-24T05:13:10Z","soleil.anker@ermco-eci.com","2026-08-13T17:37:46Z","soleil.anker@ermco-eci.com",,,,"MAGA","False","500","NETWORK","NETWORK","FR3","355",,"15","3",,,,,,,"6,625x10,25","2x 50*14","102*204","14.75","322"
"M-PIRE-0001","PINNACLE RENEWABLE ENERGY","MR-PIRE-0001-V1","MR-PIRE-0001-V1","False",,,,"139613",,,"2026-04-24T05:13:24Z","soleil.anker@ermco-eci.com","2026-08-13T17:37:48Z","soleil.anker@ermco-eci.com",,,,"PIRE","False","5,000","POWER-W","SUBSTATION","FR3","935",,"20","3",,,,,,,"10,785x12,5","2x 45*24","2x 114*228","25","335"
"M-OTHY-0010","OTTAWA HYDRO","MR-OTHY-0010-V1","MR-OTHY-0010-V1","False",,,"GMS-0002","518563",,,"2026-04-24T05:13:24Z","soleil.anker@ermco-eci.com","2026-08-21T05:47:39Z","soleil.anker@ermco-eci.com",,,,"OTHY","False","1,500","C2","VAULT-1PH","A2","1,950",,"27","1",,,,,,,"ronde","65*26","114*367 132*385","29","336"
"M-FIEN-0002","FIRST ENERGY","M-FIEN-0002","M-FIEN-0002","False",,,,"557842",,,"2026-04-24T05:13:25Z","soleil.anker@ermco-eci.com","2026-08-31T19:41:25Z","soleil.anker@ermco-eci.com",,,,"FIEN","False","2,500","PADMOUNT","PADMOUNT"," FR3 ","1,060",,"05","3",,,,,,,"8,5x13,375","33*10","128*256","23.25","337"
"M-OTHY-0011","OTTAWA HYDRO","MR-OTHY-0011-V1","MR-OTHY-0011-V1","False",,,"GMS-0002","616865","Up to Date",,"2026-04-24T05:13:27Z","soleil.anker@ermco-eci.com","2026-08-13T17:37:48Z","soleil.anker@ermco-eci.com","0",,,"OTHY","False","500","C2","VAULT-1PH","B2","620",,"03","1",,,,,"0","na","8,5x13,5","2x 50*14","128*256","14.75","339"
"M-HYQU-0040","HYDRO QUEBEC","MR-HYQU-0040-V1","MR-HYQU-0040-V1","False",,,,"1001608",,,"2026-04-24T05:13:40Z","soleil.anker@ermco-eci.com","2026-08-13T17:37:38Z","soleil.anker@ermco-eci.com",,,,"HYQU","False","667","C2","VAULT-1PH","A2","700",,"3","1",,,,"HQ Mono",,,"10,375x13,5","2x 50*14","114*228","15","348"
"M-HYQU-0043","HYDRO QUEBEC","MR-HYQU-0043-V1","MR-HYQU-0043-V1","False",,,,"1002081",,,"2026-04-24T05:13:42Z","soleil.anker@ermco-eci.com","2026-08-13T17:37:38Z","soleil.anker@ermco-eci.com",,,,"HYQU","False","333","SUBMERSIBLE","SUBWAY-1PH","A2","720","Cogent","27","1",,,,"HQ Mono",,,"8.875x10.25","50*14","114*228","14.75","351"
"M-HYQU-0047","HYDRO QUEBEC","MR-HYQU-0047-V1","MR-HYQU-0047-V1","False",,,,"1002417",,,"2026-04-24T05:13:47Z","soleil.anker@ermco-eci.com","2026-08-13T17:37:38Z","soleil.anker@ermco-eci.com",,,,"HYQU","False","300","SUBMERSIBLE","SUBWAY","A2","810",,"24","3",,,,"HQ",,"na","6x10,25","20*12","11RD","13.5","355"
"M-KBAU-0001","KBS Austin","MR-KBAU-0001-V1","MR-KBAU-0001-V1","False",,,,"1044322",,,"2026-04-24T05:53:29Z","soleil.anker@ermco-eci.com","2026-08-13T17:37:43Z","soleil.anker@ermco-eci.com","0",,,"KBAU","False","2,500","POWER-LTC","SUBSTATION LTC","FR3","636","Annexe","21","3",,,,,,,"7.875x12.5","4x 50*16","2x 128*256","33","364"
"M-HYQU-0058","HYDRO QUEBEC","MR-HYQU-0058-V1","MR-HYQU-0058-V1","False",,,,"1149649",,,"2026-04-24T05:53:30Z","soleil.anker@ermco-eci.com","2026-08-13T17:37:39Z","soleil.anker@ermco-eci.com",,,,"HYQU","False","2,500","PADMOUNT","PADMOUNT","A2","2,330",,"5","3",,,,,,,"10,5x13,5","2x 45*24","2x 114*228","25","367"
"M-HYQU-0060","HYDRO QUEBEC","MR-HYQU-0060-V1","MR-HYQU-0060-V1","False",,,,"1166058",,,"2026-04-24T05:53:31Z","soleil.anker@ermco-eci.com","2026-08-13T17:37:39Z","soleil.anker@ermco-eci.com",,,,"HYQU","False","24.9","ZIG-ZAG","MALT","A2","3,440","Annexe","23","3","T8",,,,,"na","ronde","125*400","125*400","34.625","369"
"M-HYQU-0061","HYDRO QUEBEC","MR-HYQU-0061-V1","MR-HYQU-0061-V1","False",,,,"1171120",,,"2026-04-24T05:53:31Z","soleil.anker@ermco-eci.com","2026-08-13T17:37:40Z","soleil.anker@ermco-eci.com",,,,"HYQU","False","69","ZIG-ZAG","MALT","A2","4,720","Annexe","22","3",,,,,,,"ronde","4x 88*111","4x 88*111","31.75","370"
"M-HYQU-0062","HYDRO QUEBEC","MR-HYQU-0062-V1","MR-HYQU-0062-V1","False",,,,"1190831-22",,,"2026-04-24T05:53:32Z","soleil.anker@ermco-eci.com","2026-08-13T17:37:40Z","soleil.anker@ermco-eci.com",,,,"HYQU","False","3,000","PADMOUNT","PADMOUNT","A2","4,260",,"5","3",,,,,,,"ronde","7x 65*232","108*253  126*271","34.88","371"
"M-HYQU-0063","HYDRO QUEBEC","MR-HYQU-0063-V1","MR-HYQU-0063-V1","False",,,,"1203364",,,"2026-04-24T05:53:32Z","soleil.anker@ermco-eci.com","2026-08-13T17:37:40Z","soleil.anker@ermco-eci.com",,,,"HYQU","False","0","0","Goujon",,"0",,"32","0",,,,,,,,,,,"372"
"M-HYQU-0064","HYDRO QUEBEC","MR-HYQU-0064-V1","MR-HYQU-0064-V1","False",,,,"4251081",,,"2026-04-24T05:53:33Z","soleil.anker@ermco-eci.com","2026-08-13T17:37:40Z","soleil.anker@ermco-eci.com",,,,"HYQU","False","24.9","ZIG-ZAG + SA","MALT + SA","A2","5,260","Annexe","40","3",,,,,,,"ronde","9x 64*207","9x 64*207","33.625","374"
"M-HYQU-0065","HYDRO QUEBEC","MR-HYQU-0065-V1","MR-HYQU-0065-V1","False",,,,"4251082",,,"2026-04-24T05:53:33Z","soleil.anker@ermco-eci.com","2026-08-13T17:37:40Z","soleil.anker@ermco-eci.com",,,,"HYQU","False","24.94","MALT + SA","MALT + SA","A2","6,210","Annexe","40","3","TYPE TEST",,,"stack",,,"ronde","9x 70*244","9x 70*244","28.125","375"
"M-HYQU-0066","HYDRO QUEBEC","MR-HYQU-0066-V1","MR-HYQU-0066-V1","False",,,,"4261859",,,"2026-04-24T05:53:34Z","soleil.anker@ermco-eci.com","2026-08-13T17:37:40Z","soleil.anker@ermco-eci.com",,,,"HYQU","False","24.94","ZIG-ZAG","MALT","A2","3,440","Annexe","22","3",,,,"stack",,"na","ronde","5x 70*246","5x 70*246","23.875","376"
"M-HYQU-0067","HYDRO QUEBEC","MR-HYQU-0067-V1","MR-HYQU-0067-V1","False",,,,"4261865",,,"2026-04-24T05:53:34Z","soleil.anker@ermco-eci.com","2026-08-13T17:37:40Z","soleil.anker@ermco-eci.com",,,,"HYQU","False","13.8","ZIG-ZAG + SA","MALT + SA",,,"Annexe","40","3","TYPE TEST",,,"stack",,,"ronde",,,,"377"
"M-HYQU-0068","HYDRO QUEBEC","MR-HYQU-0068-V1","MR-HYQU-0068-V1","False",,,,"4261870",,,"2026-04-24T05:53:34Z","soleil.anker@ermco-eci.com","2026-08-13T17:37:40Z","soleil.anker@ermco-eci.com",,,,"HYQU","False","24.94","ZIG-ZAG + SA","MALT + SA","A2","6,210","Annexe","40","3",,,,,,,"ronde","9x 70*244","9x 70*244","28.125","378"
"M-HYQU-0069","HYDRO QUEBEC","MR-HYQU-0069-V1","MR-HYQU-0069-V1","False",,,,"4261871",,,"2026-04-24T05:53:35Z","soleil.anker@ermco-eci.com","2026-08-13T17:37:40Z","soleil.anker@ermco-eci.com",,,,"HYQU","False","26.4","ZIG-ZAG + SA","MALT + SA","A2","5,260","Annexe","22","3",,,,,,,,,,,"379"
"M-HYQU-0070","HYDRO QUEBEC","MR-HYQU-0070-V1","MR-HYQU-0070-V1","False",,,,"4276087",,,"2026-04-24T05:53:36Z","soleil.anker@ermco-eci.com","2026-08-13T17:37:40Z","soleil.anker@ermco-eci.com",,,,"HYQU","False","12.5","ZIG-ZAG + SA","MALT + SA","A2","6,200","Annexe","40","3","TYPE TEST",,,,,,,,,,"380"
"M-HYQU-0071","HYDRO QUEBEC","MR-HYQU-0071-V1","MR-HYQU-0071-V1","False",,,,"4276269",,,"2026-04-24T05:53:35Z","soleil.anker@ermco-eci.com","2026-08-13T17:37:40Z","soleil.anker@ermco-eci.com",,,,"HYQU","False","12.5","LTC","LTC","A2","8,160","Annexe","40","3",,,,,,,"ronde","0.020*27.000","2x 0.040*27.000","30.25","381"
"M-HYQU-0072","HYDRO QUEBEC","MR-HYQU-0072-V1","MR-HYQU-0072-V1","False",,,,"4276691",,,"2026-04-24T05:53:36Z","soleil.anker@ermco-eci.com","2026-08-13T17:37:40Z","soleil.anker@ermco-eci.com",,,,"HYQU","False","12.5","LTC","LTC","A2","8,200","Annexe","40","3","TYPE TEST",,,,,,"ronde","2x 32*34","2x 112*301  2x 130*319","37.25","382"
"M-CENO-0001","CENOVUS","MR-CENO-0001-V1","MR-CENO-0001-V1","False",,,,"18334402",,,"2026-04-24T05:53:37Z","soleil.anker@ermco-eci.com","2026-08-13T17:37:23Z","soleil.anker@ermco-eci.com",,,,"CENO","False","3,000","POWER-W","SUBSTATION","A2","1,930",,"19","3",,,,,,,"9,25x12,5","2x 45*24","114*228","25","383"
"M-CENO-0002","CENOVUS","MR-CENO-0002-V1","MR-CENO-0002-V1","False",,,,"18334403",,,"2026-04-24T05:53:36Z","soleil.anker@ermco-eci.com","2026-08-13T17:37:23Z","soleil.anker@ermco-eci.com",,,,"CENO","False","2,500","POWER-W","SUBSTATION","A2","1,645",,"19","3",,,,,,,"8,5x12,375","20*10","114*228","23.5","384"
"M-HYQU-0073","HYDRO QUEBEC","MR-HYQU-0073-V1","MR-HYQU-0073-V1","False",,,,"42510001",,,"2026-04-24T05:53:37Z","soleil.anker@ermco-eci.com","2026-08-13T17:37:41Z","soleil.anker@ermco-eci.com",,,,"HYQU","False","24.9","ZIG-ZAG","MALT","A2","3,830","Annexe","22","3",,,,,,"na","ronde","9x 64*207","9x 64*207","33.625","385"
"M-ENMA-0047","ENMAX","MR-ENMA-0047-V1","MR-ENMA-0047-V1","False",,,,"100311773",,,"2026-04-24T05:53:37Z","soleil.anker@ermco-eci.com","2026-08-13T17:37:29Z","soleil.anker@ermco-eci.com",,,,"ENMA","False","750","NETWORK","NETWORK","Midel","1,350",,"16","3","RIGHT",,,,,"na","7,25x10,25","2x 45*14","11RD","15.5","386"
"M-ENMA-0048","ENMAX","MR-ENMA-0048-V1","MR-ENMA-0048-V1","False",,,,"100311912",,,"2026-04-24T05:53:38Z","soleil.anker@ermco-eci.com","2026-08-13T17:37:29Z","soleil.anker@ermco-eci.com",,,,"ENMA","False","2,000","NETWORK","NETWORK","Midel","2,510",,"16","3",,,,,,,"9x14,5","2x 45*20","2x 102*204","20.75","387"
"M-ENMA-0049","ENMAX","MR-ENMA-0049-V1","MR-ENMA-0049-V1","False",,,,"100311913",,,"2026-04-24T05:53:38Z","soleil.anker@ermco-eci.com","2026-08-13T17:37:29Z","soleil.anker@ermco-eci.com",,,,"ENMA","False","2,000","NETWORK","NETWORK","Midel","2,510",,"16","3",,,,,,,"9x14,5","2x 45*20","2x 102*204","20.75","388"
"M-ENMA-0050","ENMAX","M-ENMA-0050","M-ENMA-0050","False",,,,"100311925",,,"2026-04-24T05:53:38Z","soleil.anker@ermco-eci.com","2026-08-21T18:34:45Z","soleil.anker@ermco-eci.com",,,,"ENMA","False","1,000","NETWORK","NETWORK","Midel","1,500",,"16","3",,,,,,,"8.125x10.25","3x 45*20","114*228","21","389"
"M-ENMA-0051","ENMAX","M-ENMA-0051","M-ENMA-0051","False",,,,"100311926",,,"2026-04-24T05:53:39Z","soleil.anker@ermco-eci.com","2026-08-21T18:36:09Z","soleil.anker@ermco-eci.com",,,,"ENMA","False","1,000","NETWORK","NETWORK","Midel","1,500",,"16","3",,,,,,,"8.125x10.25","3x 45*20","114*228","21","390"
"M-ENMA-0052","ENMAX","MR-ENMA-0052-V1","MR-ENMA-0052-V1","False",,,,"100311929",,,"2026-04-24T05:53:39Z","soleil.anker@ermco-eci.com","2026-08-13T17:37:30Z","soleil.anker@ermco-eci.com",,,,"ENMA","False","500","NETWORK","NETWORK","Midel","1,170",,"24","3",,,,,,,"6,5 x 9,25","2x 33*14","10RD","15","391"
"M-ENMA-0053","ENMAX","MR-ENMA-0053-V1","MR-ENMA-0053-V1","False",,,,"100311930",,,"2026-04-24T05:53:39Z","soleil.anker@ermco-eci.com","2026-08-13T17:37:30Z","soleil.anker@ermco-eci.com",,,,"ENMA","False","500","NETWORK","NETWORK","Midel","1,170",,"24","3",,,,,,,"6,5x9,25","2x 33*14","10RD","15","392"
"M-ALST-0001","ALGOMA STEEL","MR-ALST-0001-V1","MR-ALST-0001-V1","False",,,,"300886782",,,"2026-04-24T05:53:40Z","soleil.anker@ermco-eci.com","2026-08-13T17:37:20Z","soleil.anker@ermco-eci.com",,,,"ALST","False","1,520","POWER-W","SUBSTATION","FR3","3,110",,"19","3",,,,,,,"10,25x12,5","33*16 45*16","81*162","17","393"
"M-TOHY-0034","TORONTO HYDRO","MR-TOHY-0034-V1","MR-TOHY-0034-V1","False",,,,"1000000920",,,"2026-04-24T05:53:40Z","soleil.anker@ermco-eci.com","2026-08-13T17:37:56Z","soleil.anker@ermco-eci.com",,,,"TOHY","False","1,500","SUBMERSIBLE","SUBWAY",,"0",,,"3",,,,,,,,,,,"394"
"M-ENTE-0001","ENTERGY","M-ENTE-0001","M-ENTE-0001","False",,,,"6000000974","Minor Changes",,"2026-04-24T05:53:41Z","soleil.anker@ermco-eci.com","2026-08-19T18:04:20Z","soleil.anker@ermco-eci.com","2","ASAP","2026-08-12T04:00:00Z","ENTE","False","1,000","NETWORK","NETWORK","B2","1,430",,"16","3",,,,,,,"6.5x10.25","3x 45*28","2x 91*182","29","395"
"M-HYQU-0074","HYDRO QUEBEC","MR-HYQU-0074-V1","MR-HYQU-0074-V1","False",,,,"1002158-22",,,"2026-04-24T05:53:41Z","soleil.anker@ermco-eci.com","2026-08-13T17:37:41Z","soleil.anker@ermco-eci.com",,,,"HYQU","False","250","SUBMERSIBLE","SUBWAY-1PH",,"0","Amorphe",,"1",,,,,,,,,,,"396"
"M-HYQU-0075","HYDRO QUEBEC","MR-HYQU-0075-V1","MR-HYQU-0075-V1","False",,,,"1002178-22",,,"2026-04-24T05:53:42Z","soleil.anker@ermco-eci.com","2026-08-13T17:37:41Z","soleil.anker@ermco-eci.com",,,,"HYQU","False","250","SUBMERSIBLE","SUBWAY-1PH","A2","490","Amorphe","27","1",,,,,,,"7,625x11,75","2x 45*12","91*182","13","397"
"M-HYQU-0076","HYDRO QUEBEC","MR-HYQU-0076-V1","MR-HYQU-0076-V1","False",,,,"4251081/1166353",,,"2026-04-24T05:53:42Z","soleil.anker@ermco-eci.com","2026-08-13T17:37:41Z","soleil.anker@ermco-eci.com",,,,"HYQU","False","300","MALT + SA","MALT + SA",,"0",,"22","3",,,,,,,,,,,"398"
"M-HYQU-0077","HYDRO QUEBEC","MR-HYQU-0077-V1","MR-HYQU-0077-V1","False",,,,"4251082/1166354",,,"2026-04-24T05:53:42Z","soleil.anker@ermco-eci.com","2026-08-13T17:37:41Z","soleil.anker@ermco-eci.com",,,,"HYQU","False","1,000","MALT + SA","MALT + SA",,"0",,"22","3",,,,,,,,,,,"399"
"M-HYQU-0078","HYDRO QUEBEC","MR-HYQU-0078-V1","MR-HYQU-0078-V1","False",,,,"4276269/1189342",,,"2026-04-24T05:53:43Z","soleil.anker@ermco-eci.com","2026-08-13T17:37:41Z","soleil.anker@ermco-eci.com",,,,"HYQU","False","3,000","LTC","LTC",,"0",,"22","3",,,,,,,,,,,"400"
"M-HYQU-0079","HYDRO QUEBEC","MR-HYQU-0079-V1","MR-HYQU-0079-V1","False",,,,"4276086/1189360",,,"2026-04-24T05:53:43Z","soleil.anker@ermco-eci.com","2026-08-13T17:37:41Z","soleil.anker@ermco-eci.com",,,,"HYQU","False","3,000","LTC","LTC",,"0",,"22","3",,,,,,,,,,,"401"
"M-HYQU-0080","HYDRO QUEBEC","MR-HYQU-0080-V1","MR-HYQU-0080-V1","False",,,,"4276087/1189361",,,"2026-04-24T05:53:44Z","soleil.anker@ermco-eci.com","2026-08-13T17:37:41Z","soleil.anker@ermco-eci.com",,,,"HYQU","False","1,000","LTC","LTC",,"0",,"22","3",,,,,,,,,,,"402"
"M-HYQU-0081","HYDRO QUEBEC","MR-HYQU-0081-V1","MR-HYQU-0081-V1","False",,,,"4276691/1189843",,,"2026-04-24T05:53:44Z","soleil.anker@ermco-eci.com","2026-08-13T17:37:41Z","soleil.anker@ermco-eci.com",,,,"HYQU","False","3,000","LTC","LTC",,"0",,"22","3",,,,,,,,,,,"403"
"M-SCTE-0001","SC TECHNICAL SERVICES LTD","MR-SCTE-0001-V1","MR-SCTE-0001-V1","False",,,,"40Z0150",,,"2026-04-24T05:53:44Z","soleil.anker@ermco-eci.com","2026-08-13T17:37:52Z","soleil.anker@ermco-eci.com",,,,"SCTE","False","0","SPARE PARTS","SPARE PARTS",,"0",,"32","0",,,,,,,,,,,"404"
"M-HYQU-0082","HYDRO QUEBEC","MR-HYQU-0082-V1","MR-HYQU-0082-V1","False",,,,"4251001 / 1166058",,,"2026-04-24T05:53:44Z","soleil.anker@ermco-eci.com","2026-08-13T17:37:41Z","soleil.anker@ermco-eci.com",,,,"HYQU","False","24.9","ZIG-ZAG","MALT","A2","3,830","Annexe","22","3",,,,,,"na","ronde","9x 64*207","9x 64*207","33.625","405"
"M-WESC-0002","WESCO","MR-WESC-0002-V1","MR-WESC-0002-V1","False",,,,"43-8146",,,"2026-04-24T05:53:45Z","soleil.anker@ermco-eci.com","2026-08-13T17:37:56Z","soleil.anker@ermco-eci.com",,,,"WESC","False","1,500","SUBSTATION","SUBSTATION","FR3","700",,"19","3",,,,,,,"10.875x12.5","2x 33*16","11RD","17","407"
"M-LISA-0003","LIZCO SALES","MR-LISA-0003-V1","MR-LISA-0003-V1","False",,,,"A454200",,,"2026-04-24T05:53:46Z","soleil.anker@ermco-eci.com","2026-08-13T17:37:44Z","soleil.anker@ermco-eci.com",,,,"LISA","False","2,000","POWER-W","SUBSTATION","B2","2,805",,"19","3",,,,,,,"10,375x13,5","2x 33*18","9RD","18.75","409"
"M-LISA-0004","LIZCO SALES","MR-LISA-0004-V1","MR-LISA-0004-V1","False",,,,"A454300",,,"2026-04-24T05:53:46Z","soleil.anker@ermco-eci.com","2026-08-13T17:37:44Z","soleil.anker@ermco-eci.com",,,,"LISA","False","3,000","POWER-W","SUBSTATION","B2","2,510",,"19","3",,,,,,,"9,375 x 14,5","1x 33*28 1x50*28","91*182","30.75","410"
"M-SIEN-0001","SIEMENS ENERGY","MR-SIEN-0001-V1","MR-SIEN-0001-V1","False",,,,"E21011",,,"2026-04-24T05:53:47Z","soleil.anker@ermco-eci.com","2026-08-13T17:37:52Z","soleil.anker@ermco-eci.com",,,,"SIEN","False","1,000","SUBSTATION","SUBSTATION",,"0",,,"3",,,,,,,,,,,"411"
"M-SIEN-0002","SIEMENS ENERGY","MR-SIEN-0002-V1","MR-SIEN-0002-V1","False",,,,"E21012",,,"2026-04-24T05:53:47Z","soleil.anker@ermco-eci.com","2026-08-13T17:37:52Z","soleil.anker@ermco-eci.com",,,,"SIEN","False","2,000","SUBSTATION","SUBSTATION",,"0",,,"3",,,,,,,,,,,"412"
"M-SIEN-0003","SIEMENS ENERGY","MR-SIEN-0003-V1","MR-SIEN-0003-V1","False",,,,"E21014",,,"2026-04-24T05:53:48Z","soleil.anker@ermco-eci.com","2026-08-13T17:37:52Z","soleil.anker@ermco-eci.com",,,,"SIEN","False","1,000","SUBSTATION","SUBSTATION",,"0",,"19","3",,,,,,,,,,,"413"
"M-SIEN-0004","SIEMENS ENERGY","MR-SIEN-0004-V1","MR-SIEN-0004-V1","False",,,,"E21015",,,"2026-04-24T05:53:48Z","soleil.anker@ermco-eci.com","2026-08-13T17:37:52Z","soleil.anker@ermco-eci.com",,,,"SIEN","False","2,000","SUBSTATION","SUBSTATION",,"0",,"19","3",,,,,,,,,,,"414"
"M-CAIN-0001","CAPSTONE INFRASTRUCTURE","MR-CAIN-0001-V1","MR-CAIN-0001-V1","False",,,,"E21016",,,"2026-04-24T05:53:48Z","soleil.anker@ermco-eci.com","2026-08-13T17:37:23Z","soleil.anker@ermco-eci.com",,,,"CAIN","False","3,000","PADMOUNT","PADMOUNT",,"0",,"5","3",,,,,,,,,,,"415"
"M-CRSC-0001","CRSC","MR-CRSC-0001-V1","MR-CRSC-0001-V1","False",,,,"FAN KIT",,,"2026-04-24T05:53:49Z","soleil.anker@ermco-eci.com","2026-08-13T17:37:23Z","soleil.anker@ermco-eci.com",,,,"CRSC","False","0","PARTS","PARTS",,"0",,"1","0",,,,,,,,,,,"416"
"M-HYQU-0083","HYDRO QUEBEC","MR-HYQU-0083-V1","MR-HYQU-0083-V1","False",,,,"G1168A122",,,"2026-04-24T05:53:49Z","soleil.anker@ermco-eci.com","2026-08-13T17:37:41Z","soleil.anker@ermco-eci.com",,,,"HYQU","False","0","0","PLAQUE ANCRAGE",,"0",,"32","0",,,,,,,,,,,"417"
"M-PITR-0002","PIONEER TRANSFORMERS","MR-PITR-0002-V1","MR-PITR-0002-V1","False",,,,"G15545",,,"2026-04-24T05:53:49Z","soleil.anker@ermco-eci.com","2026-08-13T17:37:49Z","soleil.anker@ermco-eci.com",,,,"PITR","False","1,500","C2","VAULT-1PH","FR3","515",,"3","3",,,,,,,"10x10,5","2x 33*16","91*182","17","418"
"M-PITR-0003","PIONEER TRANSFORMERS","MR-PITR-0003-V1","MR-PITR-0003-V1","False",,,,"G16948",,,"2026-04-24T05:53:50Z","soleil.anker@ermco-eci.com","2026-08-13T17:37:49Z","soleil.anker@ermco-eci.com",,,,"PITR","False","20","C2","VAULT-1PH","FR3","146",,"3","1",,,,,,,"6,835x10,375","102*204","19RD","17.5","419"
"M-GOSO-0001","GOLDEN SOUTH WIND","MR-GOSO-0001-V1","MR-GOSO-0001-V1","False",,,,"G19515",,,"2026-04-24T05:53:50Z","soleil.anker@ermco-eci.com","2026-08-13T17:37:33Z","soleil.anker@ermco-eci.com",,,,"GOSO","False","4,889","PADMOUNT","PADMOUNT",,"0",,"32","3",,,,,,,,,,,"420"
"M-TECO-0001","TECHNO CONTACT","MR-TECO-0001-V1","MR-TECO-0001-V1","False",,,,"G19921",,,"2026-04-24T05:53:51Z","soleil.anker@ermco-eci.com","2026-08-13T17:37:52Z","soleil.anker@ermco-eci.com",,,,"TECO","False","2,500","POWER-W","SUBSTATION","Luminol","2,430",,"19","3",,,,,,,"8,75x10,5","2x 45*20","128*256","21","421"
"M-TECO-0002","TECHNO CONTACT","MR-TECO-0002-V1","MR-TECO-0002-V1","False",,,,"G21730",,,"2026-04-24T05:53:51Z","soleil.anker@ermco-eci.com","2026-08-13T17:37:52Z","soleil.anker@ermco-eci.com",,,,"TECO","False","500","PADMOUNT","PADMOUNT","B2","1,108",,"4","3",,,,,,,"6x10,25","45x12","81*162","13","422"
"M-TECO-0003","TECHNO CONTACT","MR-TECO-0003-V1","MR-TECO-0003-V1","False",,,,"G21731",,,"2026-04-24T05:53:51Z","soleil.anker@ermco-eci.com","2026-08-13T17:37:52Z","soleil.anker@ermco-eci.com",,,,"TECO","False","2,500","POWER-W","SUBSTATION",,"0",,,"3",,,,,,,,,,,"423"
"M-LGEN-0008","LG§E","MR-LGEN-0008-V1","MR-LGEN-0008-V1","False",,,,"G21931",,,"2026-04-24T05:53:52Z","soleil.anker@ermco-eci.com","2026-08-13T17:37:44Z","soleil.anker@ermco-eci.com",,,,"LGEN","False","13.8","MALT","MALT","B2","890","Annexe","22","3",,,,,,,"ronde","81*162","81*162","19.125","424"
"M-MULT-0002","MULTITECH","MR-MULT-0002-V1","MR-MULT-0002-V1","False",,,,"NY250137-40380-M",,,"2026-04-24T05:56:29Z","soleil.anker@ermco-eci.com","2026-08-13T17:37:46Z","soleil.anker@ermco-eci.com",,,,"MULT","False","1,000","POWER-W","SUBSTATION","B2","2,640",,"5","3",,,,,,,"9.375x10.25","45*16","13RD","17","425"
"M-UNUT-0001","UNITED UTILITY SUPPLY","MR-UNUT-0001-V1","MR-UNUT-0001-V1","False",,,,"P170C7B7ABI",,,"2026-04-24T05:56:30Z","soleil.anker@ermco-eci.com","2026-08-13T17:37:56Z","soleil.anker@ermco-eci.com",,,,"UNUT","False","5,000","PADMOUNT","PADMOUNT",,"0",,"6","3",,,,,,,,,,,"426"
"M-KEEL-0001","KENTUCKY ELECTRIC","MR-KEEL-0001-V1","MR-KEEL-0001-V1","False",,,,"PI750NETCOH",,,"2026-04-24T05:56:30Z","soleil.anker@ermco-eci.com","2026-08-13T17:37:43Z","soleil.anker@ermco-eci.com",,,,"KEEL","False","750","NETWORK","NETWORK",,"0",,"16","3",,,,,,,"6,75x10,25","2x 50*16","102*204","17","427"
"M-HITA-0001","HITACHI","MR-HITA-0001-V1","MR-HITA-0001-V1","False",,,,"T1.AL.TA1",,,"2026-04-24T05:56:30Z","soleil.anker@ermco-eci.com","2026-08-13T17:37:33Z","soleil.anker@ermco-eci.com",,,,"HITA","False","3,000","POWER-LTC","SUBSTATION LTC","A2","6,310","Annexe","21","3",,,,,,"na","ronde","2x 32*34,5","2x 126*256","36.75","428"
"M-HITA-0002","HITACHI","MR-HITA-0002-V1","MR-HITA-0002-V1","False",,,,"T1.AL.TA2",,,"2026-04-24T05:56:31Z","soleil.anker@ermco-eci.com","2026-08-13T17:37:33Z","soleil.anker@ermco-eci.com",,,,"HITA","False","3,000","POWER-LTC","SUBSTATION LTC","A2","0","Annexe","21","3",,,,,,"na","ronde","2x 32*34,5","2x 126*256","36.75","429"
"M-HITA-0003","HITACHI","MR-HITA-0003-V1","MR-HITA-0003-V1","False",,,,"TMP1",,,"2026-04-24T05:56:31Z","soleil.anker@ermco-eci.com","2026-08-13T17:37:34Z","soleil.anker@ermco-eci.com",,,,"HITA","False","0","POWER-LTC","SUBSTATION LTC","A2","6,310","Annexe","21","3",,,,,,"na","ronde","2x 32*34,5","2x 126*256","36.75","430"
"M-HYQU-0084","HYDRO QUEBEC","MR-HYQU-0084-V1","MR-HYQU-0084-V1","False",,,,"TMP10",,,"2026-04-24T05:56:32Z","soleil.anker@ermco-eci.com","2026-08-13T17:37:42Z","soleil.anker@ermco-eci.com",,,,"HYQU","False","3,000","POWER-LTC","SUBSTATION LTC","A2","6,900","Annexe","21","3",,,,,,,"ronde","2x 35*34","2x 112*270  130*288","37.25","431"
"M-HYQU-0085","HYDRO QUEBEC","MR-HYQU-0085-V1","MR-HYQU-0085-V1","False",,,,"TMP11",,,"2026-04-24T05:56:32Z","soleil.anker@ermco-eci.com","2026-08-13T17:37:42Z","soleil.anker@ermco-eci.com",,,,"HYQU","False","3,000","POWER-LTC","SUBSTATION LTC","A2","8,160","Annexe","21","3",,,,,,,"ronde",,,,"432"
"M-ENBR-0001","ENBRIDGE","MR-ENBR-0001-V1","MR-ENBR-0001-V1","False",,,,"TMP2",,,"2026-04-24T05:56:32Z","soleil.anker@ermco-eci.com","2026-08-13T17:37:24Z","soleil.anker@ermco-eci.com",,,,"ENBR","False","10,000","POWER-S","SUBST-STACK","Luminol","6,200",,"23","3",,,,,,"na","ronde","35*24,88","2x 110*364","56","433"
"M-HYQU-0086","HYDRO QUEBEC","MR-HYQU-0086-V1","MR-HYQU-0086-V1","False",,,,"TMP3",,,"2026-04-24T05:56:33Z","soleil.anker@ermco-eci.com","2026-08-13T17:37:42Z","soleil.anker@ermco-eci.com",,,,"HYQU","False","24.94","ZIG-ZAG + SA","MALT + SA","A2","5,980","Annexe","40","3",,,,,,"na","ronde","9x 70*244","9x 70*244","28.125","434"
"M-HYQU-0087","HYDRO QUEBEC","MR-HYQU-0087-V1","MR-HYQU-0087-V1","False",,,,"TMP4",,,"2026-04-24T05:56:33Z","soleil.anker@ermco-eci.com","2026-08-13T17:37:42Z","soleil.anker@ermco-eci.com",,,,"HYQU","False","24.94","ZIG-ZAG + SA","MALT + SA","A2","5,980","Annexe","40","3",,,,,,"na","9,375x10,25","50*14","81*162","15","435"
"M-HYQU-0088","HYDRO QUEBEC","MR-HYQU-0088-V1","MR-HYQU-0088-V1","False",,,,"TMP5",,,"2026-04-24T05:56:34Z","soleil.anker@ermco-eci.com","2026-08-13T17:37:42Z","soleil.anker@ermco-eci.com",,,,"HYQU","False","24.94","ZIG-ZAG","MALT","A2","3,830","Annexe","22","3",,,,,,"na","ronde","9x 64*207","9x 64*207","33.625","436"
"M-HYQU-0089","HYDRO QUEBEC","MR-HYQU-0089-V1","MR-HYQU-0089-V1","False",,,,"TMP6",,,"2026-04-24T05:56:34Z","soleil.anker@ermco-eci.com","2026-08-13T17:37:42Z","soleil.anker@ermco-eci.com",,,,"HYQU","False","24.94","ZIG-ZAG + SA","MALT + SA","A2","5,250","Annexe","40","3",,,,,,"na","8,375x9,25","45*10","11,5RD","11.25","437"
"M-HYQU-0090","HYDRO QUEBEC","MR-HYQU-0090-V1","MR-HYQU-0090-V1","False",,,,"TMP7",,,"2026-04-24T05:56:35Z","soleil.anker@ermco-eci.com","2026-08-13T17:37:42Z","soleil.anker@ermco-eci.com",,,,"HYQU","False","3,000","POWER-LTC","SUBSTATION LTC","A2","8,080","Annexe","21","3",,,,"HQ Stack Core",,,"ronde","2x 44*29","9x 70*252","31","438"
"M-HYQU-0091","HYDRO QUEBEC","MR-HYQU-0091-V1","MR-HYQU-0091-V1","False",,,,"TMP8",,,"2026-04-24T05:56:35Z","soleil.anker@ermco-eci.com","2026-08-13T17:37:42Z","soleil.anker@ermco-eci.com",,,,"HYQU","False","24.94","POWER-LTC","SUBSTATION LTC","B2","6,280","Annexe","21","3",,,,,,"na","ronde","2x 35*30,250","2x 113*266","32.5","439"
"M-HYQU-0092","HYDRO QUEBEC","M-HYQU-0092","M-HYQU-0092","False",,,,"TMP9",,,"2026-04-24T05:56:36Z","soleil.anker@ermco-eci.com","2026-09-01T10:28:18Z","soleil.anker@ermco-eci.com",,,,"HYQU","False","4.16","ZIG-ZAG + SA","MALT + SA","A2","2,970","Annexe","40","3","RAPPORT SISMIQUE",,,,,,"ronde","114*228","114*228","10.625","440"
"M-GTWO-0001","G.T. WOOD","MR-GTWO-0001-V1","MR-GTWO-0001-V1","False",,,,"WRG3015.FANKIT",,,"2026-04-24T05:56:36Z","soleil.anker@ermco-eci.com","2026-08-13T17:37:33Z","soleil.anker@ermco-eci.com",,,,"GTWO","False","0","SPARE PARTS","SPARE PARTS",,"0",,"36","0",,,,,,,,,,,"441"
"M-TECO-0004","TECHNO CONTACT","MR-TECO-0004-V1","MR-TECO-0004-V1","False",,,,"G20164W2",,,"2026-04-24T05:56:36Z","soleil.anker@ermco-eci.com","2026-08-13T17:37:53Z","soleil.anker@ermco-eci.com",,,,"TECO","False","2,000","SUBSTATION","SUBSTATION","FR3","570",,"20","3",,,,,,,,,,,"442"
"M-FIEN-0003","FIRST ENERGY","MR-FIEN-0003-V1","MR-FIEN-0003-V1","False",,,,"557831",,,"2026-04-24T05:56:37Z","soleil.anker@ermco-eci.com","2026-08-13T17:37:31Z","soleil.anker@ermco-eci.com",,,,"FIEN","False","1,500","PADMOUNT","PADMOUNT",,,,"05","3",,,,,,,,,,,"443"
"M-XCEN-0010","XCEL ENERGY NORTHERN","MR-XCEN-0010-V1","MR-XCEN-0010-V1","False",,,,"G20883",,,"2026-04-24T05:56:37Z","soleil.anker@ermco-eci.com","2026-08-13T17:37:57Z","soleil.anker@ermco-eci.com",,,,"XCEN","False","1,500","NETWORK","NETWORK",,"0",,"16","3",,,,,,,,,,,"444"
"M-TECO-0005","TECHNO CONTACT","MR-TECO-0005-V1","MR-TECO-0005-V1","False",,,,"G20163",,,"2026-04-24T05:56:37Z","soleil.anker@ermco-eci.com","2026-08-13T17:37:53Z","soleil.anker@ermco-eci.com",,,,"TECO","False","1,250","SUBSTATION","SUBSTATION",,"0",,"19","3",,,,,,,,,,,"445"
"M-TECO-0006","TECHNO CONTACT","MR-TECO-0006-V1","MR-TECO-0006-V1","False",,,,"G20165",,,"2026-04-24T05:56:38Z","soleil.anker@ermco-eci.com","2026-08-13T17:37:53Z","soleil.anker@ermco-eci.com",,,,"TECO","False","3,750","SUBSTATION","SUBSTATION",,"0",,"20","3",,,,,,,,,,,"446"
"M-TECO-0007","TECHNO CONTACT","MR-TECO-0007-V1","MR-TECO-0007-V1","False",,,,"G20162",,,"2026-04-24T05:56:38Z","soleil.anker@ermco-eci.com","2026-08-13T17:37:53Z","soleil.anker@ermco-eci.com",,,,"TECO","False","750","SUBSTATION","SUBSTATION",,"0",,,"3",,,,,,,,,,,"447"
"M-MEEN-0001","MEG Energy","MR-MEEN-0001-V1","MR-MEEN-0001-V1","False",,,,"1147005","Up to Date",,"2026-05-04T07:44:04Z","soleil.anker@ermco-eci.com","2026-08-13T17:37:46Z","soleil.anker@ermco-eci.com","0","ASAP",,"MEEN","False","1,500","Substation","Substation",,,,,"3",,,"Y",,,,,,,,"459"
"M-MEEN-0002","MEG Energy","MR-MEEN-0002-V1","MR-MEEN-0002-V1","False",,,,"1147006","Up to Date",,"2026-05-04T07:44:04Z","soleil.anker@ermco-eci.com","2026-08-13T17:37:46Z","soleil.anker@ermco-eci.com","0","ASAP",,"MEEN","False","2,500","Substation","Substation",,,,,"3",,,"Y",,,,,,,,"460"
"M-MEEN-0003","MEG Energy","MR-MEEN-0003-V1","MR-MEEN-0003-V1","False",,,,"1147007","Up to Date",,"2026-05-04T07:44:05Z","soleil.anker@ermco-eci.com","2026-08-13T17:37:46Z","soleil.anker@ermco-eci.com","0","ASAP",,"MEEN","False","2,500","Substation","SUBSTATION",,,,,"3",,,"Y",,,,,,,,"461"
"M-MEEN-0004","MEG Energy","MR-MEEN-0004-V1","MR-MEEN-0004-V1","False",,,,"1147011","Up to Date",,"2026-05-04T07:44:06Z","soleil.anker@ermco-eci.com","2026-08-13T17:37:46Z","soleil.anker@ermco-eci.com","0","ASAP",,"MEEN","False","7,500","Substation","Substation",,,,,"3",,,"Y",,,,,,,,"462"
"M-MEEN-0005","MEG Energy","MR-MEEN-0005-V1","MR-MEEN-0005-V1","False",,,,"1147005","Up to Date",,"2026-05-04T07:44:08Z","soleil.anker@ermco-eci.com","2026-08-13T17:37:46Z","soleil.anker@ermco-eci.com","0","ASAP",,"MEEN","False","7,500","Substation","Substation",,,,,"3",,,"Y",,,,,,,,"463"
"M-PITR-0001","PIONEER TRANSFORMERS","MR-PITR-0001-V1","MR-PITR-0001-V1","False",,,,"1002560-22","Up to Date",,"2026-05-04T07:47:54Z","soleil.anker@ermco-eci.com","2026-08-13T17:37:48Z","soleil.anker@ermco-eci.com","0","ASAP",,"PITR","False","100","PROTO MINIPAD","PROTOTYPE","A2","360","None","1","1",,,,,,,"7.25x8.875","33*12","11.5RD","12.75","464"
"M-LGEN-0001","LG§E","MR-LGEN-0001-V1","MR-LGEN-0001-V1","False",,,,"25131","Up to Date",,"2026-05-04T07:53:04Z","soleil.anker@ermco-eci.com","2026-08-13T17:37:43Z","soleil.anker@ermco-eci.com","0","ASAP",,"LGEN","False","138","ZIG-ZAG","MALT","B2","890","Annexe","22","3",,,,,,,"ronde","81*162","81*162","19,125","465"
"M-HYQU-0001","HYDRO QUEBEC","M-HYQU-0001","M-HYQU-0001","False",,,,"1001912-22A","Up to Date",,"2026-05-04T14:16:19Z","soleil.anker@ermco-eci.com","2026-08-31T19:41:25Z","soleil.anker@ermco-eci.com","0","ASAP",,"HYQU","False","2,000","ANNEX","ANNEX","A2","1,620","Cogent","32","3",,,,"HQ",,,"10,75x13,5","2x 45*16","2x 102*204","16.75","466"
"M-POWE-0001","POWERTECK","MR-POWE-0001-V1","MR-POWE-0001-V1","False",,,,"G21778","Up to Date",,"2026-05-04T14:18:57Z","soleil.anker@ermco-eci.com","2026-08-13T17:37:49Z","soleil.anker@ermco-eci.com","0","ASAP",,"POWE","False","1,500","POWER-W","SUBSTATION","B2","2,610","None","19","3",,,,,,,"9,875x12,5","45*16","11,5RD","1,675","467"
"M-HYQU-0002","HYDRO QUEBEC","MR-HYQU-0002-V1","MR-HYQU-0002-V1","False",,,,"G21523","Up to Date",,"2026-05-04T14:20:36Z","soleil.anker@ermco-eci.com","2026-08-13T17:37:34Z","soleil.anker@ermco-eci.com","0","ASAP",,"HYQU","False","24.94","ZIG-ZAG + SA","MALT + SA","A2","5,160","Annexe","40","3",,,,"stack",,,"ronde","9x 64*207","9x 64*207","33.625","468"
"M-HYQU-0003","HYDRO QUEBEC","MR-HYQU-0003-V1","MR-HYQU-0003-V1","False",,,,"REPARATION","Up to Date",,"2026-05-04T14:23:48Z","soleil.anker@ermco-eci.com","2026-08-13T17:37:34Z","soleil.anker@ermco-eci.com","0","ASAP",,"HYQU","False","1,500","PADMOUNT","PADMOUNT","A2","1,805","None","5","3",,,,"HQ","0","0","7.5x10.25","45*12","91*182","1,675","469"
"M-HYQU-0004","HYDRO QUEBEC","MR-HYQU-0004-V1","MR-HYQU-0004-V1","False",,,,"N/A","Up to Date",,"2026-05-04T14:24:20Z","soleil.anker@ermco-eci.com","2026-08-13T17:37:34Z","soleil.anker@ermco-eci.com","0","ASAP",,"HYQU","False","2,494","ZIG-ZAG + SA",,"A2",,"Cogent",,,,,,"stackore",,"na","ronde","45*10","11,5 RD","1,125","470"
"M-LGEN-0002","LG§E","MR-LGEN-0002-V1","MR-LGEN-0002-V1","False",,,,"1","Up to Date",,"2026-05-04T14:30:13Z","soleil.anker@ermco-eci.com","2026-08-13T17:37:43Z","soleil.anker@ermco-eci.com","0","ASAP",,"LGEN","False","0","ZIG ZAG","ZIG ZAG","B2","1,410","None","22","3",,,,"th","0","na","7,875x13,25","33*14 45*14","114*228","15","471"
"M-POMT-0001","PORT DE MTL","MR-POMT-0001-V1","MR-POMT-0001-V1","False",,,,"10","Up to Date",,"2026-05-04T14:33:03Z","soleil.anker@ermco-eci.com","2026-08-13T17:37:49Z","soleil.anker@ermco-eci.com","0","ASAP",,"POMT","False","1,000","Substation","SUBSTATION","A2","1,561","None","19","3",,,,,"0","na","8,125x10,5","2x 45*16","128*256","16.75","472"
"M-BEEL-0001","BEAVER ELECTRICAL ","MR-BEEL-0001-V1","MR-BEEL-0001-V1","False",,,,"G20877","Up to Date",,"2026-05-04T14:35:08Z","soleil.anker@ermco-eci.com","2026-08-13T17:37:23Z","soleil.anker@ermco-eci.com","0","ASAP",,"BEEL","False","2,500","Substation","SUBSTATION","None",,"None","19","3",,,,,,,,,,,"473"
"M-ATCO-0001","ATCO","MR-ATCO-0001-V1","MR-ATCO-0001-V1","False",,,,"M-ATCO-0001","Up to Date",,"2026-05-05T14:21:24Z","soleil.anker@ermco-eci.com","2026-08-13T17:37:20Z","soleil.anker@ermco-eci.com","0","ASAP",,"ATCO","False","15,000","SUBSTATION","SUBSTATION","None",,"None",,"3",,,,,,,,,,,"474"
"M-RIED-0001","Rising Edge Group","MR-RIED-0001-V1","MR-RIED-0001-V1","False",,,,"M-RIED-0001","Up to Date",,"2026-05-05T14:23:26Z","soleil.anker@ermco-eci.com","2026-08-13T17:37:52Z","soleil.anker@ermco-eci.com","0","ASAP",,"RIED","False","2,500","PADMOUNT","PADMOUNT","None",,"None",,"3",,,,,,,,,,,"475"
"M-MULT-0001","MULTITECH","MR-MULT-0001-V1","MR-MULT-0001-V1","False",,,,"M-MULT-0001","Up to Date",,"2026-05-05T14:25:01Z","soleil.anker@ermco-eci.com","2026-08-13T17:37:46Z","soleil.anker@ermco-eci.com","0","ASAP",,"MULT","False","0","SUBSTATION","SUBSTATION","None",,"None",,"3",,,,,,,,,,,"476"
"M-WESC-0001","WESCO","MR-WESC-0001-V1","MR-WESC-0001-V1","False",,,,"M-WESC-0001","Up to Date",,"2026-05-05T14:27:59Z","soleil.anker@ermco-eci.com","2026-08-13T17:37:56Z","soleil.anker@ermco-eci.com","0","ASAP",,"WESC","False","0","SUBSTATION","SUBSTATION","None",,"None",,"3",,,,,,,,,,,"477"
"M-ENMA-0001","ENMAX","MR-ENMA-0001-V1","MR-ENMA-0001-V1","False",,,"506-3T85-003","61200220012-316L","Up to Date","<p>CUVE ET RADIATEUR EN STANLESS-STEEL</p>","2026-05-21T17:28:24Z","ABouthillette@pioneertransformers.com","2026-08-13T17:37:24Z","soleil.anker@ermco-eci.com","0","ASAP",,"ENMA","False","500","NETWORK",,"A2",,"None",,,,,,,,,,,,,"478"
"M-ELPA-0001","EL PASO ELECTRIC","MR-ELPA-0001-V1","MR-ELPA-0001-V1","False",,,,"G22063","Up to Date",,"2026-06-04T18:11:44Z","soleil.anker@ermco-eci.com","2026-08-13T17:37:24Z","soleil.anker@ermco-eci.com","0","ASAP",,"ELPA","False","500","NETWORK","NETWORK","None",,"None",,"3",,,,,,,"5.75x10.25","2x 45*16","81*162","16.75","479"
"M-ELPA-0002","EL PASO ELECTRIC","MR-ELPA-0002-V1","MR-ELPA-0002-V1","False",,,,"G22064","Up to Date",,"2026-06-04T18:11:51Z","soleil.anker@ermco-eci.com","2026-08-13T17:37:24Z","soleil.anker@ermco-eci.com","0","ASAP",,"ELPA","False","1,000","NETWORK","NETWORK","None",,"None",,"3",,,,,,,"6.5x12.25","2x 33*16","102*204","17","480"
"M-EPBC-0001","ELECTRIC POWER BOARD","MR-EPBC-0001-V1","MR-EPBC-0001-V1","False",,,,"G22083","Up to Date",,"2026-06-10T15:44:15Z","soleil.anker@ermco-eci.com","2026-08-13T17:37:30Z","soleil.anker@ermco-eci.com","0","ASAP",,"EPBC","False","500","NETWORK","NETWORK","FR3","318","None","15","3",,,,,,,"6.125 x 10.25","2x 50*14","81*162","15","481"
"M-EPBC-0002","ELECTRIC POWER BOARD","MR-EPBC-0002-V1","MR-EPBC-0002-V1","False",,,,"G22084","Up to Date",,"2026-06-10T15:47:59Z","soleil.anker@ermco-eci.com","2026-08-13T17:37:30Z","soleil.anker@ermco-eci.com","0","ASAP",,"EPBC","False","750","NETWORK","NETWORK","FR3","458","None","15","3",,,,,,,"6.75 x 12.25","2x 50*16","114*228","17","482"
"M-HYQU-0095","HYDRO QUEBEC","MR-HYQU-0095-V1","MR-HYQU-0095-V1","False",,,,"4301872/1204685","Up to Date",,"2026-06-22T17:59:17Z","patrick.vaillancourt@pioneertransformers.com","2026-08-13T17:37:43Z","soleil.anker@ermco-eci.com","0","ASAP",,"HYQU","False","6,000","MALT + SA","MALT + SA","None",,"None","22","3",,,,,,,,,,,"493"
"M-LISA-0005","LIZCO SALES","MR-LISA-0005-V1","MR-LISA-0005-V1","False",,,,"132123LIZ","Up to Date",,"2026-06-25T13:35:37Z","patrick.vaillancourt@pioneertransformers.com","2026-08-13T17:37:44Z","soleil.anker@ermco-eci.com","0","ASAP",,"LISA","False","4,000","PADMOUNT","PADMOUNT","None",,"None","6","3",,,,,,,,,,,"495"
"M-PITR-0004","PIONEER TRANSFORMERS","MR-PITR-0004-V1","MR-PITR-0004-V1","False",,,,"P20004","Up to Date",,"2026-06-25T14:04:51Z","patrick.vaillancourt@pioneertransformers.com","2026-08-13T17:37:49Z","soleil.anker@ermco-eci.com","0","ASAP",,"PITR","False","500","NETWORK","PROTOTYPE","FR3","396","None","32","3",,,,,,,"7.5x14.25","2x 50*14","10RD","15","496"
"M-HYQU-0093","HYDRO QUEBEC","M-HYQU-0093","M-HYQU-0093","False",,,,"1002560","Up to Date",,"2026-06-26T17:31:22Z","patrick.vaillancourt@pioneertransformers.com","2026-08-31T19:41:25Z","soleil.anker@ermco-eci.com","0","ASAP",,"HYQU","False","167","MINPAD","MINPAD-1HP","A2","335","None","1","1",,,,,,,"7.25x8.875","45*16","9RD","17.25","498"
"M-WIHI-0001","WILSON HIGH VOLTAGE","MR-WIHI-0001-V1","MR-WIHI-0001-V1","False",,,,"167-278-01 / 25Z0110","Up to Date",,"2026-07-01T12:31:38Z","patrick.vaillancourt@pioneertransformers.com","2026-08-13T17:37:57Z","soleil.anker@ermco-eci.com","0","ASAP",,"WIHI","False","0","PARTS","PARTS","None",,"None","0",,,,,,,,,,,,"499"
"M-EXEL-0001","EXELON","MR-EXEL-0001-V1","MR-EXEL-0001-V1","False",,,,"1394755","Up to Date",,"2026-07-01T17:00:39Z","dominic.lague@pioneertransformers.com","2026-08-13T17:37:31Z","soleil.anker@ermco-eci.com","0","ASAP",,"EXEL","False","750","NETWORK","NETWORK","FR3",,,"16","3","12000-216Y / 125 VOLT, FR3 FILLED, THREE 2-1/2% TAPS",,,,,,,,,,"500"
"M-HYQU-0094","HYDRO QUEBEC","MR-HYQU-0094-V1","MR-HYQU-0094-V1","False",,,,"G22110","Up to Date",,"2026-07-06T13:49:13Z","patrick.vaillancourt@pioneertransformers.com","2026-08-13T17:37:43Z","soleil.anker@ermco-eci.com","0","ASAP",,"HYQU","False","500","MALT + SA","MALT + SA","None",,"None","22","3",,,,,,,,,,,"502"
"M-FIEN-0004
","FIRST ENERGY","MR-FIEN-0004-V1","MR-FIEN-0004-V1","False",,,,"100153683","Up to Date",,"2026-07-06T18:47:44Z","dominic.lague@pioneertransformers.com","2026-08-13T17:37:31Z","soleil.anker@ermco-eci.com","0","ASAP",,"FIEN","False","5,000","PADMOUNT","PADMOUNT","None",,"None","06","3",,,,,,,,,,,"503"
"M-REDE-0001","RED DEER","MR-REDE-0001-V1","MR-REDE-0001-V1","False",,,,"53188","Up to Date",,"2026-07-16T14:41:46Z","dominic.lague@pioneertransformers.com","2026-08-13T17:37:52Z","soleil.anker@ermco-eci.com","0","ASAP",,"REDE","False","1,000","SUBMERSIBLE","SUBWAY","None",,"None","25","3",,,,,,,,,,,"506"
"M-ATCO-0002","ATCO","MR-ATCO-0002-V1","MR-ATCO-0002-V1","False",,,,"1147003","Up to Date",,"2026-07-21T13:04:58Z","dominic.lague@pioneertransformers.com","2026-08-13T17:37:20Z","soleil.anker@ermco-eci.com","0","ASAP",,"ATCO","False","1,500","None",,"None",,"None","0","3",,,,,,,,,,,"507"
"M-TRIV-0001","TRIVOLT","MR-TRIV-0001-V1","MR-TRIV-0001-V1","False",,,,"WRG3027.FANKIT","Up to Date",,"2026-07-22T15:52:26Z","dominic.lague@pioneertransformers.com","2026-08-13T17:37:56Z","soleil.anker@ermco-eci.com","0","ASAP",,"TRIV","False","0","None",,"None",,"None","0","3",,,,,,,,,,,"508"
"M-ENMA-0054","ENMAX","MR-ENMA-0054-V1","MR-ENMA-0054-V1","False",,,,"61200220024-316L","Moderate Changes",,"2026-08-10T19:55:13Z","soleil.anker@ermco-eci.com","2026-08-13T17:37:30Z","soleil.anker@ermco-eci.com","7","ASAP",,"ENMA","False","0","None",,"None",,"None",,,,,,,,,,,,,"511"
"M-ENMA-0055","ENMAX","MR-ENMA-0055-V1","MR-ENMA-0055-V1","False",,,,"±61200220112","Up to Date",,"2026-08-10T20:15:29Z","soleil.anker@ermco-eci.com","2026-08-13T17:37:30Z","soleil.anker@ermco-eci.com","0","ASAP",,"ENMA","False","0","None",,"None",,"None",,,,,,,,,,,,,"512"
"M-HYQU-0096","HYDRO QUEBEC","MR-HYQU-0096-V1","MR-HYQU-0096-V1","False",,,,"426870","Up to Date",,"2026-08-13T23:02:13Z","soleil.anker@ermco-eci.com","2026-08-13T23:40:33Z","soleil.anker@ermco-eci.com","0","ASAP",,"HYQU","False","0","None",,"None",,"None",,,,,,,,,,,,,"513"
"M-HYQU-0097","HYDRO QUEBEC","MR-HYQU-0097-V1","MR-HYQU-0097-V1","False",,,,"4276699","Up to Date",,"2026-08-13T23:02:47Z","soleil.anker@ermco-eci.com","2026-08-13T23:40:33Z","soleil.anker@ermco-eci.com","0","ASAP",,"HYQU","False","0","None",,"None",,"None",,,,,,,,,,,,,"514"
"MSA-HYQU-0064","HYDRO QUEBEC","MRSA-HYQU-0064-V1","MRSA-HYQU-0064-V1","True","4251081","4251081",,"4251081 SA","Up to Date",,"2026-08-13T23:20:18Z","soleil.anker@ermco-eci.com","2026-08-14T01:32:54Z","soleil.anker@ermco-eci.com","0","ASAP",,"HYQU","False","0","None",,"None",,"None",,,,,,,,,,,,,"515"
"MSA-HYQU-0066","HYDRO QUEBEC","MRSA-HYQU-0066-V1","MRSA-HYQU-0066-V1","True","4261859","4261859",,"4261859 SA","Up to Date",,"2026-08-13T23:20:19Z","soleil.anker@ermco-eci.com","2026-08-14T01:32:53Z","soleil.anker@ermco-eci.com","0","ASAP",,"HYQU","False","0","None",,"None",,"None",,,,,,,,,,,,,"516"
"MSA-HYQU-0069","HYDRO QUEBEC","MRSA-HYQU-0069-V1","MRSA-HYQU-0069-V1","True","4261871","4261871",,"4261871 SA","Up to Date",,"2026-08-13T23:20:18Z","soleil.anker@ermco-eci.com","2026-08-14T01:32:53Z","soleil.anker@ermco-eci.com","0","ASAP",,"HYQU","False","0","None",,"None",,"None",,,,,,,,,,,,,"517"
"MSA-HYQU-0096","HYDRO QUEBEC","MRSA-HYQU-0096-V1","MRSA-HYQU-0096-V1","True","426870","426870",,"426870 SA","Up to Date",,"2026-08-13T23:20:19Z","soleil.anker@ermco-eci.com","2026-08-14T01:33:26Z","soleil.anker@ermco-eci.com","0","ASAP",,"HYQU","False","0","None",,"None",,"None",,,,,,,,,,,,,"518"
"MSA-HYQU-0065","HYDRO QUEBEC","MRSA-HYQU-0065-V1","MRSA-HYQU-0065-V1","True","4251082","4251082",,"4251082 SA","Up to Date",,"2026-08-13T23:20:19Z","soleil.anker@ermco-eci.com","2026-08-14T01:33:26Z","soleil.anker@ermco-eci.com","0","ASAP",,"HYQU","False","0","None",,"None",,"None",,,,,,,,,,,,,"519"
"MSA-HYQU-0067","HYDRO QUEBEC","MRSA-HYQU-0067-V1","MRSA-HYQU-0067-V1","True","4261865","4261865",,"4261865 SA","Up to Date",,"2026-08-13T23:20:19Z","soleil.anker@ermco-eci.com","2026-08-14T01:33:27Z","soleil.anker@ermco-eci.com","0","ASAP",,"HYQU","False","0","None",,"None",,"None",,,,,,,,,,,,,"520"
"MSA-HYQU-0070","HYDRO QUEBEC","MRSA-HYQU-0070-V1","MRSA-HYQU-0070-V1","True","4276087","4276087",,"4276087 SA","Up to Date",,"2026-08-13T23:20:20Z","soleil.anker@ermco-eci.com","2026-08-14T01:33:26Z","soleil.anker@ermco-eci.com","0","ASAP",,"HYQU","False","0","None",,"None",,"None",,,,,,,,,,,,,"521"
"MSA-HYQU-0097","HYDRO QUEBEC","MRSA-HYQU-0097-V1","MRSA-HYQU-0097-V1","True","4276699","4276699",,"4276699 SA","Up to Date",,"2026-08-13T23:20:20Z","soleil.anker@ermco-eci.com","2026-08-14T01:34:01Z","soleil.anker@ermco-eci.com","0","ASAP",,"HYQU","False","0","None",,"None",,"None",,,,,,,,,,,,,"522"
"MSA-HYQU-0082","HYDRO QUEBEC","MRSA-HYQU-0082-V1","MRSA-HYQU-0082-V1","True","4251001 / 1166058","4251001 / 1166058",,"4251001 SA","Up to Date",,"2026-08-13T23:20:20Z","soleil.anker@ermco-eci.com","2026-08-14T01:34:01Z","soleil.anker@ermco-eci.com","0","ASAP",,"HYQU","False","0","None",,"None",,"None",,,,,,,,,,,,,"523"
"MSA-HYQU-0071","HYDRO QUEBEC","MRSA-HYQU-0071-V1","MRSA-HYQU-0071-V1","True","4276269","4276269",,"4276269 SA","Up to Date",,"2026-08-13T23:20:20Z","soleil.anker@ermco-eci.com","2026-08-21T03:30:04Z","soleil.anker@ermco-eci.com","0","ASAP",,"HYQU","False","0","None",,"None",,"None",,,,,,,,,,,,,"524"
"MSA-HYQU-0068","HYDRO QUEBEC","MRSA-HYQU-0068-V1","MRSA-HYQU-0068-V1","True","4261870","4261870",,"4261870 SA","Up to Date",,"2026-08-13T23:20:21Z","soleil.anker@ermco-eci.com","2026-08-14T01:35:49Z","soleil.anker@ermco-eci.com","0","ASAP",,"HYQU","False","0","None",,"None",,"None",,,,,,,,,,,,,"525"
"MSA-HYQU-0092","HYDRO QUEBEC","MRSA-HYQU-0092-V1","MRSA-HYQU-0092-V1","True","TMP9","TMP9",,"TMP9 SA","Up to Date",,"2026-08-13T23:20:21Z","soleil.anker@ermco-eci.com","2026-08-14T01:35:48Z","soleil.anker@ermco-eci.com","0","ASAP",,"HYQU","False","0","None",,"None",,"None",,,,,,,,,,,,,"526"
"MSA-HYQU-0002","HYDRO QUEBEC","MRSA-HYQU-0002-V1","MRSA-HYQU-0002-V1","True","G21523","G21523",,"G21523 SA","Up to Date",,"2026-08-13T23:20:22Z","soleil.anker@ermco-eci.com","2026-08-14T01:35:48Z","soleil.anker@ermco-eci.com","0","ASAP",,"HYQU","False","0","None",,"None",,"None",,,,,,,,,,,,,"527"
"MSA-HYQU-0076","HYDRO QUEBEC","MRSA-HYQU-0076-V1","MRSA-HYQU-0076-V1","True","4251081/1166353","4251081/1166353",,"4251081/1166353 SA","Up to Date",,"2026-08-13T23:20:22Z","soleil.anker@ermco-eci.com","2026-08-14T01:36:20Z","soleil.anker@ermco-eci.com","0","ASAP",,"HYQU","False","0","None",,"None",,"None",,,,,,,,,,,,,"528"
"MSA-HYQU-0077","HYDRO QUEBEC","MRSA-HYQU-0077-V1","MRSA-HYQU-0077-V1","True","4251082/1166354","4251082/1166354",,"4251082/1166354 SA","Up to Date",,"2026-08-13T23:20:22Z","soleil.anker@ermco-eci.com","2026-08-14T01:36:20Z","soleil.anker@ermco-eci.com","0","ASAP",,"HYQU","False","0","None",,"None",,"None",,,,,,,,,,,,,"529"
"M-HYQU-0098","HYDRO QUEBEC","MR-HYQU-0098-V1","MR-HYQU-0098-V1","False",,,,"36","New Model",,"2026-08-19T17:48:13Z","patrick.vaillancourt@pioneertransformers.com","2026-08-19T17:48:48Z","soleil.anker@ermco-eci.com","0","ASAP",,"HYQU","False","0","None",,"None",,"None",,,,,,,,,,,,,"530"
"M-ENMA-0056","ENMAX","MR-ENMA-0056-V1","MR-ENMA-0056-V1","False",,,,"100311919","New Model",,"2026-08-25T14:05:13Z","patrick.vaillancourt@pioneertransformers.com","2026-08-31T19:41:25Z","soleil.anker@ermco-eci.com","0","ASAP",,"ENMA","False","0","NETWORK",,"None",,"None","16",,,,,,,,,,,,"531"
"M-ENMA-0057","ENMAX","MR-ENMA-0057-V1","MR-ENMA-0057-V1","False",,,,"100311920","New Model",,"2026-08-25T14:13:30Z","patrick.vaillancourt@pioneertransformers.com","2026-08-31T19:41:26Z","soleil.anker@ermco-eci.com","0","ASAP",,"ENMA","False","0","NETWORK",,"None",,"None","16",,,,,,,,,,,,"532"
"M-MADD-0001","MADDOX","MR-MADD-0001-V1","MR-MADD-0001-V1","False",,,,"XXXXX","New Model",,"2026-09-03T17:21:10Z","dominic.lague@pioneertransformers.com","2026-09-03T17:21:44Z","soleil.anker@ermco-eci.com","0","ASAP",,"MADD","False","0","None",,"None",,"None",,,,,,,,,,,,,"536"
"M-PITR-0005","PIONEER TRANSFORMERS","MR-PITR-0005-V1","MR-PITR-0005-V1","False",,,,"Proto","New Model",,"2026-09-03T19:00:05Z","patrick.vaillancourt@pioneertransformers.com","2026-09-03T19:00:42Z","soleil.anker@ermco-eci.com","0","ASAP",,"PITR","False","0","None",,"None",,"None",,,,,,,,,,,,,"537"
