Id,Unit ID,Unit #,Qty,SA Job,Order_Number_TextField,Witness/Other,Temperature Rise,Impulse,Partial D,Oil Analysis,DB,SFRA,CSA,Protector Status,Location,Item Status,Regrouped_Into_TextField,Status,Core Status,Production Line,Time (days),Tank,Frame,ISO Stack,ISO Coil,Lead Assembly,Winder,Coil Winder,Trimestrial Customer,Coiling Status,Coiling End Date,Stacking End Date,Stacking Status,Assembly Status,Assembly End Date,Drying Status,Drying End Date,Tanking Status,Tanking End Date,Testing Status,Testing End Date,Finishing End Date,Finishing Status,Delivery Status,Tank Delivery Date,Original Tanking Date,Manual Estimated Delivery Date,Tanking Date Change Justification,Protector & Switchgear PO,Delivery End Date,Coiling Start Date,Stacking Start Date,Assembly Start Date,Drying Start Date,Tanking Start Date,Testing Start Date,Finishing Start Date,Delivery Start Date,Client_ID_TextField,Model_ID_TextField,Model_Revision_ID_TextField,Technical Notes,Info+,Protector & Switchgear Item #,Configuration,Section Qty,Planned Tanking Date,Planned Delivery Date,ID,Modified,Created,Order Number,Regrouped Into,Model,Model Revision,Client,Created By,Modified By
4,21408-1/1,1,1,No,21408,,Yes,Yes,Yes,Yes,No,No,No,,Extérieur,Active,,TE-Jui-16,Reçu,Zone B,,Yes,0,Yes,Yes,Yes,106,106,,Completed,2026-04-14T00:00:00Z,2026-04-17T00:00:00Z,Completed,Completed,2026-04-20T00:00:00Z,Completed,2026-04-20T00:00:00Z,Completed,2026-04-23T00:00:00Z,Completed,2026-07-14T00:00:00Z,2026-07-16T00:00:00Z,Completed,Completed,2026-01-07T00:00:00Z,2026-01-21T05:00:00Z,,Attente retour client / + Retard ingénierie / Repoussé avec Emerick / Client veut en mai 2026 / manque composants pour bobinage (PO 139463 doit arriver 18 mars) / manque autrescomposants / Client veut mi-juillet 2026 / Non-conformité barre de cop / perte à vide et impédance / Fuite bushing / Cleint veut au retour des vacances,,2026-08-31T00:00:00Z,,,,,,,,,HYQU,M-HYQU-0092,MR-HYQU-0092-V1,,,,,,,,4,2026-08-31T21:08:21Z,2026-08-17T16:50:31Z,,,,,HYDRO QUEBEC,Soleil Anker,Soleil Anker
5,21408-1/1 SA,1,1,Yes,21408,,No,No,No,No,No,No,No,,Extérieur,Active,,TE-Jui-16,Reçu,Zone B,,Yes,0,Yes,Yes,Yes,100-104,103,,Completed,2026-04-07T00:00:00Z,2026-04-15T00:00:00Z,Completed,Completed,2026-01-16T00:00:00Z,Completed,2026-01-17T00:00:00Z,Completed,2026-04-23T00:00:00Z,Completed,2026-07-14T00:00:00Z,2026-07-16T00:00:00Z,Completed,Completed,,2026-01-21T05:00:00Z,,Attente retour client / + Retard ingénierie / Repoussé avec Emerick / Client veut en mai 2026 / manque composants pour bobinage (PO 139463 doit arriver 18 mars) / manque autrescomposants / Client veut mi-juillet 2026 / Non-conformité barre de cop / perte à vide et impédance / Fuite bushing / Cleint veut au retour des vacances,,2026-08-31T00:00:00Z,,,,,,,,,HYQU,MSA-HYQU-0092,MRSA-HYQU-0092-V1,,,,,,,,5,2026-08-31T21:08:18Z,2026-08-17T16:50:33Z,,,,,HYDRO QUEBEC,Soleil Anker,Soleil Anker
6,21386-2/2,2,2,No,21386,,No,No,No,No,No,No,No,,Extérieur,Active,,TE-Ao-11,Reçu,Zone B,,Yes,Reçu,Yes,Yes,Yes,106,106,,Completed,2026-02-04T00:00:00Z,2026-03-03T00:00:00Z,Completed,Completed,2026-06-04T00:00:00Z,Completed,2026-05-14T00:00:00Z,Completed,2026-05-22T00:00:00Z,Completed,2026-06-11T00:00:00Z,2026-06-12T00:00:00Z,Completed,Completed,2026-02-04T00:00:00Z,2026-02-18T05:00:00Z,,Repoussé avec Emerick / Vu avec Pat prévu liv en octobre / manque composant,,2026-10-05T00:00:00Z,,,,,,,,,HYQU,M-HYQU-0082,MR-HYQU-0082-V1,,,,,,,,6,2026-08-31T21:08:36Z,2026-08-17T16:50:36Z,,,,,HYDRO QUEBEC,Soleil Anker,Soleil Anker
7,21611-1/1,1,1,No,21611,,No,No,No,No,No,No,No,,Finition,Active,,EC-Ao-27,Reçu,Zone B,,Yes,Reçu,Yes,Yes,Yes,106,106,N,Completed,2026-05-05T00:00:00Z,2026-05-08T00:00:00Z,Completed,Completed,2026-05-13T00:00:00Z,Completed,2026-05-21T00:00:00Z,Completed,2026-05-29T00:00:00Z,Completed,2026-07-14T00:00:00Z,,Pending,,2026-04-01T00:00:00Z,2026-04-15T04:00:00Z,,"Repoussé avec Emerick/Repoussé rad serré/Demi mamelon en AI soudé sur la bride n'est pas le bon, filets pas du bon coté et ne s'adaptent pas avec lecoude femelle / Juin 2027",,,,,,,,,,,HYQU,M-HYQU-0065,MR-HYQU-0065-V1,,,,,,,,7,2026-08-31T21:07:18Z,2026-08-17T16:50:37Z,,,,,HYDRO QUEBEC,Soleil Anker,Soleil Anker
8,21611-1/1 SA,1,1,Yes,,,No,No,No,No,No,No,No,,Finition,Active,,EC-Ao-27,Reçu,Zone B,,Yes,Reçu,Yes,Yes,Yes,100-104,107,,Completed,2026-04-24T00:00:00Z,2026-05-05T00:00:00Z,Completed,Completed,2026-05-07T00:00:00Z,Completed,2026-05-22T00:00:00Z,Completed,2026-05-29T00:00:00Z,Completed,2026-07-14T00:00:00Z,,,,,2026-04-15T04:00:00Z,,"Repoussé avec Emerick / repoussé rad serré / Demi mamelon en AI soudé sur la bride n'est pas le bon, filets pas du bon coté et ne s'adaptent pas avec lecoude femelle / Juin 2027",,,,,,,,,,,,,,,,,,,,,8,2026-08-31T21:07:14Z,2026-08-17T16:50:38Z,,,,,HYDRO QUEBEC,Soleil Anker,Soleil Anker
9,21912-1/10,1,10,No,21912,,No,No,No,No,No,No,No,,Extérieur,Active,,TE-Jui-6,Reçu,Power,,Yes,Reçu,Yes,Yes,Yes,105-108,105,,Completed,2026-05-26T00:00:00Z,2026-06-01T00:00:00Z,Completed,Completed,2026-06-01T00:00:00Z,Completed,2026-06-01T00:00:00Z,Completed,2026-06-03T00:00:00Z,Completed,2026-06-30T00:00:00Z,2026-07-06T00:00:00Z,Completed,Completed,,2026-06-01T04:00:00Z,,À expédier en Q4 / Retard composant pour bobinage mail JF / Attente network switch,,2026-10-30T00:00:00Z,,,,,,,,,GEPO,M-GEPO-0016,MR-GEPO-0016-V1,,,,,,,,9,2026-08-31T20:57:05Z,2026-08-17T16:50:41Z,,,,,GEORGIA POWER,Soleil Anker,Soleil Anker
10,21912-2/10,2,10,No,21912,,No,No,No,No,No,No,No,,Extérieur,Active,,TE-Jui-13,Reçu,Power,,Yes,Reçu,Yes,Yes,Yes,105-108,105,,Completed,2026-05-28T00:00:00Z,2026-05-28T00:00:00Z,Completed,Completed,2026-06-04T00:00:00Z,Completed,2026-06-05T00:00:00Z,Completed,2026-06-08T00:00:00Z,Completed,2026-07-09T00:00:00Z,2026-07-13T00:00:00Z,Completed,Completed,,2026-06-02T04:00:00Z,,À expédier en Q4 / Retard composant pour bobinage mail JF / Attente tapswitch,,2026-10-30T00:00:00Z,,,,,,,,,GEPO,M-GEPO-0016,MR-GEPO-0016-V1,,,,,,,,10,2026-08-31T20:56:59Z,2026-08-17T16:50:42Z,,,,,GEORGIA POWER,Soleil Anker,Soleil Anker
11,21912-3/10,3,10,No,21912,,No,No,No,No,No,No,No,,Extérieur,Active,,TE-Jui-8,Reçu,Power,,Yes,Reçu,Yes,Yes,Yes,105-108,105,,Completed,2026-05-29T00:00:00Z,2026-06-04T00:00:00Z,Completed,Completed,2026-06-05T00:00:00Z,Completed,2026-06-05T00:00:00Z,Completed,2026-06-09T00:00:00Z,Completed,2026-06-30T00:00:00Z,2026-07-08T00:00:00Z,Completed,Completed,,2026-06-03T04:00:00Z,,À expédier en Q4 / Retard composant pour bobinage mail JF / Attente tapswitch,,2026-10-30T00:00:00Z,,,,,,,,,GEPO,M-GEPO-0016,MR-GEPO-0016-V1,,,,,,,,11,2026-08-31T20:56:57Z,2026-08-17T16:50:44Z,,,,,GEORGIA POWER,Soleil Anker,Soleil Anker
12,21912-4/10,4,10,No,21912,,No,No,No,No,No,No,No,,Extérieur,Active,,TE-Jui-8,Reçu,Power,,Yes,Reçu,Yes,Yes,Yes,105-108,105,,Completed,2026-06-01T00:00:00Z,2026-06-05T00:00:00Z,Completed,Completed,2026-06-08T00:00:00Z,Completed,2026-06-08T00:00:00Z,Completed,2026-06-11T00:00:00Z,Completed,2026-06-30T00:00:00Z,2026-07-07T00:00:00Z,Completed,Completed,,2026-06-05T04:00:00Z,,À expédier en Q4 / Retard composant pour bobinage mail JF / Attente tapswitch,,2026-10-30T00:00:00Z,,,,,,,,,GEPO,M-GEPO-0016,MR-GEPO-0016-V1,,,,,,,,12,2026-08-31T20:56:54Z,2026-08-17T16:50:46Z,,,,,GEORGIA POWER,Soleil Anker,Soleil Anker
13,21714-1/4,1,4,No,21714,,No,No,No,No,No,No,No,,Tanking,Active,,TE-Ao-27,Reçu,Power,,Yes,Reçu,Yes,Yes,Yes,105-108,106,N,Completed,2026-06-01T00:00:00Z,2026-06-11T00:00:00Z,Completed,Completed,2026-06-15T00:00:00Z,Completed,2026-06-15T00:00:00Z,Completed,2026-06-17T00:00:00Z,Pending,,,,,2025-12-02T00:00:00Z,2025-12-12T05:00:00Z,,Repoussé ing non terminé / Lead time 198 jours tanking repoussé / Client prévenu / manque boit de contrôle / Attente network switch / Pb indicateur huile pas compatible avec flange  / Robinet RPS pas étanche / bushing coule,,,,,,,,,,,KBAU,M-KBAU-0001,MR-KBAU-0001-V1,,,,,,,,13,2026-08-31T21:06:09Z,2026-08-17T16:50:47Z,,,,,KBS Austin,Soleil Anker,Soleil Anker
14,21912-5/10,5,10,No,21912,,No,No,No,No,No,No,No,,Extérieur,Active,,TE-Jui-8,Reçu,Power,,Yes,Reçu,Yes,Yes,Yes,105-108,105,,Completed,2026-06-03T00:00:00Z,2026-06-09T00:00:00Z,Completed,Completed,2026-06-10T00:00:00Z,Completed,2026-06-12T00:00:00Z,Completed,2026-06-18T00:00:00Z,Completed,2026-06-30T00:00:00Z,2026-07-07T00:00:00Z,Completed,Completed,,2026-06-05T04:00:00Z,,À expédier en Q4 / Retard composant pour bobinage mail JF,,2026-10-30T00:00:00Z,,,,,,,,,GEPO,M-GEPO-0016,MR-GEPO-0016-V1,,,,,,,,14,2026-08-31T20:56:51Z,2026-08-17T16:50:50Z,,,,,GEORGIA POWER,Soleil Anker,Soleil Anker
15,21912-6/10,6,10,No,21912,,No,No,No,No,No,No,No,,Extérieur,Active,,TE-Jui-6,Reçu,Power,,Yes,Reçu,Yes,Yes,Yes,105-108,105,,Completed,2026-06-03T00:00:00Z,2026-06-10T00:00:00Z,Completed,Completed,2026-06-11T00:00:00Z,Completed,2026-06-15T00:00:00Z,Completed,2026-06-19T00:00:00Z,Completed,2026-07-03T00:00:00Z,2026-07-06T00:00:00Z,Completed,Completed,,2026-06-08T04:00:00Z,,À expédier en Q4 / Retard composant pour bobinage mail JF,,2026-10-30T00:00:00Z,,,,,,,,,GEPO,M-GEPO-0016,MR-GEPO-0016-V1,,,,,,,,15,2026-08-31T20:56:49Z,2026-08-17T16:50:50Z,,,,,GEORGIA POWER,Soleil Anker,Soleil Anker
16,21714-2/4,2,4,No,21714,,No,No,No,No,No,No,No,,Tanking,Active,,TE-Ao-27,Reçu,Power,,Yes,Reçu,Yes,Yes,Yes,105-108,106,N,Completed,2026-06-17T00:00:00Z,2026-06-17T00:00:00Z,Completed,Completed,2026-06-17T00:00:00Z,Completed,2026-06-17T00:00:00Z,Completed,2026-06-22T00:00:00Z,Pending,,,,,2025-12-02T00:00:00Z,2025-12-12T05:00:00Z,,Repoussé ing non terminé / Lead time 198 jours tanking repoussé / Client prévenu / Attente cuivre basse tension 50*16 / manque boit de contrôle / Att netswitch,,,,,,,,,,,KBAU,M-KBAU-0001,MR-KBAU-0001-V1,,,,,,,,16,2026-08-31T21:06:06Z,2026-08-17T16:50:52Z,,,,,KBS Austin,Soleil Anker,Soleil Anker
17,21912-7/10,7,10,No,21912,,No,No,No,No,No,No,No,,Extérieur,Active,,TE-Jui-10,Reçu,Power,,Yes,Reçu,Yes,Yes,Yes,105-108,105,,Completed,2026-06-05T00:00:00Z,2026-06-11T00:00:00Z,Completed,Completed,2026-06-16T00:00:00Z,Completed,2026-06-16T00:00:00Z,Completed,2026-06-22T00:00:00Z,Completed,2026-07-03T00:00:00Z,2026-07-09T00:00:00Z,Completed,Completed,,2026-06-08T04:00:00Z,,À expédier en Q4 / Retard composant pour bobinage mail JF,,2026-10-30T00:00:00Z,,,,,,,,,GEPO,M-GEPO-0016,MR-GEPO-0016-V1,,,,,,,,17,2026-08-31T20:56:47Z,2026-08-17T16:50:54Z,,,,,GEORGIA POWER,Soleil Anker,Soleil Anker
18,21912-8/10,8,10,No,21912,,No,No,No,No,No,No,No,,Extérieur,Active,,TE-Jui-10,Reçu,Power,,Yes,Reçu,Yes,Yes,Yes,105-108,105,,Completed,2026-06-08T00:00:00Z,2026-06-15T00:00:00Z,Completed,Completed,2026-06-17T00:00:00Z,Completed,2026-06-18T00:00:00Z,Completed,2026-06-23T00:00:00Z,Completed,2026-07-06T00:00:00Z,2026-07-09T00:00:00Z,Completed,Completed,,2026-06-09T04:00:00Z,,À expédier en Q4 / Retard composant pour bobinage mail JF,,2026-10-30T00:00:00Z,,,,,,,,,GEPO,M-GEPO-0016,MR-GEPO-0016-V1,,,,,,,,18,2026-08-31T20:56:44Z,2026-08-17T16:50:55Z,,,,,GEORGIA POWER,Soleil Anker,Soleil Anker
19,21912-10/10,10,10,No,21912,,No,No,No,No,No,No,No,,Extérieur,Active,,TE-Jui-10,Reçu,Power,,Yes,Reçu,Yes,Yes,Yes,105-108,105,,Completed,2026-06-11T00:00:00Z,2026-06-18T00:00:00Z,Completed,Completed,2026-06-22T00:00:00Z,Completed,2026-06-22T00:00:00Z,Completed,2026-06-25T00:00:00Z,Completed,2026-07-08T00:00:00Z,2026-07-09T00:00:00Z,Completed,Completed,,2026-06-12T04:00:00Z,,À expédier en Q4 / Retard composant pour bobinage mail JF,,2026-10-30T00:00:00Z,,,,,,,,,GEPO,M-GEPO-0016,MR-GEPO-0016-V1,,,,,,,,19,2026-08-31T20:57:02Z,2026-08-17T16:50:57Z,,,,,GEORGIA POWER,Soleil Anker,Soleil Anker
20,21912-9/10,9,10,No,21912,,No,No,No,No,No,No,No,,Extérieur,Active,,TE-Jui-15,Reçu,Power,,Yes,Reçu,Yes,Yes,Yes,105-108,105,,Completed,2026-06-09T00:00:00Z,2026-06-15T00:00:00Z,Completed,Completed,2026-06-15T00:00:00Z,Completed,2026-06-18T00:00:00Z,Completed,2026-06-25T00:00:00Z,Completed,2026-07-08T00:00:00Z,2026-07-14T00:00:00Z,Completed,Completed,,2026-06-12T04:00:00Z,,À expédier en Q4 / Retard composant pour bobinage mail JF,,2026-10-30T00:00:00Z,,,,,,,,,GEPO,M-GEPO-0016,MR-GEPO-0016-V1,,,,,,,,20,2026-08-31T20:56:42Z,2026-08-17T16:50:59Z,,,,,GEORGIA POWER,Soleil Anker,Soleil Anker
21,22021-14/20,14,20,No,,,No,No,No,No,No,No,No,,Extérieur,Active,,TE-Ao-11,Reçu,Power,,Yes,Reçu,Yes,Yes,Yes,100-104,102,,Completed,2026-06-04T00:00:00Z,2026-06-12T00:00:00Z,Completed,Completed,2026-06-12T00:00:00Z,Completed,2026-06-23T00:00:00Z,Completed,2026-06-30T00:00:00Z,Completed,2026-07-23T00:00:00Z,2026-08-10T00:00:00Z,Completed,Completed,,2026-07-02T04:00:00Z,,À livrer avant les vacances / short HP / à détanké problème isolation court circuit / Refaire bobine / Redétanké car short LV,,2026-08-18T00:00:00Z,,,,,,,,,,,,,,,,,,,21,2026-08-18T20:18:22Z,2026-08-17T16:50:59Z,,,,,,Soleil Anker,Soleil Anker
22,21881-1/2,1,2,No,,,No,No,No,No,No,No,No,,Livraison,Delivered,,TE-Jui-15,Reçu,Power / Ligne 1,,Yes,Reçu,Yes,Yes,Yes,100-104,100,,Completed,2026-06-19T00:00:00Z,2026-07-06T00:00:00Z,Completed,Completed,2026-07-06T00:00:00Z,Completed,2026-07-06T00:00:00Z,Completed,2026-07-08T00:00:00Z,Completed,2026-07-13T00:00:00Z,2026-07-15T00:00:00Z,Completed,Completed,,2026-07-08T04:00:00Z,2026-08-15T04:00:00Z,,,2026-08-13T00:00:00Z,,,,,,,,,,,,,,,,,,,22,2026-08-18T20:18:24Z,2026-08-17T16:51:02Z,,,,,,Soleil Anker,Soleil Anker
23,21923-4/6,4,6,No,21923,,No,No,No,No,No,No,No,,Livraison,Delivered,,TE-Ao-17,Reçu,Power / Ligne 1,,Yes,Reçu,Yes,Yes,Yes,100-104,103,,Completed,2026-06-18T00:00:00Z,2026-06-26T00:00:00Z,Completed,Completed,2026-07-02T00:00:00Z,Completed,2026-07-02T00:00:00Z,Completed,2026-07-08T00:00:00Z,Completed,2026-08-11T00:00:00Z,2026-08-14T00:00:00Z,Completed,Completed,,2026-07-08T04:00:00Z,,Transfo accroché rad abimée NC va être envoyé cuve va être envoyé chez Cadorette/Morin pour réparation / Vente prévenue,,2026-08-20T00:00:00Z,,,,,,,,,HYQU,M-HYQU-0017,MR-HYQU-0017-V1,,,,,,,,23,2026-08-21T16:29:31Z,2026-08-17T16:51:03Z,,,,,HYDRO QUEBEC,Soleil Anker,Soleil Anker
24,21881-2/2,2,2,No,,,No,No,No,No,No,No,No,,Livraison,Delivered,,TE-Jui-17,Reçu,Power / Ligne 1,,Yes,Reçu,Yes,Yes,Yes,100-104,100,,Completed,2026-06-25T00:00:00Z,2026-06-29T00:00:00Z,Completed,Completed,2026-07-02T00:00:00Z,Completed,2026-07-02T00:00:00Z,Completed,2026-07-09T00:00:00Z,Completed,2026-07-15T00:00:00Z,2026-07-17T00:00:00Z,Completed,Completed,,2026-07-08T04:00:00Z,2026-08-15T04:00:00Z,,,2026-08-13T00:00:00Z,,,,,,,,,,,,,,,,,,,24,2026-08-18T20:18:28Z,2026-08-17T16:51:05Z,,,,,,Soleil Anker,Soleil Anker
25,22032-1/20,1,20,No,,,No,No,No,No,No,No,No,,Extérieur,Active,,TE-Jui-17,Reçu,Power,,Yes,Reçu,Yes,Yes,Yes,100-104,103,,Completed,2026-07-06T00:00:00Z,2026-07-10T00:00:00Z,Completed,Completed,2026-07-10T00:00:00Z,Completed,2026-07-10T00:00:00Z,Completed,2026-07-15T00:00:00Z,Completed,2026-07-17T00:00:00Z,2026-07-17T00:00:00Z,Completed,Completed,,2026-07-15T04:00:00Z,,,,2026-08-18T00:00:00Z,,,,,,,,,,,,,,,,,,,25,2026-08-18T20:18:30Z,2026-08-17T16:51:06Z,,,,,,Soleil Anker,Soleil Anker
26,21814-1/11,1,11,No,21814,,No,No,No,No,No,No,No,,Test,Active,,TE-Ao-27,Reçu,Zone B,,Yes,0,Yes,Yes,Yes,106,106,N,Completed,2026-07-06T00:00:00Z,2026-07-13T00:00:00Z,Completed,Completed,2026-07-14T00:00:00Z,Completed,2026-07-14T00:00:00Z,Completed,2026-07-16T00:00:00Z,Completed,2026-08-26T00:00:00Z,,,Completed,,2026-12-01T05:00:00Z,2026-12-20T05:00:00Z,Pierre L. exp 15 déc + avoir tout le stock pour les 11 unités / Pb isolation arrive début juillet (mail JF F.) / att bushing / sable trouvé dans rad,,2026-12-15T00:00:00Z,,,,,,,,,HYQU,M-HYQU-0062,MR-HYQU-0062-V1,,,,,,,,26,2026-08-31T21:04:28Z,2026-08-17T16:51:08Z,,,,,HYDRO QUEBEC,Soleil Anker,Soleil Anker
27,21910-1/3,1,3,No,21910,,No,No,No,No,No,No,No,,Tanking,Active,,TE-Ao-27,Reçu,Power / Ligne 1,,Yes,Reçu,Yes,Yes,Yes,105-108,107,,Completed,2026-06-09T00:00:00Z,2026-07-08T00:00:00Z,Completed,Completed,2026-07-13T00:00:00Z,Completed,2026-07-13T00:00:00Z,Completed,2026-07-16T00:00:00Z,Pending,,,,Completed,,2026-07-16T04:00:00Z,,À expédier en Q4 / switch pas dans jobscope / Pb STC,,2026-10-30T00:00:00Z,,,,,,,,,GEPO,M-GEPO-0010,MR-GEPO-0010-V1,,,,,,,,27,2026-08-31T20:57:27Z,2026-08-17T16:51:11Z,,,,,GEORGIA POWER,Soleil Anker,Soleil Anker
28,21943-8/8,8,8,No,21943,,No,No,No,No,No,No,No,,Tanking,Active,,TE-Ao-27,Reçu,Power,,Yes,Reçu,Yes,Yes,Yes,100-104,102,,Completed,2026-06-26T00:00:00Z,2026-07-09T00:00:00Z,Completed,Completed,2026-07-10T00:00:00Z,Completed,2026-07-10T00:00:00Z,Completed,2026-07-16T00:00:00Z,Pending,,,,Completed,,2026-07-16T04:00:00Z,,Court circuit / facteur de dissipation ,,2026-08-31T00:00:00Z,,,,,,,,,HYQU,M-HYQU-0008,MR-HYQU-0008-V1,,,,,,,,28,2026-08-31T20:54:42Z,2026-08-17T16:51:12Z,,,,,HYDRO QUEBEC,Soleil Anker,Soleil Anker
29,22032-2/20,2,20,No,,,No,No,No,No,No,No,No,,Extérieur,Active,,TE-Jui-21,Reçu,Power,,Yes,Reçu,Yes,Yes,Yes,100-104,103,,Completed,2026-07-06T00:00:00Z,2026-07-10T00:00:00Z,Completed,Completed,2026-07-10T00:00:00Z,Completed,2026-07-10T00:00:00Z,Completed,2026-07-16T00:00:00Z,Completed,2026-07-20T00:00:00Z,2026-07-20T00:00:00Z,Completed,Completed,,2026-07-16T04:00:00Z,,,,2026-08-18T00:00:00Z,,,,,,,,,,,,,,,,,,,29,2026-08-18T20:18:38Z,2026-08-17T16:51:14Z,,,,,,Soleil Anker,Soleil Anker
30,21910-2/3,2,3,No,21910,,No,No,No,No,No,No,No,,Tanking,Active,,TE-Ao-27,Reçu,Power / Ligne 1,,Yes,Reçu,Yes,Yes,Yes,105-108,107,,Completed,2026-06-19T00:00:00Z,2026-07-08T00:00:00Z,Completed,Completed,2026-07-14T00:00:00Z,Completed,2026-07-14T00:00:00Z,Completed,2026-07-17T00:00:00Z,Pending,,,,Completed,,2026-07-16T04:00:00Z,,À expédier en Q4 / switch pas dans jobscope / Pb STC,,2026-10-30T00:00:00Z,,,,,,,,,GEPO,M-GEPO-0010,MR-GEPO-0010-V1,,,,,,,,30,2026-08-31T20:57:25Z,2026-08-17T16:51:15Z,,,,,GEORGIA POWER,Soleil Anker,Soleil Anker
31,21945-1/2,1,2,No,21945,,No,No,No,No,No,No,No,,Extérieur,Active,,TE-Jui-22,Reçu,Power / Ligne 1,,Yes,Reçu,Yes,Yes,Yes,100-104,104,,Completed,2026-07-01T00:00:00Z,2026-07-03T00:00:00Z,Completed,Completed,2026-07-13T00:00:00Z,Completed,2026-07-13T00:00:00Z,Completed,2026-07-17T00:00:00Z,Completed,2026-07-20T00:00:00Z,2026-07-22T00:00:00Z,Completed,Completed,,2026-07-17T04:00:00Z,,,,2026-08-31T00:00:00Z,,,,,,,,,HYQU,M-HYQU-0025,MR-HYQU-0025-V1,,,,,,,,31,2026-08-31T20:54:39Z,2026-08-17T16:51:17Z,,,,,HYDRO QUEBEC,Soleil Anker,Soleil Anker
32,22032-3/20,3,20,No,,,No,No,No,No,No,No,No,,Extérieur,Active,,TE-Jui-22,Reçu,Power,,Yes,Reçu,Yes,Yes,Yes,100-104,103,,Completed,2026-07-06T00:00:00Z,2026-07-13T00:00:00Z,Completed,Completed,2026-07-13T00:00:00Z,Completed,2026-07-13T00:00:00Z,Completed,2026-07-17T00:00:00Z,Completed,2026-07-22T00:00:00Z,2026-07-22T00:00:00Z,Completed,Completed,,2026-07-17T04:00:00Z,,,,2026-08-18T00:00:00Z,,,,,,,,,,,,,,,,,,,32,2026-08-18T20:18:44Z,2026-08-17T16:51:20Z,,,,,,Soleil Anker,Soleil Anker
33,21945-2/2,2,2,No,21945,,No,No,No,No,No,No,No,,Extérieur,Active,,TE-Ao-14,Reçu,Power / Ligne 1,,Yes,Reçu,Yes,Yes,Yes,100-104,104,,Completed,2026-07-06T00:00:00Z,2026-07-10T00:00:00Z,Completed,Completed,2026-07-16T00:00:00Z,Completed,2026-07-16T00:00:00Z,Completed,2026-07-20T00:00:00Z,Completed,2026-07-21T00:00:00Z,2026-07-22T00:00:00Z,Completed,Completed,,2026-07-20T04:00:00Z,,,,2026-08-31T00:00:00Z,,,,,,,,,HYQU,M-HYQU-0025,MR-HYQU-0025-V1,,,,,,,,33,2026-08-31T20:54:36Z,2026-08-17T16:51:20Z,,,,,HYDRO QUEBEC,Soleil Anker,Soleil Anker
34,20164W2-1/1,1,1,No,20164W2,,No,No,No,No,No,No,No,,Extérieur,Active,,TE-Ao-25,Reçu,Power / Ligne 1,,Yes,Reçu,Yes,Yes,Yes,,,,Completed,2026-06-05T00:00:00Z,2026-06-10T00:00:00Z,Completed,Completed,2026-07-03T00:00:00Z,Completed,2026-07-10T00:00:00Z,Completed,2026-07-21T00:00:00Z,Completed,2026-08-10T00:00:00Z,2026-08-24T00:00:00Z,Completed,Completed,,,,Attente retour ingé / achat pour mettre dans cédule / manque bushing 3-7 semaines repoussé en août,,2026-08-28T00:00:00Z,,,,,,,,,TECO,M-TECO-0004,MR-TECO-0004-V1,,,,,,,,34,2026-08-31T21:09:20Z,2026-08-17T16:51:23Z,,,,,TECHNO CONTACT,Soleil Anker,Soleil Anker
35,21952-1/1,1,1,No,21952,,No,No,No,No,No,No,No,,Extérieur,Active,,TE-Ao-12,Reçu,Power,,Yes,Reçu,Yes,Yes,Yes,100-104,104,,Completed,2026-07-07T00:00:00Z,2026-07-16T00:00:00Z,Completed,Completed,2026-07-17T00:00:00Z,Completed,2026-07-17T00:00:00Z,Completed,2026-07-21T00:00:00Z,Completed,2026-08-10T00:00:00Z,2026-08-12T00:00:00Z,Completed,Completed,,2026-07-21T04:00:00Z,2026-08-31T04:00:00Z,Perte à vide,,2026-08-31T00:00:00Z,,,,,,,,,HYQU,M-HYQU-0010,MR-HYQU-0010-V1,,,,,,,,35,2026-08-31T20:53:36Z,2026-08-17T16:51:24Z,,,,,HYDRO QUEBEC,Soleil Anker,Soleil Anker
36,21786-9/14,9,14,No,,,No,No,No,No,No,No,No,,Livraison,Delivered,,TE-Jui-24,Reçu,Power,,Yes,Reçu,Yes,Yes,Yes,100-104,102,N,Completed,2026-07-06T00:00:00Z,2026-07-16T00:00:00Z,Completed,Completed,2026-07-16T00:00:00Z,Completed,2026-07-17T00:00:00Z,Completed,2026-07-22T00:00:00Z,Completed,2026-07-23T00:00:00Z,2026-07-24T00:00:00Z,Completed,Completed,,2026-07-17T04:00:00Z,2026-08-15T04:00:00Z,,,2026-08-17T00:00:00Z,,,,,,,,,,,,,,,,,,,36,2026-08-18T20:18:54Z,2026-08-17T16:51:26Z,,,,,,Soleil Anker,Soleil Anker
37,21657-1/1,1,1,No,21657,,Yes,Yes,No,Yes,Yes,No,No,,Tanking,Active,,TE-Ao-27,Reçu,Zone B,,Yes,0,Yes,Yes,Yes,106-107,106,N,Completed,2026-06-26T00:00:00Z,2026-06-26T00:00:00Z,Completed,Completed,2026-07-21T00:00:00Z,Completed,2026-07-21T00:00:00Z,Completed,2026-07-23T00:00:00Z,Pending,,,,,2025-09-15T00:00:00Z,2025-09-29T04:00:00Z,2026-09-30T04:00:00Z,Dessin pas encore approuvé / à livrer pour le 8 mai / Bobine doit se faire avec ingé / Pb sur les bobines doit être déstacké / Retour à zéro refaire bobine commande fil 6 sem environ +/- 5juin / kit isolation ship le 4 juin/ vente prévenue / kit reçu le 10 juin / Lead pas aligné / Att tap switch,,,,,,,,,,,OTHY,M-OTHY-0010,MR-OTHY-0010-V1,,,,,,,,37,2026-08-31T21:06:58Z,2026-08-17T16:51:28Z,,,,,OTTAWA HYDRO,Soleil Anker,Soleil Anker
38,21786-10/14,10,14,No,,,No,No,No,No,No,No,No,,Livraison,Delivered,,TE-Ao-11,Reçu,Power,,Yes,Reçu,Yes,Yes,Yes,100-104,102,N,Completed,2026-07-07T00:00:00Z,2026-07-17T00:00:00Z,Completed,Completed,2026-07-17T00:00:00Z,Completed,2026-07-17T00:00:00Z,Completed,2026-07-23T00:00:00Z,Completed,2026-07-23T00:00:00Z,2026-08-10T00:00:00Z,Completed,Completed,,2026-08-03T04:00:00Z,2026-08-15T04:00:00Z,Tiré car 1er sem août fermée,,2026-08-17T00:00:00Z,,,,,,,,,,,,,,,,,,,38,2026-08-18T20:18:58Z,2026-08-17T16:51:30Z,,,,,,Soleil Anker,Soleil Anker
39,21786-11/14,11,14,No,,,No,No,No,No,No,No,No,,Livraison,Delivered,,TE-Ao-12,Reçu,Power,,Yes,Reçu,Yes,Yes,Yes,100-104,102,N,Completed,2026-07-07T00:00:00Z,2026-07-18T00:00:00Z,Completed,Completed,2026-07-18T00:00:00Z,Completed,2026-07-18T00:00:00Z,Completed,2026-07-23T00:00:00Z,Completed,2026-07-23T00:00:00Z,2026-08-11T00:00:00Z,Completed,Completed,,2026-08-03T04:00:00Z,2026-08-15T04:00:00Z,Tiré car 1er sem août fermée / Perte à vide,,2026-08-17T00:00:00Z,,,,,,,,,,,,,,,,,,,39,2026-08-18T20:19:00Z,2026-08-17T16:51:31Z,,,,,,Soleil Anker,Soleil Anker
40,21786-12/14,12,14,No,,,No,No,No,No,No,No,No,,Livraison,Delivered,,TE-Ao-11,Reçu,Power,,Yes,Reçu,Yes,Yes,Yes,100-104,102,N,Completed,2026-07-08T00:00:00Z,2026-07-20T00:00:00Z,Completed,Completed,2026-07-20T00:00:00Z,Completed,2026-07-20T00:00:00Z,Completed,2026-07-23T00:00:00Z,Completed,2026-07-23T00:00:00Z,2026-08-10T00:00:00Z,Completed,Completed,,2026-08-03T04:00:00Z,2026-08-15T04:00:00Z,Tiré car 1er sem août fermée,,2026-08-17T00:00:00Z,,,,,,,,,,,,,,,,,,,40,2026-08-18T20:19:02Z,2026-08-17T16:51:33Z,,,,,,Soleil Anker,Soleil Anker
41,21941-1/3,1,3,No,21941,,No,No,No,No,No,No,No,,Extérieur,Active,,TE-Ao-12,Reçu,Power / Ligne 1,,Yes,Reçu,Yes,Yes,Yes,100-104,100,,Completed,2026-06-29T00:00:00Z,2026-06-30T00:00:00Z,Completed,Completed,2026-07-15T00:00:00Z,Completed,2026-07-17T00:00:00Z,Completed,2026-07-23T00:00:00Z,Completed,2026-08-10T00:00:00Z,2026-08-12T00:00:00Z,Completed,Completed,,2026-07-10T04:00:00Z,,,,2026-08-19T00:00:00Z,,,,,,,,,HYQU,M-HYQU-0006,MR-HYQU-0006-V1,,,,,,,,41,2026-08-21T16:29:30Z,2026-08-17T16:51:36Z,,,,,HYDRO QUEBEC,Soleil Anker,Soleil Anker
42,21786-13/14,13,14,No,21786,,No,No,No,No,No,No,No,,Extérieur,Active,,TE-Ao-11,Reçu,Power,,Yes,Reçu,Yes,Yes,Yes,100-104,102,N,Completed,2026-07-08T00:00:00Z,2026-07-21T00:00:00Z,Completed,Completed,2026-07-21T00:00:00Z,Completed,2026-07-21T00:00:00Z,Completed,2026-07-24T00:00:00Z,Completed,2026-07-23T00:00:00Z,2026-08-10T00:00:00Z,Completed,Completed,,2026-08-06T04:00:00Z,2026-08-15T04:00:00Z,Tiré car 1er sem août fermée,,2026-08-19T00:00:00Z,,,,,,,,,HYQU,M-HYQU-0009,MR-HYQU-0009-V1,,,,,,,,42,2026-08-21T16:29:30Z,2026-08-17T16:51:37Z,,,,,HYDRO QUEBEC,Soleil Anker,Soleil Anker
43,21786-14/14,14,14,No,,,No,No,No,No,No,No,No,,Livraison,Delivered,,TE-Ao-11,Reçu,Power,,Yes,Reçu,Yes,Yes,Yes,100-104,102,N,Completed,2026-07-08T00:00:00Z,2026-07-20T00:00:00Z,Completed,Completed,2026-07-20T00:00:00Z,Completed,2026-07-20T00:00:00Z,Completed,2026-07-24T00:00:00Z,Completed,2026-07-23T00:00:00Z,2026-08-10T00:00:00Z,Completed,Completed,,2026-08-06T04:00:00Z,2026-08-15T04:00:00Z,Tiré car 1er sem août fermée,,2026-08-17T00:00:00Z,,,,,,,,,,,,,,,,,,,43,2026-08-18T20:19:12Z,2026-08-17T16:51:38Z,,,,,,Soleil Anker,Soleil Anker
44,21787-1/5,1,5,No,21787,,No,No,No,No,No,No,No,,Livraison,Delivered,,TE-Ao-11,Reçu,Power / Ligne 1,,Yes,Reçu,Yes,Yes,Yes,100-104,102,N,Completed,2026-07-09T00:00:00Z,2026-07-20T00:00:00Z,Completed,Completed,2026-07-20T00:00:00Z,Completed,2026-07-20T00:00:00Z,Completed,2026-07-24T00:00:00Z,Completed,2026-07-23T00:00:00Z,2026-08-10T00:00:00Z,Completed,Completed,,2026-08-07T04:00:00Z,2026-08-31T04:00:00Z,Tiré car 1er sem août fermée,,2026-08-26T00:00:00Z,,,,,,,,,HYQU,M-HYQU-0012,MR-HYQU-0012-V1,,,,,,,,44,2026-08-31T21:05:36Z,2026-08-17T16:51:40Z,,,,,HYDRO QUEBEC,Soleil Anker,Soleil Anker
45,21787-2/5,2,5,No,,,No,No,No,No,No,No,No,,Livraison,Delivered,,TE-Ao-12,Reçu,Power / Ligne 1,,Yes,Reçu,Yes,Yes,Yes,100-104,102,N,Completed,2026-07-10T00:00:00Z,2026-07-20T00:00:00Z,Completed,Completed,2026-07-20T00:00:00Z,Completed,2026-07-20T00:00:00Z,Completed,2026-07-24T00:00:00Z,Completed,2026-08-10T00:00:00Z,2026-08-11T00:00:00Z,Completed,Completed,,2026-08-07T04:00:00Z,2026-08-31T04:00:00Z,Tiré car 1er sem août fermée,,2026-08-17T00:00:00Z,,,,,,,,,,,,,,,,,,,45,2026-08-18T20:19:15Z,2026-08-17T16:51:42Z,,,,,,Soleil Anker,Soleil Anker
46,21787-3/5,3,5,No,,,No,No,No,No,No,No,No,,Livraison,Delivered,,TE-Ao-14,Reçu,Power / Ligne 1,,Yes,Reçu,Yes,Yes,Yes,100-104,102,N,Completed,2026-07-13T00:00:00Z,2026-07-20T00:00:00Z,Completed,Completed,2026-07-20T00:00:00Z,Completed,2026-07-21T00:00:00Z,Completed,2026-08-10T00:00:00Z,Completed,2026-08-11T00:00:00Z,2026-08-12T00:00:00Z,Completed,Completed,,2026-08-10T04:00:00Z,2026-08-31T04:00:00Z,,,2026-08-17T00:00:00Z,,,,,,,,,,,,,,,,,,,46,2026-08-18T20:19:17Z,2026-08-17T16:51:44Z,,,,,,Soleil Anker,Soleil Anker
47,21787-4/5,4,5,No,,,No,No,No,No,No,No,No,,Livraison,Delivered,,TE-Ao-12,Reçu,Power / Ligne 1,,Yes,Reçu,Yes,Yes,Yes,100-104,102,N,Completed,2026-07-14T00:00:00Z,2026-07-22T00:00:00Z,Completed,Completed,2026-07-22T00:00:00Z,Completed,2026-07-23T00:00:00Z,Completed,2026-08-10T00:00:00Z,Completed,2026-08-11T00:00:00Z,2026-08-12T00:00:00Z,Completed,Completed,,2026-08-10T04:00:00Z,2026-08-31T04:00:00Z,,,2026-08-17T00:00:00Z,,,,,,,,,,,,,,,,,,,47,2026-08-18T20:19:19Z,2026-08-17T16:51:45Z,,,,,,Soleil Anker,Soleil Anker
48,21787-5/5,5,5,No,21787,,No,No,No,No,No,No,No,,Extérieur,Active,,TE-Ao-14,Reçu,Power / Ligne 1,,Yes,Reçu,Yes,Yes,Yes,100-104,102,N,Completed,2026-07-14T00:00:00Z,2026-07-22T00:00:00Z,Completed,Completed,2026-07-22T00:00:00Z,Completed,2026-07-23T00:00:00Z,Completed,2026-08-10T00:00:00Z,Completed,2026-08-11T00:00:00Z,2026-08-13T00:00:00Z,Completed,Completed,,2026-08-10T04:00:00Z,2026-08-31T04:00:00Z,,,2026-08-19T00:00:00Z,,,,,,,,,HYQU,M-HYQU-0012,MR-HYQU-0012-V1,,,,,,,,48,2026-08-21T16:29:30Z,2026-08-17T16:51:47Z,,,,,HYDRO QUEBEC,Soleil Anker,Soleil Anker
49,21839-6/10,6,10,No,21839,,No,No,No,No,No,No,No,,Test,Active,,TE-Ao-27,Reçu,Power / Ligne 1,,Yes,Reçu,Yes,Yes,Yes,100-104,105,N,Completed,2026-06-15T00:00:00Z,2026-07-13T00:00:00Z,Completed,Completed,2026-07-15T00:00:00Z,Completed,2026-07-23T00:00:00Z,Completed,2026-08-10T00:00:00Z,Completed,2026-08-26T00:00:00Z,,,Completed,,2026-08-11T04:00:00Z,,attente couvercle,,2026-08-31T00:00:00Z,,,,,,,,,GEPO,M-GEPO-0009,MR-GEPO-0009-V1,,,,,,,,49,2026-08-31T21:02:26Z,2026-08-17T16:51:49Z,,,,,GEORGIA POWER,Soleil Anker,Soleil Anker
50,21910-3/3,3,3,No,21910,,No,No,No,No,No,No,No,,Tanking,Active,,TE-Ao-27,Reçu,Power / Ligne 1,,Yes,Reçu,Yes,Yes,Yes,105-108,107,,Completed,2026-06-29T00:00:00Z,2026-07-09T00:00:00Z,Completed,Completed,2026-07-15T00:00:00Z,Completed,2026-07-23T00:00:00Z,Completed,2026-08-10T00:00:00Z,Pending,,,,Completed,,2026-07-17T04:00:00Z,,À expédier en Q4 / switch pas dans jobscope / Pb STC,,2026-10-30T00:00:00Z,,,,,,,,,GEPO,M-GEPO-0010,MR-GEPO-0010-V1,,,,,,,,50,2026-08-31T20:57:22Z,2026-08-17T16:51:50Z,,,,,GEORGIA POWER,Soleil Anker,Soleil Anker
51,21941-2/3,2,3,No,21941,,No,No,No,No,No,No,No,,Extérieur,Active,,TE-Ao-13,Reçu,Power / Ligne 1,,Yes,Reçu,Yes,Yes,Yes,100-104,100,,Completed,2026-07-02T00:00:00Z,2026-07-22T00:00:00Z,Completed,Completed,2026-07-23T00:00:00Z,Completed,2026-07-23T00:00:00Z,Completed,2026-08-10T00:00:00Z,Completed,2026-08-11T00:00:00Z,2026-08-12T00:00:00Z,Completed,Completed,,2026-07-15T04:00:00Z,,Bobine endommagé,,2026-08-19T00:00:00Z,,,,,,,,,HYQU,M-HYQU-0006,MR-HYQU-0006-V1,,,,,,,,51,2026-08-21T16:29:30Z,2026-08-17T16:51:52Z,,,,,HYDRO QUEBEC,Soleil Anker,Soleil Anker
52,21813-1/1,1,1,No,21813,,No,No,No,No,No,No,No,,Extérieur,Active,,TE-Ao-26,Reçu,Power / Ligne 1,,Yes,Reçu,Yes,Yes,Yes,105-108,105,,Completed,2026-07-10T00:00:00Z,2026-07-14T00:00:00Z,Completed,Completed,2026-07-14T00:00:00Z,Completed,2026-07-15T00:00:00Z,Completed,2026-08-11T00:00:00Z,Completed,2026-08-21T00:00:00Z,2026-08-25T00:00:00Z,Completed,Completed,,2026-07-20T04:00:00Z,,,,2026-08-28T00:00:00Z,,,,,,,,,XCEN,M-XCEN-0002,M-XCEN-0002,,,,,,,,52,2026-08-31T21:04:31Z,2026-08-17T16:51:53Z,,,,,XCEL ENERGY NORTHERN,Soleil Anker,Soleil Anker
53,21839-7/10,7,10,No,21839,,No,No,No,No,No,No,No,,Extérieur,Active,,TE-Ao-27,Reçu,Power / Ligne 1,,Yes,Reçu,Yes,Yes,Yes,100-104,105,N,Completed,2026-06-18T00:00:00Z,2026-07-14T00:00:00Z,Completed,Completed,2026-07-16T00:00:00Z,Completed,2026-07-23T00:00:00Z,Completed,2026-08-11T00:00:00Z,Completed,2026-08-24T00:00:00Z,2026-08-26T00:00:00Z,Completed,Completed,,2026-08-12T04:00:00Z,,attente couvercle,,2026-08-28T00:00:00Z,,,,,,,,,GEPO,M-GEPO-0009,MR-GEPO-0009-V1,,,,,,,,53,2026-08-31T21:02:23Z,2026-08-17T16:51:55Z,,,,,GEORGIA POWER,Soleil Anker,Soleil Anker
54,21839-8/10,8,10,No,21839,,No,No,No,No,No,No,No,,Tanking,Active,,TE-Ao-27,Reçu,Power / Ligne 1,,Yes,Reçu,Yes,Yes,Yes,100-104,105,N,Completed,2026-06-22T00:00:00Z,2026-07-16T00:00:00Z,Completed,Completed,2026-07-20T00:00:00Z,Completed,2026-07-23T00:00:00Z,Completed,2026-08-11T00:00:00Z,Pending,,,,Completed,,2026-08-12T04:00:00Z,,attente couvercle,,2026-08-31T00:00:00Z,,,,,,,,,GEPO,M-GEPO-0009,MR-GEPO-0009-V1,,,,,,,,54,2026-08-31T21:02:21Z,2026-08-17T16:51:58Z,,,,,GEORGIA POWER,Soleil Anker,Soleil Anker
55,21966-1/3,1,3,No,21966,,No,No,No,No,No,No,No,,Extérieur,Active,,TE-Ao-14,Reçu,Power,,Yes,Reçu,Yes,Yes,Yes,100-104,103,,Completed,2026-09-10T00:00:00Z,2026-07-20T00:00:00Z,Completed,Completed,2026-07-21T00:00:00Z,Completed,2026-07-22T00:00:00Z,Completed,2026-08-11T00:00:00Z,Completed,2026-08-12T00:00:00Z,2026-08-13T00:00:00Z,Completed,Completed,,2026-08-12T04:00:00Z,2026-09-25T04:00:00Z,,,2026-08-19T00:00:00Z,,,,,,,,,HYQU,M-HYQU-0009,MR-HYQU-0009-V1,,,,,,,,55,2026-08-21T16:29:30Z,2026-08-17T16:52:00Z,,,,,HYDRO QUEBEC,Soleil Anker,Soleil Anker
56,21968-1/4,1,4,No,21968,,No,No,No,No,No,No,No,,Extérieur,Active,,TE-Ao-17,Reçu,Power,,Yes,Reçu,Yes,Yes,Yes,100-104,103,,Completed,2026-07-08T00:00:00Z,2026-07-20T00:00:00Z,Completed,Completed,2026-07-20T00:00:00Z,Completed,2026-07-22T00:00:00Z,Completed,2026-08-11T00:00:00Z,Completed,2026-08-11T00:00:00Z,2026-08-14T00:00:00Z,Completed,Completed,,2026-08-12T04:00:00Z,2026-09-25T04:00:00Z,,,2026-08-19T00:00:00Z,,,,,,,,,HYQU,M-HYQU-0014,MR-HYQU-0014-V1,,,,,,,,56,2026-08-21T16:29:30Z,2026-08-17T16:52:00Z,,,,,HYDRO QUEBEC,Soleil Anker,Soleil Anker
57,21968-2/4,2,4,No,21968,,No,No,No,No,No,No,No,,Extérieur,Active,,TE-Ao-14,Reçu,Power,,Yes,Reçu,Yes,Yes,Yes,100-104,103,,Completed,2026-07-08T00:00:00Z,2026-07-20T00:00:00Z,Completed,Completed,2026-07-21T00:00:00Z,Completed,2026-07-22T00:00:00Z,Completed,2026-08-11T00:00:00Z,Completed,2026-08-12T00:00:00Z,2026-08-13T00:00:00Z,Completed,Completed,,2026-08-14T04:00:00Z,2026-09-25T04:00:00Z,,,2026-08-19T00:00:00Z,,,,,,,,,HYQU,M-HYQU-0014,MR-HYQU-0014-V1,,,,,,,,57,2026-08-21T16:29:31Z,2026-08-17T16:52:02Z,,,,,HYDRO QUEBEC,Soleil Anker,Soleil Anker
58,21040W2-1/1,1,1,No,21040W2,,No,No,No,No,No,No,No,,Test,Active,,TE-Ao-27,Reçu,,,Yes,Reçu,Yes,Yes,Yes,,,,Completed,2026-06-02T00:00:00Z,2026-07-21T00:00:00Z,Completed,Completed,2026-07-21T00:00:00Z,Completed,2026-07-23T00:00:00Z,Completed,2026-08-12T00:00:00Z,Completed,2026-08-25T00:00:00Z,,,Completed,,,,,,,,,,,,,,,TOHY,M-TOHY-0002,MR-TOHY-0002-V1,,,,,,,,58,2026-08-31T21:09:17Z,2026-08-17T16:52:04Z,,,,,TORONTO HYDRO,Soleil Anker,Soleil Anker
59,21407-2/3,2,3,No,21407,,No,No,No,No,No,No,No,,Finition,Active,,TE-Ao-21,Reçu,Zone B,,Yes,0,Yes,Yes,Yes,106,106,,Completed,2026-07-09T00:00:00Z,2026-07-21T00:00:00Z,Completed,Completed,2026-07-23T00:00:00Z,Completed,2026-07-24T00:00:00Z,Completed,2026-08-12T00:00:00Z,Completed,2026-08-17T00:00:00Z,,Pending,Completed,2026-07-22T00:00:00Z,2026-08-05T04:00:00Z,2027-04-01T04:00:00Z,Devancer car HQ veut début août / Devancé avec Emerick / Client veut vers le 15 août / rad arrive le 1juin chez metelec ,,2026-08-24T00:00:00Z,,,,,,,,,HYQU,M-HYQU-0073,MR-HYQU-0073-V1,,,,,,,,59,2026-08-21T16:34:07Z,2026-08-17T16:52:05Z,,,,,HYDRO QUEBEC,Soleil Anker,Soleil Anker
60,21776-1/1,1,1,No,21776,,No,No,No,No,No,No,No,,Finition,Active,,EC-Ao-27,Reçu,Power,,Yes,Reçu,Yes,Yes,Yes,105-108,105,N,Completed,2026-07-07T00:00:00Z,2026-07-15T00:00:00Z,Completed,Completed,2026-07-16T00:00:00Z,Completed,2026-07-23T00:00:00Z,Completed,2026-08-12T00:00:00Z,Completed,2026-08-19T00:00:00Z,,Pending,Completed,,2026-08-04T04:00:00Z,2026-08-31T04:00:00Z,Attendre avant de mettre tanking date / repoussé ingénierie non terminé / Vu avec Dominic ok pour fin août 2026 / Attente valve pour rad,,2026-08-28T00:00:00Z,,,,,,,,,CENO,M-CENO-0001,MR-CENO-0001-V1,,,,,,,,60,2026-08-31T21:05:51Z,2026-08-17T16:52:07Z,,,,,CENOVUS,Soleil Anker,Soleil Anker
61,21789-5/5,5,5,No,21789,,No,No,No,No,No,No,No,,Livraison,Delivered,,TE-Ao-17,Reçu,Power / Ligne 1,,Yes,Reçu,Yes,Yes,Yes,100-104,102,N,Completed,2026-06-04T00:00:00Z,2026-06-30T00:00:00Z,Completed,Completed,2026-07-13T00:00:00Z,Completed,2026-07-13T00:00:00Z,Completed,2026-08-12T00:00:00Z,Completed,2026-08-13T00:00:00Z,2026-08-14T00:00:00Z,Completed,Completed,,2026-07-10T04:00:00Z,2026-08-15T04:00:00Z,Cuve sera prête pour août,,2026-08-20T00:00:00Z,,,,,,,,,HYQU,M-HYQU-0016,MR-HYQU-0016-V1,,,,,,,,61,2026-08-21T16:29:32Z,2026-08-17T16:52:09Z,,,,,HYDRO QUEBEC,Soleil Anker,Soleil Anker
62,21839-9/10,9,10,No,21839,,No,No,No,No,No,No,No,,Extérieur,Active,,TE-Ao-26,Reçu,Power / Ligne 1,,Yes,Reçu,Yes,Yes,Yes,100-104,105,N,Completed,2026-06-25T00:00:00Z,2026-07-20T00:00:00Z,Completed,Completed,2026-07-20T00:00:00Z,Completed,2026-07-23T00:00:00Z,Completed,2026-08-12T00:00:00Z,Completed,2026-08-24T00:00:00Z,2026-08-26T00:00:00Z,Completed,Completed,,2026-08-13T04:00:00Z,,attente couvercle,,2026-08-28T00:00:00Z,,,,,,,,,GEPO,M-GEPO-0009,MR-GEPO-0009-V1,,,,,,,,62,2026-08-31T21:02:19Z,2026-08-17T16:52:11Z,,,,,GEORGIA POWER,Soleil Anker,Soleil Anker
63,21944-1/4,1,4,No,21944,,No,No,No,No,No,No,No,,Livraison,Delivered,,TE-Ao-17,Reçu,Power / Ligne 1,,Yes,Reçu,Yes,Yes,Yes,100-104,100,,Completed,2026-07-10T00:00:00Z,2026-07-21T00:00:00Z,Completed,Completed,2026-07-22T00:00:00Z,Completed,2026-07-23T00:00:00Z,Completed,2026-08-12T00:00:00Z,Completed,2026-08-13T00:00:00Z,2026-08-14T00:00:00Z,Completed,Completed,,2026-07-02T04:00:00Z,,attente bushing EPC,,2026-08-20T00:00:00Z,,,,,,,,,HYQU,M-HYQU-0016,MR-HYQU-0016-V1,,,,,,,,63,2026-08-21T16:29:31Z,2026-08-17T16:52:12Z,,,,,HYDRO QUEBEC,Soleil Anker,Soleil Anker
64,22032-4/20,4,20,No,22032,,No,No,No,No,No,No,No,,Livraison,Delivered,,TE-Ao-20,Reçu,Power,,Yes,Reçu,Yes,Yes,Yes,100-104,103,,Completed,2026-07-07T00:00:00Z,2026-07-13T00:00:00Z,Completed,Completed,2026-07-13T00:00:00Z,Completed,2026-07-23T00:00:00Z,Completed,2026-08-12T00:00:00Z,Completed,2026-08-18T00:00:00Z,2026-08-19T00:00:00Z,Completed,Completed,,2026-07-20T04:00:00Z,,attente bushing EPC / DP / perte / impédance à détanker liv risqué vente prévenue,,2026-08-25T00:00:00Z,,,,,,,,,HYQU,M-HYQU-0015,MR-HYQU-0015-V1,,,,,,,,64,2026-08-31T20:43:59Z,2026-08-17T16:52:15Z,,,,,HYDRO QUEBEC,Soleil Anker,Soleil Anker
65,22032-5/20,5,20,No,,,No,No,No,No,No,No,No,,Extérieur,Active,,TE-Ao-17,Reçu,Power,,Yes,Reçu,Yes,Yes,Yes,100-104,103,,Completed,2026-07-07T00:00:00Z,2026-07-22T00:00:00Z,Completed,Completed,2026-07-23T00:00:00Z,Completed,2026-07-23T00:00:00Z,Completed,2026-08-12T00:00:00Z,Completed,2026-08-12T00:00:00Z,2026-08-14T00:00:00Z,Completed,Completed,,2026-07-22T04:00:00Z,,attente bushing EPC,,2026-08-18T00:00:00Z,,,,,,,,,,,,,,,,,,,65,2026-08-18T16:25:35Z,2026-08-17T16:52:16Z,,,,,,Soleil Anker,Soleil Anker
66,22032-6/20,6,20,No,,,No,No,No,No,No,No,No,,Extérieur,Active,,TE-Ao-17,Reçu,Power,,Yes,Reçu,Yes,Yes,Yes,100-104,103,,Completed,2026-07-08T00:00:00Z,2026-07-22T00:00:00Z,Completed,Completed,2026-07-23T00:00:00Z,Completed,2026-07-23T00:00:00Z,Completed,2026-08-12T00:00:00Z,Completed,2026-08-12T00:00:00Z,2026-08-14T00:00:00Z,Completed,Completed,,2026-07-23T04:00:00Z,,attente bushing EPC,,2026-08-18T00:00:00Z,,,,,,,,,,,,,,,,,,,66,2026-08-18T16:25:38Z,2026-08-17T16:52:17Z,,,,,,Soleil Anker,Soleil Anker
67,21838-1/5,1,5,No,21838,,No,No,No,No,No,No,No,,Finition,Active,,EC-Ao-27,Reçu,Power / Ligne 1,,Yes,Reçu,Yes,Yes,Yes,100-104,108,N,Completed,2026-06-22T00:00:00Z,2026-07-03T00:00:00Z,Completed,Completed,2026-07-17T00:00:00Z,Completed,2026-07-17T00:00:00Z,Completed,2026-08-13T00:00:00Z,Completed,2026-08-26T00:00:00Z,,,Completed,,2026-08-04T04:00:00Z,2026-08-31T04:00:00Z,Tiré car 1er sem août fermée / rads très serré,,2026-08-31T00:00:00Z,,,,,,,,,GEPO,M-GEPO-0006,MR-GEPO-0006-V1,,,,,,,,67,2026-08-31T21:02:40Z,2026-08-17T16:52:19Z,,,,,GEORGIA POWER,Soleil Anker,Soleil Anker
68,21941-3/3,3,3,No,21941,,No,No,No,No,No,No,No,,Livraison,Delivered,,TE-Ao-20,Reçu,Power / Ligne 1,,Yes,Reçu,Yes,Yes,Yes,100-104,100,,Completed,2026-07-07T00:00:00Z,2026-07-23T00:00:00Z,Completed,Completed,2026-08-11T00:00:00Z,Completed,2026-08-11T00:00:00Z,Completed,2026-08-13T00:00:00Z,Completed,2026-08-17T00:00:00Z,2026-08-19T00:00:00Z,Completed,Completed,,2026-07-17T04:00:00Z,,,,2026-08-26T00:00:00Z,,,,,,,,,HYQU,M-HYQU-0006,MR-HYQU-0006-V1,,,,,,,,68,2026-08-31T20:54:43Z,2026-08-17T16:52:21Z,,,,,HYDRO QUEBEC,Soleil Anker,Soleil Anker
69,21944-2/4,2,4,No,,,No,No,No,No,No,No,No,,Livraison,Delivered,,TE-Ao-19,Reçu,Power / Ligne 1,,Yes,Reçu,Yes,Yes,Yes,100-104,100,,Completed,2026-07-14T00:00:00Z,2026-07-21T00:00:00Z,Completed,Completed,2026-07-22T00:00:00Z,Completed,2026-07-23T00:00:00Z,Completed,2026-08-13T00:00:00Z,Completed,2026-08-17T00:00:00Z,2026-08-18T00:00:00Z,Completed,Completed,,2026-07-07T04:00:00Z,,attente bushing EPC,,2026-08-20T00:00:00Z,,,,,,,,,,,,,,,,,,,69,2026-08-21T06:50:08Z,2026-08-17T16:52:22Z,,,,,HYDRO QUEBEC,Soleil Anker,Soleil Anker
70,21944-3/4,3,4,No,21944,,No,No,No,No,No,No,No,,Livraison,Delivered,,TE-Ao-19,Reçu,Power / Ligne 1,,Yes,Reçu,Yes,Yes,Yes,100-104,100,,Completed,2026-07-16T00:00:00Z,2026-07-22T00:00:00Z,Completed,Completed,2026-07-23T00:00:00Z,Completed,2026-07-23T00:00:00Z,Completed,2026-08-13T00:00:00Z,Completed,2026-08-17T00:00:00Z,2026-08-18T00:00:00Z,Completed,Completed,,2026-07-09T04:00:00Z,,attente bushing EPC,,2026-08-20T00:00:00Z,,,,,,,,,HYQU,M-HYQU-0016,MR-HYQU-0016-V1,,,,,,,,70,2026-08-21T16:29:31Z,2026-08-17T16:52:24Z,,,,,HYDRO QUEBEC,Soleil Anker,Soleil Anker
71,22032-7/20,7,20,No,22032,,No,No,No,No,No,No,No,,Livraison,Delivered,,TE-Ao-24,Reçu,Power,,Yes,Reçu,Yes,Yes,Yes,100-104,103,,Completed,2026-07-08T00:00:00Z,2026-07-22T00:00:00Z,Completed,Completed,2026-07-23T00:00:00Z,Completed,2026-07-23T00:00:00Z,Completed,2026-08-13T00:00:00Z,Completed,2026-08-21T00:00:00Z,2026-08-24T00:00:00Z,Completed,Completed,,2026-08-10T04:00:00Z,,attente bushing EPC / doit être détanké ,,2026-08-25T00:00:00Z,,,,,,,,,HYQU,M-HYQU-0015,MR-HYQU-0015-V1,,,,,,,,71,2026-08-31T20:43:56Z,2026-08-17T16:52:26Z,,,,,HYDRO QUEBEC,Soleil Anker,Soleil Anker
72,22032-8/20,8,20,No,22032,,No,No,No,No,No,No,No,,Livraison,Delivered,,TE-Ao-24,Reçu,Power,,Yes,Reçu,Yes,Yes,Yes,100-104,103,,Completed,2026-07-08T00:00:00Z,2026-07-22T00:00:00Z,Completed,Completed,2026-07-23T00:00:00Z,Completed,2026-07-23T00:00:00Z,Completed,2026-08-13T00:00:00Z,Completed,2026-08-20T00:00:00Z,2026-08-21T00:00:00Z,Completed,Completed,,2026-08-11T04:00:00Z,,attente bushing EPC / manque 33*12 / doit être détanké ,,2026-08-25T00:00:00Z,,,,,,,,,HYQU,M-HYQU-0015,MR-HYQU-0015-V1,,,,,,,,72,2026-08-31T20:43:54Z,2026-08-17T16:52:27Z,,,,,HYDRO QUEBEC,Soleil Anker,Soleil Anker
73,22032-9/20,9,20,No,,,No,No,No,No,No,No,No,,Livraison,Delivered,,TE-Ao-20,Reçu,Power,,Yes,Reçu,Yes,Yes,Yes,100-104,103,,Completed,2026-07-08T00:00:00Z,2026-07-23T00:00:00Z,Completed,Completed,2026-07-23T00:00:00Z,Completed,2026-07-24T00:00:00Z,Completed,2026-08-13T00:00:00Z,Completed,2026-08-18T00:00:00Z,2026-08-19T00:00:00Z,Completed,Completed,,2026-08-11T04:00:00Z,,attente bushing EPC,,2026-08-25T00:00:00Z,,,,,,,,,,,,,,,,,,,73,2026-08-31T20:43:51Z,2026-08-17T16:52:29Z,,,,,HYDRO QUEBEC,Soleil Anker,Soleil Anker
74,21777-1/1,1,1,No,,,No,No,No,No,No,No,No,,Assemblage,Active,,TE-Ao-27,Reçu,Power,,Yes,Reçu,Yes,Yes,Yes,105-108,108,N,Completed,2026-07-07T00:00:00Z,2026-07-08T00:00:00Z,Completed,Completed,2026-07-08T00:00:00Z,Completed,,Completed,2026-09-16T00:00:00Z,,,,,Completed,,2026-08-06T04:00:00Z,2026-08-31T04:00:00Z,Attendre avant de mettre tanking date / repoussé ingénierie non terminé / Vu avec Dominic ok pour fin août 2026 / Attente valve pour rad / pb connecteur et plaquage 2 semaines supp / manque cutoff valve 1/4 déjà ok «Simon,,2026-09-30T00:00:00Z,,,,,,,,,,,,,,,,,,,74,2026-08-31T21:05:49Z,2026-08-17T16:52:31Z,,,,,CENOVUS,Soleil Anker,Soleil Anker
75,21838-2/5,2,5,No,21838,,No,No,No,No,No,No,No,,Finition,Active,,EC-Ao-27,Reçu,Power / Ligne 1,,Yes,Reçu,Yes,Yes,Yes,100-104,108,N,Completed,2026-06-25T00:00:00Z,2026-07-09T00:00:00Z,Completed,Completed,2026-07-17T00:00:00Z,Completed,2026-07-17T00:00:00Z,Completed,2026-08-14T00:00:00Z,Completed,2026-08-26T00:00:00Z,,,Completed,,2026-08-04T04:00:00Z,2026-08-31T04:00:00Z,Tiré car 1er sem août fermée / rads très serré,,2026-08-31T00:00:00Z,,,,,,,,,GEPO,M-GEPO-0006,MR-GEPO-0006-V1,,,,,,,,75,2026-08-31T21:02:37Z,2026-08-17T16:52:32Z,,,,,GEORGIA POWER,Soleil Anker,Soleil Anker
76,21944-4/4,4,4,No,21944,,No,No,No,No,No,No,No,,Livraison,Delivered,,TE-Ao-19,Reçu,Power / Ligne 1,,Yes,Reçu,Yes,Yes,Yes,100-104,100,,Completed,2026-07-21T00:00:00Z,2026-07-22T00:00:00Z,Completed,Completed,2026-07-23T00:00:00Z,Completed,2026-07-23T00:00:00Z,Completed,2026-08-14T00:00:00Z,Completed,2026-08-17T00:00:00Z,2026-08-18T00:00:00Z,Completed,Completed,,2026-07-13T04:00:00Z,,attente bushing EPC,,2026-08-20T00:00:00Z,,,,,,,,,HYQU,M-HYQU-0016,MR-HYQU-0016-V1,,,,,,,,76,2026-08-21T16:29:30Z,2026-08-17T16:52:34Z,,,,,HYDRO QUEBEC,Soleil Anker,Soleil Anker
77,21966-2/3,2,3,No,21966,,No,No,No,No,No,No,No,,Livraison,Delivered,,TE-Ao-26,Reçu,,,Yes,Reçu,Yes,Yes,Yes,,,,Completed,2026-07-10T00:00:00Z,2026-07-20T00:00:00Z,Completed,Completed,2026-07-21T00:00:00Z,Completed,2026-07-23T00:00:00Z,Completed,2026-08-14T00:00:00Z,Completed,2026-08-20T00:00:00Z,2026-08-20T00:00:00Z,Completed,Completed,,,,,,2026-08-26T00:00:00Z,,,,,,,,,HYQU,M-HYQU-0009,MR-HYQU-0009-V1,,,,,,,,77,2026-08-31T20:52:21Z,2026-08-17T16:52:35Z,,,,,HYDRO QUEBEC,Soleil Anker,Soleil Anker
78,22032-10/20,10,20,No,22032,,No,No,No,No,No,No,No,,Livraison,Delivered,,TE-Ao-20,Reçu,Power,,Yes,Reçu,Yes,Yes,Yes,100-104,103,,Completed,2026-07-08T00:00:00Z,2026-07-23T00:00:00Z,Completed,Completed,2026-07-23T00:00:00Z,Completed,2026-07-24T00:00:00Z,Completed,2026-08-14T00:00:00Z,Completed,2026-08-18T00:00:00Z,2026-08-20T00:00:00Z,Completed,Completed,,2026-08-12T04:00:00Z,,attente bushing EPC,,2026-08-25T00:00:00Z,,,,,,,,,HYQU,M-HYQU-0015,MR-HYQU-0015-V1,,,,,,,,78,2026-08-31T20:44:27Z,2026-08-17T16:52:38Z,,,,,HYDRO QUEBEC,Soleil Anker,Soleil Anker
79,22032-11/20,11,20,No,22032,,No,No,No,No,No,No,No,,Livraison,Delivered,,TE-Ao-20,Reçu,Power,,Yes,Reçu,Yes,Yes,Yes,100-104,103,,Completed,2026-07-14T00:00:00Z,2026-07-24T00:00:00Z,Completed,Completed,2026-07-24T00:00:00Z,Completed,2026-08-08T00:00:00Z,Completed,2026-08-14T00:00:00Z,Completed,2026-08-18T00:00:00Z,2026-08-19T00:00:00Z,Completed,Completed,,2026-08-12T04:00:00Z,,attente bushing EPC / probleme sur cuve renvoyé de sixpro vers cadorette pour réparation,,2026-08-25T00:00:00Z,,,,,,,,,HYQU,M-HYQU-0015,MR-HYQU-0015-V1,,,,,,,,79,2026-08-31T20:44:24Z,2026-08-17T16:52:39Z,,,,,HYDRO QUEBEC,Soleil Anker,Soleil Anker
80,21387-3/6,3,6,No,21387,,No,No,No,No,No,No,No,,Tanking,Active,,TE-Ao-27,Reçu,Zone B,,Yes,0,Yes,Yes,Yes,106,106,,Completed,2026-05-21T00:00:00Z,2026-05-27T00:00:00Z,Completed,Completed,2026-05-27T00:00:00Z,Completed,2026-06-15T00:00:00Z,Completed,2026-08-17T00:00:00Z,Pending,,,,Completed,2026-02-18T00:00:00Z,2026-03-04T05:00:00Z,2026-08-15T04:00:00Z,Manque fil ctc + attente approbation du fils ctc d'inde / Nouveau fil commandé 8 à 10 semaines de délai / Repoussé avec Emerick / Client veut en août,,2026-08-31T00:00:00Z,,,,,,,,,HYQU,M-HYQU-0082,MR-HYQU-0082-V1,,,,,,,,80,2026-08-31T21:08:33Z,2026-08-17T16:52:40Z,,,,,HYDRO QUEBEC,Soleil Anker,Soleil Anker
81,21840-1/10,1,10,No,21840,,No,No,No,No,No,No,No,,Finition,Active,,EC-Ao-27,Reçu,Power / Ligne 1,,Yes,Reçu,Yes,Yes,Yes,100-104,104,N,Completed,2026-07-13T00:00:00Z,2026-07-21T00:00:00Z,Completed,Completed,2026-08-11T00:00:00Z,Completed,2026-08-12T00:00:00Z,Completed,2026-08-17T00:00:00Z,Completed,2026-08-26T00:00:00Z,,,Completed,,2026-08-14T04:00:00Z,2026-08-31T04:00:00Z,,,2026-08-28T00:00:00Z,,,,,,,,,GEPO,M-GEPO-0012,MR-GEPO-0012-V1,,,,,,,,81,2026-08-31T21:02:16Z,2026-08-17T16:52:42Z,,,,,GEORGIA POWER,Soleil Anker,Soleil Anker
82,21840-2/10,2,10,No,21840,,No,No,No,No,No,No,No,,Finition,Active,,EC-Ao-27,Reçu,Power / Ligne 1,,Yes,Reçu,Yes,Yes,Yes,100-104,104,N,Completed,2026-07-15T00:00:00Z,2026-08-10T00:00:00Z,Completed,Completed,2026-08-12T00:00:00Z,Completed,2026-08-12T00:00:00Z,Completed,2026-08-17T00:00:00Z,Completed,2026-08-26T00:00:00Z,,,Completed,,2026-08-14T04:00:00Z,2026-08-31T04:00:00Z,,,2026-08-28T00:00:00Z,,,,,,,,,GEPO,M-GEPO-0012,MR-GEPO-0012-V1,,,,,,,,82,2026-08-31T21:02:13Z,2026-08-17T16:52:43Z,,,,,GEORGIA POWER,Soleil Anker,Soleil Anker
83,21844-1/1,1,1,No,21844,,No,No,No,No,No,No,No,,Finition,Active,,EC-Ao-27,Reçu,Power / Ligne 1,,Yes,Reçu,Yes,Yes,Yes,100-104,102,,Completed,2026-04-21T00:00:00Z,2026-05-28T00:00:00Z,Completed,Completed,2026-06-02T00:00:00Z,Completed,2026-06-09T00:00:00Z,Completed,2026-08-17T00:00:00Z,Completed,2026-08-26T00:00:00Z,,,Completed,,2026-05-21T04:00:00Z,,Rad pas dans le BOM ajouté au bom le 15 avril / Attente ingé décision / rachat noyau +/- 27 mai / Pb de loadbreak erreur prod nouvelle commande */- 8-10 sem / Liv retardé pour client vente prévenue / loadbreak retardé arrive fin août / DF / re DF passe pas,,2026-09-30T00:00:00Z,,,,,,,,,POMT,M-POMT-0001,MR-POMT-0001-V1,,,,,,,,83,2026-08-31T21:01:15Z,2026-08-17T16:52:45Z,,,,,PORT DE MTL,Soleil Anker,Soleil Anker
84,21845-1/1,1,1,No,21845,,No,No,No,No,No,No,No,,Finition,Active,,EC-Ao-27,Reçu,,,Yes,Reçu,Yes,Yes,Yes,,,,Completed,2026-07-01T00:00:00Z,2026-08-10T00:00:00Z,Completed,Completed,2026-08-11T00:00:00Z,Completed,2026-08-13T00:00:00Z,Completed,2026-08-17T00:00:00Z,Completed,2026-08-26T00:00:00Z,,Pending,Completed,,,,,,,,,,,,,,,LGEN,M-LGEN-0004,MR-LGEN-0004-V1,,,,,,,,84,2026-08-31T21:01:11Z,2026-08-17T16:52:46Z,,,,,LG§E,Soleil Anker,Soleil Anker
85,21966-3/3,3,3,No,21966,,No,No,No,No,No,No,No,,Livraison,Delivered,,TE-Ao-26,Reçu,,,Yes,Reçu,Yes,Yes,Yes,,,,Completed,2026-07-10T00:00:00Z,2026-08-13T00:00:00Z,Completed,Completed,2026-08-13T00:00:00Z,Completed,2026-08-13T00:00:00Z,Completed,2026-08-17T00:00:00Z,Completed,2026-08-20T00:00:00Z,2026-08-20T00:00:00Z,Completed,Completed,,,,,,2026-08-26T00:00:00Z,,,,,,,,,HYQU,M-HYQU-0009,MR-HYQU-0009-V1,,,,,,,,85,2026-08-31T20:52:18Z,2026-08-17T16:52:48Z,,,,,HYDRO QUEBEC,Soleil Anker,Soleil Anker
86,21968-3/4,3,4,No,21968,,No,No,No,No,No,No,No,,Livraison,Delivered,,TE-Ao-26,Reçu,,,Yes,Reçu,Yes,Yes,Yes,,,,Completed,2026-07-09T00:00:00Z,2026-08-10T00:00:00Z,Completed,Completed,2026-08-10T00:00:00Z,Completed,2026-08-12T00:00:00Z,Completed,2026-08-17T00:00:00Z,Completed,2026-08-20T00:00:00Z,2026-08-20T00:00:00Z,Completed,Completed,,,,,,2026-08-26T00:00:00Z,,,,,,,,,HYQU,M-HYQU-0014,MR-HYQU-0014-V1,,,,,,,,86,2026-08-31T20:52:03Z,2026-08-17T16:52:50Z,,,,,HYDRO QUEBEC,Soleil Anker,Soleil Anker
87,21838-3/5,3,5,No,,,No,No,No,No,No,No,No,,Extérieur,Active,,TE-Ao-26,Reçu,Power / Ligne 1,,Yes,Reçu,Yes,Yes,Yes,100-104,108,N,Completed,2026-06-26T00:00:00Z,2026-07-10T00:00:00Z,Completed,Completed,2026-07-23T00:00:00Z,Completed,2026-08-12T00:00:00Z,Completed,2026-08-18T00:00:00Z,Completed,2026-08-24T00:00:00Z,2026-08-26T00:00:00Z,Completed,Completed,,2026-08-05T04:00:00Z,2026-08-31T04:00:00Z,Tiré car 1er sem août fermée / rads très serré / manque cadran,,2026-08-28T00:00:00Z,,,,,,,,,,,,,,,,,,,87,2026-08-31T21:02:35Z,2026-08-17T16:52:51Z,,,,,GEORGIA POWER,Soleil Anker,Soleil Anker
88,21840-3/10,3,10,No,21840,,No,No,No,No,No,No,No,,Extérieur,Active,,TE-Ao-27,Reçu,Power / Ligne 1,,Yes,Reçu,Yes,Yes,Yes,100-104,104,N,Completed,2026-07-20T00:00:00Z,2026-08-11T00:00:00Z,Completed,Completed,2026-08-13T00:00:00Z,Completed,2026-08-13T00:00:00Z,Completed,2026-08-18T00:00:00Z,Completed,2026-08-25T00:00:00Z,2026-08-26T00:00:00Z,Completed,Completed,,2026-08-17T04:00:00Z,2026-08-31T04:00:00Z,,,2026-08-28T00:00:00Z,,,,,,,,,GEPO,M-GEPO-0012,MR-GEPO-0012-V1,,,,,,,,88,2026-08-31T21:02:09Z,2026-08-17T16:52:53Z,,,,,GEORGIA POWER,Soleil Anker,Soleil Anker
89,21840-4/10,4,10,No,21840,,No,No,No,No,No,No,No,,Finition,Active,,EC-Ao-27,Reçu,Power / Ligne 1,,Yes,Reçu,Yes,Yes,Yes,100-104,104,N,Completed,2026-07-21T00:00:00Z,2026-08-12T00:00:00Z,Completed,Completed,2026-08-13T00:00:00Z,Completed,2026-08-13T00:00:00Z,Completed,2026-08-18T00:00:00Z,Completed,2026-08-21T00:00:00Z,,,Completed,,2026-08-17T04:00:00Z,2026-08-31T04:00:00Z,,,2026-08-31T00:00:00Z,,,,,,,,,GEPO,M-GEPO-0012,MR-GEPO-0012-V1,,,,,,,,89,2026-08-31T21:02:07Z,2026-08-17T16:52:54Z,,,,,GEORGIA POWER,Soleil Anker,Soleil Anker
90,21965-1/4,1,4,No,21965,,No,No,No,No,No,No,No,,Finition,Active,,EC-Ao-21,Reçu,Power / Ligne 1,,Yes,Reçu,Yes,Yes,Yes,100-104,102,,Completed,2026-07-15T00:00:00Z,2026-08-11T00:00:00Z,Completed,Completed,2026-08-13T00:00:00Z,Completed,2026-08-13T00:00:00Z,Completed,2026-08-18T00:00:00Z,Completed,2026-08-19T00:00:00Z,,Pending,Completed,,2026-08-11T04:00:00Z,,,,2026-08-27T00:00:00Z,,,,,,,,,HYQU,M-HYQU-0005,MR-HYQU-0005-V1,,,,,,,,90,2026-08-21T16:35:05Z,2026-08-17T16:52:57Z,,,,,HYDRO QUEBEC,Soleil Anker,Soleil Anker
91,21965-2/4,2,4,No,21965,,No,No,No,No,No,No,No,,Extérieur,Active,,TE-Ao-21,Reçu,Power / Ligne 1,,Yes,Reçu,Yes,Yes,Yes,100-104,102,,Completed,2026-07-16T00:00:00Z,2026-08-12T00:00:00Z,Completed,Completed,2026-08-13T00:00:00Z,Completed,2026-08-14T00:00:00Z,Completed,2026-08-18T00:00:00Z,Completed,2026-08-19T00:00:00Z,,Pending,Completed,,2026-08-13T04:00:00Z,,,,2026-08-27T00:00:00Z,,,,,,,,,HYQU,M-HYQU-0005,MR-HYQU-0005-V1,,,,,,,,91,2026-08-21T19:38:58Z,2026-08-17T16:52:57Z,,,,,HYDRO QUEBEC,Soleil Anker,Soleil Anker
92,22032-12/20,12,20,No,22032,,No,No,No,No,No,No,No,,Livraison,Delivered,,TE-Ao-24,Reçu,Power,,Yes,Reçu,Yes,Yes,Yes,100-104,103,,Completed,2026-07-14T00:00:00Z,2026-07-24T00:00:00Z,Completed,Completed,2026-07-24T00:00:00Z,Completed,2026-08-08T00:00:00Z,Completed,2026-08-18T00:00:00Z,Completed,2026-08-20T00:00:00Z,2026-08-24T00:00:00Z,Completed,Completed,,2026-08-12T04:00:00Z,,attente bushing EPC,,2026-08-26T00:00:00Z,,,,,,,,,HYQU,M-HYQU-0015,MR-HYQU-0015-V1,,,,,,,,92,2026-08-31T20:44:20Z,2026-08-17T16:52:59Z,,,,,HYDRO QUEBEC,Soleil Anker,Soleil Anker
93,22032-13/20,13,20,No,22032,,No,No,No,No,No,No,No,,Livraison,Delivered,,TE-Ao-24,Reçu,Power,,Yes,Reçu,Yes,Yes,Yes,100-104,103,,Completed,2026-07-14T00:00:00Z,2026-08-11T00:00:00Z,Completed,Completed,2026-08-11T00:00:00Z,Completed,2026-08-11T00:00:00Z,Completed,2026-08-18T00:00:00Z,Completed,2026-08-20T00:00:00Z,2026-08-24T00:00:00Z,Completed,Completed,,2026-08-13T04:00:00Z,,attente bushing EPC,,2026-08-26T00:00:00Z,,,,,,,,,HYQU,M-HYQU-0015,MR-HYQU-0015-V1,,,,,,,,93,2026-08-31T20:44:18Z,2026-08-17T16:53:02Z,,,,,HYDRO QUEBEC,Soleil Anker,Soleil Anker
94,21840-5/10,5,10,No,21840,,No,No,No,No,No,No,No,,Tanking,Active,,TE-Ao-27,Reçu,Power / Ligne 1,,Yes,Reçu,Yes,Yes,Yes,100-104,104,N,Completed,2026-07-23T00:00:00Z,2026-08-10T00:00:00Z,Completed,Completed,2026-08-12T00:00:00Z,Completed,2026-08-13T00:00:00Z,Completed,2026-08-19T00:00:00Z,Pending,,,,Completed,,2026-08-18T04:00:00Z,2026-08-31T04:00:00Z,,,2026-08-31T00:00:00Z,,,,,,,,,GEPO,M-GEPO-0012,MR-GEPO-0012-V1,,,,,,,,94,2026-08-31T21:02:04Z,2026-08-17T16:53:03Z,,,,,GEORGIA POWER,Soleil Anker,Soleil Anker
95,21846-1/1,1,1,No,21846,,No,No,No,No,No,No,No,,Tanking,Active,,TE-Ao-27,Reçu,,,Yes,Reçu,Yes,Yes,Yes,,,,Completed,2026-07-15T00:00:00Z,2026-08-11T00:00:00Z,Completed,Completed,2026-08-14T00:00:00Z,Completed,2026-08-14T00:00:00Z,Completed,2026-08-19T00:00:00Z,Pending,,,,Completed,,,,,,,,,,,,,,,LGEN,M-LGEN-0005,MR-LGEN-0005-V1,,,,,,,,95,2026-08-31T21:01:09Z,2026-08-17T16:53:04Z,,,,,LG§E,Soleil Anker,Soleil Anker
96,21850-1/2,1,2,No,,,No,No,No,No,No,No,No,,Test,Active,,TE-Ao-27,Reçu,Power / Ligne 1,,Yes,Reçu,Yes,Yes,Yes,100-104,108,,Completed,2026-07-09T00:00:00Z,2026-08-11T00:00:00Z,Completed,Completed,2026-08-14T00:00:00Z,Completed,2026-08-14T00:00:00Z,Completed,2026-08-19T00:00:00Z,Completed,2026-08-26T00:00:00Z,,,Completed,,2026-07-02T04:00:00Z,,,,2026-08-28T00:00:00Z,,,,,,,,,,,,,,,,,,,96,2026-08-31T21:00:52Z,2026-08-17T16:53:06Z,,,,,MADISON GAS § ELECTRIC,Soleil Anker,Soleil Anker
97,22032-14/20,14,20,No,22032,,No,No,No,No,No,No,No,,Livraison,Delivered,,TE-Ao-26,Reçu,Power,,Yes,Reçu,Yes,Yes,Yes,100-104,103,,Completed,2026-07-14T00:00:00Z,2026-08-11T00:00:00Z,Completed,Completed,2026-08-11T00:00:00Z,Completed,2026-08-11T00:00:00Z,Completed,2026-08-19T00:00:00Z,Completed,2026-08-21T00:00:00Z,2026-08-25T00:00:00Z,Completed,Completed,,2026-08-14T04:00:00Z,,attente bushing EPC,,2026-08-26T00:00:00Z,,,,,,,,,HYQU,M-HYQU-0015,MR-HYQU-0015-V1,,,,,,,,97,2026-08-31T20:44:15Z,2026-08-17T16:53:07Z,,,,,HYDRO QUEBEC,Soleil Anker,Soleil Anker
98,22032-15/20,15,20,No,22032,,No,No,No,No,No,No,No,,Livraison,Delivered,,TE-Ao-24,Reçu,Power,,Yes,Reçu,Yes,Yes,Yes,100-104,103,,Completed,2026-07-15T00:00:00Z,2026-08-11T00:00:00Z,Completed,Completed,2026-08-11T00:00:00Z,Completed,2026-08-11T00:00:00Z,Completed,2026-08-19T00:00:00Z,Completed,2026-08-20T00:00:00Z,2026-08-24T00:00:00Z,Completed,Completed,,2026-08-14T04:00:00Z,,attente bushing EPC,,2026-08-26T00:00:00Z,,,,,,,,,HYQU,M-HYQU-0015,MR-HYQU-0015-V1,,,,,,,,98,2026-08-31T20:44:13Z,2026-08-17T16:53:09Z,,,,,HYDRO QUEBEC,Soleil Anker,Soleil Anker
99,22032-16/20,16,20,No,22032,,No,No,No,No,No,No,No,,Livraison,Delivered,,TE-Ao-26,Reçu,Power,,Yes,Reçu,Yes,Yes,Yes,100-104,103,,Completed,2026-07-15T00:00:00Z,2026-08-11T00:00:00Z,Completed,Completed,2026-08-11T00:00:00Z,Completed,2026-08-11T00:00:00Z,Completed,2026-08-19T00:00:00Z,Completed,2026-08-21T00:00:00Z,2026-08-25T00:00:00Z,Completed,Completed,,2026-08-17T04:00:00Z,,attente bushing EPC,,2026-08-26T00:00:00Z,,,,,,,,,HYQU,M-HYQU-0015,MR-HYQU-0015-V1,,,,,,,,99,2026-08-31T20:44:11Z,2026-08-17T16:53:10Z,,,,,HYDRO QUEBEC,Soleil Anker,Soleil Anker
100,21838-4/5,4,5,No,21838,,No,No,No,No,No,No,No,,Tanking,Active,,TE-Ao-27,Reçu,Power / Ligne 1,,Yes,Reçu,Yes,Yes,Yes,100-104,108,N,Completed,2026-06-26T00:00:00Z,2026-07-06T00:00:00Z,Completed,Completed,2026-08-14T00:00:00Z,Completed,2026-08-14T00:00:00Z,Completed,2026-08-20T00:00:00Z,Pending,,,,Completed,,2026-08-05T04:00:00Z,2026-08-31T04:00:00Z,Tiré car 1er sem août fermée / rads très serré,,2026-08-31T00:00:00Z,,,,,,,,,GEPO,M-GEPO-0006,MR-GEPO-0006-V1,,,,,,,,100,2026-08-31T21:02:33Z,2026-08-17T16:53:13Z,,,,,GEORGIA POWER,Soleil Anker,Soleil Anker
101,21840-6/10,6,10,No,21840,,No,No,No,No,No,No,No,,Test,Active,,TE-Ao-27,Reçu,Power / Ligne 1,,Yes,Reçu,Yes,Yes,Yes,100-104,104,N,Completed,2026-08-12T00:00:00Z,2026-08-13T00:00:00Z,Completed,Completed,2026-08-17T00:00:00Z,Completed,2026-08-17T00:00:00Z,Completed,2026-08-20T00:00:00Z,Completed,2026-08-26T00:00:00Z,,,Completed,,2026-08-18T04:00:00Z,2026-08-31T04:00:00Z,,,2026-08-31T00:00:00Z,,,,,,,,,GEPO,M-GEPO-0012,MR-GEPO-0012-V1,,,,,,,,101,2026-08-31T21:02:02Z,2026-08-17T16:53:14Z,,,,,GEORGIA POWER,Soleil Anker,Soleil Anker
102,21840-7/10,7,10,No,21840,,No,No,No,No,No,No,No,,Finition,Active,,EC-Ao-27,Reçu,Power / Ligne 1,,Yes,Reçu,Yes,Yes,Yes,100-104,104,N,Completed,2026-08-14T00:00:00Z,2026-08-17T00:00:00Z,Completed,Completed,2026-08-17T00:00:00Z,Completed,2026-08-17T00:00:00Z,Completed,2026-08-20T00:00:00Z,Completed,2026-08-24T00:00:00Z,,,Completed,,2026-08-19T04:00:00Z,2026-08-31T04:00:00Z,,,2026-08-28T00:00:00Z,,,,,,,,,GEPO,M-GEPO-0012,MR-GEPO-0012-V1,,,,,,,,102,2026-08-31T21:01:59Z,2026-08-17T16:53:15Z,,,,,GEORGIA POWER,Soleil Anker,Soleil Anker
103,21850-2/2,2,2,No,,,No,No,No,No,No,No,No,,Test,Active,,TE-Ao-27,Reçu,Power / Ligne 1,,Yes,Reçu,Yes,Yes,Yes,100-104,108,,Completed,2026-07-10T00:00:00Z,2026-08-11T00:00:00Z,Completed,Completed,2026-08-14T00:00:00Z,Completed,2026-08-14T00:00:00Z,Completed,2026-08-20T00:00:00Z,Completed,2026-08-26T00:00:00Z,,,Completed,,2026-07-02T04:00:00Z,,,,2026-08-28T00:00:00Z,,,,,,,,,,,,,,,,,,,103,2026-08-31T21:00:49Z,2026-08-17T16:53:17Z,,,,,MADISON GAS § ELECTRIC,Soleil Anker,Soleil Anker
104,21968-4/4,4,4,No,21968,,No,No,No,No,No,No,No,,Finition,Active,,EC-Ao-27,Reçu,,,Yes,Reçu,Yes,Yes,Yes,,,,Completed,2026-07-09T00:00:00Z,2026-08-12T00:00:00Z,Completed,Completed,2026-08-13T00:00:00Z,Completed,2026-08-14T00:00:00Z,Completed,2026-08-20T00:00:00Z,Completed,2026-08-26T00:00:00Z,,,Completed,,,,Fuite soudure,,,,,,,,,,,HYQU,M-HYQU-0014,MR-HYQU-0014-V1,,,,,,,,104,2026-08-31T20:52:00Z,2026-08-17T16:53:18Z,,,,,HYDRO QUEBEC,Soleil Anker,Soleil Anker
105,22032-17/20,17,20,No,,,No,No,No,No,No,No,No,,Livraison,Delivered,,TE-Ao-26,Reçu,Power,,Yes,Reçu,Yes,Yes,Yes,100-104,103,,Completed,2026-07-15T00:00:00Z,2026-08-13T00:00:00Z,Completed,Completed,2026-08-13T00:00:00Z,Completed,2026-08-14T00:00:00Z,Completed,2026-08-20T00:00:00Z,Completed,2026-08-21T00:00:00Z,2026-08-25T00:00:00Z,Completed,Completed,,2026-08-17T04:00:00Z,,attente bushing EPC,,2026-08-26T00:00:00Z,,,,,,,,,,,,,,,,,,,105,2026-08-31T20:44:08Z,2026-08-17T16:53:20Z,,,,,HYDRO QUEBEC,Soleil Anker,Soleil Anker
106,22032-18/20,18,20,No,22032,,No,No,No,No,No,No,No,,Livraison,Delivered,,TE-Ao-24,Reçu,Power,,Yes,Reçu,Yes,Yes,Yes,100-104,103,,Completed,2026-07-16T00:00:00Z,2026-08-13T00:00:00Z,Completed,Completed,2026-08-13T00:00:00Z,Completed,2026-08-14T00:00:00Z,Completed,2026-08-20T00:00:00Z,Completed,2026-08-21T00:00:00Z,2026-08-24T00:00:00Z,Completed,Completed,,2026-08-17T04:00:00Z,,attente bushing EPC,,2026-08-26T00:00:00Z,,,,,,,,,HYQU,M-HYQU-0015,MR-HYQU-0015-V1,,,,,,,,106,2026-08-31T20:44:06Z,2026-08-17T16:53:22Z,,,,,HYDRO QUEBEC,Soleil Anker,Soleil Anker
107,21050W1-1/1,1,1,No,21050W1,,No,No,No,No,No,No,No,,Tanking,Active,,TE-Ao-27,Reçu,,,Yes,Reçu,Yes,Yes,Yes,,,,Completed,2026-06-05T00:00:00Z,2026-08-11T00:00:00Z,Completed,Completed,2026-08-18T00:00:00Z,Completed,2026-08-18T00:00:00Z,Completed,2026-08-21T00:00:00Z,Pending,,,,Completed,,,,,,,,,,,,,,,MAGA,M-MAGA-0007,MR-MAGA-0007-V1,,,,,,,,107,2026-08-31T21:09:14Z,2026-08-17T16:53:23Z,,,,,MADISON GAS § ELECTRIC,Soleil Anker,Soleil Anker
108,21803-1/8,1,8,No,21803,,No,No,No,No,No,No,No,,Livraison,Delivered,,TE-Ao-26,Reçu,Power,,Yes,Reçu,Yes,Yes,Yes,100-104,103,N,Completed,2026-07-17T00:00:00Z,2026-08-13T00:00:00Z,Completed,Completed,2026-08-17T00:00:00Z,Completed,2026-08-17T00:00:00Z,Completed,2026-08-21T00:00:00Z,Completed,2026-08-25T00:00:00Z,2026-08-25T00:00:00Z,Completed,Completed,,2026-08-14T04:00:00Z,2026-09-05T04:00:00Z,,,2026-08-26T00:00:00Z,,,,,,,,,HYQU,M-HYQU-0009,MR-HYQU-0009-V1,,,,,,,,108,2026-08-31T21:04:51Z,2026-08-17T16:53:25Z,,,,,HYDRO QUEBEC,Soleil Anker,Soleil Anker
109,21838-5/5,5,5,No,21838,,No,No,No,No,No,No,No,,Finition,Active,,EC-Ao-27,Reçu,Power / Ligne 1,,Yes,Reçu,Yes,Yes,Yes,100-104,108,N,Completed,2026-06-30T00:00:00Z,2026-07-13T00:00:00Z,Completed,Completed,2026-08-18T00:00:00Z,Completed,2026-08-18T00:00:00Z,Completed,2026-08-21T00:00:00Z,Completed,2026-08-26T00:00:00Z,,,Completed,,2026-08-06T04:00:00Z,2026-08-31T04:00:00Z,Tiré car 1er sem août fermée / rads très serré,,2026-08-28T00:00:00Z,,,,,,,,,GEPO,M-GEPO-0006,MR-GEPO-0006-V1,,,,,,,,109,2026-08-31T21:02:30Z,2026-08-17T16:53:26Z,,,,,GEORGIA POWER,Soleil Anker,Soleil Anker
110,21839-10/10,10,10,No,21839,,No,No,No,No,No,No,No,,Tanking,Active,,TE-Ao-27,Reçu,Power / Ligne 1,,Yes,Reçu,Yes,Yes,Yes,100-104,105,N,Completed,2026-06-26T00:00:00Z,2026-07-21T00:00:00Z,Completed,Completed,2026-07-22T00:00:00Z,Completed,2026-08-17T00:00:00Z,Completed,2026-08-21T00:00:00Z,Pending,,,,Completed,,2026-08-13T04:00:00Z,,attente couvercle,,2026-08-31T00:00:00Z,,,,,,,,,GEPO,M-GEPO-0009,MR-GEPO-0009-V1,,,,,,,,110,2026-08-31T21:02:28Z,2026-08-17T16:53:29Z,,,,,GEORGIA POWER,Soleil Anker,Soleil Anker
111,21840-8/10,8,10,No,21840,,No,No,No,No,No,No,No,,Finition,Active,,EC-Ao-27,Reçu,Power / Ligne 1,,Yes,Reçu,Yes,Yes,Yes,100-104,104,N,Completed,2026-08-17T00:00:00Z,2026-08-18T00:00:00Z,Completed,Completed,2026-08-19T00:00:00Z,Completed,2026-08-19T00:00:00Z,Completed,2026-08-21T00:00:00Z,Completed,2026-08-26T00:00:00Z,,,Completed,,2026-08-19T04:00:00Z,2026-08-31T04:00:00Z,,,2026-08-31T00:00:00Z,,,,,,,,,GEPO,M-GEPO-0012,MR-GEPO-0012-V1,,,,,,,,111,2026-08-31T21:01:56Z,2026-08-17T16:53:30Z,,,,,GEORGIA POWER,Soleil Anker,Soleil Anker
112,22032-19/20,19,20,No,22032,,No,No,No,No,No,No,No,,Livraison,Delivered,,TE-Ao-25,Reçu,Power,,Yes,Reçu,Yes,Yes,Yes,100-104,103,,Completed,2026-07-16T00:00:00Z,2026-08-13T00:00:00Z,Completed,Completed,2026-08-14T00:00:00Z,Completed,2026-08-14T00:00:00Z,Completed,2026-08-21T00:00:00Z,Completed,2026-08-21T00:00:00Z,2026-08-24T00:00:00Z,Completed,Completed,,2026-08-17T04:00:00Z,,attente bushing EPC,,2026-08-26T00:00:00Z,,,,,,,,,HYQU,M-HYQU-0015,MR-HYQU-0015-V1,,,,,,,,112,2026-08-31T20:44:03Z,2026-08-17T16:53:31Z,,,,,HYDRO QUEBEC,Soleil Anker,Soleil Anker
113,21499-1/3,1,3,No,21499,,No,No,No,No,No,No,No,,Assemblage,Active,,TE-Ao-21,Reçu,Zone B,,Yes,Reçu,Yes,Yes,Yes,106,106,,Completed,2026-08-10T00:00:00Z,2026-08-19T00:00:00Z,Completed,Completed,2026-08-20T00:00:00Z,Pending,,Completed,2026-08-24T00:00:00Z,Pending,,,,Completed,2026-08-05T00:00:00Z,2026-08-19T04:00:00Z,2027-06-03T04:00:00Z,Attente retour client / Tanking changé à la demande d'HQ / Client veut en juillet / Attente kit isolation retardé 2-3 semaines vente prévenue / Client veut en août / fil CTC a été pris pour 21611,,2026-09-15T00:00:00Z,,,,,,,,,HYQU,M-HYQU-0068,MR-HYQU-0068-V1,,,,,,,,113,2026-08-21T16:36:01Z,2026-08-17T16:53:33Z,,,,,HYDRO QUEBEC,Soleil Anker,Soleil Anker
114,21499-1/3 SA,1,3,Yes,,,No,No,No,No,No,No,No,,Four,Active,,EC-Ao-21,Reçu,Zone B,,Yes,Reçu,Yes,Yes,Yes,100-104,102,,Completed,2026-06-29T00:00:00Z,2026-08-10T00:00:00Z,Completed,Completed,2026-08-12T00:00:00Z,Completed,2026-08-18T00:00:00Z,Completed,2026-08-24T00:00:00Z,,,,,Completed,,2026-08-19T04:00:00Z,2026-08-31T04:00:00Z,Attente retour client / Tanking changé à la demande d'HQ,,2026-09-15T00:00:00Z,,,,,,,,,,,,,,,,,,,114,2026-08-21T16:36:03Z,2026-08-17T16:53:35Z,,,,,HYDRO QUEBEC,Soleil Anker,Soleil Anker
115,21794-1/5,1,5,No,21794,,No,No,No,No,No,No,No,,Tanking,Active,,TE-Ao-27,Reçu,Power / Ligne 1,,Yes,Reçu,Yes,Yes,Yes,100-104,100,N,Completed,2026-08-17T00:00:00Z,2026-08-18T00:00:00Z,Completed,Completed,2026-08-19T00:00:00Z,Completed,2026-08-21T00:00:00Z,Completed,2026-08-24T00:00:00Z,Pending,,,,Completed,,2026-08-24T04:00:00Z,2026-09-05T04:00:00Z,DP,,2026-08-27T00:00:00Z,,,,,,,,,HYQU,M-HYQU-0016,MR-HYQU-0016-V1,,,,,,,,115,2026-08-31T21:05:09Z,2026-08-17T16:53:36Z,,,,,HYDRO QUEBEC,Soleil Anker,Soleil Anker
116,21794-2/5,2,5,No,21794,,No,No,No,No,No,No,No,,Tanking,Active,,TE-Ao-27,Reçu,Power / Ligne 1,,Yes,Reçu,Yes,Yes,Yes,100-104,100,N,Completed,2026-08-18T00:00:00Z,2026-08-19T00:00:00Z,Completed,Completed,2026-08-20T00:00:00Z,Completed,2026-08-21T00:00:00Z,Completed,2026-08-24T00:00:00Z,Pending,,,,Completed,,2026-08-24T04:00:00Z,2026-09-05T04:00:00Z,,,2026-08-27T00:00:00Z,,,,,,,,,HYQU,M-HYQU-0016,MR-HYQU-0016-V1,,,,,,,,116,2026-08-31T21:05:06Z,2026-08-17T16:53:38Z,,,,,HYDRO QUEBEC,Soleil Anker,Soleil Anker
117,21803-2/8,2,8,No,21803,,No,No,No,No,No,No,No,,Test,Active,,EC-Ao-27,Reçu,Power,,Yes,Reçu,Yes,Yes,Yes,100-104,103,N,Completed,2026-07-17T00:00:00Z,2026-08-13T00:00:00Z,Completed,Completed,2026-08-17T00:00:00Z,Completed,2026-08-17T00:00:00Z,Completed,2026-08-24T00:00:00Z,Pending,,,,Completed,,2026-08-14T04:00:00Z,2026-09-05T04:00:00Z,,,2026-08-27T00:00:00Z,,,,,,,,,HYQU,M-HYQU-0009,MR-HYQU-0009-V1,,,,,,,,117,2026-08-31T21:04:48Z,2026-08-17T16:53:39Z,,,,,HYDRO QUEBEC,Soleil Anker,Soleil Anker
118,21840-10/10,10,10,No,,,No,No,No,No,No,No,No,,Tanking,Active,,EC-Ao-27,Reçu,Power / Ligne 1,,Yes,Reçu,Yes,Yes,Yes,100-104,104,N,Completed,2026-08-19T00:00:00Z,2026-08-20T00:00:00Z,Completed,Completed,2026-08-21T00:00:00Z,Completed,2026-08-21T00:00:00Z,Completed,2026-08-24T00:00:00Z,,,,,Completed,,2026-08-20T04:00:00Z,2026-08-31T04:00:00Z,,,2026-08-31T00:00:00Z,,,,,,,,,,,,,,,,,,,118,2026-08-31T21:02:14Z,2026-08-17T16:53:41Z,,,,,GEORGIA POWER,Soleil Anker,Soleil Anker
119,21840-9/10,9,10,No,,,No,No,No,No,No,No,No,,Finition,Active,,EC-Ao-27,Reçu,Power / Ligne 1,,Yes,Reçu,Yes,Yes,Yes,100-104,104,N,Completed,2026-08-18T00:00:00Z,2026-08-19T00:00:00Z,Completed,Completed,2026-08-20T00:00:00Z,Completed,2026-08-21T00:00:00Z,Completed,2026-08-24T00:00:00Z,Completed,2026-08-26T00:00:00Z,,,Completed,,2026-08-20T04:00:00Z,2026-08-31T04:00:00Z,,,2026-08-31T00:00:00Z,,,,,,,,,,,,,,,,,,,119,2026-08-31T21:01:53Z,2026-08-17T16:53:42Z,,,,,GEORGIA POWER,Soleil Anker,Soleil Anker
120,21965-3/4,3,4,No,21965,,No,No,No,No,No,No,No,,Four,Active,,EC-Ao-21,Reçu,Power / Ligne 1,,No,Reçu,Yes,Yes,Yes,100-104,102,,Completed,2026-07-20T00:00:00Z,2026-08-17T00:00:00Z,Completed,Completed,2026-08-17T00:00:00Z,Completed,2026-08-18T00:00:00Z,Completed,2026-08-24T00:00:00Z,Pending,,,,Completed,,2026-08-17T04:00:00Z,,,,2026-08-27T00:00:00Z,,,,,,,,,HYQU,M-HYQU-0005,MR-HYQU-0005-V1,,,,,,,,120,2026-08-21T16:36:18Z,2026-08-17T16:53:44Z,,,,,HYDRO QUEBEC,Soleil Anker,Soleil Anker
121,22032-20/20,20,20,No,22032,,No,No,No,No,No,No,No,,Test,Active,,EC-Ao-27,Reçu,Power,,Yes,Reçu,Yes,Yes,Yes,100-104,103,,Completed,2026-07-16T00:00:00Z,2026-08-13T00:00:00Z,Completed,Completed,2026-08-14T00:00:00Z,Completed,2026-08-14T00:00:00Z,Completed,2026-08-25T00:00:00Z,Pending,,,,Completed,,2026-08-19T04:00:00Z,,attente bushing EPC,,2026-08-27T00:00:00Z,,,,,,,,,HYQU,M-HYQU-0015,MR-HYQU-0015-V1,,,,,,,,121,2026-08-31T20:44:02Z,2026-08-17T16:53:46Z,,,,,HYDRO QUEBEC,Soleil Anker,Soleil Anker
122,21792-1/5,1,5,No,21792,,No,No,No,No,No,No,No,,Test,Active,,EC-Ao-27,Reçu,Power / Ligne 1,,Yes,Reçu,Yes,Yes,Yes,100-104,102,N,Completed,2026-07-21T00:00:00Z,2026-08-17T00:00:00Z,Completed,Completed,2026-08-17T00:00:00Z,Completed,2026-08-19T00:00:00Z,Completed,2026-08-25T00:00:00Z,Pending,,,,Completed,,2026-08-24T04:00:00Z,2026-09-05T04:00:00Z,,,2026-09-05T00:00:00Z,,,,,,,,,HYQU,M-HYQU-0012,MR-HYQU-0012-V1,,,,,,,,122,2026-08-31T21:05:34Z,2026-08-17T16:53:47Z,,,,,HYDRO QUEBEC,Soleil Anker,Soleil Anker
123,21792-2/5,2,5,No,,,No,No,No,No,No,No,No,,Tanking,Active,,TE-Ao-27,Reçu,Power / Ligne 1,,Yes,Reçu,Yes,Yes,Yes,100-104,102,N,Completed,2026-07-22T00:00:00Z,2026-08-17T00:00:00Z,Completed,Completed,2026-08-18T00:00:00Z,Completed,2026-08-19T00:00:00Z,Completed,2026-08-26T00:00:00Z,,,,,Completed,,2026-08-24T04:00:00Z,2026-09-05T04:00:00Z,,,2026-09-05T00:00:00Z,,,,,,,,,,,,,,,,,,,123,2026-08-31T21:05:32Z,2026-08-17T16:53:49Z,,,,,HYDRO QUEBEC,Soleil Anker,Soleil Anker
124,21803-3/8,3,8,No,21803,,No,No,No,No,No,No,No,,Test,Active,,EC-Ao-27,Reçu,Power,,Yes,Reçu,Yes,Yes,Yes,100-104,103,N,Completed,2026-07-20T00:00:00Z,2026-08-19T00:00:00Z,Completed,Completed,2026-08-19T00:00:00Z,Completed,2026-08-20T00:00:00Z,Completed,2026-08-25T00:00:00Z,Pending,,,,Completed,,2026-08-17T04:00:00Z,2026-09-05T04:00:00Z,,,2026-09-05T00:00:00Z,,,,,,,,,HYQU,M-HYQU-0009,MR-HYQU-0009-V1,,,,,,,,124,2026-08-31T21:04:45Z,2026-08-17T16:53:51Z,,,,,HYDRO QUEBEC,Soleil Anker,Soleil Anker
125,21803-4/8,4,8,No,21803,,No,No,No,No,No,No,No,,Test,Active,,EC-Ao-27,Reçu,Power,,Yes,Reçu,Yes,Yes,Yes,100-104,103,N,Completed,2026-07-21T00:00:00Z,2026-08-17T00:00:00Z,Completed,Completed,2026-08-19T00:00:00Z,Completed,2026-08-20T00:00:00Z,Completed,2026-08-25T00:00:00Z,Pending,,,,Completed,,2026-08-17T04:00:00Z,2026-09-05T04:00:00Z,,,2026-09-05T00:00:00Z,,,,,,,,,HYQU,M-HYQU-0009,MR-HYQU-0009-V1,,,,,,,,125,2026-08-31T21:04:44Z,2026-08-17T16:53:53Z,,,,,HYDRO QUEBEC,Soleil Anker,Soleil Anker
126,21792-3/5,3,5,No,21792,,No,No,No,No,No,No,No,,Tanking,Active,,TE-Ao-27,Reçu,Power / Ligne 1,,Yes,Reçu,Yes,Yes,Yes,100-104,102,N,Completed,2026-07-22T00:00:00Z,2026-08-17T00:00:00Z,Completed,Completed,2026-08-18T00:00:00Z,Completed,2026-08-20T00:00:00Z,Completed,2026-08-26T00:00:00Z,Pending,,,,Completed,,2026-08-26T04:00:00Z,,,,2026-09-24T00:00:00Z,,,,,,,,,HYQU,M-HYQU-0012,MR-HYQU-0012-V1,,,,,,,,126,2026-08-31T21:05:29Z,2026-08-17T16:53:54Z,,,,,HYDRO QUEBEC,Soleil Anker,Soleil Anker
127,21792-4/5,4,5,No,,,No,No,No,No,No,No,No,,Four,Active,,EC-Ao-27,Reçu,Power / Ligne 1,,Yes,Reçu,Yes,Yes,Yes,100-104,102,N,Completed,2026-07-23T00:00:00Z,2026-08-17T00:00:00Z,Completed,Completed,2026-08-18T00:00:00Z,Completed,2026-08-20T00:00:00Z,Completed,2026-08-27T00:00:00Z,,,,,Completed,,2026-08-26T04:00:00Z,,,,2026-09-24T00:00:00Z,,,,,,,,,,,,,,,,,,,127,2026-08-31T21:05:27Z,2026-08-17T16:53:56Z,,,,,HYDRO QUEBEC,Soleil Anker,Soleil Anker
128,21803-5/8,5,8,No,21803,,No,No,No,No,No,No,No,,Tanking,Active,,TE-Ao-27,Reçu,Power,,Yes,Reçu,Yes,Yes,Yes,100-104,103,N,Completed,2026-07-21T00:00:00Z,2026-08-17T00:00:00Z,Completed,Completed,2026-08-18T00:00:00Z,Completed,2026-08-20T00:00:00Z,Completed,2026-08-26T00:00:00Z,Pending,,,,Completed,,2026-08-19T04:00:00Z,2026-09-05T04:00:00Z,,,2026-09-05T00:00:00Z,,,,,,,,,HYQU,M-HYQU-0009,MR-HYQU-0009-V1,,,,,,,,128,2026-08-31T21:04:41Z,2026-08-17T16:53:58Z,,,,,HYDRO QUEBEC,Soleil Anker,Soleil Anker
129,21969-1/2,1,2,No,21969,,No,No,No,No,No,No,No,,Tanking,Active,,TE-Ao-27,Reçu,Power / Ligne 1,,Yes,Reçu,Yes,Yes,Yes,100-104,100,,Completed,2026-08-13T00:00:00Z,2026-08-18T00:00:00Z,Completed,Completed,2026-08-20T00:00:00Z,Completed,2026-08-21T00:00:00Z,Completed,2026-08-26T00:00:00Z,Pending,,,,,,2026-08-11T04:00:00Z,,,,,,,,,,,,,HYQU,M-HYQU-0022,MR-HYQU-0022-V1,,,,,,,,129,2026-08-31T20:51:58Z,2026-08-17T16:53:59Z,,,,,HYDRO QUEBEC,Soleil Anker,Soleil Anker
130,22045-1/2,1,2,No,22045,,No,No,No,No,No,No,No,,Stacking,Active,,EC-Ao-21,Reçu,Power / Ligne 1,,Yes,Reçu,Yes,Yes,No,100-104,102,,Completed,2026-08-13T00:00:00Z,,Pending,,,,,Completed,2026-08-26T00:00:00Z,Pending,,,,Completed,,2026-09-15T04:00:00Z,,Client veut 1 unité début septembre,,2026-09-10T00:00:00Z,,,,,,,,,TOHY,M-TOHY-0004,MR-TOHY-0004-V1,,,,,,,,130,2026-08-21T16:36:39Z,2026-08-17T16:54:01Z,,,,,TORONTO HYDRO,Soleil Anker,Soleil Anker
131,21792-5/5,5,5,No,21792,,No,No,No,No,No,No,No,,Four,Active,,EC-Ao-27,Reçu,Power / Ligne 1,,Yes,Reçu,Yes,Yes,Yes,100-104,102,N,Completed,2026-08-10T00:00:00Z,2026-08-18T00:00:00Z,Completed,Completed,2026-08-19T00:00:00Z,Completed,2026-08-21T00:00:00Z,Completed,2026-08-28T00:00:00Z,Pending,,,,Completed,,2026-08-28T04:00:00Z,,,,2026-09-24T00:00:00Z,,,,,,,,,HYQU,M-HYQU-0012,MR-HYQU-0012-V1,,,,,,,,131,2026-08-31T21:05:23Z,2026-08-17T16:54:02Z,,,,,HYDRO QUEBEC,Soleil Anker,Soleil Anker
132,21794-3/5,3,5,No,21794,,No,No,No,No,No,No,No,,Tanking,Active,,EC-Ao-27,Reçu,Power / Ligne 1,,Yes,Reçu,Yes,Yes,Yes,100-104,100,N,Completed,2026-08-19T00:00:00Z,2026-08-20T00:00:00Z,Completed,Completed,2026-08-21T00:00:00Z,Completed,2026-08-21T00:00:00Z,Completed,2026-08-27T00:00:00Z,Pending,,,,Completed,,2026-08-27T04:00:00Z,,,,2026-09-24T00:00:00Z,,,,,,,,,HYQU,M-HYQU-0016,MR-HYQU-0016-V1,,,,,,,,132,2026-08-31T21:05:05Z,2026-08-17T16:54:04Z,,,,,HYDRO QUEBEC,Soleil Anker,Soleil Anker
133,21971-1/8,1,8,No,,,No,No,No,No,No,No,No,,Tanking,Active,,EC-Ao-27,Reçu,Power,,Yes,Reçu,Yes,Yes,Yes,100-104,103,,Completed,2026-08-11T00:00:00Z,2026-08-17T00:00:00Z,Completed,Completed,2026-08-18T00:00:00Z,Completed,2026-08-21T00:00:00Z,Completed,2026-08-27T00:00:00Z,,,,,,,2026-08-27T04:00:00Z,,,,,,,,,,,,,,,,,,,,,,,133,2026-08-31T20:51:47Z,2026-08-17T16:54:06Z,,,,,HYDRO QUEBEC,Soleil Anker,Soleil Anker
134,21971-2/8,2,8,No,21971,,No,No,No,No,No,No,No,,Four,Active,,EC-Ao-27,Reçu,Power,,No,Reçu,Yes,Yes,Yes,100-104,103,,Completed,2026-08-11T00:00:00Z,2026-08-17T00:00:00Z,Completed,Completed,2026-08-18T00:00:00Z,Completed,2026-08-21T00:00:00Z,Completed,2026-08-27T00:00:00Z,Pending,,,,,,2026-08-27T04:00:00Z,,,,,,,,,,,,,HYQU,M-HYQU-0008,MR-HYQU-0008-V1,,,,,,,,134,2026-08-31T20:51:45Z,2026-08-17T16:54:07Z,,,,,HYDRO QUEBEC,Soleil Anker,Soleil Anker
135,21971-3/8,3,8,No,21971,,No,No,No,No,No,No,No,,Four,Active,,EC-Ao-27,Reçu,Power,,No,Reçu,Yes,Yes,Yes,100-104,103,,Completed,2026-08-11T00:00:00Z,2026-08-18T00:00:00Z,Completed,Completed,2026-08-19T00:00:00Z,Completed,2026-08-21T00:00:00Z,Completed,2026-08-27T00:00:00Z,Pending,,,,,,2026-08-27T04:00:00Z,,,,,,,,,,,,,HYQU,M-HYQU-0008,MR-HYQU-0008-V1,,,,,,,,135,2026-08-31T20:51:41Z,2026-08-17T16:54:11Z,,,,,HYDRO QUEBEC,Soleil Anker,Soleil Anker
136,21793-1/5,1,5,No,21793,,No,No,No,No,Yes,No,No,,Four,Active,,EC-Ao-27,Reçu,Power,,No,Reçu,Yes,Yes,Yes,100-104,102,N,Completed,2026-08-17T00:00:00Z,2026-08-19T00:00:00Z,Completed,Completed,2026-08-20T00:00:00Z,Completed,2026-08-24T00:00:00Z,Completed,2026-08-28T00:00:00Z,Pending,,,,Completed,,2026-08-28T04:00:00Z,,,,2026-09-24T00:00:00Z,,,,,,,,,HYQU,M-HYQU-0014,MR-HYQU-0014-V1,,,,,,,,136,2026-08-31T21:05:21Z,2026-08-17T16:54:12Z,,,,,HYDRO QUEBEC,Soleil Anker,Soleil Anker
137,21794-4/5,4,5,No,,,No,No,No,No,No,No,No,,Four,Active,,EC-Ao-27,Reçu,Power / Ligne 1,,Yes,Reçu,Yes,Yes,Yes,100-104,100,N,Completed,2026-08-20T00:00:00Z,2026-08-20T00:00:00Z,Completed,Completed,2026-08-20T00:00:00Z,Completed,2026-08-21T00:00:00Z,Completed,2026-08-28T00:00:00Z,,,,,Completed,,2026-08-27T04:00:00Z,,,,2026-09-24T00:00:00Z,,,,,,,,,,,,,,,,,,,137,2026-08-31T21:05:02Z,2026-08-17T16:54:14Z,,,,,HYDRO QUEBEC,Soleil Anker,Soleil Anker
138,21965-4/4,4,4,No,,,No,No,No,No,No,No,No,,Four,Active,,EC-Ao-27,Reçu,Power / Ligne 1,,Yes,Reçu,Yes,Yes,Yes,100-104,102,,Completed,2026-07-20T00:00:00Z,2026-08-18T00:00:00Z,Completed,Completed,2026-08-20T00:00:00Z,Completed,2026-08-24T00:00:00Z,Completed,2026-08-28T00:00:00Z,,,,,,,2026-08-19T04:00:00Z,,,,,,,,,,,,,,,,,,,,,,,138,2026-08-31T20:52:24Z,2026-08-17T16:54:17Z,,,,,HYDRO QUEBEC,Soleil Anker,Soleil Anker
139,21794-5/5,5,5,No,,,No,No,No,No,No,No,No,,Four,Active,,EC-Ao-27,Reçu,Power / Ligne 1,,Yes,Reçu,Yes,Yes,Yes,100-104,100,N,Completed,2026-08-21T00:00:00Z,2026-08-24T00:00:00Z,Completed,Completed,2026-08-24T00:00:00Z,Completed,2026-08-25T00:00:00Z,Completed,2026-08-31T00:00:00Z,,,,,Completed,,2026-08-31T04:00:00Z,,,,2026-09-24T00:00:00Z,,,,,,,,,,,,,,,,,,,139,2026-08-31T21:04:58Z,2026-08-17T16:54:19Z,,,,,HYDRO QUEBEC,Soleil Anker,Soleil Anker
140,21969-2/2,2,2,No,21969,,No,No,No,No,No,No,No,,Four,Active,,EC-Ao-27,Reçu,Power / Ligne 1,,Yes,Reçu,Yes,Yes,Yes,100-104,100,,Completed,2026-08-14T00:00:00Z,2026-08-24T00:00:00Z,Completed,Completed,2026-08-24T00:00:00Z,Completed,2026-08-25T00:00:00Z,Completed,2026-08-31T00:00:00Z,Pending,,,,,,2026-08-13T04:00:00Z,,manque rangée duct L.V. #2,,,,,,,,,,,HYQU,M-HYQU-0022,MR-HYQU-0022-V1,,,,,,,,140,2026-08-31T20:51:55Z,2026-08-17T16:54:22Z,,,,,HYDRO QUEBEC,Soleil Anker,Soleil Anker
141,21970-1/2,1,2,No,21970,,No,No,No,No,No,No,No,,Four,Active,,EC-Ao-27,Reçu,,,No,Reçu,Yes,Yes,Yes,,,,Completed,2026-08-11T00:00:00Z,2026-08-21T00:00:00Z,Completed,Completed,2026-08-24T00:00:00Z,Completed,2026-08-25T00:00:00Z,Completed,2026-08-31T00:00:00Z,Pending,,,,Completed,,,,,,,,,,,,,,,HYQU,M-HYQU-0006,MR-HYQU-0006-V1,,,,,,,,141,2026-08-31T20:51:53Z,2026-08-17T16:54:23Z,,,,,HYDRO QUEBEC,Soleil Anker,Soleil Anker
142,21971-4/8,4,8,No,21971,,No,No,No,No,No,No,No,,Four,Active,,EC-Ao-27,Reçu,Power,,No,Reçu,Yes,Yes,Yes,100-104,103,,Completed,2026-08-12T00:00:00Z,2026-08-18T00:00:00Z,Completed,Completed,2026-08-20T00:00:00Z,Completed,2026-08-25T00:00:00Z,Completed,2026-08-31T00:00:00Z,Pending,,,,,,2026-08-31T04:00:00Z,,,,,,,,,,,,,HYQU,M-HYQU-0008,MR-HYQU-0008-V1,,,,,,,,142,2026-08-31T20:51:38Z,2026-08-17T16:54:24Z,,,,,HYDRO QUEBEC,Soleil Anker,Soleil Anker
143,21971-5/8,5,8,No,21971,,No,No,No,No,No,No,No,,Four,Active,,EC-Ao-27,Reçu,Power,,No,Reçu,Yes,Yes,Yes,100-104,103,,Completed,2026-08-13T00:00:00Z,2026-08-19T00:00:00Z,Completed,Completed,2026-08-21T00:00:00Z,Completed,2026-08-25T00:00:00Z,Completed,2026-08-31T00:00:00Z,Pending,,,,,,2026-08-31T04:00:00Z,,,,,,,,,,,,,HYQU,M-HYQU-0008,MR-HYQU-0008-V1,,,,,,,,143,2026-08-31T20:51:33Z,2026-08-17T16:54:25Z,,,,,HYDRO QUEBEC,Soleil Anker,Soleil Anker
144,21991-1/3,1,3,No,21991,,No,No,No,No,No,No,No,,Four,Active,,EC-Ao-27,Reçu,,,No,Reçu,Yes,Yes,Yes,,,,Completed,2026-08-24T00:00:00Z,2026-08-25T00:00:00Z,Completed,Completed,2026-08-25T00:00:00Z,Completed,2026-08-26T00:00:00Z,Completed,2026-08-31T00:00:00Z,Pending,,,,Completed,,,,,,,,,,,,,,,OTHY,M-OTHY-0004,MR-OTHY-0004-V1,,,,,,,,144,2026-08-31T20:49:21Z,2026-08-17T16:54:28Z,,,,,OTTAWA HYDRO,Soleil Anker,Soleil Anker
145,21793-2/5,2,5,No,21793,,No,No,No,No,Yes,No,No,,Four,Active,,EC-Ao-27,Reçu,Power,,No,Reçu,Yes,Yes,Yes,100-104,102,N,Completed,2026-08-17T00:00:00Z,2026-08-19T00:00:00Z,Completed,Completed,2026-08-21T00:00:00Z,Completed,2026-08-26T00:00:00Z,Completed,2026-09-01T00:00:00Z,Pending,,,,Completed,,2026-09-01T04:00:00Z,2026-09-24T04:00:00Z,,,2026-09-24T00:00:00Z,,,,,,,,,HYQU,M-HYQU-0014,MR-HYQU-0014-V1,,,,,,,,145,2026-08-31T21:05:18Z,2026-08-17T16:54:28Z,,,,,HYDRO QUEBEC,Soleil Anker,Soleil Anker
146,21793-3/5,3,5,No,,,No,No,No,No,Yes,No,No,,Assemblage,Active,,TE-Ao-27,Reçu,Power,,No,Reçu,Yes,Yes,Yes,100-104,102,N,Completed,2026-08-18T00:00:00Z,2026-08-20T00:00:00Z,Completed,Completed,2026-08-24T00:00:00Z,,,Completed,2026-09-01T00:00:00Z,,,,,Completed,,2026-09-01T04:00:00Z,,,,2026-09-24T00:00:00Z,,,,,,,,,,,,,,,,,,,146,2026-08-31T21:05:16Z,2026-08-17T16:54:30Z,,,,,HYDRO QUEBEC,Soleil Anker,Soleil Anker
147,21967-1/5,1,5,No,21967,,No,No,No,No,No,No,No,,Four,Active,,EC-Ao-27,Reçu,Power / Ligne 1,,No,Reçu,Yes,Yes,Yes,100-104,103,,Completed,2026-08-19T00:00:00Z,2026-08-21T00:00:00Z,Completed,Completed,2026-08-24T00:00:00Z,Completed,2026-08-26T00:00:00Z,Completed,2026-09-01T00:00:00Z,Pending,,,,,,2026-08-10T04:00:00Z,,,,,,,,,,,,,HYQU,M-HYQU-0012,MR-HYQU-0012-V1,,,,,,,,147,2026-08-31T20:52:16Z,2026-08-17T16:54:32Z,,,,,HYDRO QUEBEC,Soleil Anker,Soleil Anker
148,21970-2/2,2,2,No,21970,,No,No,No,No,No,No,No,,Four,Active,,EC-Ao-27,Reçu,,,No,Reçu,Yes,Yes,Yes,,,,Completed,2026-08-24T00:00:00Z,2026-08-25T00:00:00Z,Completed,Completed,2026-08-25T00:00:00Z,Completed,2026-08-26T00:00:00Z,Completed,2026-09-01T00:00:00Z,Pending,,,,Completed,,,,,,,,,,,,,,,HYQU,M-HYQU-0006,MR-HYQU-0006-V1,,,,,,,,148,2026-08-31T20:51:51Z,2026-08-17T16:54:33Z,,,,,HYDRO QUEBEC,Soleil Anker,Soleil Anker
149,21971-6/8,6,8,No,,,No,No,No,No,No,No,No,,Four,Active,,EC-Ao-27,Reçu,Power,,No,Reçu,Yes,Yes,Yes,100-104,103,,Completed,2026-08-13T00:00:00Z,2026-08-19T00:00:00Z,Completed,Completed,2026-08-24T00:00:00Z,Completed,2026-08-26T00:00:00Z,Completed,2026-09-01T00:00:00Z,,,,,,,2026-09-01T04:00:00Z,,Lead x1 et x3 inversés,,,,,,,,,,,,,,,,,,,,,149,2026-08-31T20:51:31Z,2026-08-17T16:54:35Z,,,,,HYDRO QUEBEC,Soleil Anker,Soleil Anker
150,21803-6/8,6,8,No,21803,,No,No,No,No,No,No,No,,Four,Active,,EC-Ao-27,Reçu,Power,,Yes,Reçu,Yes,Yes,Yes,100-104,103,N,Completed,2026-07-22T00:00:00Z,2026-08-19T00:00:00Z,Completed,Completed,2026-08-25T00:00:00Z,Completed,2026-08-26T00:00:00Z,Completed,2026-09-02T00:00:00Z,Pending,,,,Completed,,2026-08-19T04:00:00Z,2026-09-05T04:00:00Z,,,2026-09-05T00:00:00Z,,,,,,,,,HYQU,M-HYQU-0009,MR-HYQU-0009-V1,,,,,,,,150,2026-08-31T21:04:38Z,2026-08-17T16:54:37Z,,,,,HYDRO QUEBEC,Soleil Anker,Soleil Anker
151,21835-1/1,1,1,No,,,No,No,No,No,No,No,No,,Assemblage,Active,,TE-Ao-27,Reçu,Power,,No,Reçu,Yes,Yes,Yes,100-104,100,,Completed,2026-08-10T00:00:00Z,2026-08-17T00:00:00Z,Completed,Completed,2026-08-26T00:00:00Z,,,Completed,2026-09-02T00:00:00Z,,,,,Completed,,2026-08-05T04:00:00Z,2026-09-05T04:00:00Z,Repoussé car 1er sem août fermée,,2026-09-05T00:00:00Z,,,,,,,,,,,,,,,,,,,151,2026-08-31T21:02:42Z,2026-08-17T16:54:38Z,,,,,MULTITECH,Soleil Anker,Soleil Anker
152,21971-7/8,7,8,No,,,No,No,No,No,No,No,No,,Four,Active,,EC-Ao-27,Reçu,Power,,No,Reçu,Yes,Yes,Yes,100-104,103,,Completed,2026-08-14T00:00:00Z,2026-08-19T00:00:00Z,Completed,Completed,2026-08-24T00:00:00Z,Completed,2026-08-26T00:00:00Z,Completed,2026-09-02T00:00:00Z,,,,,,,2026-09-02T04:00:00Z,,,,,,,,,,,,,,,,,,,,,,,152,2026-08-31T20:51:28Z,2026-08-17T16:54:40Z,,,,,HYDRO QUEBEC,Soleil Anker,Soleil Anker
153,21971-8/8,8,8,No,,,No,No,No,No,No,No,No,,Four,Active,,EC-Ao-27,Reçu,Power,,No,Reçu,Yes,Yes,Yes,100-104,103,,Completed,2026-08-14T00:00:00Z,2026-08-19T00:00:00Z,Completed,Completed,2026-08-24T00:00:00Z,Completed,2026-08-26T00:00:00Z,Completed,2026-09-02T00:00:00Z,,,,,,,2026-09-02T04:00:00Z,,,,,,,,,,,,,,,,,,,,,,,153,2026-08-31T20:51:25Z,2026-08-17T16:54:41Z,,,,,HYDRO QUEBEC,Soleil Anker,Soleil Anker
154,21991-2/3,2,3,No,21991,,No,No,No,No,No,No,No,,Four,Active,,EC-Ao-27,Reçu,,,No,Reçu,Yes,Yes,Yes,,,,Completed,2026-08-24T00:00:00Z,2026-08-25T00:00:00Z,Completed,Completed,2026-08-25T00:00:00Z,Completed,2026-08-26T00:00:00Z,Completed,2026-09-03T00:00:00Z,Pending,,,,Completed,,,,,,,,,,,,,,,OTHY,M-OTHY-0004,MR-OTHY-0004-V1,,,,,,,,154,2026-08-31T20:49:19Z,2026-08-17T16:54:44Z,,,,,OTTAWA HYDRO,Soleil Anker,Soleil Anker
155,21793-4/5,4,5,No,,,No,No,No,No,Yes,No,No,,Assemblage,Active,,TE-Ao-27,Reçu,Power,,No,Reçu,Yes,Yes,Yes,100-104,102,N,Completed,2026-08-18T00:00:00Z,2026-08-20T00:00:00Z,Completed,Completed,2026-08-25T00:00:00Z,,,Completed,2026-09-03T00:00:00Z,,,,,Completed,,2026-09-03T04:00:00Z,,,,2026-09-24T00:00:00Z,,,,,,,,,,,,,,,,,,,155,2026-08-31T21:05:13Z,2026-08-17T16:54:45Z,,,,,HYDRO QUEBEC,Soleil Anker,Soleil Anker
156,21793-5/5,5,5,No,,,No,No,No,No,Yes,No,No,,Assemblage,Active,,TE-Ao-27,Reçu,Power,,No,Reçu,Yes,Yes,Yes,100-104,102,N,Completed,2026-08-18T00:00:00Z,2026-08-24T00:00:00Z,Completed,Completed,2026-08-25T00:00:00Z,,,Completed,2026-09-03T00:00:00Z,,,,,Completed,,2026-09-03T04:00:00Z,,,,2026-09-24T00:00:00Z,,,,,,,,,,,,,,,,,,,156,2026-08-31T21:05:11Z,2026-08-17T16:54:46Z,,,,,HYDRO QUEBEC,Soleil Anker,Soleil Anker
157,21803-7/8,7,8,No,21803,,No,No,No,No,No,No,No,,Assemblage,Active,,TE-Ao-27,Reçu,Power,,Yes,Reçu,Yes,Yes,Yes,100-104,103,N,Completed,2026-07-22T00:00:00Z,2026-08-24T00:00:00Z,Completed,Completed,2026-08-26T00:00:00Z,Pending,,Completed,2026-09-04T00:00:00Z,Pending,,,,Completed,,2026-08-21T04:00:00Z,2026-09-05T04:00:00Z,,,2026-09-05T00:00:00Z,,,,,,,,,HYQU,M-HYQU-0009,MR-HYQU-0009-V1,,,,,,,,157,2026-08-31T21:04:36Z,2026-08-17T16:54:48Z,,,,,HYDRO QUEBEC,Soleil Anker,Soleil Anker
158,21847-1/1,1,1,No,21847,,No,No,No,No,No,No,No,,Stacking,Active,,EC-Ao-27,Reçu,,,No,Reçu,Yes,Yes,No,,,,Completed,2026-08-26T00:00:00Z,,,,,,,Completed,2026-09-01T00:00:00Z,Pending,,,,Completed,,,,,,,,,,,,,,,LGEN,M-LGEN-0006,MR-LGEN-0006-V1,,,,,,,,158,2026-08-31T21:01:07Z,2026-08-17T16:54:49Z,,,,,LG§E,Soleil Anker,Soleil Anker
159,21851-1/2,1,2,No,21851,,No,No,No,No,No,No,No,,Assemblage,Active,,TE-Ao-27,Reçu,,,No,Reçu,Yes,Yes,Yes,,,,Completed,2026-08-24T00:00:00Z,2026-08-25T00:00:00Z,Completed,Completed,2026-08-26T00:00:00Z,,,Completed,2026-09-03T00:00:00Z,Pending,,,,Completed,,,,,,,,,,,,,,,MAGA,M-MAGA-0010,MR-MAGA-0010-V1,,,,,,,,159,2026-08-31T21:00:47Z,2026-08-17T16:54:52Z,,,,,MADISON GAS § ELECTRIC,Soleil Anker,Soleil Anker
160,21851-2/2,2,2,No,21851,,No,No,No,No,No,No,No,,Assemblage,Active,,TE-Ao-27,Reçu,,,No,Reçu,Yes,Yes,Yes,,,,Completed,2026-08-20T00:00:00Z,2026-08-25T00:00:00Z,Completed,Completed,2026-08-26T00:00:00Z,,,Completed,2026-09-04T00:00:00Z,Pending,,,,Completed,,,,,,,,,,,,,,,MAGA,M-MAGA-0010,MR-MAGA-0010-V1,,,,,,,,160,2026-08-31T21:00:44Z,2026-08-17T16:54:53Z,,,,,MADISON GAS § ELECTRIC,Soleil Anker,Soleil Anker
161,21991-3/3,3,3,No,,,No,No,No,No,No,No,No,,Assemblage,Active,,TE-Ao-27,Reçu,,,No,Reçu,Yes,Yes,Yes,,,,Completed,2026-08-18T00:00:00Z,2026-08-25T00:00:00Z,Completed,Completed,2026-08-26T00:00:00Z,,,Completed,2026-09-04T00:00:00Z,,,,,Completed,,,,,,,,,,,,,,,,,,,,,,,,,161,2026-08-31T20:49:17Z,2026-08-17T16:54:54Z,,,,,OTTAWA HYDRO,Soleil Anker,Soleil Anker
162,21521-1/1,1,1,No,21521,,No,No,No,No,No,No,No,,Bobinage,Active,,TE-Ao-27,,,,No,0,No,Yes,No,,,,Completed,2026-08-21T00:00:00Z,,Pending,,,,,Completed,2026-09-08T00:00:00Z,Pending,,,,Completed,,,,,,,,,,,,,,,HYQU,M-HYQU-0084,MR-HYQU-0084-V1,,,,,,,,162,2026-08-31T21:08:05Z,2026-08-17T16:54:56Z,,,,,HYDRO QUEBEC,Soleil Anker,Soleil Anker
163,21803-8/8,8,8,No,21803,,No,No,No,No,No,No,No,,Assemblage,Active,,TE-Ao-27,Reçu,Power,,Yes,Reçu,Yes,Yes,Yes,100-104,103,N,Completed,2026-07-23T00:00:00Z,2026-08-24T00:00:00Z,Completed,Completed,2026-08-26T00:00:00Z,,,Completed,2026-09-04T00:00:00Z,Pending,,,,Completed,,2026-08-21T04:00:00Z,2026-09-05T04:00:00Z,,,2026-09-05T00:00:00Z,,,,,,,,,HYQU,M-HYQU-0009,MR-HYQU-0009-V1,,,,,,,,163,2026-08-31T21:04:33Z,2026-08-17T16:54:57Z,,,,,HYDRO QUEBEC,Soleil Anker,Soleil Anker
164,21967-2/5,2,5,No,21967,,No,No,No,No,No,No,No,,Assemblage,Active,,EC-Ao-27,Reçu,Power / Ligne 1,,No,Reçu,Yes,Yes,Yes,100-104,103,,Completed,2026-08-20T00:00:00Z,2026-08-24T00:00:00Z,Completed,,,,,Completed,2026-09-04T00:00:00Z,Pending,,,,,,2026-08-12T04:00:00Z,,,,,,,,,,,,,HYQU,M-HYQU-0012,MR-HYQU-0012-V1,,,,,,,,164,2026-08-31T20:52:14Z,2026-08-17T16:54:59Z,,,,,HYDRO QUEBEC,Soleil Anker,Soleil Anker
165,21972-1/1,1,1,No,21972,,No,No,No,No,No,No,No,,,Active,,,Reçu,Power,,No,,No,Yes,No,105-108,108,,,,,,,,,,Completed,2026-09-08T00:00:00Z,Pending,,,,,,2026-09-04T04:00:00Z,,,,,,,,,,,,,HYQU,M-HYQU-0033,MR-HYQU-0033-V1,,,,,,,,165,2026-08-31T20:51:24Z,2026-08-17T16:55:01Z,,,,,HYDRO QUEBEC,Soleil Anker,Soleil Anker
166,21979-1/1,1,1,No,21979,,No,No,No,No,No,No,No,,Assemblage,Active,,EC-Ao-27,Reçu,Power / Ligne 1,,No,Reçu,Yes,Yes,Yes,106-107,106,,Completed,2026-07-16T00:00:00Z,2026-08-12T00:00:00Z,Completed,Pending,,,,Completed,2026-09-10T00:00:00Z,Pending,,,,Completed,,2026-09-30T04:00:00Z,,Retard ingénierie info donné aux achats le 20 mai pour les rads pas assez de temps pour commande achat / Liv retard vente prévenue / Pb STC / Trantech en retard,,2026-09-15T00:00:00Z,,,,,,,,,ENMA,M-ENMA-0050,MR-ENMA-0050-V1,,,,,,,,166,2026-08-31T20:50:02Z,2026-08-17T16:55:02Z,,,,,ENMAX,Soleil Anker,Soleil Anker
167,21980-1/1,1,1,No,,,No,No,No,No,No,No,No,,Stacking,Active,,TE-Ao-27,Reçu,Power / Ligne 1,,No,Reçu,Yes,Yes,No,106-107,106,,Completed,2026-07-20T00:00:00Z,2026-08-12T00:00:00Z,Completed,,,,,Completed,2026-10-26T00:00:00Z,,,,,Completed,,2026-08-13T04:00:00Z,,Retard ingénierie info donné aux achats le 20 mai pour les rads pas assez de temps pour commande achat / Liv retard vente prévenue / Pb STC / Trantech en retard,,2026-09-15T00:00:00Z,,,,,,,,,,,,,,,,,,,167,2026-08-31T20:50:00Z,2026-08-17T16:55:05Z,,,,,ENMAX,Soleil Anker,Soleil Anker
168,22017-1/3,1,3,No,22017,,No,No,No,No,No,No,No,,Stacking,Active,,EC-Ao-27,Reçu,Power,,No,Reçu,Yes,Yes,No,106-107,107,,Completed,2026-08-20T00:00:00Z,,,,,,,Completed,2026-09-14T00:00:00Z,Pending,,,,,,2026-08-18T04:00:00Z,,fin août si possible mais rads serrés / rad en retard,,,,,,,,,,,OTHY,M-OTHY-0005,MR-OTHY-0005-V1,,,,,,,,168,2026-08-31T20:45:30Z,2026-08-17T16:55:06Z,,,,,OTTAWA HYDRO,Soleil Anker,Soleil Anker
169,21831-1/5,1,5,No,21831,,No,No,No,No,No,No,No,,Stacking,Active,,TE-Ao-27,Reçu,Power,,No,Reçu,Yes,Yes,No,100-104,102,N,Completed,2026-08-19T00:00:00Z,2026-08-25T00:00:00Z,Completed,,,,,Completed,2026-09-09T00:00:00Z,Pending,,,,Completed,,2026-09-08T04:00:00Z,2026-10-10T04:00:00Z,,,2026-10-10T00:00:00Z,,,,,,,,,HYQU,M-HYQU-0014,MR-HYQU-0014-V1,,,,,,,,169,2026-08-31T21:03:37Z,2026-08-17T16:55:07Z,,,,,HYDRO QUEBEC,Soleil Anker,Soleil Anker
170,21831-2/5,2,5,No,,,No,No,No,No,No,No,No,,Stacking,Active,,TE-Ao-27,Reçu,Power,,No,Reçu,Yes,Yes,No,100-104,102,N,Completed,2026-08-19T00:00:00Z,2026-08-25T00:00:00Z,Completed,,,,,Completed,2026-09-09T00:00:00Z,,,,,Completed,,2026-09-08T04:00:00Z,2026-10-10T04:00:00Z,,,2026-10-10T00:00:00Z,,,,,,,,,,,,,,,,,,,170,2026-08-31T21:03:35Z,2026-08-17T16:55:09Z,,,,,HYDRO QUEBEC,Soleil Anker,Soleil Anker
171,21831-3/5,3,5,No,21831,,No,No,No,No,No,No,No,,Stacking,Active,,TE-Ao-27,Reçu,Power,,No,Reçu,Yes,Yes,No,100-104,102,N,Completed,2026-08-24T00:00:00Z,2026-08-24T00:00:00Z,Completed,,,,,Completed,2026-09-09T00:00:00Z,Pending,,,,Completed,,2026-09-05T04:00:00Z,2026-10-10T04:00:00Z,,,2026-10-10T00:00:00Z,,,,,,,,,HYQU,M-HYQU-0014,MR-HYQU-0014-V1,,,,,,,,171,2026-08-31T21:03:32Z,2026-08-17T16:55:10Z,,,,,HYDRO QUEBEC,Soleil Anker,Soleil Anker
172,21993-1/8,1,8,No,21993,,No,No,No,No,No,No,No,,Stacking,Active,,EC-Ao-27,Reçu,Power,,No,Reçu,Yes,Yes,No,100-104,102,,Completed,2026-08-25T00:00:00Z,,,,,,,Completed,2026-09-08T00:00:00Z,Pending,,,,Completed,,2026-09-08T04:00:00Z,,,,2026-10-30T00:00:00Z,,,,,,,,,HYQU,M-HYQU-0009,MR-HYQU-0009-V1,,,,,,,,172,2026-08-31T20:48:59Z,2026-08-17T16:55:12Z,,,,,HYDRO QUEBEC,Soleil Anker,Soleil Anker
173,21387-4/6,4,6,No,21387,,No,No,No,No,No,No,No,,,Active,,,Reçu,Zone B,,No,0,No,No,No,106,106,,,,,,,,,,Completed,2026-09-15T00:00:00Z,Pending,,,,Completed,2026-03-11T00:00:00Z,2026-03-25T04:00:00Z,2026-09-15T04:00:00Z,Manque fil ctc + attente approbation du fils ctc d'inde / Nouveau fil commandé 8 à 10 semaines de délai / Repoussé avec Emerick / client veut en septembre,,2026-09-30T00:00:00Z,,,,,,,,,HYQU,M-HYQU-0082,MR-HYQU-0082-V1,,,,,,,,173,2026-08-31T21:08:30Z,2026-08-17T16:55:14Z,,,,,HYDRO QUEBEC,Soleil Anker,Soleil Anker
174,21854-1/2,1,2,No,,,No,No,No,No,No,No,No,,,Active,,,,Power / Ligne 1,,No,Reçu,No,No,No,100-104,100,,,,,,,,,,Completed,2026-09-09T00:00:00Z,,,,,Completed,,2026-09-09T04:00:00Z,2026-09-29T04:00:00Z,,,2026-10-29T00:00:00Z,,,,,,,,,,,,,,,,,,,174,2026-08-31T21:00:34Z,2026-08-17T16:55:15Z,,,,,MADISON GAS § ELECTRIC,Soleil Anker,Soleil Anker
175,21854-2/2,2,2,No,21854,,No,No,No,No,No,No,No,,,Active,,,,Power / Ligne 1,,No,Reçu,No,No,No,100-104,100,,,,,,,,,,Completed,2026-09-09T00:00:00Z,Pending,,,,Completed,,2026-09-09T04:00:00Z,2026-09-29T04:00:00Z,,,2026-10-29T00:00:00Z,,,,,,,,,MAGA,M-MAGA-0010,MR-MAGA-0010-V1,,,,,,,,175,2026-08-31T21:00:32Z,2026-08-17T16:55:18Z,,,,,MADISON GAS § ELECTRIC,Soleil Anker,Soleil Anker
176,21967-3/5,3,5,No,21967,,No,No,No,No,No,No,No,,Bobinage,Active,,TE-Ao-27,Reçu,Power / Ligne 1,,No,Reçu,No,Yes,No,100-104,103,,Completed,2026-08-25T00:00:00Z,,,,,,,Completed,2026-09-09T00:00:00Z,Pending,,,,,,2026-08-17T04:00:00Z,,,,,,,,,,,,,HYQU,M-HYQU-0012,MR-HYQU-0012-V1,,,,,,,,176,2026-08-31T20:52:10Z,2026-08-17T16:55:19Z,,,,,HYDRO QUEBEC,Soleil Anker,Soleil Anker
177,21993-2/8,2,8,No,,,No,No,No,No,No,No,No,,Stacking,Active,,EC-Ao-27,Reçu,Power,,No,Reçu,Yes,Yes,No,100-104,102,,Completed,2026-08-25T00:00:00Z,,,,,,,Completed,2026-09-08T00:00:00Z,,,,,Completed,,2026-09-09T04:00:00Z,,,,2026-10-30T00:00:00Z,,,,,,,,,,,,,,,,,,,177,2026-08-31T20:48:57Z,2026-08-17T16:55:21Z,,,,,HYDRO QUEBEC,Soleil Anker,Soleil Anker
178,21993-3/8,3,8,No,,,No,No,No,No,No,No,No,,Bobinage,Active,,TE-Ao-27,Reçu,Power,,No,Reçu,Yes,Yes,No,100-104,102,,Completed,2026-08-25T00:00:00Z,,,,,,,Completed,2026-09-08T00:00:00Z,,,,,Completed,,2026-09-09T04:00:00Z,,,,2026-10-30T00:00:00Z,,,,,,,,,,,,,,,,,,,178,2026-08-31T20:48:54Z,2026-08-17T16:55:22Z,,,,,HYDRO QUEBEC,Soleil Anker,Soleil Anker
179,22017-2/3,2,3,No,22017,,No,No,No,No,No,No,No,,Stacking,Active,,EC-Ao-27,Reçu,Power,,No,Reçu,Yes,Yes,No,106-107,107,,Completed,2026-08-24T00:00:00Z,,,,,,,Completed,2026-09-14T00:00:00Z,Pending,,,,,,2026-08-20T04:00:00Z,,fin août si possible mais rads serrés / rad en retard,,,,,,,,,,,OTHY,M-OTHY-0005,MR-OTHY-0005-V1,,,,,,,,179,2026-08-31T20:45:28Z,2026-08-17T16:55:24Z,,,,,OTTAWA HYDRO,Soleil Anker,Soleil Anker
180,21831-4/5,4,5,No,21831,,No,No,No,No,No,No,No,,Stacking,Active,,TE-Ao-27,Reçu,Power,,No,Reçu,Yes,Yes,No,100-104,102,N,Completed,2026-08-24T00:00:00Z,2026-08-24T00:00:00Z,Completed,,,,,Completed,2026-09-10T00:00:00Z,Pending,,,,Completed,,2026-09-10T04:00:00Z,2026-10-10T04:00:00Z,,,2026-10-10T00:00:00Z,,,,,,,,,HYQU,M-HYQU-0014,MR-HYQU-0014-V1,,,,,,,,180,2026-08-31T21:03:29Z,2026-08-17T16:55:25Z,,,,,HYDRO QUEBEC,Soleil Anker,Soleil Anker
181,21831-5/5,5,5,No,,,No,No,No,No,No,No,No,,Stacking,Active,,TE-Ao-27,Reçu,Power,,No,Reçu,Yes,Yes,No,100-104,102,N,Completed,2026-08-24T00:00:00Z,2026-08-26T00:00:00Z,Completed,,,,,Completed,2026-09-10T00:00:00Z,,,,,Completed,,2026-09-10T04:00:00Z,2026-10-10T04:00:00Z,,,2026-10-10T00:00:00Z,,,,,,,,,,,,,,,,,,,181,2026-08-31T21:03:27Z,2026-08-17T16:55:27Z,,,,,HYDRO QUEBEC,Soleil Anker,Soleil Anker
182,21954-1/1,1,1,No,21954,,No,No,No,No,No,No,No,,,Active,,,Reçu,Power / Ligne 1,,No,Reçu,No,No,No,105-108,108,,,,,,,,,,Completed,2026-09-11T00:00:00Z,Pending,,,,Completed,,2026-08-18T04:00:00Z,,,,2026-09-21T00:00:00Z,,,,,,,,,XCEN,M-XCEN-0005,MR-XCEN-0005-V1,,,,,,,,182,2026-08-31T20:53:33Z,2026-08-17T16:55:29Z,,,,,XCEL ENERGY NORTHERN,Soleil Anker,Soleil Anker
183,21967-4/5,4,5,No,21967,,No,No,No,No,No,No,No,,Bobinage,Active,,TE-Ao-27,Reçu,Power / Ligne 1,,No,Reçu,No,Yes,No,100-104,103,,Completed,2026-08-26T00:00:00Z,,,,,,,Completed,2026-09-10T00:00:00Z,Pending,,,,,,2026-08-19T04:00:00Z,,,,,,,,,,,,,HYQU,M-HYQU-0012,MR-HYQU-0012-V1,,,,,,,,183,2026-08-31T20:52:08Z,2026-08-17T16:55:30Z,,,,,HYDRO QUEBEC,Soleil Anker,Soleil Anker
184,21993-4/8,4,8,No,21993,,No,No,No,No,No,No,No,,Bobinage,Active,,TE-Ao-27,Reçu,Power,,No,Reçu,Yes,Yes,No,100-104,102,,Completed,2026-08-26T00:00:00Z,,,,,,,Completed,2026-09-10T00:00:00Z,Pending,,,,Completed,,2026-09-10T04:00:00Z,,,,2026-10-30T00:00:00Z,,,,,,,,,HYQU,M-HYQU-0009,MR-HYQU-0009-V1,,,,,,,,184,2026-08-31T20:48:52Z,2026-08-17T16:55:32Z,,,,,HYDRO QUEBEC,Soleil Anker,Soleil Anker
185,21886-1/2,1,2,No,,,No,No,No,No,No,No,No,,Bobinage,Active,,TE-Ao-27,Reçu,Power / Ligne 1,,No,Reçu,No,Yes,No,100-104,103,,Completed,2026-08-10T00:00:00Z,,,,,,,Completed,2026-10-19T00:00:00Z,,,,,,,2026-08-25T04:00:00Z,,Pb STC,,,,,,,,,,,,,,,,,,,,,185,2026-08-31T20:59:13Z,2026-08-17T16:55:34Z,,,,,ENMAX,Soleil Anker,Soleil Anker
186,21886-2/2,2,2,No,,,No,No,No,No,No,No,No,,Bobinage,Active,,TE-Ao-27,Reçu,Power / Ligne 1,,No,Reçu,No,Yes,No,100-104,103,,Completed,2026-08-11T00:00:00Z,,,,,,,Completed,2026-10-21T00:00:00Z,,,,,,,2026-09-04T04:00:00Z,,Pb STC,,,,,,,,,,,,,,,,,,,,,186,2026-08-31T20:59:11Z,2026-08-17T16:55:35Z,,,,,ENMAX,Soleil Anker,Soleil Anker
187,21967-5/5,5,5,No,,,No,No,No,No,No,No,No,,Bobinage,Active,,B2-Ao-27,Reçu,Power / Ligne 1,,No,Reçu,No,Yes,No,100-104,103,,Completed,2026-08-26T00:00:00Z,,,,,,,Completed,2026-09-11T00:00:00Z,,,,,,,2026-08-21T04:00:00Z,,,,,,,,,,,,,,,,,,,,,,,187,2026-08-31T20:52:05Z,2026-08-17T16:55:38Z,,,,,HYDRO QUEBEC,Soleil Anker,Soleil Anker
188,21993-5/8,5,8,No,,,No,No,No,No,No,No,No,,Bobinage,Active,,TE-Ao-27,Reçu,Power,,No,Reçu,Yes,Yes,No,100-104,102,,Completed,2026-08-26T00:00:00Z,,,,,,,Completed,2026-09-11T00:00:00Z,,,,,Completed,,2026-09-11T04:00:00Z,,,,2026-10-30T00:00:00Z,,,,,,,,,,,,,,,,,,,188,2026-08-31T20:48:49Z,2026-08-17T16:55:38Z,,,,,HYDRO QUEBEC,Soleil Anker,Soleil Anker
189,21993-6/8,6,8,No,21993,,No,No,No,No,No,No,No,,Bobinage,Active,,TE-Ao-27,Reçu,Power,,No,Reçu,Yes,Yes,No,100-104,102,,Completed,2026-08-26T00:00:00Z,,,,,,,Completed,2026-09-11T00:00:00Z,Pending,,,,Completed,,2026-09-11T04:00:00Z,,,,2026-10-30T00:00:00Z,,,,,,,,,HYQU,M-HYQU-0009,MR-HYQU-0009-V1,,,,,,,,189,2026-08-31T20:48:47Z,2026-08-17T16:55:40Z,,,,,HYDRO QUEBEC,Soleil Anker,Soleil Anker
190,22017-3/3,3,3,No,,,No,No,No,No,No,No,No,,Bobinage,Active,,TE-Ao-27,Reçu,Power,,No,Reçu,No,Yes,No,106-107,107,,Completed,2026-08-24T00:00:00Z,,,,,,,Completed,2026-09-15T00:00:00Z,,,,,,,2026-08-20T04:00:00Z,,fin août si possible mais rads serrés / rad en retard,,,,,,,,,,,,,,,,,,,,,190,2026-08-31T20:45:25Z,2026-08-17T16:55:42Z,,,,,OTTAWA HYDRO,Soleil Anker,Soleil Anker
191,21795-1/5,1,5,No,,,No,No,No,No,No,No,No,,,Active,,,,Power / Ligne 1,,No,Plaspak,No,No,No,100-104,104,N,,,,,,,,,Completed,2026-09-14T00:00:00Z,,,,,Completed,,2026-08-31T04:00:00Z,,,,2026-09-24T00:00:00Z,,,,,,,,,,,,,,,,,,,191,2026-08-21T16:39:15Z,2026-08-17T16:55:43Z,,,,,HYDRO QUEBEC,Soleil Anker,Soleil Anker
192,21795-2/5,2,5,No,,,No,No,No,No,No,No,No,,,Active,,,Entrepôt SN,Power / Ligne 1,,No,Plaspak,No,No,No,100-104,104,N,,,,,,,,,Completed,2026-09-14T00:00:00Z,,,,,Completed,,2026-09-02T04:00:00Z,,,,2026-09-24T00:00:00Z,,,,,,,,,,,,,,,,,,,192,2026-08-31T21:04:54Z,2026-08-17T16:55:45Z,,,,,HYDRO QUEBEC,Soleil Anker,Soleil Anker
193,21830-1/5,1,5,No,,,No,No,No,No,No,No,No,,,Active,,,,Power / Ligne 1,,No,Plaspak,No,No,No,100-104,103,N,,,,,,,,,Completed,2026-09-11T00:00:00Z,,,,,Completed,,2026-09-14T04:00:00Z,2026-10-10T04:00:00Z,,,2026-10-10T00:00:00Z,,,,,,,,,,,,,,,,,,,193,2026-08-21T16:38:58Z,2026-08-17T16:55:47Z,,,,,HYDRO QUEBEC,Soleil Anker,Soleil Anker
194,21830-2/5,2,5,No,,,No,No,No,No,No,No,No,,,Active,,,Reçu,Power / Ligne 1,,No,Reçu,No,Yes,No,100-104,103,N,,,,,,,,,Completed,2026-09-11T00:00:00Z,,,,,Completed,,2026-09-14T04:00:00Z,2026-10-10T04:00:00Z,,,2026-10-10T00:00:00Z,,,,,,,,,,,,,,,,,,,194,2026-08-31T21:03:49Z,2026-08-17T16:55:48Z,,,,,HYDRO QUEBEC,Soleil Anker,Soleil Anker
195,21955-1/2,1,2,No,,,No,No,No,No,No,No,No,,Bobinage,Active,,TE-Ao-27,Entrepôt SN,Power / Ligne 1,,No,,No,Yes,No,100-104,104,,Completed,2026-08-25T00:00:00Z,,,,,,,Completed,2026-09-14T00:00:00Z,,,,,Completed,,2026-08-18T04:00:00Z,,Dessin arrivé tard chez metelec / Repoussé car bushing shipt le 7 août / Faire assemblage avec le couvercle,,2026-09-30T00:00:00Z,,,,,,,,,,,,,,,,,,,195,2026-08-31T20:53:31Z,2026-08-17T16:55:51Z,,,,,MADISON GAS § ELECTRIC,Soleil Anker,Soleil Anker
196,21992-1/6,1,6,No,,,No,No,No,No,No,No,No,,,Active,,,Entrepôt SN,Power,,No,,No,No,No,106-107,107,,,,,,,,,,Completed,2026-09-16T00:00:00Z,,,,,Completed,,2026-08-31T04:00:00Z,,rad serré,,2026-09-30T00:00:00Z,,,,,,,,,,,,,,,,,,,196,2026-08-31T20:49:14Z,2026-08-17T16:55:52Z,,,,,OTTAWA HYDRO,Soleil Anker,Soleil Anker
197,21993-7/8,7,8,No,21993,,No,No,No,No,No,No,No,,Bobinage,Active,,TE-Ao-27,Entrepôt SN,Power,,No,Plaspak,Yes,Yes,No,100-104,102,,Completed,2026-08-26T00:00:00Z,,,,,,,Completed,2026-09-14T00:00:00Z,Pending,,,,Completed,,2026-09-14T04:00:00Z,,,,2026-10-30T00:00:00Z,,,,,,,,,HYQU,M-HYQU-0009,MR-HYQU-0009-V1,,,,,,,,197,2026-08-31T20:48:45Z,2026-08-17T16:55:53Z,,,,,HYDRO QUEBEC,Soleil Anker,Soleil Anker
198,21795-3/5,3,5,No,,,No,No,No,No,No,No,No,,,Active,,,,Power / Ligne 1,,No,Plaspak,No,No,No,100-104,,N,,,,,,,,,Completed,2026-09-15T00:00:00Z,,,,,Completed,,2026-09-02T04:00:00Z,,,,2026-09-24T00:00:00Z,,,,,,,,,,,,,,,,,,,198,2026-08-21T16:39:30Z,2026-08-17T16:55:56Z,,,,,HYDRO QUEBEC,Soleil Anker,Soleil Anker
199,21832-1/11,1,11,No,21832,,No,No,No,No,No,No,No,,,Active,,,,Power / Ligne 1,,No,Plaspak,No,No,No,100-104,,N,,,,,,,,,Completed,2026-09-15T00:00:00Z,Pending,,,,Completed,,2026-09-15T04:00:00Z,2026-10-30T04:00:00Z,,,2026-10-30T00:00:00Z,,,,,,,,,HYQU,M-HYQU-0017,MR-HYQU-0017-V1,,,,,,,,199,2026-08-31T21:03:24Z,2026-08-17T16:55:56Z,,,,,HYDRO QUEBEC,Soleil Anker,Soleil Anker
200,21848-1/3,1,3,No,,,No,No,No,No,No,No,No,,Bobinage,Active,,TE-Ao-27,Reçu,Power / Ligne 1,,No,Reçu,No,Yes,No,100-104,108,,Completed,2026-07-13T00:00:00Z,,,,,,,Completed,2026-09-15T00:00:00Z,,,,,Completed,,2026-08-21T04:00:00Z,2026-09-05T04:00:00Z,,,2026-09-30T00:00:00Z,,,,,,,,,,,,,,,,,,,200,2026-08-31T21:01:04Z,2026-08-17T16:55:58Z,,,,,LG§E,Soleil Anker,Soleil Anker
201,21992-2/6,2,6,No,,,No,No,No,No,No,No,No,,,Active,,,Entrepôt SN,Power,,No,,No,No,No,106-107,107,,,,,,,,,,Completed,2026-09-17T00:00:00Z,,,,,Completed,,2026-09-02T04:00:00Z,,rad serré,,2026-09-30T00:00:00Z,,,,,,,,,,,,,,,,,,,201,2026-08-31T20:49:13Z,2026-08-17T16:56:00Z,,,,,OTTAWA HYDRO,Soleil Anker,Soleil Anker
202,21992-3/6,3,6,No,,,No,No,No,No,No,No,No,,,Active,,,Entrepôt SN,Power,,No,,No,No,No,106-107,107,,,,,,,,,,Completed,2026-09-18T00:00:00Z,,,,,Completed,,2026-09-03T04:00:00Z,,rad serré,,2026-09-30T00:00:00Z,,,,,,,,,,,,,,,,,,,202,2026-08-31T20:49:10Z,2026-08-17T16:56:02Z,,,,,OTTAWA HYDRO,Soleil Anker,Soleil Anker
203,21993-8/8,8,8,No,,,No,No,No,No,No,No,No,,,Active,,,Entrepôt SN,Power,,No,Plaspak,No,No,No,100-104,,,,,,,,,,,Completed,2026-09-15T00:00:00Z,,,,,Completed,,2026-09-15T04:00:00Z,,,,2026-10-30T00:00:00Z,,,,,,,,,,,,,,,,,,,203,2026-08-21T16:39:37Z,2026-08-17T16:56:03Z,,,,,HYDRO QUEBEC,Soleil Anker,Soleil Anker
204,21387-5/6,5,6,No,21387,,No,No,No,No,No,No,No,,,Active,,,Entrepôt SN,Zone B,,No,0,No,No,No,106,106,,,,,,,,,,Completed,2026-09-17T00:00:00Z,Pending,,,,Completed,2026-03-04T00:00:00Z,2026-03-18T04:00:00Z,,Manque fil ctc + attente approbation du fils ctc d'inde / Nouveau fil commandé 8 à 10 semaines de délai / Repoussé avec Emerick,,2026-09-30T00:00:00Z,,,,,,,,,HYQU,M-HYQU-0082,MR-HYQU-0082-V1,,,,,,,,204,2026-08-31T21:08:27Z,2026-08-17T16:56:05Z,,,,,HYDRO QUEBEC,Soleil Anker,Soleil Anker
205,21795-4/5,4,5,No,,,No,No,No,No,No,No,No,,,Active,,,,Power / Ligne 1,,No,Plaspak,No,No,No,100-104,,N,,,,,,,,,Completed,2026-09-16T00:00:00Z,,,,,Completed,,2026-09-04T04:00:00Z,,,,2026-09-24T00:00:00Z,,,,,,,,,,,,,,,,,,,205,2026-08-21T16:39:48Z,2026-08-17T16:56:07Z,,,,,HYDRO QUEBEC,Soleil Anker,Soleil Anker
206,21830-3/5,3,5,No,,,No,No,No,No,No,No,No,,,Active,,,Entrepôt SN,Power / Ligne 1,,No,Plaspak,No,Yes,No,100-104,103,N,,,,,,,,,Completed,2026-09-16T00:00:00Z,,,,,Completed,,2026-09-16T04:00:00Z,2026-10-10T04:00:00Z,,,2026-10-10T00:00:00Z,,,,,,,,,,,,,,,,,,,206,2026-08-31T21:03:46Z,2026-08-17T16:56:09Z,,,,,HYDRO QUEBEC,Soleil Anker,Soleil Anker
207,21830-4/5,4,5,No,21830,,No,No,No,No,No,No,No,,,Active,,,Entrepôt SN,Power / Ligne 1,,No,Plaspak,No,Yes,No,100-104,103,N,,,,,,,,,Completed,2026-09-16T00:00:00Z,Pending,,,,Completed,,2026-09-16T04:00:00Z,2026-10-10T04:00:00Z,,,2026-10-10T00:00:00Z,,,,,,,,,HYQU,M-HYQU-0012,MR-HYQU-0012-V1,,,,,,,,207,2026-08-31T21:03:43Z,2026-08-17T16:56:10Z,,,,,HYDRO QUEBEC,Soleil Anker,Soleil Anker
208,21992-4/6,4,6,No,,,No,No,No,No,No,No,No,,,Active,,,Entrepôt SN,Power,,No,,No,No,No,106-107,107,,,,,,,,,,Completed,2026-09-21T00:00:00Z,,,,,Completed,,2026-09-09T04:00:00Z,,rad serré,,2026-09-30T00:00:00Z,,,,,,,,,,,,,,,,,,,208,2026-08-31T20:49:07Z,2026-08-17T16:56:12Z,,,,,OTTAWA HYDRO,Soleil Anker,Soleil Anker
209,21995-1/2,1,2,No,21995,,No,No,No,No,No,No,No,,,Active,,,,Power / Ligne 1,,No,Plaspak,No,No,No,100-104,100,,,,,,,,,,Completed,2026-09-16T00:00:00Z,Pending,,,,Completed,,2026-09-16T04:00:00Z,,,,2026-10-30T00:00:00Z,,,,,,,,,HYQU,M-HYQU-0022,MR-HYQU-0022-V1,,,,,,,,209,2026-08-31T20:48:33Z,2026-08-17T16:56:13Z,,,,,HYDRO QUEBEC,Soleil Anker,Soleil Anker
210,21795-5/5,5,5,No,,,No,No,No,No,No,No,No,,,Active,,,,Power / Ligne 1,,No,Plaspak,No,No,No,100-104,,N,,,,,,,,,Completed,2026-09-17T00:00:00Z,,,,,Completed,,2026-09-04T04:00:00Z,,,,2026-09-24T00:00:00Z,,,,,,,,,,,,,,,,,,,210,2026-08-21T16:40:00Z,2026-08-17T16:56:15Z,,,,,HYDRO QUEBEC,Soleil Anker,Soleil Anker
211,21832-2/11,2,11,No,,,No,No,No,No,No,No,No,,,Active,,,,Power / Ligne 1,,No,Plaspak,No,No,No,100-104,,N,,,,,,,,,Completed,2026-09-17T00:00:00Z,,,,,Completed,,2026-09-17T04:00:00Z,2026-10-30T04:00:00Z,,,2026-10-30T00:00:00Z,,,,,,,,,,,,,,,,,,,211,2026-08-31T21:03:15Z,2026-08-17T16:56:16Z,,,,,HYDRO QUEBEC,Soleil Anker,Soleil Anker
212,21848-2/3,2,3,No,,,No,No,No,No,No,No,No,,Bobinage,Active,,TE-Ao-27,Reçu,Power / Ligne 1,,No,Reçu,No,Yes,No,100-104,108,,Completed,2026-07-14T00:00:00Z,,,,,,,Completed,2026-09-17T00:00:00Z,,,,,Completed,,2026-08-21T04:00:00Z,2026-09-05T04:00:00Z,,,2026-09-30T00:00:00Z,,,,,,,,,,,,,,,,,,,212,2026-08-31T21:01:02Z,2026-08-17T16:56:18Z,,,,,LG§E,Soleil Anker,Soleil Anker
213,21955-2/2,2,2,No,,,No,No,No,No,No,No,No,,Bobinage,Active,,TE-Ao-27,Entrepôt SN,Power / Ligne 1,,No,,No,Yes,No,100-104,104,,Completed,2026-08-26T00:00:00Z,,,,,,,Completed,2026-09-17T00:00:00Z,,,,,Completed,,2026-08-20T04:00:00Z,,Dessin arrivé tard chez metelec / Repoussé car bushing shipt le 7 août / Faire assemblage avec le couvercle,,2026-09-30T00:00:00Z,,,,,,,,,,,,,,,,,,,213,2026-08-31T20:53:27Z,2026-08-17T16:56:19Z,,,,,MADISON GAS § ELECTRIC,Soleil Anker,Soleil Anker
214,21992-5/6,5,6,No,,,No,No,No,No,No,No,No,,,Active,,,Entrepôt SN,Power,,No,,No,No,No,106-107,107,,,,,,,,,,Completed,2026-09-22T00:00:00Z,,,,,Completed,,2026-09-11T04:00:00Z,,rad serré,,2026-09-30T00:00:00Z,,,,,,,,,,,,,,,,,,,214,2026-08-31T20:49:05Z,2026-08-17T16:56:21Z,,,,,OTTAWA HYDRO,Soleil Anker,Soleil Anker
215,21995-2/2,2,2,No,,,No,No,No,No,No,No,No,,,Active,,,,Power / Ligne 1,,No,Plaspak,No,No,No,100-104,100,,,,,,,,,,Completed,2026-09-17T00:00:00Z,,,,,Completed,,2026-09-17T04:00:00Z,,,,2026-10-30T00:00:00Z,,,,,,,,,,,,,,,,,,,215,2026-08-31T20:48:29Z,2026-08-17T16:56:24Z,,,,,HYDRO QUEBEC,Soleil Anker,Soleil Anker
216,21830-5/5,5,5,No,,,No,No,No,No,No,No,No,,,Active,,,,Power / Ligne 1,,No,Plaspak,No,Yes,No,100-104,103,N,,,,,,,,,Completed,2026-09-18T00:00:00Z,,,,,Completed,,2026-09-18T04:00:00Z,2026-10-10T04:00:00Z,,,2026-10-10T00:00:00Z,,,,,,,,,,,,,,,,,,,216,2026-08-31T21:03:41Z,2026-08-17T16:56:26Z,,,,,HYDRO QUEBEC,Soleil Anker,Soleil Anker
217,21832-3/11,3,11,No,,,No,No,No,No,No,No,No,,,Active,,,,Power / Ligne 1,,No,Plaspak,No,No,No,100-104,,N,,,,,,,,,Completed,2026-09-18T00:00:00Z,,,,,Completed,,2026-09-18T04:00:00Z,2026-10-30T04:00:00Z,,,2026-10-30T00:00:00Z,,,,,,,,,,,,,,,,,,,217,2026-08-31T21:03:13Z,2026-08-17T16:56:27Z,,,,,HYDRO QUEBEC,Soleil Anker,Soleil Anker
218,21848-3/3,3,3,No,,,No,No,No,No,No,No,No,,Bobinage,Active,,TE-Ao-27,Reçu,Power / Ligne 1,,No,Reçu,No,Yes,No,100-104,108,,Completed,2026-07-15T00:00:00Z,,,,,,,Completed,2026-09-18T00:00:00Z,,,,,Completed,,2026-08-26T04:00:00Z,,,,2026-09-30T00:00:00Z,,,,,,,,,,,,,,,,,,,218,2026-08-31T21:00:59Z,2026-08-17T16:56:29Z,,,,,LG§E,Soleil Anker,Soleil Anker
219,21992-6/6,6,6,No,,,No,No,No,No,No,No,No,,,Active,,,Entrepôt SN,Power,,No,,No,No,No,106-107,107,,,,,,,,,,Completed,2026-09-23T00:00:00Z,,,,,Completed,,2026-09-15T04:00:00Z,,rad serré,,2026-09-30T00:00:00Z,,,,,,,,,,,,,,,,,,,219,2026-08-31T20:49:02Z,2026-08-17T16:56:31Z,,,,,OTTAWA HYDRO,Soleil Anker,Soleil Anker
220,21994-1/3,1,3,No,21994,,No,No,No,No,No,No,No,,,Active,,,Entrepôt SN,Power / Ligne 1,,No,Plaspak,No,No,No,100-104,102,,,,,,,,,,Completed,2026-09-18T00:00:00Z,Pending,,,,Completed,,2026-09-18T04:00:00Z,,,,2026-10-30T00:00:00Z,,,,,,,,,HYQU,M-HYQU-0012,MR-HYQU-0012-V1,,,,,,,,220,2026-08-31T20:48:39Z,2026-08-17T16:56:32Z,,,,,HYDRO QUEBEC,Soleil Anker,Soleil Anker
221,21994-2/3,2,3,No,,,No,No,No,No,No,No,No,,,Active,,,Entrepôt SN,Power / Ligne 1,,No,Plaspak,No,No,No,100-104,102,,,,,,,,,,Completed,2026-09-18T00:00:00Z,,,,,Completed,,2026-09-18T04:00:00Z,,,,2026-10-30T00:00:00Z,,,,,,,,,,,,,,,,,,,221,2026-08-31T20:48:37Z,2026-08-17T16:56:34Z,,,,,HYDRO QUEBEC,Soleil Anker,Soleil Anker
222,21832-4/11,4,11,No,,,No,No,No,No,No,No,No,,,Active,,,,Power / Ligne 1,,No,Plaspak,No,No,No,100-104,,N,,,,,,,,,Completed,2026-09-21T00:00:00Z,,,,,Completed,,2026-09-21T04:00:00Z,2026-10-30T04:00:00Z,,,2026-10-30T00:00:00Z,,,,,,,,,,,,,,,,,,,222,2026-08-31T21:03:10Z,2026-08-17T16:56:36Z,,,,,HYDRO QUEBEC,Soleil Anker,Soleil Anker
223,21841-1/10,1,10,No,,,No,No,No,No,No,No,No,,Bobinage,Active,,TE-Ao-27,Reçu,Power,,No,Reçu,No,Yes,No,105-108,108,N,Completed,2026-07-17T00:00:00Z,,,,,,,Completed,2026-09-21T00:00:00Z,,,,,,,2026-08-24T04:00:00Z,,Pb STC,,,,,,,,,,,,,,,,,,,,,223,2026-08-31T21:01:51Z,2026-08-17T16:56:37Z,,,,,GEORGIA POWER,Soleil Anker,Soleil Anker
224,21994-3/3,3,3,No,,,No,No,No,No,No,No,No,,,Active,,,Entrepôt SN,Power / Ligne 1,,No,Plaspak,No,No,No,100-104,102,,,,,,,,,,Completed,2026-09-21T00:00:00Z,,,,,Completed,,2026-09-18T04:00:00Z,,,,2026-10-30T00:00:00Z,,,,,,,,,,,,,,,,,,,224,2026-08-31T20:48:34Z,2026-08-17T16:56:40Z,,,,,HYDRO QUEBEC,Soleil Anker,Soleil Anker
225,22045-2/2,2,2,No,,,No,No,No,No,No,No,No,,,Active,,,Reçu,Power / Ligne 1,,No,Reçu,No,Yes,No,100-104,,,,,,,,,,,Completed,2026-09-21T00:00:00Z,,,,,,,2026-09-17T04:00:00Z,,,,,,,,,,,,,,,,,,,,,,,225,2026-08-31T20:43:21Z,2026-08-17T16:56:41Z,,,,,TORONTO HYDRO,Soleil Anker,Soleil Anker
226,21832-5/11,5,11,No,,,No,No,No,No,No,No,No,,,Active,,,,Power / Ligne 1,,No,Plaspak,No,No,No,100-104,,N,,,,,,,,,Completed,2026-09-22T00:00:00Z,,,,,Completed,,2026-09-22T04:00:00Z,2026-10-30T04:00:00Z,,,2026-10-30T00:00:00Z,,,,,,,,,,,,,,,,,,,226,2026-08-31T21:03:08Z,2026-08-17T16:56:42Z,,,,,HYDRO QUEBEC,Soleil Anker,Soleil Anker
227,21841-2/10,2,10,No,,,No,No,No,No,No,No,No,,Bobinage,Active,,TE-Ao-27,Reçu,Power,,No,Reçu,No,Yes,No,105-108,108,N,Completed,2026-07-21T00:00:00Z,,,,,,,Completed,2026-09-22T00:00:00Z,,,,,,,2026-08-24T04:00:00Z,,Pb STC,,,,,,,,,,,,,,,,,,,,,227,2026-08-31T21:01:47Z,2026-08-17T16:56:44Z,,,,,GEORGIA POWER,Soleil Anker,Soleil Anker
228,21841-3/10,3,10,No,21841,,No,No,No,No,No,No,No,,Bobinage,Active,,TE-Ao-27,Reçu,Power,,No,Reçu,No,Yes,No,105-108,108,N,Completed,2026-07-23T00:00:00Z,,Pending,,,,,Completed,2026-09-22T00:00:00Z,Pending,,,,,,2026-08-25T04:00:00Z,,Pb STC,,,,,,,,,,,GEPO,M-GEPO-0013,MR-GEPO-0013-V1,,,,,,,,228,2026-08-31T21:01:43Z,2026-08-17T16:56:46Z,,,,,GEORGIA POWER,Soleil Anker,Soleil Anker
229,21997-1/4,1,4,No,,,No,No,No,No,No,No,No,,,Active,,,,Power / Ligne 1,,No,,No,No,No,100-104,,,,,,,,,,,Completed,2026-09-22T00:00:00Z,,,,,Completed,,2026-09-22T04:00:00Z,,,,2026-10-30T00:00:00Z,,,,,,,,,,,,,,,,,,,229,2026-08-31T20:48:03Z,2026-08-17T16:56:47Z,,,,,HYDRO QUEBEC,Soleil Anker,Soleil Anker
230,21998-1/3,1,3,No,,,No,No,No,No,No,No,No,,,Active,,,Entrepôt SN,Power / Ligne 1,,No,Plaspak,No,No,No,100-104,,,,,,,,,,,Completed,2026-09-24T00:00:00Z,,,,,Completed,,2026-09-22T04:00:00Z,,,,2026-10-30T00:00:00Z,,,,,,,,,,,,,,,,,,,230,2026-08-31T20:47:53Z,2026-08-17T16:56:50Z,,,,,HYDRO QUEBEC,Soleil Anker,Soleil Anker
231,21833-1/6,1,6,No,,,No,No,No,No,No,No,No,,,Active,,,,Power / Ligne 1,,No,Plaspak,No,No,No,100-104,,N,,,,,,,,,Completed,2026-09-23T00:00:00Z,,,,,Completed,2025-11-11T00:00:00Z,2026-09-23T04:00:00Z,2026-10-30T04:00:00Z,,,2026-10-30T00:00:00Z,,,,,,,,,,,,,,,,,,,231,2026-08-31T21:02:55Z,2026-08-17T16:56:51Z,,,,,HYDRO QUEBEC,Soleil Anker,Soleil Anker
232,21841-4/10,4,10,No,,,No,No,No,No,No,No,No,,Bobinage,Active,,TE-Ao-27,Reçu,Power,,No,Reçu,No,Yes,No,105-108,108,N,Completed,2026-08-13T00:00:00Z,,,,,,,Completed,2026-09-23T00:00:00Z,,,,,,,2026-08-25T04:00:00Z,,Pb STC,,,,,,,,,,,,,,,,,,,,,232,2026-08-31T21:01:41Z,2026-08-17T16:56:53Z,,,,,GEORGIA POWER,Soleil Anker,Soleil Anker
233,21841-5/10,5,10,No,,,No,No,No,No,No,No,No,,Bobinage,Active,,TE-Ao-27,Entrepôt SN,Power,,No,Plaspak,No,Yes,No,105-108,108,N,Completed,2026-08-14T00:00:00Z,,,,,,,Completed,2026-09-23T00:00:00Z,,,,,,,2026-08-26T04:00:00Z,,Pb STC,,,,,,,,,,,,,,,,,,,,,233,2026-08-31T21:01:39Z,2026-08-17T16:56:54Z,,,,,GEORGIA POWER,Soleil Anker,Soleil Anker
234,21957-1/9,1,9,No,,,No,No,No,No,No,No,No,,Bobinage,Active,,TE-Ao-27,Reçu,Power / Ligne 1,,Yes,Reçu,No,Yes,No,100-104,105,,Completed,2026-07-13T00:00:00Z,,,,,,,Completed,2026-09-23T00:00:00Z,,,,,,,2026-08-11T04:00:00Z,,Vente prévenue pour retard liv (tap/net switch) / Pb STC,,,,,,,,,,,,,,,,,,,,,234,2026-08-31T20:53:19Z,2026-08-17T16:56:56Z,,,,,NASHVILLE ELECTRIC,Soleil Anker,Soleil Anker
235,21997-2/4,2,4,No,,,No,No,No,No,No,No,No,,,Active,,,,Power / Ligne 1,,No,,No,No,No,100-104,,,,,,,,,,,Completed,2026-09-23T00:00:00Z,,,,,Completed,,2026-09-23T04:00:00Z,,,,2026-10-30T00:00:00Z,,,,,,,,,,,,,,,,,,,235,2026-08-31T20:48:00Z,2026-08-17T16:56:58Z,,,,,HYDRO QUEBEC,Soleil Anker,Soleil Anker
236,21833-2/6,2,6,No,,,No,No,No,No,No,No,No,,,Active,,,,Power / Ligne 1,,No,Plaspak,No,No,No,100-104,,N,,,,,,,,,Completed,2026-09-24T00:00:00Z,,,,,Completed,2025-11-11T00:00:00Z,2026-09-24T04:00:00Z,2026-10-30T04:00:00Z,,,2026-10-30T00:00:00Z,,,,,,,,,,,,,,,,,,,236,2026-08-31T21:02:53Z,2026-08-17T16:56:59Z,,,,,HYDRO QUEBEC,Soleil Anker,Soleil Anker
237,21841-6/10,6,10,No,,,No,No,No,No,No,No,No,,Bobinage,Active,,TE-Ao-27,Entrepôt SN,Power,,No,Plaspak,No,Yes,No,105-108,108,N,Completed,2026-08-18T00:00:00Z,,,,,,,Completed,2026-09-24T00:00:00Z,,,,,,,2026-08-27T04:00:00Z,,Pb STC,,,,,,,,,,,,,,,,,,,,,237,2026-08-31T21:01:36Z,2026-08-17T16:57:02Z,,,,,GEORGIA POWER,Soleil Anker,Soleil Anker
238,21841-7/10,7,10,No,,,No,No,No,No,No,No,No,,Bobinage,Active,,TE-Ao-27,Entrepôt SN,Power,,No,Plaspak,No,Yes,No,105-108,108,N,Completed,2026-08-19T00:00:00Z,,,,,,,Completed,2026-09-24T00:00:00Z,,,,,,,2026-08-27T04:00:00Z,,Pb STC,,,,,,,,,,,,,,,,,,,,,238,2026-08-31T21:01:35Z,2026-08-17T16:57:02Z,,,,,GEORGIA POWER,Soleil Anker,Soleil Anker
239,21957-2/9,2,9,No,,,No,No,No,No,No,No,No,,Bobinage,Active,,TE-Ao-27,Reçu,Power / Ligne 1,,Yes,Reçu,No,Yes,No,100-104,105,,Completed,2026-07-16T00:00:00Z,,,,,,,Completed,2026-09-24T00:00:00Z,,,,,,,2026-08-12T04:00:00Z,,Vente prévenue pour retard liv (tap/net switch) / Pb STC,,,,,,,,,,,,,,,,,,,,,239,2026-08-31T20:53:18Z,2026-08-17T16:57:04Z,,,,,NASHVILLE ELECTRIC,Soleil Anker,Soleil Anker
240,21998-2/3,2,3,No,,,No,No,No,No,No,No,No,,,Active,,,Entrepôt SN,Power / Ligne 1,,No,Plaspak,No,No,No,100-104,,,,,,,,,,,Completed,2026-09-28T00:00:00Z,,,,,Completed,,2026-09-24T04:00:00Z,,,,2026-10-30T00:00:00Z,,,,,,,,,,,,,,,,,,,240,2026-08-31T20:47:51Z,2026-08-17T16:57:06Z,,,,,HYDRO QUEBEC,Soleil Anker,Soleil Anker
241,21998-3/3,3,3,No,,,No,No,No,No,No,No,No,,,Active,,,Entrepôt SN,Power / Ligne 1,,No,Plaspak,No,No,No,100-104,,,,,,,,,,,Completed,2026-09-29T00:00:00Z,,,,,Completed,,2026-09-24T04:00:00Z,,,,2026-10-30T00:00:00Z,,,,,,,,,,,,,,,,,,,241,2026-08-31T20:47:45Z,2026-08-17T16:57:07Z,,,,,HYDRO QUEBEC,Soleil Anker,Soleil Anker
242,21832-6/11,6,11,No,,,No,No,No,No,No,No,No,,,Active,,,,Power / Ligne 1,,No,Plaspak,No,No,No,100-104,,N,,,,,,,,,Completed,2026-09-25T00:00:00Z,,,,,Completed,,2026-09-25T04:00:00Z,,,,2026-10-30T00:00:00Z,,,,,,,,,,,,,,,,,,,242,2026-08-31T21:03:06Z,2026-08-17T16:57:09Z,,,,,HYDRO QUEBEC,Soleil Anker,Soleil Anker
243,21841-8/10,8,10,No,,,No,No,No,No,No,No,No,,Bobinage,Active,,TE-Ao-27,Entrepôt SN,Power,,No,Plaspak,No,Yes,No,105-108,108,N,Completed,2026-08-24T00:00:00Z,,,,,,,Completed,2026-09-25T00:00:00Z,,,,,,,2026-08-28T04:00:00Z,,Pb STC,,,,,,,,,,,,,,,,,,,,,243,2026-08-31T21:01:32Z,2026-08-17T16:57:10Z,,,,,GEORGIA POWER,Soleil Anker,Soleil Anker
244,21841-9/10,9,10,No,,,No,No,No,No,No,No,No,,Bobinage,Active,,TE-Ao-27,Entrepôt SN,Power,,No,Plaspak,No,Yes,No,105-108,108,N,Completed,2026-08-26T00:00:00Z,,,,,,,Completed,2026-09-25T00:00:00Z,,,,,,,2026-08-28T04:00:00Z,,Pb STC,,,,,,,,,,,,,,,,,,,,,244,2026-08-31T21:01:29Z,2026-08-17T16:57:12Z,,,,,GEORGIA POWER,Soleil Anker,Soleil Anker
245,21957-3/9,3,9,No,,,No,No,No,No,No,No,No,,Bobinage,Active,,TE-Ao-27,Reçu,Power / Ligne 1,,Yes,Reçu,No,Yes,No,100-104,105,,Completed,2026-07-21T00:00:00Z,,,,,,,Completed,2026-09-25T00:00:00Z,,,,,,,2026-08-13T04:00:00Z,,Vente prévenue pour retard liv (tap/net switch) / Pb STC,,,,,,,,,,,,,,,,,,,,,245,2026-08-31T20:53:14Z,2026-08-17T16:57:14Z,,,,,NASHVILLE ELECTRIC,Soleil Anker,Soleil Anker
246,21989-1/1,1,1,No,,,No,No,No,No,No,No,No,,,Active,,,,Power / Ligne 1,,No,,No,No,No,,,,,,,,,,,,Completed,2026-09-25T00:00:00Z,,,,,,,2026-09-25T04:00:00Z,,Risque d'être en retard ingé non complété sur hold car MPL pas terminé / Demande de changement par le client sur hold,,,,,,,,,,,,,,,,,,,,,246,2026-08-31T20:49:32Z,2026-08-17T16:57:15Z,,,,,FIRST ENERGY,Soleil Anker,Soleil Anker
247,21997-3/4,3,4,No,,,No,No,No,No,No,No,No,,,Active,,,,Power / Ligne 1,,No,,No,No,No,100-104,,,,,,,,,,,Completed,2026-09-25T00:00:00Z,,,,,Completed,,2026-09-25T04:00:00Z,,,,2026-10-30T00:00:00Z,,,,,,,,,,,,,,,,,,,247,2026-08-31T20:47:59Z,2026-08-17T16:57:18Z,,,,,HYDRO QUEBEC,Soleil Anker,Soleil Anker
248,21832-7/11,7,11,No,,,No,No,No,No,No,No,No,,,Active,,,,Power / Ligne 1,,No,Plaspak,No,No,No,100-104,,N,,,,,,,,,Completed,2026-09-28T00:00:00Z,,,,,Completed,,2026-09-28T04:00:00Z,,,,2026-10-30T00:00:00Z,,,,,,,,,,,,,,,,,,,248,2026-08-31T21:03:03Z,2026-08-17T16:57:18Z,,,,,HYDRO QUEBEC,Soleil Anker,Soleil Anker
249,21841-10/10,10,10,No,,,No,No,No,No,No,No,No,,Bobinage,Active,,B2-Ao-27,Entrepôt SN,Power,,No,Plaspak,No,Yes,No,105-108,108,N,In Progress,,,,,,,,Completed,2026-09-28T00:00:00Z,,,,,,,2026-08-31T04:00:00Z,,Pb STC,,,,,,,,,,,,,,,,,,,,,249,2026-08-31T21:01:48Z,2026-08-17T16:57:20Z,,,,,GEORGIA POWER,Soleil Anker,Soleil Anker
250,21957-4/9,4,9,No,,,No,No,No,No,No,No,No,,Bobinage,Active,,TE-Ao-27,Reçu,Power / Ligne 1,,Yes,Reçu,No,Yes,No,100-104,105,,Completed,2026-07-23T00:00:00Z,,,,,,,Completed,2026-09-28T00:00:00Z,,,,,,,2026-08-17T04:00:00Z,,Vente prévenue pour retard liv (tap/net switch) / Pb STC,,,,,,,,,,,,,,,,,,,,,250,2026-08-31T20:53:13Z,2026-08-17T16:57:22Z,,,,,NASHVILLE ELECTRIC,Soleil Anker,Soleil Anker
251,21997-4/4,4,4,No,,,No,No,No,No,No,No,No,,,Active,,,,Power / Ligne 1,,No,,No,No,No,100-104,,,,,,,,,,,Completed,2026-09-28T00:00:00Z,,,,,Completed,,2026-09-28T04:00:00Z,,,,2026-10-30T00:00:00Z,,,,,,,,,,,,,,,,,,,251,2026-08-31T20:47:56Z,2026-08-17T16:57:23Z,,,,,HYDRO QUEBEC,Soleil Anker,Soleil Anker
252,21814-2/11,2,11,No,,,No,No,No,No,No,No,No,,Bobinage,Active,,TE-Ao-27,Reçu,Zone B,,No,0,No,Yes,No,106,106,N,Completed,2026-08-22T00:00:00Z,,,,,,,Completed,2026-09-29T00:00:00Z,,,,,Completed,,2026-12-01T05:00:00Z,2026-12-20T05:00:00Z,Pierre L. exp 15 déc,,2026-12-15T00:00:00Z,,,,,,,,,,,,,,,,,,,252,2026-08-31T21:04:21Z,2026-08-17T16:57:26Z,,,,,HYDRO QUEBEC,Soleil Anker,Soleil Anker
253,21833-3/6,3,6,No,,,No,No,No,No,No,No,No,,,Active,,,,Power / Ligne 1,,No,Plaspak,No,No,No,100-104,,N,,,,,,,,,Completed,2026-09-29T00:00:00Z,,,,,Completed,2025-11-11T00:00:00Z,2026-09-29T04:00:00Z,2026-10-30T04:00:00Z,,,2026-10-30T00:00:00Z,,,,,,,,,,,,,,,,,,,253,2026-08-31T21:02:51Z,2026-08-17T16:57:27Z,,,,,HYDRO QUEBEC,Soleil Anker,Soleil Anker
254,21957-5/9,5,9,No,,,No,No,No,No,No,No,No,,Bobinage,Active,,TE-Ao-27,Reçu,Power / Ligne 1,,Yes,Reçu,No,Yes,No,100-104,105,,Completed,2026-08-11T00:00:00Z,,,,,,,Completed,2026-09-29T00:00:00Z,,,,,,,2026-08-19T04:00:00Z,,Vente prévenue pour retard liv (tap/net switch) / Pb STC,,,,,,,,,,,,,,,,,,,,,254,2026-08-31T20:53:09Z,2026-08-17T16:57:29Z,,,,,NASHVILLE ELECTRIC,Soleil Anker,Soleil Anker
255,21957-6/9,6,9,No,,,No,No,No,No,No,No,No,,Bobinage,Active,,TE-Ao-27,Entrepôt SN,Power / Ligne 1,,No,Reçu,No,Yes,No,100-104,105,,Completed,2026-08-12T00:00:00Z,,,,,,,Completed,2026-09-29T00:00:00Z,,,,,,,2026-08-20T04:00:00Z,,Vente prévenue pour retard liv (tap/net switch) / Pb STC,,,,,,,,,,,,,,,,,,,,,255,2026-08-31T20:53:07Z,2026-08-17T16:57:30Z,,,,,NASHVILLE ELECTRIC,Soleil Anker,Soleil Anker
256,21996-1/10,1,10,No,,,No,No,No,No,No,No,No,,,Active,,,Entrepôt SN,Power,,No,,No,No,No,100-104,,,,,,,,,,,Completed,2026-09-29T00:00:00Z,,,,,Completed,,2026-09-16T04:00:00Z,,,,2026-10-30T00:00:00Z,,,,,,,,,,,,,,,,,,,256,2026-08-31T20:48:27Z,2026-08-17T16:57:32Z,,,,,HYDRO QUEBEC,Soleil Anker,Soleil Anker
257,22105-1/1,1,1,No,,,No,No,No,No,No,No,No,,Bobinage,Active,,TE-Ao-27,,Power,,No,,No,Yes,No,100-104,102,,Completed,2026-08-20T00:00:00Z,,,,,,,Completed,2026-09-14T00:00:00Z,,,,,,,2026-11-16T05:00:00Z,,Tiré pour prototype (oubli par plannif),,,,,,,,,,,,,,,,,,,,,257,2026-08-31T20:35:06Z,2026-08-21T04:07:58Z,,,,,HYDRO QUEBEC,Soleil Anker,Soleil Anker
258,21832-8/11,8,11,No,,,No,No,No,No,No,No,No,,,Active,,,,Power / Ligne 1,,No,Plaspak,No,No,No,100-104,,N,,,,,,,,,Completed,2026-09-30T00:00:00Z,,,,,Completed,,2026-09-30T04:00:00Z,,,,2026-10-30T00:00:00Z,,,,,,,,,,,,,,,,,,,258,2026-08-31T21:03:00Z,2026-08-21T04:11:16Z,,,,,HYDRO QUEBEC,Soleil Anker,Soleil Anker
259,21957-7/9,7,9,No,,,No,No,No,No,No,No,No,,Bobinage,Active,,B1-Ao-21,Entrepôt SN,Power / Ligne 1,,No,Reçu,No,Yes,No,100-104,,,In Progress,,,,,,,,Completed,2026-09-30T00:00:00Z,,,,,,,2026-08-21T04:00:00Z,,Vente prévenue pour retard liv (tap/net switch) / Pb STC            Bobine#1 L.V. faites à l'avance. JK,,,,,,,,,,,,,,,,,,,,,259,2026-08-21T16:42:12Z,2026-08-21T04:11:18Z,,,,,NASHVILLE ELECTRIC,Soleil Anker,Soleil Anker
260,21996-2/10,2,10,No,,,No,No,No,No,No,No,No,,,Active,,,Entrepôt SN,Power,,No,,No,No,No,100-104,,,,,,,,,,,Completed,2026-09-30T00:00:00Z,,,,,Completed,,2026-09-17T04:00:00Z,,,,2026-10-30T00:00:00Z,,,,,,,,,,,,,,,,,,,260,2026-08-31T20:48:22Z,2026-08-21T04:11:21Z,,,,,HYDRO QUEBEC,Soleil Anker,Soleil Anker
261,21996-3/10,3,10,No,,,No,No,No,No,No,No,No,,,Active,,,,Power,,No,,No,No,No,100-104,,,,,,,,,,,Completed,2026-09-30T00:00:00Z,,,,,Completed,,2026-09-17T04:00:00Z,,,,2026-10-30T00:00:00Z,,,,,,,,,,,,,,,,,,,261,2026-08-31T20:48:20Z,2026-08-21T04:11:24Z,,,,,HYDRO QUEBEC,Soleil Anker,Soleil Anker
262,21996-4/10,4,10,No,,,No,No,No,No,No,No,No,,,Active,,,,Power,,No,,No,No,No,100-104,,,,,,,,,,,Completed,2026-09-30T00:00:00Z,,,,,Completed,,2026-09-17T04:00:00Z,,,,2026-10-30T00:00:00Z,,,,,,,,,,,,,,,,,,,262,2026-08-31T20:48:17Z,2026-08-21T04:11:25Z,,,,,HYDRO QUEBEC,Soleil Anker,Soleil Anker
263,21814-3/11,3,11,No,,,No,No,No,No,No,No,No,,,Active,,,Entrepôt SN,Zone B,,No,0,No,No,No,106,,N,,,,,,,,,Completed,2026-10-01T00:00:00Z,,,,,Completed,,2026-12-04T05:00:00Z,2026-12-20T05:00:00Z,Pierre L. exp 15 déc,,2026-12-15T00:00:00Z,,,,,,,,,,,,,,,,,,,263,2026-08-21T16:42:22Z,2026-08-21T04:11:30Z,,,,,HYDRO QUEBEC,Soleil Anker,Soleil Anker
264,21833-4/6,4,6,No,,,No,No,No,No,No,No,No,,,Active,,,,Power / Ligne 1,,No,Plaspak,No,No,No,100-104,,N,,,,,,,,,Completed,2026-10-01T00:00:00Z,,,,,Completed,2025-11-11T00:00:00Z,2026-10-01T04:00:00Z,2026-10-30T04:00:00Z,,,2026-10-30T00:00:00Z,,,,,,,,,,,,,,,,,,,264,2026-08-31T21:02:49Z,2026-08-21T04:11:33Z,,,,,HYDRO QUEBEC,Soleil Anker,Soleil Anker
265,21957-8/9,8,9,No,,,No,No,No,No,No,No,No,,,Active,,,Entrepôt SN,Power / Ligne 1,,No,Reçu,No,No,No,100-104,,,,,,,,,,,Completed,2026-10-01T00:00:00Z,,,,,,,2026-08-25T04:00:00Z,,Vente prévenue pour retard liv (tap/net switch) / Pb STC,,,,,,,,,,,,,,,,,,,,,265,2026-08-31T20:53:02Z,2026-08-21T04:11:35Z,,,,,NASHVILLE ELECTRIC,Soleil Anker,Soleil Anker
266,21996-5/10,5,10,No,,,No,No,No,No,No,No,No,,,Active,,,,Power,,No,,No,No,No,100-104,,,,,,,,,,,Completed,2026-10-01T00:00:00Z,,,,,Completed,,2026-09-21T04:00:00Z,,,,2026-10-30T00:00:00Z,,,,,,,,,,,,,,,,,,,266,2026-08-31T20:48:15Z,2026-08-21T04:11:37Z,,,,,HYDRO QUEBEC,Soleil Anker,Soleil Anker
267,21996-6/10,6,10,No,21996,,No,No,No,No,No,No,No,,,Active,,,,Power,,No,,No,No,No,100-104,,,,,,,,,,,Completed,2026-10-01T00:00:00Z,Pending,,,,Completed,,2026-09-21T04:00:00Z,,,,2026-10-30T00:00:00Z,,,,,,,,,HYQU,M-HYQU-0008,M-HYQU-0008,,,,,,,,267,2026-09-01T04:43:20Z,2026-08-21T04:11:40Z,,,,,HYDRO QUEBEC,Soleil Anker,Soleil Anker
268,21996-7/10,7,10,No,,,No,No,No,No,No,No,No,,,Active,,,,Power,,No,,No,No,No,100-104,,,,,,,,,,,Completed,2026-10-01T00:00:00Z,,,,,Completed,,2026-09-21T04:00:00Z,,,,2026-10-30T00:00:00Z,,,,,,,,,,,,,,,,,,,268,2026-08-31T20:48:10Z,2026-08-21T04:11:42Z,,,,,HYDRO QUEBEC,Soleil Anker,Soleil Anker
269,21832-9/11,9,11,No,,,No,No,No,No,No,No,No,,,Active,,,,Power / Ligne 1,,No,Plaspak,No,No,No,100-104,,N,,,,,,,,,Completed,2026-10-02T00:00:00Z,,,,,Completed,,2026-10-02T04:00:00Z,,,,2026-10-30T00:00:00Z,,,,,,,,,,,,,,,,,,,269,2026-08-31T21:02:59Z,2026-08-21T04:11:44Z,,,,,HYDRO QUEBEC,Soleil Anker,Soleil Anker
270,21957-9/9,9,9,No,,,No,No,No,No,No,No,No,,,Active,,,Entrepôt SN,Power / Ligne 1,,No,Reçu,No,No,No,100-104,,,,,,,,,,,Completed,2026-10-02T00:00:00Z,,,,,,,2026-08-28T04:00:00Z,,Vente prévenue pour retard liv (tap/net switch) / Pb STC,,,,,,,,,,,,,,,,,,,,,270,2026-08-31T20:53:00Z,2026-08-21T04:11:46Z,,,,,NASHVILLE ELECTRIC,Soleil Anker,Soleil Anker
271,21996-10/10,10,10,No,,,No,No,No,No,No,No,No,,,Active,,,,Power,,No,,No,No,No,100-104,,,,,,,,,,,Completed,2026-10-02T00:00:00Z,,,,,Completed,,2026-09-23T04:00:00Z,,,,2026-10-30T00:00:00Z,,,,,,,,,,,,,,,,,,,271,2026-08-31T20:48:24Z,2026-08-21T04:11:49Z,,,,,HYDRO QUEBEC,Soleil Anker,Soleil Anker
272,21996-8/10,8,10,No,,,No,No,No,No,No,No,No,,,Active,,,,Power,,No,,No,No,No,100-104,,,,,,,,,,,Completed,2026-10-02T00:00:00Z,,,,,Completed,,2026-09-23T04:00:00Z,,,,2026-10-30T00:00:00Z,,,,,,,,,,,,,,,,,,,272,2026-08-31T20:48:08Z,2026-08-21T16:42:43Z,,,,,HYDRO QUEBEC,Soleil Anker,Soleil Anker
273,21996-9/10,9,10,No,21996,,No,No,No,No,No,No,No,,,Active,,,,Power,,No,,No,No,No,100-104,,,,,,,,,,,Completed,2026-10-02T00:00:00Z,Pending,,,,Completed,,2026-09-23T04:00:00Z,,,,2026-10-30T00:00:00Z,,,,,,,,,HYQU,M-HYQU-0008,M-HYQU-0008,,,,,,,,273,2026-09-01T05:46:15Z,2026-08-21T16:42:46Z,,,,,HYDRO QUEBEC,Soleil Anker,Soleil Anker
274,21821-1/1,1,1,No,,,No,No,No,No,No,No,No,,,Active,,,,,,No,,No,No,No,,,,,,,,,,,,Completed,2026-10-05T00:00:00Z,,,,,Completed,,,,,,,,,,,,,,,,,,,,,,,,,274,2026-08-31T21:03:54Z,2026-08-21T16:42:48Z,,,,,XCEL ENERGY NORTHERN,Soleil Anker,Soleil Anker
275,21833-5/6,5,6,No,,,No,No,No,No,No,No,No,,,Active,,,,Power / Ligne 1,,No,Plaspak,No,No,No,100-104,,N,,,,,,,,,Completed,2026-10-05T00:00:00Z,,,,,Completed,2025-11-11T00:00:00Z,2026-10-05T04:00:00Z,2026-10-30T04:00:00Z,,,2026-10-30T00:00:00Z,,,,,,,,,,,,,,,,,,,275,2026-08-31T21:02:46Z,2026-08-21T16:42:51Z,,,,,HYDRO QUEBEC,Soleil Anker,Soleil Anker
276,22056-1/6,1,6,No,,,No,No,No,No,No,No,No,,,Active,,,,Power,,No,,No,No,No,100-104,,,,,,,,,,,Completed,2026-10-05T00:00:00Z,,,,,,,2026-09-21T04:00:00Z,,Repoussé car rad trop serré ,,,,,,,,,,,,,,,,,,,,,276,2026-08-31T20:42:32Z,2026-08-21T16:42:54Z,,,,,OTTAWA HYDRO,Soleil Anker,Soleil Anker
277,22068-1/4,1,4,No,22068,,No,No,No,No,No,No,No,,,Active,,,,Power,,No,,No,No,No,100-104,,,,,,,,,,,Completed,2026-10-05T00:00:00Z,Pending,,,,,,2026-10-05T04:00:00Z,2026-11-26T05:00:00Z,,,,,,,,,,,,HYQU,M-HYQU-0008,M-HYQU-0008,,,,,,,,277,2026-09-01T03:12:00Z,2026-08-21T16:42:55Z,,,,,HYDRO QUEBEC,Soleil Anker,Soleil Anker
278,22068-2/4,2,4,No,,,No,No,No,No,No,No,No,,,Active,,,,Power,,No,,No,No,No,100-104,,,,,,,,,,,Completed,2026-10-05T00:00:00Z,,,,,,,2026-10-05T04:00:00Z,2026-11-26T05:00:00Z,,,,,,,,,,,,,,,,,,,,,,278,2026-08-31T20:41:21Z,2026-08-21T16:42:58Z,,,,,HYDRO QUEBEC,Soleil Anker,Soleil Anker
279,22068-3/4,3,4,No,,,No,No,No,No,No,No,No,,,Active,,,,Power,,No,,No,No,No,100-104,,,,,,,,,,,Completed,2026-10-05T00:00:00Z,,,,,,,2026-10-05T04:00:00Z,2026-11-26T05:00:00Z,,,,,,,,,,,,,,,,,,,,,,279,2026-08-31T20:41:19Z,2026-08-21T16:43:00Z,,,,,HYDRO QUEBEC,Soleil Anker,Soleil Anker
280,21832-10/11,10,11,No,,,No,No,No,No,No,No,No,,,Active,,,,Power / Ligne 1,,No,Plaspak,No,No,No,100-104,,N,,,,,,,,,Completed,2026-10-06T00:00:00Z,,,,,Completed,,2026-10-06T04:00:00Z,,,,2026-10-30T00:00:00Z,,,,,,,,,,,,,,,,,,,280,2026-08-31T21:03:22Z,2026-08-21T16:43:02Z,,,,,HYDRO QUEBEC,Soleil Anker,Soleil Anker
281,21843-1/1,1,1,No,,,No,No,No,No,No,No,No,,,Active,,,,Power,,No,Plaspak,No,No,No,100-104,100,,,,,,,,,,Completed,2026-10-06T00:00:00Z,,,,,,,2026-09-04T04:00:00Z,,Pb STC,,,,,,,,,,,,,,,,,,,,,281,2026-08-21T16:43:05Z,2026-08-21T16:43:05Z,,,,,XCEL ENERGY NORTHERN,Soleil Anker,Soleil Anker
282,22056-2/6,2,6,No,,,No,No,No,No,No,No,No,,,Active,,,,Power,,No,,No,No,No,100-104,,,,,,,,,,,Completed,2026-10-06T00:00:00Z,,,,,,,2026-09-23T04:00:00Z,,Repoussé car rad trop serré ,,,,,,,,,,,,,,,,,,,,,282,2026-08-31T20:42:26Z,2026-08-21T16:43:07Z,,,,,OTTAWA HYDRO,Soleil Anker,Soleil Anker
283,22056-3/6,3,6,No,,,No,No,No,No,No,No,No,,,Active,,,,Power,,No,,No,No,No,100-104,,,,,,,,,,,Completed,2026-10-06T00:00:00Z,,,,,,,2026-09-25T04:00:00Z,,Repoussé car rad trop serré ,,,,,,,,,,,,,,,,,,,,,283,2026-08-31T20:42:24Z,2026-08-21T16:43:10Z,,,,,OTTAWA HYDRO,Soleil Anker,Soleil Anker
284,22068-4/4,4,4,No,,,No,No,No,No,No,No,No,,,Active,,,,Power,,No,,No,No,No,100-104,,,,,,,,,,,Completed,2026-10-06T00:00:00Z,,,,,,,2026-10-06T04:00:00Z,2026-11-26T05:00:00Z,,,,,,,,,,,,,,,,,,,,,,284,2026-08-31T20:41:16Z,2026-08-21T16:43:12Z,,,,,HYDRO QUEBEC,Soleil Anker,Soleil Anker
285,22069-1/10,1,10,No,,,No,No,No,No,No,No,No,,,Active,,,,Power,,No,,No,No,No,100-104,,,,,,,,,,,Completed,2026-10-06T00:00:00Z,,,,,,,2026-10-06T04:00:00Z,2026-11-26T05:00:00Z,,,,,,,,,,,,,,,,,,,,,,285,2026-08-31T20:41:13Z,2026-08-21T16:43:14Z,,,,,HYDRO QUEBEC,Soleil Anker,Soleil Anker
286,21387-6/6,6,6,No,,,No,No,No,No,No,No,No,,,Active,,,Entrepôt SN,Zone B,,No,0,No,No,No,106,106,,,,,,,,,,Completed,2026-10-07T00:00:00Z,,,,,Completed,2026-03-25T00:00:00Z,2026-04-08T04:00:00Z,,Manque fil ctc + attente approbation du fils ctc d'inde / Nouveau fil commandé 8 à 10 semaines de délai / Repoussé avec Emerick,,2026-10-30T00:00:00Z,,,,,,,,,,,,,,,,,,,286,2026-08-31T21:08:26Z,2026-08-21T16:43:17Z,,,,,HYDRO QUEBEC,Soleil Anker,Soleil Anker
287,21873-1/8,1,8,No,,,No,No,No,No,No,No,No,,,Active,,,,Power,,No,,No,No,No,100-104,,,,,,,,,,,Completed,2026-10-07T00:00:00Z,,,,,Completed,,2026-10-07T04:00:00Z,2026-11-10T05:00:00Z,,,2026-11-10T00:00:00Z,,,,,,,,,,,,,,,,,,,287,2026-08-31T21:00:27Z,2026-08-21T16:43:19Z,,,,,HYDRO QUEBEC,Soleil Anker,Soleil Anker
288,21873-2/8,2,8,No,,,No,No,No,No,No,No,No,,,Active,,,,Power,,No,,No,No,No,100-104,,,,,,,,,,,Completed,2026-10-07T00:00:00Z,,,,,Completed,,2026-10-07T04:00:00Z,2026-11-10T05:00:00Z,,,2026-11-10T00:00:00Z,,,,,,,,,,,,,,,,,,,288,2026-08-31T21:00:24Z,2026-08-21T16:43:22Z,,,,,HYDRO QUEBEC,Soleil Anker,Soleil Anker
289,21873-3/8,3,8,No,,,No,No,No,No,No,No,No,,,Active,,,,Power,,No,,No,No,No,100-104,,,,,,,,,,,Completed,2026-10-07T00:00:00Z,,,,,Completed,,2026-10-07T04:00:00Z,2026-11-10T05:00:00Z,,,2026-11-10T00:00:00Z,,,,,,,,,,,,,,,,,,,289,2026-08-31T21:00:21Z,2026-08-21T16:43:23Z,,,,,HYDRO QUEBEC,Soleil Anker,Soleil Anker
290,21879-1/1,1,1,No,,,No,No,No,No,No,No,No,,,Active,,,Entrepôt SN,Power / Ligne 1,,No,Plaspak,No,No,No,100-104,,,,,,,,,,,Completed,2026-10-30T00:00:00Z,,,,,Completed,,2026-09-15T04:00:00Z,2026-10-30T04:00:00Z,,,2026-10-30T00:00:00Z,,,,,,,,,,,,,,,,,,,290,2026-08-31T20:59:19Z,2026-08-21T16:43:26Z,,,,,MADISON GAS § ELECTRIC,Soleil Anker,Soleil Anker
291,21913-1/7,1,7,No,,,No,No,No,No,No,No,No,,,Active,,,Entrepôt SN,Power,,No,Plaspak,No,No,No,105-108,,,,,,,,,,,Completed,2026-10-07T00:00:00Z,,,,,Completed,,2026-06-15T04:00:00Z,,À expédier en Q4 / Retard composant pour bobinage mail JF,,2026-10-01T00:00:00Z,,,,,,,,,,,,,,,,,,,291,2026-08-31T20:56:39Z,2026-08-21T16:43:28Z,,,,,GEORGIA POWER,Soleil Anker,Soleil Anker
292,21832-11/11,11,11,No,,,No,No,No,No,No,No,No,,,Active,,,,Power / Ligne 1,,No,Plaspak,No,No,No,100-104,,N,,,,,,,,,Completed,2026-10-08T00:00:00Z,,,,,Completed,,2026-10-08T04:00:00Z,,,,2026-10-30T00:00:00Z,,,,,,,,,,,,,,,,,,,292,2026-08-31T21:03:18Z,2026-08-21T16:43:30Z,,,,,HYDRO QUEBEC,Soleil Anker,Soleil Anker
293,21913-2/7,2,7,No,,,No,No,No,No,No,No,No,,,Active,,,Entrepôt SN,Power,,No,Plaspak,No,No,No,105-108,,,,,,,,,,,Completed,2026-10-08T00:00:00Z,,,,,Completed,,2026-06-15T04:00:00Z,,À expédier en Q4 / Retard composant pour bobinage mail JF,,2026-10-01T00:00:00Z,,,,,,,,,,,,,,,,,,,293,2026-08-31T20:56:37Z,2026-08-21T16:43:33Z,,,,,GEORGIA POWER,Soleil Anker,Soleil Anker
294,21916-1/1,1,1,No,,,No,No,No,No,No,No,No,,,Active,,,Entrepôt SN,Power / Ligne 1,,No,Plaspak,No,No,No,100-104,,,,,,,,,,,Completed,2026-10-08T00:00:00Z,,,,,Completed,,2026-07-15T04:00:00Z,,Vu avec Marc-André et Pierre L. pour mettre tanking en juillet / repoussé pour aider metelec,,2026-12-26T00:00:00Z,,,,,,,,,,,,,,,,,,,294,2026-08-31T20:56:17Z,2026-08-21T16:43:35Z,,,,,XCEL ENERGY NORTHERN,Soleil Anker,Soleil Anker
295,22056-4/6,4,6,No,22056,,No,No,No,No,No,No,No,,,Active,,,,Power,,No,,No,No,No,100-104,,,,,,,,,,,Completed,2026-10-08T00:00:00Z,Pending,,,,,,2026-09-28T04:00:00Z,,Repoussé car rad trop serré ,,,,,,,,,,,OTHY,M-OTHY-0004,MR-OTHY-0004-V1,,,,,,,,295,2026-09-01T02:09:51Z,2026-08-21T16:43:39Z,,,,,OTTAWA HYDRO,Soleil Anker,Soleil Anker
296,22069-2/10,2,10,No,,,No,No,No,No,No,No,No,,,Active,,,,Power,,No,,No,No,No,100-104,,,,,,,,,,,Completed,2026-10-08T00:00:00Z,,,,,,,2026-10-08T04:00:00Z,2026-11-26T05:00:00Z,,,,,,,,,,,,,,,,,,,,,,296,2026-08-31T20:41:08Z,2026-08-21T16:43:40Z,,,,,HYDRO QUEBEC,Soleil Anker,Soleil Anker
297,22069-3/10,3,10,No,,,No,No,No,No,No,No,No,,,Active,,,,Power,,No,,No,No,No,100-104,,,,,,,,,,,Completed,2026-10-08T00:00:00Z,,,,,,,2026-10-08T04:00:00Z,2026-11-26T05:00:00Z,,,,,,,,,,,,,,,,,,,,,,297,2026-08-31T20:41:07Z,2026-08-21T16:43:43Z,,,,,HYDRO QUEBEC,Soleil Anker,Soleil Anker
298,21833-6/6,6,6,No,,,No,No,No,No,No,No,No,,,Active,,,,Power / Ligne 1,,No,Plaspak,No,No,No,100-104,,N,,,,,,,,,Completed,2026-10-09T00:00:00Z,,,,,Completed,2025-11-11T00:00:00Z,2026-10-09T04:00:00Z,,,,2026-10-30T00:00:00Z,,,,,,,,,,,,,,,,,,,298,2026-08-31T21:02:45Z,2026-08-21T16:43:46Z,,,,,HYDRO QUEBEC,Soleil Anker,Soleil Anker
299,21873-4/8,4,8,No,,,No,No,No,No,No,No,No,,,Active,,,,Power,,No,,No,No,No,100-104,,,,,,,,,,,Completed,2026-10-09T00:00:00Z,,,,,Completed,,2026-10-09T04:00:00Z,2026-11-10T05:00:00Z,,,2026-11-10T00:00:00Z,,,,,,,,,,,,,,,,,,,299,2026-08-31T21:00:19Z,2026-08-21T16:43:47Z,,,,,HYDRO QUEBEC,Soleil Anker,Soleil Anker
300,21873-5/8,5,8,No,,,No,No,No,No,No,No,No,,,Active,,,,Power,,No,,No,No,No,100-104,,,,,,,,,,,Completed,2026-10-09T00:00:00Z,,,,,Completed,,2026-10-09T04:00:00Z,2026-11-10T05:00:00Z,,,2026-11-10T00:00:00Z,,,,,,,,,,,,,,,,,,,300,2026-08-31T21:00:16Z,2026-08-21T16:43:50Z,,,,,HYDRO QUEBEC,Soleil Anker,Soleil Anker
301,21873-6/8,6,8,No,,,No,No,No,No,No,No,No,,,Active,,,,Power,,No,,No,No,No,100-104,,,,,,,,,,,Completed,2026-10-09T00:00:00Z,,,,,Completed,,2026-10-09T04:00:00Z,2026-11-10T05:00:00Z,,,2026-11-10T00:00:00Z,,,,,,,,,,,,,,,,,,,301,2026-08-31T21:00:13Z,2026-08-21T16:43:52Z,,,,,HYDRO QUEBEC,Soleil Anker,Soleil Anker
302,21880-1/1,1,1,No,,,No,No,No,No,No,No,No,,,Active,,,Entrepôt SN,Power / Ligne 1,,No,Plaspak,No,No,No,100-104,,,,,,,,,,,Completed,2026-11-03T00:00:00Z,,,,,,,2026-09-11T04:00:00Z,,Pb STC,,,,,,,,,,,,,,,,,,,,,302,2026-08-31T20:59:16Z,2026-08-21T16:43:55Z,,,,,MADISON GAS § ELECTRIC,Soleil Anker,Soleil Anker
303,22069-4/10,4,10,No,,,No,No,No,No,No,No,No,,,Active,,,,Power,,No,,No,No,No,100-104,,,,,,,,,,,Completed,2026-10-09T00:00:00Z,,,,,,,2026-10-09T04:00:00Z,2026-11-26T05:00:00Z,,,,,,,,,,,,,,,,,,,,,,303,2026-08-31T20:41:03Z,2026-08-21T16:43:58Z,,,,,HYDRO QUEBEC,Soleil Anker,Soleil Anker
304,21860-1/1,1,1,No,,,No,No,No,No,No,No,No,,,Active,,,Entrepôt SN,Power / Ligne 1,,No,Plaspak,No,No,No,105-108,,,,,,,,,,,Completed,2026-10-13T00:00:00Z,,,,,,,2026-09-11T04:00:00Z,,Pb STC,,,,,,,,,,,,,,,,,,,,,304,2026-08-31T21:00:29Z,2026-08-21T16:44:01Z,,,,,XCEL ENERGY NORTHERN,Soleil Anker,Soleil Anker
305,21873-7/8,7,8,No,,,No,No,No,No,No,No,No,,,Active,,,,Power,,No,,No,No,No,100-104,,,,,,,,,,,Completed,2026-10-13T00:00:00Z,,,,,Completed,,2026-10-13T04:00:00Z,2026-11-10T05:00:00Z,,,2026-11-10T00:00:00Z,,,,,,,,,,,,,,,,,,,305,2026-08-31T21:00:11Z,2026-08-21T16:44:04Z,,,,,HYDRO QUEBEC,Soleil Anker,Soleil Anker
306,21873-8/8,8,8,No,,,No,No,No,No,No,No,No,,,Active,,,,Power,,No,,No,No,No,100-104,,,,,,,,,,,Completed,2026-10-13T00:00:00Z,,,,,Completed,,2026-10-13T04:00:00Z,2026-11-10T05:00:00Z,,,2026-11-10T00:00:00Z,,,,,,,,,,,,,,,,,,,306,2026-08-31T21:00:09Z,2026-08-21T16:44:07Z,,,,,HYDRO QUEBEC,Soleil Anker,Soleil Anker
307,21988-1/1,1,1,No,,,No,No,No,No,No,No,No,,,Active,,,,Power / Ligne 1,,No,Plaspak,No,No,No,100-104,,,,,,,,,,,Completed,2026-10-13T00:00:00Z,,,,,,,2026-10-01T04:00:00Z,,À livrer en octobre OU avant,,,,,,,,,,,,,,,,,,,,,307,2026-08-31T20:49:35Z,2026-08-21T16:44:08Z,,,,,AUSTIN ENERGY,Soleil Anker,Soleil Anker
308,22056-5/6,5,6,No,,,No,No,No,No,No,No,No,,,Active,,,,Power,,No,,No,No,No,100-104,,,,,,,,,,,Completed,2026-10-13T00:00:00Z,,,,,,,2026-09-30T04:00:00Z,,Repoussé car rad trop serré ,,,,,,,,,,,,,,,,,,,,,308,2026-08-31T20:42:19Z,2026-08-21T16:44:11Z,,,,,OTTAWA HYDRO,Soleil Anker,Soleil Anker
309,22069-5/10,5,10,No,,,No,No,No,No,No,No,No,,,Active,,,,Power,,No,,No,No,No,100-104,,,,,,,,,,,Completed,2026-10-13T00:00:00Z,,,,,,,2026-10-13T04:00:00Z,2026-11-26T05:00:00Z,,,,,,,,,,,,,,,,,,,,,,309,2026-08-31T20:41:02Z,2026-08-21T16:44:13Z,,,,,HYDRO QUEBEC,Soleil Anker,Soleil Anker
310,21875-1/5,1,5,No,,,No,No,No,No,No,No,No,,,Active,,,,Power / Ligne 1,,No,Plaspak,No,No,No,100-104,,,,,,,,,,,Completed,2026-10-14T00:00:00Z,,,,,Completed,,2026-10-14T04:00:00Z,2026-11-10T05:00:00Z,,,2026-11-10T00:00:00Z,,,,,,,,,,,,,,,,,,,310,2026-08-31T20:59:54Z,2026-08-21T16:44:15Z,,,,,HYDRO QUEBEC,Soleil Anker,Soleil Anker
311,21875-2/5,2,5,No,,,No,No,No,No,No,No,No,,,Active,,,,Power / Ligne 1,,No,Plaspak,No,No,No,100-104,,,,,,,,,,,Completed,2026-10-14T00:00:00Z,,,,,Completed,,2026-10-14T04:00:00Z,2026-11-10T05:00:00Z,,,2026-11-10T00:00:00Z,,,,,,,,,,,,,,,,,,,311,2026-08-31T20:59:52Z,2026-08-21T16:44:18Z,,,,,HYDRO QUEBEC,Soleil Anker,Soleil Anker
312,21913-3/7,3,7,No,,,No,No,No,No,No,No,No,,,Active,,,Entrepôt SN,Power,,No,Plaspak,No,No,No,100-104,,,,,,,,,,,Completed,2026-10-14T00:00:00Z,,,,,Completed,,2026-06-18T04:00:00Z,,À expédier en Q4 / Retard composant pour bobinage mail JF,,2026-10-01T00:00:00Z,,,,,,,,,,,,,,,,,,,312,2026-08-31T20:56:34Z,2026-08-21T16:44:20Z,,,,,GEORGIA POWER,Soleil Anker,Soleil Anker
313,22056-6/6,6,6,No,,,No,No,No,No,No,No,No,,,Active,,,,Power,,No,,No,No,No,100-104,,,,,,,,,,,Completed,2026-10-14T00:00:00Z,,,,,,,2026-10-02T04:00:00Z,,Repoussé car rad trop serré ,,,,,,,,,,,,,,,,,,,,,313,2026-08-31T20:42:17Z,2026-08-21T16:44:23Z,,,,,OTTAWA HYDRO,Soleil Anker,Soleil Anker
314,22063-1/1,1,1,No,,,No,No,No,No,No,No,No,,,Active,,,,Power / Ligne 1,,No,,No,No,No,100-104,,,,,,,,,,,Completed,2026-10-14T00:00:00Z,,,,,,,2026-10-14T04:00:00Z,,,,,,,,,,,,,,,,,,,,,,,314,2026-08-31T20:41:37Z,2026-08-21T16:44:25Z,,,,,EL PASO ELECTRIC,Soleil Anker,Soleil Anker
315,22069-6/10,6,10,No,,,No,No,No,No,No,No,No,,,Active,,,,Power,,No,,No,No,No,100-104,,,,,,,,,,,Completed,2026-10-14T00:00:00Z,,,,,,,2026-10-14T04:00:00Z,2026-11-26T05:00:00Z,,,,,,,,,,,,,,,,,,,,,,315,2026-08-31T20:40:58Z,2026-08-21T16:44:27Z,,,,,HYDRO QUEBEC,Soleil Anker,Soleil Anker
316,22069-7/10,7,10,No,,,No,No,No,No,No,No,No,,,Active,,,,Power,,No,,No,No,No,100-104,,,,,,,,,,,Completed,2026-10-14T00:00:00Z,,,,,,,2026-10-14T04:00:00Z,2026-11-26T05:00:00Z,,,,,,,,,,,,,,,,,,,,,,316,2026-08-31T20:40:57Z,2026-08-21T16:44:30Z,,,,,HYDRO QUEBEC,Soleil Anker,Soleil Anker
317,21814-4/11,4,11,No,,,No,No,No,No,No,No,No,,,Active,,,Entrepôt SN,Zone B,,No,0,No,No,No,106,,N,,,,,,,,,Completed,2026-10-15T00:00:00Z,,,,,Completed,,2026-12-07T05:00:00Z,2026-12-20T05:00:00Z,Pierre L. exp 15 déc,,2026-12-15T00:00:00Z,,,,,,,,,,,,,,,,,,,317,2026-08-31T21:04:17Z,2026-08-21T16:44:32Z,,,,,HYDRO QUEBEC,Soleil Anker,Soleil Anker
318,21874-1/5,1,5,No,,,No,No,No,No,No,No,No,,,Active,,,,Power,,No,,No,No,No,100-104,,,,,,,,,,,Completed,2026-10-15T00:00:00Z,,,,,Completed,,2026-10-15T04:00:00Z,2026-11-10T05:00:00Z,,,2026-11-10T00:00:00Z,,,,,,,,,,,,,,,,,,,318,2026-08-31T21:00:06Z,2026-08-21T16:44:34Z,,,,,HYDRO QUEBEC,Soleil Anker,Soleil Anker
319,21874-2/5,2,5,No,,,No,No,No,No,No,No,No,,,Active,,,,Power,,No,,No,No,No,100-104,,,,,,,,,,,Completed,2026-10-15T00:00:00Z,,,,,Completed,,2026-10-15T04:00:00Z,2026-11-10T05:00:00Z,,,2026-11-10T00:00:00Z,,,,,,,,,,,,,,,,,,,319,2026-08-31T21:00:04Z,2026-08-21T16:44:36Z,,,,,HYDRO QUEBEC,Soleil Anker,Soleil Anker
320,21874-3/5,3,5,No,,,No,No,No,No,No,No,No,,,Active,,,,Power,,No,,No,No,No,100-104,,,,,,,,,,,Completed,2026-10-15T00:00:00Z,,,,,Completed,,2026-10-15T04:00:00Z,2026-11-10T05:00:00Z,,,2026-11-10T00:00:00Z,,,,,,,,,,,,,,,,,,,320,2026-08-31T21:00:01Z,2026-08-21T16:44:39Z,,,,,HYDRO QUEBEC,Soleil Anker,Soleil Anker
321,21911-1/7,1,7,No,,,No,No,No,No,No,No,No,,,Active,,,Entrepôt SN,Power / Ligne 1,,No,Plaspak,No,No,No,105-108,,,,,,,,,,,Completed,2026-10-15T00:00:00Z,,,,,Completed,,2026-06-25T04:00:00Z,,À expédier en Q4,,2026-10-30T00:00:00Z,,,,,,,,,,,,,,,,,,,321,2026-08-31T20:57:19Z,2026-08-21T16:44:42Z,,,,,GEORGIA POWER,Soleil Anker,Soleil Anker
322,21911-2/7,2,7,No,,,No,No,No,No,No,No,No,,,Active,,,Entrepôt SN,Power / Ligne 1,,No,Plaspak,No,No,No,105-108,,,,,,,,,,,Completed,2026-10-15T00:00:00Z,,,,,Completed,,2026-06-25T04:00:00Z,,À expédier en Q4,,2026-10-30T00:00:00Z,,,,,,,,,,,,,,,,,,,322,2026-08-21T16:44:43Z,2026-08-21T16:44:43Z,,,,,GEORGIA POWER,Soleil Anker,Soleil Anker
323,21913-4/7,4,7,No,,,No,No,No,No,No,No,No,,,Active,,,Entrepôt SN,Power,,No,Plaspak,No,No,No,105-108,,,,,,,,,,,Completed,2026-10-15T00:00:00Z,,,,,Completed,,2026-06-18T04:00:00Z,,À expédier en Q4 / Retard composant pour bobinage mail JF,,2026-10-01T00:00:00Z,,,,,,,,,,,,,,,,,,,323,2026-08-31T20:56:32Z,2026-08-21T16:44:46Z,,,,,GEORGIA POWER,Soleil Anker,Soleil Anker
324,22069-8/10,8,10,No,,,No,No,No,No,No,No,No,,,Active,,,,Power,,No,,No,No,No,100-104,,,,,,,,,,,Completed,2026-10-15T00:00:00Z,,,,,,,2026-10-15T04:00:00Z,2026-11-26T05:00:00Z,,,,,,,,,,,,,,,,,,,,,,324,2026-08-31T20:40:53Z,2026-08-21T16:44:48Z,,,,,HYDRO QUEBEC,Soleil Anker,Soleil Anker
325,21874-4/5,4,5,No,,,No,No,No,No,No,No,No,,,Active,,,,Power,,No,,No,No,No,100-104,,,,,,,,,,,Completed,2026-10-16T00:00:00Z,,,,,Completed,,2026-10-16T04:00:00Z,2026-11-10T05:00:00Z,,,2026-11-10T00:00:00Z,,,,,,,,,,,,,,,,,,,325,2026-08-31T20:59:59Z,2026-08-21T16:44:50Z,,,,,HYDRO QUEBEC,Soleil Anker,Soleil Anker
326,21874-5/5,5,5,No,,,No,No,No,No,No,No,No,,,Active,,,,Power,,No,,No,No,No,100-104,,,,,,,,,,,Completed,2026-10-16T00:00:00Z,,,,,Completed,,2026-10-16T04:00:00Z,2026-11-10T05:00:00Z,,,2026-11-10T00:00:00Z,,,,,,,,,,,,,,,,,,,326,2026-08-31T20:59:56Z,2026-08-21T16:44:53Z,,,,,HYDRO QUEBEC,Soleil Anker,Soleil Anker
327,21911-3/7,3,7,No,,,No,No,No,No,No,No,No,,,Active,,,Entrepôt SN,Power / Ligne 1,,No,Plaspak,No,No,No,105-108,,,,,,,,,,,Completed,2026-10-16T00:00:00Z,,,,,Completed,,2026-06-26T04:00:00Z,,À expédier en Q4,,2026-10-30T00:00:00Z,,,,,,,,,,,,,,,,,,,327,2026-08-31T20:57:17Z,2026-08-21T16:44:55Z,,,,,GEORGIA POWER,Soleil Anker,Soleil Anker
328,21911-4/7,4,7,No,,,No,No,No,No,No,No,No,,,Active,,,Entrepôt SN,Power / Ligne 1,,No,Plaspak,No,No,No,105-108,,,,,,,,,,,Completed,2026-10-16T00:00:00Z,,,,,Completed,,2026-06-26T04:00:00Z,,À expédier en Q4,,2026-10-30T00:00:00Z,,,,,,,,,,,,,,,,,,,328,2026-08-31T20:57:14Z,2026-08-21T16:44:57Z,,,,,GEORGIA POWER,Soleil Anker,Soleil Anker
329,21913-5/7,5,7,No,,,No,No,No,No,No,No,No,,,Active,,,Entrepôt SN,Power,,No,Plaspak,No,No,No,105-108,,,,,,,,,,,Completed,2026-10-16T00:00:00Z,,,,,Completed,,2026-06-22T04:00:00Z,,À expédier en Q4 / Retard composant pour bobinage mail JF,,2026-10-01T00:00:00Z,,,,,,,,,,,,,,,,,,,329,2026-08-31T20:56:29Z,2026-08-21T16:45:00Z,,,,,GEORGIA POWER,Soleil Anker,Soleil Anker
330,22057-1/9,1,9,No,,,No,No,No,No,No,No,No,,,Active,,,Entrepôt SN,Power,,No,,No,No,No,106-107,,,,,,,,,,,Completed,2026-10-16T00:00:00Z,,,,,,,2026-10-05T04:00:00Z,,Repoussé car rad trop serré ,,,,,,,,,,,,,,,,,,,,,330,2026-08-31T20:42:14Z,2026-08-21T16:45:02Z,,,,,OTTAWA HYDRO,Soleil Anker,Soleil Anker
331,22057-2/9,2,9,No,22057,,No,No,No,No,No,No,No,,,Active,,,Entrepôt SN,Power,,No,,No,No,No,106-107,,,,,,,,,,,Completed,2026-10-16T00:00:00Z,Pending,,,,,,2026-10-06T04:00:00Z,,Repoussé car rad trop serré ,,,,,,,,,,,OTHY,M-OTHY-0007,MR-OTHY-0007-V1,,,,,,,,331,2026-09-01T01:48:24Z,2026-08-21T16:45:05Z,,,,,OTTAWA HYDRO,Soleil Anker,Soleil Anker
332,22069-9/10,9,10,No,22069,,No,No,No,No,No,No,No,,,Active,,,,Power,,No,,No,No,No,100-104,,,,,,,,,,,Completed,2026-10-16T00:00:00Z,Pending,,,,,,2026-10-16T04:00:00Z,2026-11-26T05:00:00Z,,,,,,,,,,,,HYQU,M-HYQU-0009,M-HYQU-0009,,,,,,,,332,2026-09-01T03:50:54Z,2026-08-21T16:45:07Z,,,,,HYDRO QUEBEC,Soleil Anker,Soleil Anker
333,21875-3/5,3,5,No,,,No,No,No,No,No,No,No,,,Active,,,,Power / Ligne 1,,No,Plaspak,No,No,No,100-104,,,,,,,,,,,Completed,2026-10-19T00:00:00Z,,,,,Completed,,2026-10-19T04:00:00Z,2026-11-10T05:00:00Z,,,2026-11-10T00:00:00Z,,,,,,,,,,,,,,,,,,,333,2026-08-31T20:59:49Z,2026-08-21T16:45:09Z,,,,,HYDRO QUEBEC,Soleil Anker,Soleil Anker
334,21875-4/5,4,5,No,,,No,No,No,No,No,No,No,,,Active,,,,Power / Ligne 1,,No,Plaspak,No,No,No,100-104,,,,,,,,,,,Completed,2026-10-19T00:00:00Z,,,,,Completed,,2026-10-19T04:00:00Z,2026-11-10T05:00:00Z,,,2026-11-10T00:00:00Z,,,,,,,,,,,,,,,,,,,334,2026-08-31T20:59:47Z,2026-08-21T16:45:12Z,,,,,HYDRO QUEBEC,Soleil Anker,Soleil Anker
335,22057-3/9,3,9,No,,,No,No,No,No,No,No,No,,,Active,,,Entrepôt SN,Power,,No,,No,No,No,106-107,,,,,,,,,,,Completed,2026-10-19T00:00:00Z,,,,,,,2026-10-08T04:00:00Z,,Repoussé car rad trop serré ,,,,,,,,,,,,,,,,,,,,,335,2026-08-31T20:42:09Z,2026-08-21T16:45:14Z,,,,,OTTAWA HYDRO,Soleil Anker,Soleil Anker
336,22069-10/10,10,10,No,,,No,No,No,No,No,No,No,,,Active,,,,Power,,No,,No,No,No,100-104,,,,,,,,,,,Completed,2026-10-19T00:00:00Z,,,,,,,2026-10-19T04:00:00Z,,,,,,,,,,,,,,,,,,,,,,,336,2026-08-31T20:41:12Z,2026-08-21T16:45:16Z,,,,,HYDRO QUEBEC,Soleil Anker,Soleil Anker
337,22070-1/8,1,8,No,,,No,No,No,No,No,No,No,,,Active,,,,Power / Ligne 1,,No,Plaspak,No,No,No,100-104,,,,,,,,,,,Completed,2026-10-19T00:00:00Z,,,,,,,2026-10-19T04:00:00Z,,,,,,,,,,,,,,,,,,,,,,,337,2026-08-31T20:40:49Z,2026-08-21T16:45:19Z,,,,,HYDRO QUEBEC,Soleil Anker,Soleil Anker
338,22070-2/8,2,8,No,,,No,No,No,No,No,No,No,,,Active,,,,Power / Ligne 1,,No,Plaspak,No,No,No,100-104,,,,,,,,,,,Completed,2026-10-19T00:00:00Z,,,,,,,2026-10-19T04:00:00Z,,,,,,,,,,,,,,,,,,,,,,,338,2026-08-31T20:40:46Z,2026-08-21T16:45:21Z,,,,,HYDRO QUEBEC,Soleil Anker,Soleil Anker
339,21875-5/5,5,5,No,,,No,No,No,No,No,No,No,,,Active,,,,Power / Ligne 1,,No,Plaspak,No,No,No,100-104,,,,,,,,,,,Completed,2026-10-20T00:00:00Z,,,,,Completed,,2026-10-20T04:00:00Z,2026-11-10T05:00:00Z,,,2026-11-10T00:00:00Z,,,,,,,,,,,,,,,,,,,339,2026-08-31T20:59:44Z,2026-08-21T16:45:23Z,,,,,HYDRO QUEBEC,Soleil Anker,Soleil Anker
340,21876-1/5,1,5,No,,,No,No,No,No,No,No,No,,,Active,,,,Power / Ligne 1,,No,,No,No,No,100-104,,,,,,,,,,,Completed,2026-10-20T00:00:00Z,,,,,Completed,,2026-10-20T04:00:00Z,2026-11-26T05:00:00Z,,,2026-11-26T00:00:00Z,,,,,,,,,,,,,,,,,,,340,2026-08-31T20:59:42Z,2026-08-21T16:45:26Z,,,,,HYDRO QUEBEC,Soleil Anker,Soleil Anker
341,21911-5/7,5,7,No,,,No,No,No,No,No,No,No,,,Active,,,,Power / Ligne 1,,No,Plaspak,No,No,No,105-108,,,,,,,,,,,Completed,2026-10-20T00:00:00Z,,,,,Completed,,2026-06-30T04:00:00Z,,À expédier en Q4,,2026-10-30T00:00:00Z,,,,,,,,,,,,,,,,,,,341,2026-08-31T20:57:13Z,2026-08-21T16:45:28Z,,,,,GEORGIA POWER,Soleil Anker,Soleil Anker
342,21913-6/7,6,7,No,,,No,No,No,No,No,No,No,,,Active,,,Entrepôt SN,Power,,No,Plaspak,No,No,No,105-108,,,,,,,,,,,Completed,2026-10-20T00:00:00Z,,,,,Completed,,2026-06-22T04:00:00Z,,À expédier en Q4 / Retard composant pour bobinage mail JF,,2026-10-01T00:00:00Z,,,,,,,,,,,,,,,,,,,342,2026-08-31T20:56:27Z,2026-08-21T16:45:30Z,,,,,GEORGIA POWER,Soleil Anker,Soleil Anker
343,22057-4/9,4,9,No,,,No,No,No,No,No,No,No,,,Active,,,Entrepôt SN,Power,,No,,No,No,No,106-107,,,,,,,,,,,Completed,2026-10-20T00:00:00Z,,,,,,,2026-10-13T04:00:00Z,,Repoussé car rad trop serré ,,,,,,,,,,,,,,,,,,,,,343,2026-08-31T20:42:07Z,2026-08-21T16:45:34Z,,,,,OTTAWA HYDRO,Soleil Anker,Soleil Anker
344,22057-5/9,5,9,No,22057,,No,No,No,No,No,No,No,,,Active,,,Entrepôt SN,Power,,No,,No,No,No,106-107,,,,,,,,,,,Completed,2026-10-20T00:00:00Z,Pending,,,,,,2026-10-14T04:00:00Z,,Repoussé car rad trop serré ,,,,,,,,,,,OTHY,M-OTHY-0007,MR-OTHY-0007-V1,,,,,,,,344,2026-09-01T04:18:02Z,2026-08-21T16:45:38Z,,,,,OTTAWA HYDRO,Soleil Anker,Soleil Anker
345,22064-1/2,1,2,No,,,No,No,No,No,No,No,No,,,Active,,,,Power / Ligne 1,,No,,No,No,No,100-104,,,,,,,,,,,Completed,2026-10-20T00:00:00Z,,,,,,,2026-10-20T04:00:00Z,,,,,,,,,,,,,,,,,,,,,,,345,2026-08-31T20:41:34Z,2026-08-21T16:45:44Z,,,,,EL PASO ELECTRIC,Soleil Anker,Soleil Anker
346,21539-1/2,1,2,No,,,No,No,No,No,No,No,No,,,Active,,,,Zone B,,No,0,No,No,No,106-107,,,,,,,,,,,Completed,2026-10-21T00:00:00Z,,,,,,2026-10-21T00:00:00Z,2026-11-04T05:00:00Z,2027-02-25T05:00:00Z,Attente retour client / Devancer avec Emerick / Manque item 460-600F  ITI contrôle transfo on peut tanker quand même,,,,,,,,,,,,,,,,,,,,,346,2026-08-31T21:07:35Z,2026-08-21T16:45:47Z,,,,,HYDRO QUEBEC,Soleil Anker,Soleil Anker
347,21918-1/1,1,1,No,,,No,No,No,No,No,No,No,,,Active,,,,Power,,No,,No,No,No,105-108,,,,,,,,,,,Completed,2026-10-21T00:00:00Z,,,,,Completed,,2026-10-21T04:00:00Z,2026-11-30T05:00:00Z,,,2026-11-30T00:00:00Z,,,,,,,,,,,,,,,,,,,347,2026-08-31T20:56:12Z,2026-08-21T16:45:52Z,,,,,POWER SYSTEM SOLUTIONS,Soleil Anker,Soleil Anker
348,21963-1/2,1,2,No,,,No,No,No,No,No,No,No,,,Active,,,,Power,,No,Plaspak,No,No,No,105-108,,,,,,,,,,,Completed,2026-10-21T00:00:00Z,,,,,,,2026-09-21T04:00:00Z,,Pb STC,,,,,,,,,,,,,,,,,,,,,348,2026-08-31T20:52:38Z,2026-08-21T16:45:54Z,,,,,ALABAMA POWER,Soleil Anker,Soleil Anker
349,22057-6/9,6,9,No,22057,,No,No,No,No,No,No,No,,,Active,,,Entrepôt SN,Power,,No,,No,No,No,106-107,,,,,,,,,,,Completed,2026-10-21T00:00:00Z,Pending,,,,,,2026-10-16T04:00:00Z,,Repoussé car rad trop serré ,,,,,,,,,,,OTHY,M-OTHY-0007,MR-OTHY-0007-V1,,,,,,,,349,2026-09-01T02:48:51Z,2026-08-21T16:45:57Z,,,,,OTTAWA HYDRO,Soleil Anker,Soleil Anker
350,22057-7/9,7,9,No,,,No,No,No,No,No,No,No,,,Active,,,,Power,,No,,No,No,No,106-107,,,,,,,,,,,Completed,2026-10-21T00:00:00Z,,,,,,,2026-10-20T04:00:00Z,,Repoussé car rad trop serré ,,,,,,,,,,,,,,,,,,,,,350,2026-08-31T20:41:59Z,2026-08-21T16:45:59Z,,,,,OTTAWA HYDRO,Soleil Anker,Soleil Anker
351,22070-3/8,3,8,No,,,No,No,No,No,No,No,No,,,Active,,,,Power / Ligne 1,,No,Plaspak,No,No,No,100-104,,,,,,,,,,,Completed,2026-10-21T00:00:00Z,,,,,,,2026-10-21T04:00:00Z,,,,,,,,,,,,,,,,,,,,,,,351,2026-08-31T20:40:44Z,2026-08-21T16:46:01Z,,,,,HYDRO QUEBEC,Soleil Anker,Soleil Anker
352,22070-4/8,4,8,No,,,No,No,No,No,No,No,No,,,Active,,,,Power / Ligne 1,,No,Plaspak,No,No,No,100-104,,,,,,,,,,,Completed,2026-10-21T00:00:00Z,,,,,,,2026-10-21T04:00:00Z,,,,,,,,,,,,,,,,,,,,,,,352,2026-08-31T20:40:41Z,2026-08-21T16:46:04Z,,,,,HYDRO QUEBEC,Soleil Anker,Soleil Anker
353,21876-2/5,2,5,No,,,No,No,No,No,No,No,No,,,Active,,,,Power / Ligne 1,,No,,No,No,No,100-104,,,,,,,,,,,Completed,2026-10-22T00:00:00Z,,,,,Completed,,2026-10-22T04:00:00Z,2026-11-26T05:00:00Z,,,2026-11-26T00:00:00Z,,,,,,,,,,,,,,,,,,,353,2026-08-31T20:59:40Z,2026-08-21T16:46:07Z,,,,,HYDRO QUEBEC,Soleil Anker,Soleil Anker
354,21876-3/5,3,5,No,,,No,No,No,No,No,No,No,,,Active,,,,Power / Ligne 1,,No,,No,No,No,100-104,,,,,,,,,,,Completed,2026-10-22T00:00:00Z,,,,,Completed,,2026-10-22T04:00:00Z,2026-11-26T05:00:00Z,,,2026-11-26T00:00:00Z,,,,,,,,,,,,,,,,,,,354,2026-08-31T20:59:37Z,2026-08-21T16:46:08Z,,,,,HYDRO QUEBEC,Soleil Anker,Soleil Anker
355,21911-6/7,6,7,No,,,No,No,No,No,No,No,No,,,Active,,,,Power / Ligne 1,,No,Plaspak,No,No,No,105-108,,,,,,,,,,,Completed,2026-10-22T00:00:00Z,,,,,Completed,,2026-07-01T04:00:00Z,,À expédier en Q4 / Acier spécial du P21911-A,,2026-10-30T00:00:00Z,,,,,,,,,,,,,,,,,,,355,2026-08-31T20:57:09Z,2026-08-21T16:46:11Z,,,,,GEORGIA POWER,Soleil Anker,Soleil Anker
356,21913-7/7,7,7,No,,,No,No,No,No,No,No,No,,,Active,,,Entrepôt SN,Power,,No,Plaspak,No,No,No,105-108,,,,,,,,,,,Completed,2026-10-22T00:00:00Z,,,,,Completed,,2026-06-23T04:00:00Z,,À expédier en Q4 / Retard composant pour bobinage mail JF,,2026-10-01T00:00:00Z,,,,,,,,,,,,,,,,,,,356,2026-08-31T20:56:24Z,2026-08-21T16:46:14Z,,,,,GEORGIA POWER,Soleil Anker,Soleil Anker
357,22057-8/9,8,9,No,,,No,No,No,No,No,No,No,,,Active,,,,Power,,No,,No,No,No,106-107,,,,,,,,,,,Completed,2026-10-22T00:00:00Z,,,,,,,2026-10-21T04:00:00Z,,Repoussé car rad trop serré ,,,,,,,,,,,,,,,,,,,,,357,2026-08-31T20:41:56Z,2026-08-21T16:46:15Z,,,,,OTTAWA HYDRO,Soleil Anker,Soleil Anker
358,22070-5/8,5,8,No,,,No,No,No,No,No,No,No,,,Active,,,,Power / Ligne 1,,No,Plaspak,No,No,No,100-104,,,,,,,,,,,Completed,2026-10-22T00:00:00Z,,,,,,,2026-10-22T04:00:00Z,,,,,,,,,,,,,,,,,,,,,,,358,2026-08-31T20:40:40Z,2026-08-21T16:46:18Z,,,,,HYDRO QUEBEC,Soleil Anker,Soleil Anker
359,22070-6/8,6,8,No,,,No,No,No,No,No,No,No,,,Active,,,,Power / Ligne 1,,No,,No,No,No,100-104,,,,,,,,,,,Completed,2026-10-22T00:00:00Z,,,,,,,2026-10-22T04:00:00Z,,,,,,,,,,,,,,,,,,,,,,,359,2026-08-31T20:40:33Z,2026-08-21T16:46:20Z,,,,,HYDRO QUEBEC,Soleil Anker,Soleil Anker
360,P21911_A-1/1,1,1,No,P21911_A,,No,No,No,No,No,No,No,,,Active,,,Entrepôt SN,Power / Ligne 1,,No,,No,No,No,105-108,,,,,,,,,,,Completed,2026-10-22T00:00:00Z,Pending,,,,,,2026-09-29T04:00:00Z,,Acier pour 21991-6,,,,,,,,,,,PITR,M-GEPO-0013,MR-GEPO-0013-V1,,,,,,,,360,2026-08-31T20:29:03Z,2026-08-21T16:46:22Z,,,,,PIONEER TRANSFORMERS,Soleil Anker,Soleil Anker
361,21911-7/7,7,7,No,,,No,No,No,No,No,No,No,,,Active,,,,Power / Ligne 1,,No,Plaspak,No,No,No,105-108,,,,,,,,,,,Completed,2026-10-23T00:00:00Z,,,,,Completed,,2026-07-02T04:00:00Z,,À expédier en Q4 / Acier spécial du P21911-B,,2026-10-30T00:00:00Z,,,,,,,,,,,,,,,,,,,361,2026-08-31T20:57:07Z,2026-08-21T16:46:25Z,,,,,GEORGIA POWER,Soleil Anker,Soleil Anker
362,21963-2/2,2,2,No,,,No,No,No,No,No,No,No,,,Active,,,,Power,,No,Plaspak,No,No,No,105-108,,,,,,,,,,,Completed,2026-10-23T00:00:00Z,,,,,,,2026-09-22T04:00:00Z,,Pb STC,,,,,,,,,,,,,,,,,,,,,362,2026-08-31T20:52:35Z,2026-08-21T16:46:27Z,,,,,ALABAMA POWER,Soleil Anker,Soleil Anker
363,21964-1/3,1,3,No,,,No,No,No,No,No,No,No,,,Active,,,,Power,,No,Plaspak,No,No,No,100-104,,,,,,,,,,,Completed,2026-10-23T00:00:00Z,,,,,,,2026-09-24T04:00:00Z,,Pb STC,,,,,,,,,,,,,,,,,,,,,363,2026-08-31T20:52:33Z,2026-08-21T16:46:31Z,,,,,ALABAMA POWER,Soleil Anker,Soleil Anker
364,22057-9/9,9,9,No,,,No,No,No,No,No,No,No,,,Active,,,,Power,,No,,No,No,No,106-107,,,,,,,,,,,Completed,2026-10-23T00:00:00Z,,,,,,,2026-10-23T04:00:00Z,,Repoussé car rad trop serré ,,,,,,,,,,,,,,,,,,,,,364,2026-08-31T20:41:53Z,2026-08-21T16:46:32Z,,,,,OTTAWA HYDRO,Soleil Anker,Soleil Anker
365,22070-7/8,7,8,No,,,No,No,No,No,No,No,No,,,Active,,,,Power / Ligne 1,,No,,No,No,No,100-104,,,,,,,,,,,Completed,2026-10-23T00:00:00Z,,,,,,,2026-10-23T04:00:00Z,,,,,,,,,,,,,,,,,,,,,,,365,2026-08-31T20:40:31Z,2026-08-21T16:46:35Z,,,,,HYDRO QUEBEC,Soleil Anker,Soleil Anker
366,22070-8/8,8,8,No,,,No,No,No,No,No,No,No,,,Active,,,,Power / Ligne 1,,No,,No,No,No,100-104,,,,,,,,,,,Completed,2026-10-23T00:00:00Z,,,,,,,2026-10-23T04:00:00Z,,,,,,,,,,,,,,,,,,,,,,,366,2026-08-31T20:40:28Z,2026-08-21T16:46:37Z,,,,,HYDRO QUEBEC,Soleil Anker,Soleil Anker
367,22071-1/8,1,8,No,,,No,No,No,No,No,No,No,,,Active,,,,Power,,No,,No,No,No,100-104,,,,,,,,,,,Completed,2026-10-23T00:00:00Z,,,,,,,2026-10-23T04:00:00Z,,,,,,,,,,,,,,,,,,,,,,,367,2026-08-31T20:40:26Z,2026-08-21T16:46:39Z,,,,,HYDRO QUEBEC,Soleil Anker,Soleil Anker
368,P21911_B-1/1,1,1,No,P21911_B,,No,No,No,No,No,No,No,,,Active,,,,,,No,,No,No,No,,,,,,,,,,,,Completed,2026-10-23T00:00:00Z,Pending,,,,,,,,Acier pour 21991-7,,,,,,,,,,,PITR,M-HYQU-0004,MR-HYQU-0004-V1,,,,,,,,368,2026-08-31T20:29:02Z,2026-08-21T16:46:43Z,,,,,PIONEER TRANSFORMERS,Soleil Anker,Soleil Anker
369,21876-4/5,4,5,No,,,No,No,No,No,No,No,No,,,Active,,,,Power / Ligne 1,,No,,No,No,No,100-104,,,,,,,,,,,Completed,2026-10-26T00:00:00Z,,,,,Completed,,2026-10-26T04:00:00Z,2026-11-26T05:00:00Z,,,2026-11-26T00:00:00Z,,,,,,,,,,,,,,,,,,,369,2026-08-31T20:59:35Z,2026-08-21T16:46:44Z,,,,,HYDRO QUEBEC,Soleil Anker,Soleil Anker
370,21876-5/5,5,5,No,,,No,No,No,No,No,No,No,,,Active,,,,Power / Ligne 1,,No,,No,No,No,100-104,,,,,,,,,,,Completed,2026-10-26T00:00:00Z,,,,,Completed,,2026-10-26T04:00:00Z,2026-11-26T05:00:00Z,,,2026-11-26T00:00:00Z,,,,,,,,,,,,,,,,,,,370,2026-08-31T20:59:32Z,2026-08-21T16:46:47Z,,,,,HYDRO QUEBEC,Soleil Anker,Soleil Anker
371,21915-1/2,1,2,No,,,No,No,No,No,No,No,No,,,Active,,,Entrepôt SN,Power / Ligne 1,,No,Plaspak,No,No,No,100-104,,,,,,,,,,,Completed,2026-10-26T00:00:00Z,,,,,Completed,,2026-07-13T04:00:00Z,,Vu avec Marc-André et Pierre L. pour mettre tanking en juillet / repoussé pour aider metelec,,2026-12-26T00:00:00Z,,,,,,,,,,,,,,,,,,,371,2026-08-31T20:56:23Z,2026-08-21T16:46:50Z,,,,,XCEL ENERGY NORTHERN,Soleil Anker,Soleil Anker
372,21964-2/3,2,3,No,,,No,No,No,No,No,No,No,,,Active,,,,Power,,No,Plaspak,No,No,No,100-104,,,,,,,,,,,Completed,2026-10-26T00:00:00Z,,,,,,,2026-09-28T04:00:00Z,,Pb STC,,,,,,,,,,,,,,,,,,,,,372,2026-08-31T20:52:30Z,2026-08-21T16:46:51Z,,,,,ALABAMA POWER,Soleil Anker,Soleil Anker
373,21964-3/3,3,3,No,,,No,No,No,No,No,No,No,,,Active,,,,Power,,No,Plaspak,No,No,No,100-104,,,,,,,,,,,Completed,2026-10-26T00:00:00Z,,,,,,,2026-09-30T04:00:00Z,,Pb STC,,,,,,,,,,,,,,,,,,,,,373,2026-08-31T20:52:28Z,2026-08-21T16:46:54Z,,,,,ALABAMA POWER,Soleil Anker,Soleil Anker
374,22078-1/1,1,1,No,,,No,No,No,No,No,No,No,,,Active,,,,Power,,No,,No,No,No,100-104,,,,,,,,,,,Completed,2026-10-26T00:00:00Z,,,,,,,2026-10-26T04:00:00Z,,,,,,,,,,,,,,,,,,,,,,,374,2026-08-31T20:38:45Z,2026-08-21T16:46:56Z,,,,,TORONTO HYDRO,Soleil Anker,Soleil Anker
375,21814-5/11,5,11,No,,,No,No,No,No,No,No,No,,,Active,,,Entrepôt SN,Zone B,,No,0,No,No,No,106,,N,,,,,,,,,Completed,2026-10-27T00:00:00Z,,,,,Completed,,2026-12-08T05:00:00Z,2026-12-20T05:00:00Z,Pierre L. exp 15 déc,,2026-12-15T00:00:00Z,,,,,,,,,,,,,,,,,,,375,2026-08-31T21:04:14Z,2026-08-21T16:46:58Z,,,,,HYDRO QUEBEC,Soleil Anker,Soleil Anker
376,21849-1/2,1,2,No,,,No,No,No,No,No,No,No,,,Active,,,,Power / Ligne 1,,No,,No,No,No,100-104,,,,,,,,,,,Completed,2026-10-27T00:00:00Z,,,,,Completed,,2026-10-06T04:00:00Z,2026-11-10T05:00:00Z,,,2026-11-29T00:00:00Z,,,,,,,,,,,,,,,,,,,376,2026-08-31T21:00:57Z,2026-08-21T16:47:00Z,,,,,MADISON GAS § ELECTRIC,Soleil Anker,Soleil Anker
377,21908-1/6,1,6,No,,,No,No,No,No,No,No,No,,,Active,,,Entrepôt SN,Power / Ligne 1,,No,Plaspak,No,No,No,105-108,,,,,,,,,,,Completed,2026-10-27T00:00:00Z,,,,,,,2026-07-06T04:00:00Z,,À expédier en Q4 / Rads arrivent début août / Pb STC,,,,,,,,,,,,,,,,,,,,,377,2026-08-31T20:57:47Z,2026-08-21T16:47:04Z,,,,,GEORGIA POWER,Soleil Anker,Soleil Anker
378,22064-2/2,2,2,No,,,No,No,No,No,No,No,No,,,Active,,,,Power / Ligne 1,,No,,No,No,No,100-104,,,,,,,,,,,Completed,2026-10-27T00:00:00Z,,,,,,,2026-10-27T04:00:00Z,,,,,,,,,,,,,,,,,,,,,,,378,2026-08-31T20:41:32Z,2026-08-21T16:47:06Z,,,,,EL PASO ELECTRIC,Soleil Anker,Soleil Anker
379,22071-2/8,2,8,No,,,No,No,No,No,No,No,No,,,Active,,,,Power,,No,,No,No,No,100-104,,,,,,,,,,,Completed,2026-10-27T00:00:00Z,,,,,,,2026-10-27T04:00:00Z,,,,,,,,,,,,,,,,,,,,,,,379,2026-08-31T20:40:24Z,2026-08-21T16:47:08Z,,,,,HYDRO QUEBEC,Soleil Anker,Soleil Anker
380,22071-3/8,3,8,No,,,No,No,No,No,No,No,No,,,Active,,,,Power,,No,,No,No,No,100-104,,,,,,,,,,,Completed,2026-10-27T00:00:00Z,,,,,,,2026-10-27T04:00:00Z,,,,,,,,,,,,,,,,,,,,,,,380,2026-08-31T20:40:21Z,2026-08-21T16:47:10Z,,,,,HYDRO QUEBEC,Soleil Anker,Soleil Anker
381,22071-4/8,4,8,No,,,No,No,No,No,No,No,No,,,Active,,,,Power,,No,,No,No,No,100-104,,,,,,,,,,,Completed,2026-10-27T00:00:00Z,,,,,,,2026-10-27T04:00:00Z,,,,,,,,,,,,,,,,,,,,,,,381,2026-08-31T20:40:17Z,2026-08-21T16:47:13Z,,,,,HYDRO QUEBEC,Soleil Anker,Soleil Anker
382,21842-1/5,1,5,No,,,No,No,No,No,No,No,No,,Bobinage,Active,,TE-Ao-27,Entrepôt SN,Power,,No,Plaspak,No,Yes,No,105-108,105,N,Completed,2026-08-21T00:00:00Z,,,,,,,Completed,2026-10-28T00:00:00Z,,,,,,,2026-08-31T04:00:00Z,,Pb STC,,,,,,,,,,,,,,,,,,,,,382,2026-08-31T21:01:27Z,2026-08-21T16:47:15Z,,,,,GEORGIA POWER,Soleil Anker,Soleil Anker
383,21877-1/5,1,5,No,,,No,No,No,No,No,No,No,,,Active,,,,Power / Ligne 1,,No,Plaspak,No,No,No,100-104,,,,,,,,,,,Completed,2026-10-28T00:00:00Z,,,,,Completed,,2026-10-28T04:00:00Z,2026-11-26T05:00:00Z,,,2026-11-26T00:00:00Z,,,,,,,,,,,,,,,,,,,383,2026-08-31T20:59:30Z,2026-08-21T16:47:17Z,,,,,HYDRO QUEBEC,Soleil Anker,Soleil Anker
384,21877-2/5,2,5,No,,,No,No,No,No,No,No,No,,,Active,,,,Power / Ligne 1,,No,Plaspak,No,No,No,100-104,,,,,,,,,,,Completed,2026-10-28T00:00:00Z,,,,,Completed,,2026-10-28T04:00:00Z,2026-11-26T05:00:00Z,,,2026-11-26T00:00:00Z,,,,,,,,,,,,,,,,,,,384,2026-08-31T20:59:28Z,2026-08-21T16:47:20Z,,,,,HYDRO QUEBEC,Soleil Anker,Soleil Anker
385,21908-2/6,2,6,No,,,No,No,No,No,No,No,No,,,Active,,,Entrepôt SN,Power / Ligne 1,,No,Plaspak,No,No,No,105-108,,,,,,,,,,,Completed,2026-10-28T00:00:00Z,,,,,,,2026-07-06T04:00:00Z,,À expédier en Q4 / Rads arrivent début août / Pb STC,,,,,,,,,,,,,,,,,,,,,385,2026-08-31T20:57:45Z,2026-08-21T16:47:22Z,,,,,GEORGIA POWER,Soleil Anker,Soleil Anker
386,21909-1/2,1,2,No,,,No,No,No,No,No,No,No,,,Active,,,Entrepôt SN,Power,,No,,No,No,No,105-108,,,,,,,,,,,Completed,2026-10-28T00:00:00Z,,,,,Completed,,2026-07-14T04:00:00Z,,À expédier en Q4,,2026-10-01T00:00:00Z,,,,,,,,,,,,,,,,,,,386,2026-08-31T20:57:33Z,2026-08-21T16:47:25Z,,,,,GEORGIA POWER,Soleil Anker,Soleil Anker
387,21915-2/2,2,2,No,,,No,No,No,No,No,No,No,,,Active,,,Entrepôt SN,Power / Ligne 1,,No,Plaspak,No,No,No,100-104,,,,,,,,,,,Completed,2026-10-28T00:00:00Z,,,,,Completed,,2026-07-15T04:00:00Z,,Vu avec Marc-André et Pierre L. pour mettre tanking en juillet / repoussé pour aider metelec,,2026-12-26T00:00:00Z,,,,,,,,,,,,,,,,,,,387,2026-08-31T20:56:20Z,2026-08-21T16:47:27Z,,,,,XCEL ENERGY NORTHERN,Soleil Anker,Soleil Anker
388,21814-6/11,6,11,No,,,No,No,No,No,No,No,No,,,Active,,,Entrepôt SN,Zone B,,No,0,No,No,No,106,,N,,,,,,,,,Completed,2026-10-29T00:00:00Z,,,,,Completed,,2026-12-10T05:00:00Z,2026-12-20T05:00:00Z,Pierre L. exp 15 déc,,2026-12-15T00:00:00Z,,,,,,,,,,,,,,,,,,,388,2026-08-31T21:04:11Z,2026-08-21T16:47:29Z,,,,,HYDRO QUEBEC,Soleil Anker,Soleil Anker
389,21842-2/5,2,5,No,,,No,No,No,No,No,No,No,,Bobinage,Active,,TE-Ao-27,Entrepôt SN,Power,,No,Plaspak,No,Yes,No,105-108,105,N,Completed,2026-08-25T00:00:00Z,,,,,,,Completed,2026-10-29T00:00:00Z,,,,,,,2026-09-01T04:00:00Z,,Pb STC,,,,,,,,,,,,,,,,,,,,,389,2026-08-31T21:01:25Z,2026-08-21T16:47:31Z,,,,,GEORGIA POWER,Soleil Anker,Soleil Anker
390,21849-2/2,2,2,No,,,No,No,No,No,No,No,No,,,Active,,,,Power / Ligne 1,,No,,No,No,No,100-104,,,,,,,,,,,Completed,2026-10-29T00:00:00Z,,,,,Completed,,2026-10-06T04:00:00Z,2026-11-10T05:00:00Z,,,2026-11-29T00:00:00Z,,,,,,,,,,,,,,,,,,,390,2026-08-31T21:00:54Z,2026-08-21T16:47:33Z,,,,,MADISON GAS § ELECTRIC,Soleil Anker,Soleil Anker
391,21908-3/6,3,6,No,,,No,No,No,No,No,No,No,,,Active,,,Entrepôt SN,Power / Ligne 1,,No,Plaspak,No,No,No,105-108,,,,,,,,,,,Completed,2026-10-29T00:00:00Z,,,,,,,2026-07-07T04:00:00Z,,À expédier en Q4 / Rads arrivent début août / Pb STC,,,,,,,,,,,,,,,,,,,,,391,2026-08-31T20:57:42Z,2026-08-21T16:47:36Z,,,,,GEORGIA POWER,Soleil Anker,Soleil Anker
392,22071-5/8,5,8,No,,,No,No,No,No,No,No,No,,,Active,,,,Power,,No,,No,No,No,100-104,,,,,,,,,,,Completed,2026-10-29T00:00:00Z,,,,,,,2026-10-29T04:00:00Z,,,,,,,,,,,,,,,,,,,,,,,392,2026-08-31T20:40:16Z,2026-08-21T16:47:38Z,,,,,HYDRO QUEBEC,Soleil Anker,Soleil Anker
393,22071-6/8,6,8,No,,,No,No,No,No,No,No,No,,,Active,,,,Power,,No,,No,No,No,100-104,,,,,,,,,,,Completed,2026-10-29T00:00:00Z,,,,,,,2026-10-29T04:00:00Z,,,,,,,,,,,,,,,,,,,,,,,393,2026-08-31T20:40:13Z,2026-08-21T16:47:40Z,,,,,HYDRO QUEBEC,Soleil Anker,Soleil Anker
394,21842-3/5,3,5,No,,,No,No,No,No,No,No,No,,,Active,,,,Power,,No,Plaspak,No,No,No,105-108,105,N,,,,,,,,,Completed,2026-10-30T00:00:00Z,,,,,,,2026-09-01T04:00:00Z,,Pb STC,,,,,,,,,,,,,,,,,,,,,394,2026-08-21T16:47:43Z,2026-08-21T16:47:43Z,,,,,GEORGIA POWER,Soleil Anker,Soleil Anker
395,21877-3/5,3,5,No,,,No,No,No,No,No,No,No,,,Active,,,,Power / Ligne 1,,No,Plaspak,No,No,No,100-104,,,,,,,,,,,Completed,2026-10-30T00:00:00Z,,,,,Completed,,2026-10-30T04:00:00Z,2026-11-26T05:00:00Z,,,2026-11-26T00:00:00Z,,,,,,,,,,,,,,,,,,,395,2026-08-31T20:59:25Z,2026-08-21T16:47:45Z,,,,,HYDRO QUEBEC,Soleil Anker,Soleil Anker
396,21877-4/5,4,5,No,,,No,No,No,No,No,No,No,,,Active,,,,Power / Ligne 1,,No,Plaspak,No,No,No,100-104,,,,,,,,,,,Completed,2026-10-30T00:00:00Z,,,,,Completed,,2026-10-30T04:00:00Z,2026-11-26T05:00:00Z,,,2026-11-26T00:00:00Z,,,,,,,,,,,,,,,,,,,396,2026-08-31T20:59:23Z,2026-08-21T16:47:48Z,,,,,HYDRO QUEBEC,Soleil Anker,Soleil Anker
397,21877-5/5,5,5,No,,,No,No,No,No,No,No,No,,,Active,,,,Power / Ligne 1,,No,Plaspak,No,No,No,100-104,,,,,,,,,,,Completed,2026-10-30T00:00:00Z,,,,,Completed,,2026-10-30T04:00:00Z,2026-11-26T05:00:00Z,,,2026-11-26T00:00:00Z,,,,,,,,,,,,,,,,,,,397,2026-08-31T20:59:20Z,2026-08-21T16:47:50Z,,,,,HYDRO QUEBEC,Soleil Anker,Soleil Anker
398,21909-2/2,2,2,No,,,No,No,No,No,No,No,No,,,Active,,,Entrepôt SN,Power,,No,,No,No,No,105-108,,,,,,,,,,,Completed,2026-10-30T00:00:00Z,,,,,Completed,,2026-07-14T04:00:00Z,,À expédier en Q4,,2026-10-01T00:00:00Z,,,,,,,,,,,,,,,,,,,398,2026-08-31T20:57:30Z,2026-08-21T16:47:52Z,,,,,GEORGIA POWER,Soleil Anker,Soleil Anker
399,22083-1/2,1,2,No,,,No,No,No,No,No,No,No,,,Active,,,,,,No,,No,No,No,100-104,,,,,,,,,,,Completed,2026-10-30T00:00:00Z,,,,,,,2026-10-30T04:00:00Z,,,,,,,,,,,,,,,,,,,,,,,399,2026-08-31T20:38:23Z,2026-08-21T16:47:55Z,500,,,,ELECTRIC POWER BOARD,Soleil Anker,Soleil Anker
400,21842-4/5,4,5,No,,,No,No,No,No,No,No,No,,,Active,,,Entrepôt SN,Power,,No,Plaspak,No,No,No,105-108,105,N,,,,,,,,,Completed,2026-11-02T00:00:00Z,,,,,,,2026-09-02T04:00:00Z,,Pb STC,,,,,,,,,,,,,,,,,,,,,400,2026-08-31T21:01:20Z,2026-08-21T16:47:57Z,,,,,GEORGIA POWER,Soleil Anker,Soleil Anker
401,21906-1/2,1,2,No,,,No,No,No,No,No,No,No,,,Active,,,,Power / Ligne 1,,No,,No,No,No,100-104,,,,,,,,,,,Completed,2026-11-02T00:00:00Z,,,,,Completed,,2026-11-02T05:00:00Z,,,,2026-12-11T00:00:00Z,,,,,,,,,,,,,,,,,,,401,2026-08-31T20:58:06Z,2026-08-21T16:47:59Z,,,,,LG§E,Soleil Anker,Soleil Anker
402,21906-2/2,2,2,No,,,No,No,No,No,No,No,No,,,Active,,,,Power / Ligne 1,,No,,No,No,No,100-104,,,,,,,,,,,Completed,2026-11-02T00:00:00Z,,,,,Completed,,2026-11-02T05:00:00Z,,,,2026-12-11T00:00:00Z,,,,,,,,,,,,,,,,,,,402,2026-08-21T16:48:02Z,2026-08-21T16:48:02Z,,,,,LG§E,Soleil Anker,Soleil Anker
403,21908-4/6,4,6,No,,,No,No,No,No,No,No,No,,,Active,,,Entrepôt SN,Power / Ligne 1,,No,Plaspak,No,No,No,105-108,,,,,,,,,,,Completed,2026-11-02T00:00:00Z,,,,,,,2026-07-07T04:00:00Z,,À expédier en Q4 / Rads arrivent début août / Pb STC,,,,,,,,,,,,,,,,,,,,,403,2026-08-31T20:57:40Z,2026-08-21T16:48:05Z,,,,,GEORGIA POWER,Soleil Anker,Soleil Anker
404,22071-7/8,7,8,No,,,No,No,No,No,No,No,No,,,Active,,,,Power,,No,,No,No,No,100-104,,,,,,,,,,,Completed,2026-11-02T00:00:00Z,,,,,,,2026-11-02T05:00:00Z,,,,,,,,,,,,,,,,,,,,,,,404,2026-08-31T20:40:10Z,2026-08-21T16:48:07Z,,,,,HYDRO QUEBEC,Soleil Anker,Soleil Anker
405,22071-8/8,8,8,No,,,No,No,No,No,No,No,No,,,Active,,,,Power,,No,,No,No,No,100-104,,,,,,,,,,,Completed,2026-11-02T00:00:00Z,,,,,,,2026-11-02T05:00:00Z,,,,,,,,,,,,,,,,,,,,,,,405,2026-08-31T20:40:07Z,2026-08-21T16:48:10Z,,,,,HYDRO QUEBEC,Soleil Anker,Soleil Anker
406,22072-1/2,1,2,No,,,No,No,No,No,No,No,No,,,Active,,,,Power,,No,,No,No,No,100-104,,,,,,,,,,,Completed,2026-11-02T00:00:00Z,,,,,,,2026-11-02T05:00:00Z,,,,,,,,,,,,,,,,,,,,,,,406,2026-08-31T20:40:05Z,2026-08-21T16:48:12Z,,,,,HYDRO QUEBEC,Soleil Anker,Soleil Anker
407,22072-2/2,2,2,No,,,No,No,No,No,No,No,No,,,Active,,,,Power,,No,,No,No,No,100-104,,,,,,,,,,,Completed,2026-11-02T00:00:00Z,,,,,,,2026-11-02T05:00:00Z,,,,,,,,,,,,,,,,,,,,,,,407,2026-08-31T20:40:02Z,2026-08-21T16:48:14Z,,,,,HYDRO QUEBEC,Soleil Anker,Soleil Anker
408,21900-1/8,1,8,No,,,No,No,No,No,No,No,No,,,Active,,,,Power,,No,,No,No,No,100-104,,,,,,,,,,,Completed,2026-11-03T00:00:00Z,,,,,Completed,,2026-11-03T05:00:00Z,2026-12-11T05:00:00Z,,,2026-12-11T00:00:00Z,,,,,,,,,,,,,,,,,,,408,2026-08-21T16:48:16Z,2026-08-21T16:48:16Z,,,,,HYDRO QUEBEC,Soleil Anker,Soleil Anker
409,21900-2/8,2,8,No,,,No,No,No,No,No,No,No,,,Active,,,,Power,,No,,No,No,No,100-104,,,,,,,,,,,Completed,2026-11-03T00:00:00Z,,,,,Completed,,2026-11-03T05:00:00Z,2026-12-11T05:00:00Z,,,2026-12-11T00:00:00Z,,,,,,,,,,,,,,,,,,,409,2026-08-21T16:48:19Z,2026-08-21T16:48:19Z,,,,,HYDRO QUEBEC,Soleil Anker,Soleil Anker
410,21900-3/8,3,8,No,,,No,No,No,No,No,No,No,,,Active,,,,Power,,No,,No,No,No,100-104,,,,,,,,,,,Completed,2026-11-03T00:00:00Z,,,,,Completed,,2026-11-03T05:00:00Z,2026-12-11T05:00:00Z,,,2026-12-11T00:00:00Z,,,,,,,,,,,,,,,,,,,410,2026-08-21T16:48:22Z,2026-08-21T16:48:22Z,,,,,HYDRO QUEBEC,Soleil Anker,Soleil Anker
411,21908-5/6,5,6,No,,,No,No,No,No,No,No,No,,,Active,,,Entrepôt SN,Power / Ligne 1,,No,Plaspak,No,No,No,105-108,,,,,,,,,,,Completed,2026-11-03T00:00:00Z,,,,,,,2026-07-09T04:00:00Z,,À expédier en Q4 / Rads arrivent début août / Pb STC,,,,,,,,,,,,,,,,,,,,,411,2026-08-31T20:57:38Z,2026-08-21T16:48:23Z,,,,,GEORGIA POWER,Soleil Anker,Soleil Anker
412,21908-6/6,6,6,No,,,No,No,No,No,No,No,No,,,Active,,,Entrepôt SN,Power / Ligne 1,,No,Plaspak,No,No,No,105-108,,,,,,,,,,,Completed,2026-11-03T00:00:00Z,,,,,,,2026-07-09T04:00:00Z,,À expédier en Q4 / Rads arrivent début août / Pb STC,,,,,,,,,,,,,,,,,,,,,412,2026-08-31T20:57:34Z,2026-08-21T16:48:26Z,,,,,GEORGIA POWER,Soleil Anker,Soleil Anker
413,22083-2/2,2,2,No,,,No,No,No,No,No,No,No,,,Active,,,,,,No,,No,No,No,100-104,,,,,,,,,,,Completed,2026-11-03T00:00:00Z,,,,,,,2026-11-03T05:00:00Z,,,,,,,,,,,,,,,,,,,,,,,413,2026-08-31T20:38:20Z,2026-08-21T16:48:28Z,500,,,,ELECTRIC POWER BOARD,Soleil Anker,Soleil Anker
414,21523-1/3,1,3,No,,,No,No,No,No,No,No,No,,,Active,,,,Zone B,,No,0,No,No,No,100-104,,46452,,,,,,,,,Completed,2026-11-04T00:00:00Z,,,,,,2026-11-04T00:00:00Z,2026-11-18T05:00:00Z,2026-12-20T05:00:00Z,Attente retour client / Devancer avec Emerick,,,,,,,,,,,,,,,,,,,,,414,2026-08-31T21:07:53Z,2026-08-21T16:48:32Z,,,,,HYDRO QUEBEC,Soleil Anker,Soleil Anker
415,21523-1/3 SA,1,3,Yes,,,No,No,No,No,No,No,No,,,Active,,,,Zone B,,No,0,No,No,No,100-104,,,,,,,,,,,Completed,2026-11-04T00:00:00Z,,,,,,,2026-11-18T05:00:00Z,2026-12-20T05:00:00Z,,,,,,,,,,,,,,,,,,,,,,415,2026-08-31T21:07:51Z,2026-08-21T16:48:34Z,,,,,HYDRO QUEBEC,Soleil Anker,Soleil Anker
416,21842-5/5,5,5,No,,,No,No,No,No,No,No,No,,,Active,,,Entrepôt SN,Power,,No,Plaspak,No,No,No,105-108,105,N,,,,,,,,,Completed,2026-11-04T00:00:00Z,,,,,,,2026-09-02T04:00:00Z,,Pb STC,,,,,,,,,,,,,,,,,,,,,416,2026-08-31T21:01:18Z,2026-08-21T16:48:36Z,,,,,GEORGIA POWER,Soleil Anker,Soleil Anker
417,21907-1/8,1,8,No,,,No,No,No,No,No,No,No,,,Active,,,,Power / Ligne 1,,No,,No,No,No,100-104,,,,,,,,,,,Completed,2026-11-04T00:00:00Z,,,,,Completed,,2026-11-04T05:00:00Z,,,,2026-12-11T00:00:00Z,,,,,,,,,,,,,,,,,,,417,2026-08-21T16:48:38Z,2026-08-21T16:48:38Z,,,,,LG§E,Soleil Anker,Soleil Anker
418,22084-1/2,1,2,No,22084,,No,No,No,No,No,No,No,,,Active,,,,,,No,,No,No,No,100-104,,,,,,,,,,,Completed,2026-11-04T00:00:00Z,Pending,,,,Completed,,2026-11-04T05:00:00Z,,,,2026-11-19T00:00:00Z,,,,,,,,,EPBC,M-EPBC-0002,MR-EPBC-0002-V1,,,,,,,,418,2026-09-01T01:19:28Z,2026-08-21T16:48:41Z,,,,,ELECTRIC POWER BOARD,Soleil Anker,Soleil Anker
419,22087-1/4,1,4,No,,,No,No,No,No,No,No,No,,,Active,,,,Power / Ligne 1,,No,,No,No,No,100-104,,,,,,,,,,,Completed,2026-11-04T00:00:00Z,,,,,,,2026-11-04T05:00:00Z,2026-12-20T05:00:00Z,,,,,,,,,,,,,,,,,,,,,,419,2026-08-31T20:38:06Z,2026-08-21T16:48:44Z,,,,,HYDRO QUEBEC,Soleil Anker,Soleil Anker
420,22111-1/10,1,10,No,22111,,No,No,No,No,No,No,No,,,Active,,,,Power / Ligne 1,,No,,No,No,No,105-108,,,,,,,,,,,Completed,2026-11-04T00:00:00Z,Pending,,,,Completed,,2026-11-04T05:00:00Z,,,,2026-12-15T00:00:00Z,,,,,,,,,GEPO,M-GEPO-0013,MR-GEPO-0013-V1,,,,,,,,420,2026-08-31T20:34:03Z,2026-08-21T16:48:45Z,,,,,GEORGIA POWER,Soleil Anker,Soleil Anker
421,21853-1/2,1,2,No,,,No,No,No,No,No,No,No,,,Active,,,,Power / Ligne 1,,No,,No,No,No,100-104,,,,,,,,,,,Completed,2026-11-05T00:00:00Z,,,,,Completed,,2026-11-05T05:00:00Z,,,,2026-12-18T00:00:00Z,,,,,,,,,,,,,,,,,,,421,2026-08-31T21:00:41Z,2026-08-21T16:48:47Z,,,,,MADISON GAS § ELECTRIC,Soleil Anker,Soleil Anker
422,21853-2/2,2,2,No,,,No,No,No,No,No,No,No,,,Active,,,,Power / Ligne 1,,No,,No,No,No,100-104,,,,,,,,,,,Completed,2026-11-05T00:00:00Z,,,,,Completed,,2026-11-05T05:00:00Z,,,,2026-12-18T00:00:00Z,,,,,,,,,,,,,,,,,,,422,2026-08-31T21:00:37Z,2026-08-21T16:48:50Z,,,,,MADISON GAS § ELECTRIC,Soleil Anker,Soleil Anker
423,22087-2/4,2,4,No,,,No,No,No,No,No,No,No,,,Active,,,,Power / Ligne 1,,No,,No,No,No,100-104,,,,,,,,,,,Completed,2026-11-05T00:00:00Z,,,,,,,2026-11-05T05:00:00Z,2026-12-20T05:00:00Z,,,,,,,,,,,,,,,,,,,,,,423,2026-08-31T20:38:04Z,2026-08-21T16:48:52Z,,,,,HYDRO QUEBEC,Soleil Anker,Soleil Anker
424,22111-2/10,2,10,No,22111,,No,No,No,No,No,No,No,,,Active,,,,Power / Ligne 1,,No,,No,No,No,105-108,,,,,,,,,,,Completed,2026-11-05T00:00:00Z,Pending,,,,Completed,,2026-11-05T05:00:00Z,,,,2026-12-15T00:00:00Z,,,,,,,,,GEPO,M-GEPO-0013,MR-GEPO-0013-V1,,,,,,,,424,2026-08-31T20:33:30Z,2026-08-21T16:48:54Z,,,,,GEORGIA POWER,Soleil Anker,Soleil Anker
425,21900-4/8,4,8,No,,,No,No,No,No,No,No,No,,,Active,,,,Power,,No,,No,No,No,100-104,,,,,,,,,,,Completed,2026-11-06T00:00:00Z,,,,,Completed,,2026-11-06T05:00:00Z,2026-12-11T05:00:00Z,,,2026-12-11T00:00:00Z,,,,,,,,,,,,,,,,,,,425,2026-08-21T16:48:57Z,2026-08-21T16:48:57Z,,,,,HYDRO QUEBEC,Soleil Anker,Soleil Anker
426,21900-5/8,5,8,No,,,No,No,No,No,No,No,No,,,Active,,,,Power,,No,,No,No,No,100-104,,,,,,,,,,,Completed,2026-11-06T00:00:00Z,,,,,Completed,,2026-11-06T05:00:00Z,2026-12-11T05:00:00Z,,,2026-12-11T00:00:00Z,,,,,,,,,,,,,,,,,,,426,2026-08-31T20:59:06Z,2026-08-21T16:48:59Z,,,,,HYDRO QUEBEC,Soleil Anker,Soleil Anker
427,21900-6/8,6,8,No,,,No,No,No,No,No,No,No,,,Active,,,,Power,,No,,No,No,No,100-104,,,,,,,,,,,Completed,2026-11-06T00:00:00Z,,,,,Completed,,2026-11-06T05:00:00Z,2026-12-11T05:00:00Z,,,2026-12-11T00:00:00Z,,,,,,,,,,,,,,,,,,,427,2026-08-31T20:59:04Z,2026-08-21T16:49:01Z,,,,,HYDRO QUEBEC,Soleil Anker,Soleil Anker
428,21907-2/8,2,8,No,,,No,No,No,No,No,No,No,,,Active,,,,Power / Ligne 1,,No,,No,No,No,100-104,,,,,,,,,,,Completed,2026-11-06T00:00:00Z,,,,,Completed,,2026-11-06T05:00:00Z,,,,2026-12-11T00:00:00Z,,,,,,,,,,,,,,,,,,,428,2026-08-31T20:58:04Z,2026-08-21T16:49:03Z,,,,,LG§E,Soleil Anker,Soleil Anker
429,22084-2/2,2,2,No,,,No,No,No,No,No,No,No,,,Active,,,,,,No,,No,No,No,100-104,,,,,,,,,,,Completed,2026-11-06T00:00:00Z,,,,,Completed,,2026-11-06T05:00:00Z,2026-12-20T05:00:00Z,,,2026-11-19T00:00:00Z,,,,,,,,,,,,,,,,,,,429,2026-08-31T20:38:15Z,2026-08-21T16:49:06Z,,,,,ELECTRIC POWER BOARD,Soleil Anker,Soleil Anker
430,21900-7/8,7,8,No,,,No,No,No,No,No,No,No,,,Active,,,,Power,,No,,No,No,No,100-104,,,,,,,,,,,Completed,2026-11-09T00:00:00Z,,,,,Completed,,2026-11-09T05:00:00Z,2026-12-11T05:00:00Z,,,2026-12-11T00:00:00Z,,,,,,,,,,,,,,,,,,,430,2026-08-31T20:59:02Z,2026-08-21T16:49:09Z,,,,,HYDRO QUEBEC,Soleil Anker,Soleil Anker
431,21900-8/8,8,8,No,,,No,No,No,No,No,No,No,,,Active,,,,Power,,No,,No,No,No,100-104,,,,,,,,,,,Completed,2026-11-09T00:00:00Z,,,,,Completed,,2026-11-09T05:00:00Z,2026-12-11T05:00:00Z,,,2026-12-11T00:00:00Z,,,,,,,,,,,,,,,,,,,431,2026-08-31T20:58:59Z,2026-08-21T16:49:10Z,,,,,HYDRO QUEBEC,Soleil Anker,Soleil Anker
432,22087-3/4,3,4,No,,,No,No,No,No,No,No,No,,,Active,,,,Power / Ligne 1,,No,,No,No,No,100-104,,,,,,,,,,,Completed,2026-11-09T00:00:00Z,,,,,,,2026-11-09T05:00:00Z,2026-12-20T05:00:00Z,,,,,,,,,,,,,,,,,,,,,,432,2026-08-31T20:38:01Z,2026-08-21T16:49:13Z,,,,,HYDRO QUEBEC,Soleil Anker,Soleil Anker
433,22111-3/10,3,10,No,22111,,No,No,No,No,No,No,No,,,Active,,,,Power / Ligne 1,,No,,No,No,No,105-108,,,,,,,,,,,Completed,2026-11-09T00:00:00Z,Pending,,,,Completed,,2026-11-09T05:00:00Z,,,,2026-12-15T00:00:00Z,,,,,,,,,GEPO,M-GEPO-0013,MR-GEPO-0013-V1,,,,,,,,433,2026-08-31T20:33:30Z,2026-08-21T16:49:16Z,,,,,GEORGIA POWER,Soleil Anker,Soleil Anker
434,21814-7/11,7,11,No,,,No,No,No,No,No,No,No,,,Active,,,,Zone B,,No,0,No,No,No,106,,N,,,,,,,,,Completed,2026-11-10T00:00:00Z,,,,,Completed,,2026-12-14T05:00:00Z,2026-12-20T05:00:00Z,Pierre L. exp 15 déc,,2026-12-15T00:00:00Z,,,,,,,,,,,,,,,,,,,434,2026-08-31T21:04:08Z,2026-08-21T16:49:19Z,,,,,HYDRO QUEBEC,Soleil Anker,Soleil Anker
435,21907-3/8,3,8,No,,,No,No,No,No,No,No,No,,,Active,,,,Power / Ligne 1,,No,,No,No,No,100-104,,,,,,,,,,,Completed,2026-11-10T00:00:00Z,,,,,Completed,,2026-11-10T05:00:00Z,,,,2026-12-11T00:00:00Z,,,,,,,,,,,,,,,,,,,435,2026-08-31T20:58:02Z,2026-08-21T16:49:21Z,,,,,LG§E,Soleil Anker,Soleil Anker
436,21907-4/8,4,8,No,,,No,No,No,No,No,No,No,,,Active,,,,Power / Ligne 1,,No,,No,No,No,100-104,,,,,,,,,,,Completed,2026-11-10T00:00:00Z,,,,,Completed,,2026-11-10T05:00:00Z,,,,2026-12-11T00:00:00Z,,,,,,,,,,,,,,,,,,,436,2026-08-31T20:57:59Z,2026-08-21T16:49:23Z,,,,,LG§E,Soleil Anker,Soleil Anker
437,21937-1/1,1,1,No,,,No,No,No,No,No,No,No,,,Active,,,,Power,,No,,No,No,No,100-104,,,,,,,,,,,Completed,2026-11-10T00:00:00Z,,,,,Completed,,2026-11-10T05:00:00Z,,,,2026-12-04T00:00:00Z,,,,,,,,,,,,,,,,,,,437,2026-08-31T20:54:51Z,2026-08-21T16:49:26Z,,,,,WESCO,Soleil Anker,Soleil Anker
438,22111-4/10,4,10,No,22111,,No,No,No,No,No,No,No,,,Active,,,,Power / Ligne 1,,No,,No,No,No,105-108,,,,,,,,,,,Completed,2026-11-10T00:00:00Z,Pending,,,,Completed,,2026-11-10T05:00:00Z,,,,2026-12-15T00:00:00Z,,,,,,,,,GEPO,M-GEPO-0013,MR-GEPO-0013-V1,,,,,,,,438,2026-08-31T20:33:29Z,2026-08-21T16:49:28Z,,,,,GEORGIA POWER,Soleil Anker,Soleil Anker
439,22112-1/3,1,3,No,22112,,No,No,No,No,No,No,No,,,Active,,,,Power,,No,,No,No,No,100-104,,,,,,,,,,,Completed,2026-11-10T00:00:00Z,Pending,,,,,,2026-11-10T05:00:00Z,,,,,,,,,,,,,OTHY,M-OTHY-0001,MR-OTHY-0001-V1,,,,,,,,439,2026-08-31T20:33:30Z,2026-08-21T16:49:31Z,,,,,OTTAWA HYDRO,Soleil Anker,Soleil Anker
440,21901-1/5,1,5,No,,,No,No,No,No,No,No,No,,,Active,,,,Power,,No,,No,No,No,100-104,,,,,,,,,,,Completed,2026-11-11T00:00:00Z,,,,,Completed,,2026-11-11T05:00:00Z,2026-12-11T05:00:00Z,,,2026-12-11T00:00:00Z,,,,,,,,,,,,,,,,,,,440,2026-08-31T20:58:58Z,2026-08-21T16:49:34Z,,,,,HYDRO QUEBEC,Soleil Anker,Soleil Anker
441,21901-2/5,2,5,No,,,No,No,No,No,No,No,No,,,Active,,,,Power,,No,,No,No,No,100-104,,,,,,,,,,,Completed,2026-11-11T00:00:00Z,,,,,Completed,,2026-11-11T05:00:00Z,2026-12-11T05:00:00Z,,,2026-12-11T00:00:00Z,,,,,,,,,,,,,,,,,,,441,2026-08-31T20:58:55Z,2026-08-21T16:49:35Z,,,,,HYDRO QUEBEC,Soleil Anker,Soleil Anker
442,21901-3/5,3,5,No,,,No,No,No,No,No,No,No,,,Active,,,,Power,,No,,No,No,No,100-104,,,,,,,,,,,Completed,2026-11-11T00:00:00Z,,,,,Completed,,2026-11-11T05:00:00Z,2026-12-11T05:00:00Z,,,2026-12-11T00:00:00Z,,,,,,,,,,,,,,,,,,,442,2026-08-31T20:58:52Z,2026-08-21T16:49:38Z,,,,,HYDRO QUEBEC,Soleil Anker,Soleil Anker
443,22087-4/4,4,4,No,,,No,No,No,No,No,No,No,,,Active,,,,Power / Ligne 1,,No,,No,No,No,100-104,,,,,,,,,,,Completed,2026-11-11T00:00:00Z,,,,,,,2026-11-11T05:00:00Z,2026-12-20T05:00:00Z,,,,,,,,,,,,,,,,,,,,,,443,2026-08-31T20:37:58Z,2026-08-21T16:49:40Z,,,,,HYDRO QUEBEC,Soleil Anker,Soleil Anker
444,21814-8/11,8,11,No,,,No,No,No,No,No,No,No,,,Active,,,,Zone B,,No,0,No,No,No,106,,N,,,,,,,,,Completed,2026-11-12T00:00:00Z,,,,,Completed,,2026-12-16T05:00:00Z,2026-12-20T05:00:00Z,Pierre L. exp 15 déc,,2026-12-15T00:00:00Z,,,,,,,,,,,,,,,,,,,444,2026-08-31T21:04:05Z,2026-08-21T16:49:43Z,,,,,HYDRO QUEBEC,Soleil Anker,Soleil Anker
445,21907-5/8,5,8,No,,,No,No,No,No,No,No,No,,,Active,,,,Power / Ligne 1,,No,,No,No,No,100-104,,,,,,,,,,,Completed,2026-11-12T00:00:00Z,,,,,Completed,,2026-11-12T05:00:00Z,,,,2026-12-11T00:00:00Z,,,,,,,,,,,,,,,,,,,445,2026-08-31T20:57:57Z,2026-08-21T16:49:45Z,,,,,LG§E,Soleil Anker,Soleil Anker
446,21907-6/8,6,8,No,,,No,No,No,No,No,No,No,,,Active,,,,Power / Ligne 1,,No,,No,No,No,100-104,,,,,,,,,,,Completed,2026-11-12T00:00:00Z,,,,,Completed,,2026-11-12T05:00:00Z,,,,2026-12-11T00:00:00Z,,,,,,,,,,,,,,,,,,,446,2026-08-31T20:57:54Z,2026-08-21T16:49:48Z,,,,,LG§E,Soleil Anker,Soleil Anker
447,21990-1/3,1,3,No,,,No,No,No,No,No,No,No,,,Active,,,,Power,,No,,No,No,No,100-104,,,,,,,,,,,Completed,2026-11-12T00:00:00Z,,,,,Completed,,2026-11-12T05:00:00Z,,,,2026-12-18T00:00:00Z,,,,,,,,,,,,,,,,,,,447,2026-08-31T20:49:29Z,2026-08-21T16:49:50Z,,,,,OTTAWA HYDRO,Soleil Anker,Soleil Anker
448,22111-5/10,5,10,No,22111,,No,No,No,No,No,No,No,,,Active,,,,Power / Ligne 1,,No,,No,No,No,105-108,,,,,,,,,,,Completed,2026-11-12T00:00:00Z,Pending,,,,Completed,,2026-11-12T05:00:00Z,2026-12-11T05:00:00Z,,,2026-12-15T00:00:00Z,,,,,,,,,GEPO,M-GEPO-0013,MR-GEPO-0013-V1,,,,,,,,448,2026-08-31T20:33:30Z,2026-08-21T16:49:52Z,,,,,GEORGIA POWER,Soleil Anker,Soleil Anker
449,22112-2/3,2,3,No,22112,,No,No,No,No,No,No,No,,,Active,,,,Power,,No,,No,No,No,100-104,,,,,,,,,,,Completed,2026-11-12T00:00:00Z,Pending,,,,Completed,,2026-11-12T05:00:00Z,2026-12-11T05:00:00Z,,,2026-12-11T00:00:00Z,,,,,,,,,OTHY,M-OTHY-0001,MR-OTHY-0001-V1,,,,,,,,449,2026-08-31T20:33:29Z,2026-08-21T16:49:54Z,,,,,OTTAWA HYDRO,Soleil Anker,Soleil Anker
450,21901-4/5,4,5,No,,,No,No,No,No,No,No,No,,,Active,,,,Power,,No,,No,No,No,100-104,,,,,,,,,,,Completed,2026-11-13T00:00:00Z,,,,,Completed,,2026-11-13T05:00:00Z,2026-12-11T05:00:00Z,,,2026-12-11T00:00:00Z,,,,,,,,,,,,,,,,,,,450,2026-08-31T20:58:51Z,2026-08-21T16:49:57Z,,,,,HYDRO QUEBEC,Soleil Anker,Soleil Anker
451,21901-5/5,5,5,No,,,No,No,No,No,No,No,No,,,Active,,,,Power,,No,,No,No,No,100-104,,,,,,,,,,,Completed,2026-11-13T00:00:00Z,,,,,Completed,,2026-11-13T05:00:00Z,2026-12-11T05:00:00Z,,,2026-12-11T00:00:00Z,,,,,,,,,,,,,,,,,,,451,2026-08-31T20:58:48Z,2026-08-21T16:49:59Z,,,,,HYDRO QUEBEC,Soleil Anker,Soleil Anker
452,21962-1/1,1,1,No,,,No,No,No,No,No,No,No,,,Active,,,,Power,,No,,No,No,No,105-108,,,,,,,,,,,Completed,2026-11-13T00:00:00Z,,,,,,,2026-11-13T05:00:00Z,2026-12-20T05:00:00Z,,,,,,,,,,,,,,,,,,,,,,452,2026-08-31T20:52:40Z,2026-08-21T16:50:01Z,,,,,LTL (LINEMAN'S TESTING LAB),Soleil Anker,Soleil Anker
453,22088-1/4,1,4,No,,,No,No,No,No,No,No,No,,,Active,,,,Power / Ligne 1,,No,,No,No,No,100-104,,,,,,,,,,,Completed,2026-11-13T00:00:00Z,,,,,Completed,,2026-11-13T05:00:00Z,2026-12-20T05:00:00Z,,,2026-12-11T00:00:00Z,,,,,,,,,,,,,,,,,,,453,2026-08-31T20:37:55Z,2026-08-21T16:50:04Z,,,,,HYDRO QUEBEC,Soleil Anker,Soleil Anker
454,22112-3/3,3,3,No,22112,,No,No,No,No,No,No,No,,,Active,,,,Power,,No,,No,No,No,100-104,,,,,,,,,,,Completed,2026-11-13T00:00:00Z,Pending,,,,Completed,,2026-11-13T05:00:00Z,,,,2026-12-11T00:00:00Z,,,,,,,,,OTHY,M-OTHY-0001,MR-OTHY-0001-V1,,,,,,,,454,2026-08-31T20:33:30Z,2026-08-21T16:50:07Z,,,,,OTTAWA HYDRO,Soleil Anker,Soleil Anker
455,21934-1/2,1,2,No,,,No,No,No,No,No,No,No,,,Active,,,,Power,,No,,No,No,No,105-108,105,,,,,,,,,,Completed,2026-11-16T00:00:00Z,,,,,,,2026-11-16T05:00:00Z,,Pb STC,,,,,,,,,,,,,,,,,,,,,455,2026-08-31T20:55:00Z,2026-08-21T16:50:08Z,,,,,ENMAX,Soleil Anker,Soleil Anker
456,21990-2/3,2,3,No,,,No,No,No,No,No,No,No,,,Active,,,,Power,,No,,No,No,No,100-104,,,,,,,,,,,Completed,2026-11-16T00:00:00Z,,,,,Completed,,2026-11-16T05:00:00Z,,,,2026-12-18T00:00:00Z,,,,,,,,,,,,,,,,,,,456,2026-08-31T20:49:27Z,2026-08-21T16:50:11Z,,,,,OTTAWA HYDRO,Soleil Anker,Soleil Anker
457,22088-2/4,2,4,No,,,No,No,No,No,No,No,No,,,Active,,,,Power / Ligne 1,,No,,No,No,No,100-104,,,,,,,,,,,Completed,2026-11-16T00:00:00Z,,,,,,,2026-11-16T05:00:00Z,2026-12-20T05:00:00Z,,,,,,,,,,,,,,,,,,,,,,457,2026-08-31T20:37:53Z,2026-08-21T16:50:13Z,,,,,HYDRO QUEBEC,Soleil Anker,Soleil Anker
458,22090-1/4,1,4,No,,,No,No,No,No,No,No,No,,,Active,,,,Power / Ligne 1,,No,,No,No,No,100-104,,,,,,,,,,,Completed,2026-11-16T00:00:00Z,,,,,,,2026-11-16T05:00:00Z,2026-12-20T05:00:00Z,,,,,,,,,,,,,,,,,,,,,,458,2026-08-31T20:37:32Z,2026-08-21T16:50:15Z,,,,,HYDRO QUEBEC,Soleil Anker,Soleil Anker
459,22111-6/10,6,10,No,22111,,No,No,No,No,No,No,No,,,Active,,,,Power / Ligne 1,,No,,No,No,No,105-108,,,,,,,,,,,Completed,2026-11-16T00:00:00Z,Pending,,,,Completed,,2026-11-16T05:00:00Z,2026-12-11T05:00:00Z,,,2026-12-15T00:00:00Z,,,,,,,,,GEPO,M-GEPO-0013,MR-GEPO-0013-V1,,,,,,,,459,2026-08-31T20:33:30Z,2026-08-21T16:50:17Z,,,,,GEORGIA POWER,Soleil Anker,Soleil Anker
460,21814-9/11,9,11,No,,,No,No,No,No,No,No,No,,,Active,,,,Zone B,,No,0,No,No,No,106,,N,,,,,,,,,Completed,2026-11-17T00:00:00Z,,,,,Completed,,2026-12-17T05:00:00Z,2026-12-20T05:00:00Z,Pierre L. exp 15 déc,,2026-12-15T00:00:00Z,,,,,,,,,,,,,,,,,,,460,2026-08-31T21:04:02Z,2026-08-21T16:50:21Z,,,,,HYDRO QUEBEC,Soleil Anker,Soleil Anker
461,21902-1/5,1,5,No,,,No,No,No,No,No,No,No,,,Active,,,,Power / Ligne 1,,No,,No,No,No,100-104,,,,,,,,,,,Completed,2026-11-17T00:00:00Z,,,,,Completed,,2026-11-17T05:00:00Z,2026-12-11T05:00:00Z,,,2026-12-11T00:00:00Z,,,,,,,,,,,,,,,,,,,461,2026-08-31T20:58:45Z,2026-08-21T16:50:23Z,,,,,HYDRO QUEBEC,Soleil Anker,Soleil Anker
462,21902-2/5,2,5,No,,,No,No,No,No,No,No,No,,,Active,,,,Power / Ligne 1,,No,,No,No,No,100-104,,,,,,,,,,,Completed,2026-11-17T00:00:00Z,,,,,Completed,,2026-11-17T05:00:00Z,2026-12-11T05:00:00Z,,,2026-12-11T00:00:00Z,,,,,,,,,,,,,,,,,,,462,2026-08-31T20:58:43Z,2026-08-21T16:50:25Z,,,,,HYDRO QUEBEC,Soleil Anker,Soleil Anker
463,21902-3/5,3,5,No,,,No,No,No,No,No,No,No,,,Active,,,,Power / Ligne 1,,No,,No,No,No,100-104,,,,,,,,,,,Completed,2026-11-17T00:00:00Z,,,,,Completed,,2026-11-17T05:00:00Z,2026-12-11T05:00:00Z,,,2026-12-11T00:00:00Z,,,,,,,,,,,,,,,,,,,463,2026-08-31T20:58:40Z,2026-08-21T16:50:27Z,,,,,HYDRO QUEBEC,Soleil Anker,Soleil Anker
464,22111-7/10,7,10,No,22111,,No,No,No,No,No,No,No,,,Active,,,,Power / Ligne 1,,No,,No,No,No,105-108,,,,,,,,,,,Completed,2026-11-17T00:00:00Z,Pending,,,,Completed,,2026-11-17T05:00:00Z,,,,2026-12-15T00:00:00Z,,,,,,,,,GEPO,M-GEPO-0013,MR-GEPO-0013-V1,,,,,,,,464,2026-08-31T20:33:29Z,2026-08-21T16:50:29Z,,,,,GEORGIA POWER,Soleil Anker,Soleil Anker
465,21907-7/8,7,8,No,,,No,No,No,No,No,No,No,,,Active,,,,Power / Ligne 1,,No,,No,No,No,100-104,,,,,,,,,,,Completed,2026-11-18T00:00:00Z,,,,,Completed,,2026-11-18T05:00:00Z,,,,2026-12-11T00:00:00Z,,,,,,,,,,,,,,,,,,,465,2026-08-31T20:57:52Z,2026-08-21T16:50:32Z,,,,,LG§E,Soleil Anker,Soleil Anker
466,21907-8/8,8,8,No,,,No,No,No,No,No,No,No,,,Active,,,,Power / Ligne 1,,No,,No,No,No,100-104,,,,,,,,,,,Completed,2026-11-18T00:00:00Z,,,,,Completed,,2026-11-18T05:00:00Z,,,,2026-12-11T00:00:00Z,,,,,,,,,,,,,,,,,,,466,2026-08-31T20:57:51Z,2026-08-21T16:50:35Z,,,,,LG§E,Soleil Anker,Soleil Anker
467,21958-1/1,1,1,No,,,No,No,No,No,No,No,No,,,Active,,,,Power,,No,,No,No,No,105-108,,,,,,,,,,,Completed,2026-11-18T00:00:00Z,,,,,,,2026-09-21T04:00:00Z,,Target ship en octobre ou avant si possible / Rad exp le 4 sept,,,,,,,,,,,,,,,,,,,,,467,2026-08-31T20:52:57Z,2026-08-21T16:50:37Z,,,,,FIRST ENERGY,Soleil Anker,Soleil Anker
468,21990-3/3,3,3,No,,,No,No,No,No,No,No,No,,,Active,,,,Power,,No,,No,No,No,100-104,,,,,,,,,,,Completed,2026-11-18T00:00:00Z,,,,,Completed,,2026-11-18T05:00:00Z,,,,2026-12-18T00:00:00Z,,,,,,,,,,,,,,,,,,,468,2026-08-31T20:49:25Z,2026-08-21T16:50:39Z,,,,,OTTAWA HYDRO,Soleil Anker,Soleil Anker
469,22088-3/4,3,4,No,,,No,No,No,No,No,No,No,,,Active,,,,Power / Ligne 1,,No,,No,No,No,100-104,,,,,,,,,,,Completed,2026-11-18T00:00:00Z,,,,,,,2026-11-18T05:00:00Z,2026-12-20T05:00:00Z,,,,,,,,,,,,,,,,,,,,,,469,2026-08-31T20:37:50Z,2026-08-21T16:50:41Z,,,,,HYDRO QUEBEC,Soleil Anker,Soleil Anker
470,21814-10/11,10,11,No,,,No,No,No,No,No,No,No,,,Active,,,,Zone B,,No,0,No,No,No,106,,N,,,,,,,,,Completed,2026-11-19T00:00:00Z,,,,,Completed,,2027-01-05T05:00:00Z,2026-12-20T05:00:00Z,Pierre L. exp 15 déc,,2026-12-15T00:00:00Z,,,,,,,,,,,,,,,,,,,470,2026-08-31T21:04:26Z,2026-08-21T16:50:44Z,,,,,HYDRO QUEBEC,Soleil Anker,Soleil Anker
471,21902-4/5,4,5,No,,,No,No,No,No,No,No,No,,,Active,,,,Power / Ligne 1,,No,,No,No,No,100-104,,,,,,,,,,,Completed,2026-11-19T00:00:00Z,,,,,Completed,,2026-11-19T05:00:00Z,2026-12-11T05:00:00Z,,,2026-12-11T00:00:00Z,,,,,,,,,,,,,,,,,,,471,2026-08-31T20:58:39Z,2026-08-21T16:50:46Z,,,,,HYDRO QUEBEC,Soleil Anker,Soleil Anker
472,21902-5/5,5,5,No,,,No,No,No,No,No,No,No,,,Active,,,,Power / Ligne 1,,No,,No,No,No,100-104,,,,,,,,,,,Completed,2026-11-19T00:00:00Z,,,,,Completed,,2026-11-19T05:00:00Z,2026-12-11T05:00:00Z,,,2026-12-11T00:00:00Z,,,,,,,,,,,,,,,,,,,472,2026-08-31T20:58:36Z,2026-08-21T16:50:49Z,,,,,HYDRO QUEBEC,Soleil Anker,Soleil Anker
473,22090-2/4,2,4,No,,,No,No,No,No,No,No,No,,,Active,,,,Power / Ligne 1,,No,,No,No,No,100-104,,,,,,,,,,,Completed,2026-11-19T00:00:00Z,,,,,,,2026-11-19T05:00:00Z,2026-12-20T05:00:00Z,,,,,,,,,,,,,,,,,,,,,,473,2026-08-31T20:37:29Z,2026-08-21T16:50:50Z,,,,,HYDRO QUEBEC,Soleil Anker,Soleil Anker
474,22106-1/29,1,29,No,,,No,No,No,No,No,No,No,,,Active,,,,Power,,No,,No,No,No,100-104,,,,,,,,,,,Completed,2026-11-19T00:00:00Z,,,,,,,2026-11-17T05:00:00Z,,,,,,,,,,,,,,,,,,,,,,,474,2026-08-31T20:35:04Z,2026-08-21T16:50:52Z,,,,,HYDRO QUEBEC,Soleil Anker,Soleil Anker
475,22106-2/29,2,29,No,,,No,No,No,No,No,No,No,,,Active,,,,Power,,No,,No,No,No,100-104,,,,,,,,,,,Completed,2026-11-19T00:00:00Z,,,,,,,2026-11-17T05:00:00Z,,,,,,,,,,,,,,,,,,,,,,,475,2026-08-31T20:34:35Z,2026-08-21T16:50:55Z,,,,,HYDRO QUEBEC,Soleil Anker,Soleil Anker
476,21934-2/2,2,2,No,,,No,No,No,No,No,No,No,,,Active,,,,Power,,No,,No,No,No,105-108,,,,,,,,,,,Completed,2026-11-20T00:00:00Z,,,,,,,2026-11-20T05:00:00Z,,Pb STC,,,,,,,,,,,,,,,,,,,,,476,2026-08-31T20:54:58Z,2026-08-21T16:50:57Z,,,,,ENMAX,Soleil Anker,Soleil Anker
477,22088-4/4,4,4,No,22088,,No,No,No,No,No,No,No,,,Active,,,,Power / Ligne 1,,No,,No,No,No,100-104,,,,,,,,,,,Completed,2026-11-20T00:00:00Z,Pending,,,,,,2026-11-20T05:00:00Z,2026-12-20T05:00:00Z,,,,,,,,,,,,HYQU,M-HYQU-0007,MR-HYQU-0007-V1,,,,,,,,477,2026-09-01T05:09:04Z,2026-08-21T16:50:59Z,,,,,HYDRO QUEBEC,Soleil Anker,Soleil Anker
478,22090-3/4,3,4,No,,,No,No,No,No,No,No,No,,,Active,,,,Power / Ligne 1,,No,,No,No,No,100-104,,,,,,,,,,,Completed,2026-11-20T00:00:00Z,,,,,,,2026-11-20T05:00:00Z,2026-12-20T05:00:00Z,,,,,,,,,,,,,,,,,,,,,,478,2026-08-31T20:37:27Z,2026-08-21T16:51:01Z,,,,,HYDRO QUEBEC,Soleil Anker,Soleil Anker
479,22090-4/4,4,4,No,,,No,No,No,No,No,No,No,,,Active,,,,Power / Ligne 1,,No,,No,No,No,100-104,,,,,,,,,,,Completed,2026-11-20T00:00:00Z,,,,,,,2026-11-20T05:00:00Z,2026-12-20T05:00:00Z,,,,,,,,,,,,,,,,,,,,,,479,2026-08-31T20:37:25Z,2026-08-21T16:51:04Z,,,,,HYDRO QUEBEC,Soleil Anker,Soleil Anker
480,22106-3/29,3,29,No,22106,,No,No,No,No,No,No,No,,,Active,,,,Power,,No,,No,No,No,100-104,,,,,,,,,,,Completed,2026-11-20T00:00:00Z,Pending,,,,,,2026-11-17T05:00:00Z,,,,,,,,,,,,,HYQU,M-HYQU-0093,M-HYQU-0093,,,,,,,,480,2026-08-31T20:34:34Z,2026-08-21T16:51:06Z,,,,,HYDRO QUEBEC,Soleil Anker,Soleil Anker
481,21903-1/5,1,5,No,,,No,No,No,No,No,No,No,,,Active,,,,Power / Ligne 1,,No,,No,No,No,100-104,,,,,,,,,,,Completed,2026-11-23T00:00:00Z,,,,,Completed,,2026-11-23T05:00:00Z,2026-12-17T05:00:00Z,,,2026-12-17T00:00:00Z,,,,,,,,,,,,,,,,,,,481,2026-08-31T20:58:33Z,2026-08-21T16:51:09Z,,,,,HYDRO QUEBEC,Soleil Anker,Soleil Anker
482,21903-2/5,2,5,No,,,No,No,No,No,No,No,No,,,Active,,,,Power / Ligne 1,,No,,No,No,No,100-104,,,,,,,,,,,Completed,2026-11-23T00:00:00Z,,,,,Completed,,2026-11-23T05:00:00Z,2026-12-17T05:00:00Z,,,2026-12-17T00:00:00Z,,,,,,,,,,,,,,,,,,,482,2026-08-31T20:58:31Z,2026-08-21T16:51:10Z,,,,,HYDRO QUEBEC,Soleil Anker,Soleil Anker
483,22106-4/29,4,29,No,,,No,No,No,No,No,No,No,,,Active,,,,Power,,No,,No,No,No,100-104,,,,,,,,,,,Completed,2026-11-23T00:00:00Z,,,,,,,2026-11-18T05:00:00Z,,,,,,,,,,,,,,,,,,,,,,,483,2026-08-31T20:34:06Z,2026-08-21T16:51:13Z,,,,,HYDRO QUEBEC,Soleil Anker,Soleil Anker
484,22106-5/29,5,29,No,,,No,No,No,No,No,No,No,,,Active,,,,Power,,No,,No,No,No,100-104,,,,,,,,,,,Completed,2026-11-23T00:00:00Z,,,,,,,2026-11-18T05:00:00Z,,,,,,,,,,,,,,,,,,,,,,,484,2026-08-31T20:34:02Z,2026-08-21T16:51:16Z,,,,,HYDRO QUEBEC,Soleil Anker,Soleil Anker
485,22106-6/29,6,29,No,22106,,No,No,No,No,No,No,No,,,Active,,,,Power,,No,,No,No,No,100-104,,,,,,,,,,,Completed,2026-11-23T00:00:00Z,Pending,,,,,,2026-11-19T05:00:00Z,,,,,,,,,,,,,HYQU,M-HYQU-0093,M-HYQU-0093,,,,,,,,485,2026-08-31T20:34:02Z,2026-08-21T16:51:17Z,,,,,HYDRO QUEBEC,Soleil Anker,Soleil Anker
486,22111-8/10,8,10,No,22111,,No,No,No,No,No,No,No,,,Active,,,,Power / Ligne 1,,No,,No,No,No,105-108,,,,,,,,,,,Completed,2026-11-23T00:00:00Z,Pending,,,,Completed,,2026-11-23T05:00:00Z,,,,2026-12-15T00:00:00Z,,,,,,,,,GEPO,M-GEPO-0013,MR-GEPO-0013-V1,,,,,,,,486,2026-08-31T20:33:32Z,2026-08-21T16:51:20Z,,,,,GEORGIA POWER,Soleil Anker,Soleil Anker
487,22101-1/1,1,1,No,,,No,No,No,No,No,No,No,,,Active,,,,,,No,,No,No,No,106-107,,,,,,,,,,,Completed,2026-11-24T00:00:00Z,,,,,,,2026-11-24T05:00:00Z,2026-12-18T05:00:00Z,,,,,,,,,,,,,,,,,,,,,,487,2026-08-31T20:35:18Z,2026-08-21T16:51:22Z,,,,,ENTERGY,Soleil Anker,Soleil Anker
488,22106-7/29,7,29,No,22106,,No,No,No,No,No,No,No,,,Active,,,,Power,,No,,No,No,No,100-104,,,,,,,,,,,Completed,2026-11-24T00:00:00Z,Pending,,,,,,2026-11-19T05:00:00Z,,,,,,,,,,,,,HYQU,M-HYQU-0093,M-HYQU-0093,,,,,,,,488,2026-08-31T20:34:02Z,2026-08-21T16:51:24Z,,,,,HYDRO QUEBEC,Soleil Anker,Soleil Anker
489,22106-8/29,8,29,No,22106,,No,No,No,No,No,No,No,,,Active,,,,Power,,No,,No,No,No,100-104,,,,,,,,,,,Completed,2026-11-24T00:00:00Z,Pending,,,,,,2026-11-20T05:00:00Z,,,,,,,,,,,,,HYQU,M-HYQU-0093,M-HYQU-0093,,,,,,,,489,2026-08-31T20:34:05Z,2026-08-21T16:51:28Z,,,,,HYDRO QUEBEC,Soleil Anker,Soleil Anker
490,22106-9/29,9,29,No,22106,,No,No,No,No,No,No,No,,,Active,,,,Power,,No,,No,No,No,100-104,,,,,,,,,,,Completed,2026-11-24T00:00:00Z,Pending,,,,,,2026-11-20T05:00:00Z,,,,,,,,,,,,,HYQU,M-HYQU-0093,M-HYQU-0093,,,,,,,,490,2026-08-31T20:34:03Z,2026-08-21T16:51:29Z,,,,,HYDRO QUEBEC,Soleil Anker,Soleil Anker
491,21523-2/3,2,3,No,,,No,No,No,No,No,No,No,,,Active,,,,Zone B,,No,0,No,No,No,100-104,,46295,,,,,,,,,Completed,2026-11-25T00:00:00Z,,,,,,2026-11-18T00:00:00Z,2026-12-02T05:00:00Z,2027-01-10T05:00:00Z,Pb sur le premier minipad tanking décalé le temps de réajustement / manque composants / indépendance élevé,,,,,,,,,,,,,,,,,,,,,491,2026-08-31T21:07:48Z,2026-08-21T16:51:32Z,,,,,HYDRO QUEBEC,Soleil Anker,Soleil Anker
492,21523-2/3 SA,2,3,Yes,,,No,No,No,No,No,No,No,,,Active,,,,Zone B,,No,0,No,No,No,100-104,,,,,,,,,,,Completed,2026-11-25T00:00:00Z,,,,,,,2026-12-02T05:00:00Z,2027-01-10T05:00:00Z,,,,,,,,,,,,,,,,,,,,,,492,2026-08-31T21:07:45Z,2026-08-21T16:51:34Z,,,,,HYDRO QUEBEC,Soleil Anker,Soleil Anker
493,22097-1/5,1,5,No,,,No,No,No,No,No,No,No,,,Active,,,,Power / Ligne 1,,No,,No,No,No,100-104,,,,,,,,,,,Completed,2026-11-25T00:00:00Z,,,,,,,2026-11-25T05:00:00Z,2026-12-17T05:00:00Z,,,,,,,,,,,,,,,,,,,,,,493,2026-08-31T20:35:57Z,2026-08-21T16:51:36Z,,,,,HYDRO QUEBEC,Soleil Anker,Soleil Anker
494,22106-10/29,10,29,No,,,No,No,No,No,No,No,No,,,Active,,,,Power,,No,,No,No,No,100-104,,,,,,,,,,,Completed,2026-11-25T00:00:00Z,,,,,,,2026-11-23T05:00:00Z,,,,,,,,,,,,,,,,,,,,,,,494,2026-08-31T20:35:02Z,2026-08-21T16:51:39Z,,,,,HYDRO QUEBEC,Soleil Anker,Soleil Anker
495,22106-11/29,11,29,No,,,No,No,No,No,No,No,No,,,Active,,,,Power,,No,,No,No,No,100-104,,,,,,,,,,,Completed,2026-11-25T00:00:00Z,,,,,,,2026-11-23T05:00:00Z,,,,,,,,,,,,,,,,,,,,,,,495,2026-08-31T20:34:58Z,2026-08-21T16:51:41Z,,,,,HYDRO QUEBEC,Soleil Anker,Soleil Anker
496,22106-12/29,12,29,No,,,No,No,No,No,No,No,No,,,Active,,,,Power,,No,,No,No,No,100-104,,,,,,,,,,,Completed,2026-11-25T00:00:00Z,,,,,,,2026-11-24T05:00:00Z,,,,,,,,,,,,,,,,,,,,,,,496,2026-08-31T20:34:57Z,2026-08-21T16:51:43Z,,,,,HYDRO QUEBEC,Soleil Anker,Soleil Anker
497,22111-9/10,9,10,No,22111,,No,No,No,No,No,No,No,,,Active,,,,Power / Ligne 1,,No,,No,No,No,105-108,,,,,,,,,,,Completed,2026-11-25T00:00:00Z,Pending,,,,Completed,,2026-11-25T05:00:00Z,,,,2026-12-15T00:00:00Z,,,,,,,,,GEPO,M-GEPO-0013,MR-GEPO-0013-V1,,,,,,,,497,2026-08-31T20:33:31Z,2026-08-21T16:51:46Z,,,,,GEORGIA POWER,Soleil Anker,Soleil Anker
498,21903-3/5,3,5,No,,,No,No,No,No,No,No,No,,,Active,,,,Power / Ligne 1,,No,,No,No,No,100-104,,,,,,,,,,,Completed,2026-11-26T00:00:00Z,,,,,Completed,,2026-11-26T05:00:00Z,2026-12-17T05:00:00Z,,,2026-12-17T00:00:00Z,,,,,,,,,,,,,,,,,,,498,2026-08-31T20:58:29Z,2026-08-21T16:51:49Z,,,,,HYDRO QUEBEC,Soleil Anker,Soleil Anker
499,21903-4/5,4,5,No,,,No,No,No,No,No,No,No,,,Active,,,,Power / Ligne 1,,No,,No,No,No,100-104,,,,,,,,,,,Completed,2026-11-26T00:00:00Z,,,,,Completed,,2026-11-26T05:00:00Z,2026-12-17T05:00:00Z,,,2026-12-17T00:00:00Z,,,,,,,,,,,,,,,,,,,499,2026-08-31T20:58:26Z,2026-08-21T16:51:50Z,,,,,HYDRO QUEBEC,Soleil Anker,Soleil Anker
500,22106-13/29,13,29,No,,,No,No,No,No,No,No,No,,,Active,,,,Power,,No,,No,No,No,100-104,,,,,,,,,,,Completed,2026-11-26T00:00:00Z,,,,,,,2026-11-24T05:00:00Z,,,,,,,,,,,,,,,,,,,,,,,500,2026-08-31T20:34:53Z,2026-08-21T16:51:53Z,,,,,HYDRO QUEBEC,Soleil Anker,Soleil Anker
501,22106-14/29,14,29,No,22106,,No,No,No,No,No,No,No,,,Active,,,,Power,,No,,No,No,No,100-104,,,,,,,,,,,Completed,2026-11-26T00:00:00Z,Pending,,,,,,2026-11-25T05:00:00Z,,,,,,,,,,,,,HYQU,M-HYQU-0093,M-HYQU-0093,,,,,,,,501,2026-08-31T20:35:12Z,2026-08-21T16:51:55Z,,,,,HYDRO QUEBEC,Soleil Anker,Soleil Anker
502,22106-15/29,15,29,No,22106,,No,No,No,No,No,No,No,,,Active,,,,Power,,No,,No,No,No,100-104,,,,,,,,,,,Completed,2026-11-26T00:00:00Z,Pending,,,,,,2026-11-25T05:00:00Z,,,,,,,,,,,,,HYQU,M-HYQU-0093,M-HYQU-0093,,,,,,,,502,2026-08-31T20:35:11Z,2026-08-21T16:51:58Z,,,,,HYDRO QUEBEC,Soleil Anker,Soleil Anker
503,21903-5/5,5,5,No,,,No,No,No,No,No,No,No,,,Active,,,,Power / Ligne 1,,No,,No,No,No,100-104,,,,,,,,,,,Completed,2026-11-27T00:00:00Z,,,,,Completed,,2026-11-27T05:00:00Z,2026-12-17T05:00:00Z,,,2026-12-17T00:00:00Z,,,,,,,,,,,,,,,,,,,503,2026-08-31T20:58:25Z,2026-08-21T16:52:00Z,,,,,HYDRO QUEBEC,Soleil Anker,Soleil Anker
504,22106-16/29,16,29,No,,,No,No,No,No,No,No,No,,,Active,,,,Power,,No,,No,No,No,100-104,,,,,,,,,,,Completed,2026-11-27T00:00:00Z,,,,,,,2026-11-26T05:00:00Z,,,,,,,,,,,,,,,,,,,,,,,504,2026-08-31T20:34:45Z,2026-08-21T16:52:02Z,,,,,HYDRO QUEBEC,Soleil Anker,Soleil Anker
505,22106-17/29,17,29,No,,,No,No,No,No,No,No,No,,,Active,,,,Power,,No,,No,No,No,100-104,,,,,,,,,,,Completed,2026-11-27T00:00:00Z,,,,,,,2026-11-26T05:00:00Z,,,,,,,,,,,,,,,,,,,,,,,505,2026-08-31T20:34:43Z,2026-08-21T16:52:06Z,,,,,HYDRO QUEBEC,Soleil Anker,Soleil Anker
506,22106-18/29,18,29,No,,,No,No,No,No,No,No,No,,,Active,,,,Power,,No,,No,No,No,100-104,,,,,,,,,,,Completed,2026-11-27T00:00:00Z,,,,,,,2026-11-27T05:00:00Z,,,,,,,,,,,,,,,,,,,,,,,506,2026-08-31T20:34:40Z,2026-08-21T16:52:07Z,,,,,HYDRO QUEBEC,Soleil Anker,Soleil Anker
507,22111-10/10,10,10,No,22111,,No,No,No,No,No,No,No,,,Active,,,,Power / Ligne 1,,No,,No,No,No,105-108,,,,,,,,,,,Completed,2026-11-27T00:00:00Z,Pending,,,,Completed,,2026-11-27T05:00:00Z,,,,2026-12-15T00:00:00Z,,,,,,,,,GEPO,M-GEPO-0013,MR-GEPO-0013-V1,,,,,,,,507,2026-08-31T20:34:02Z,2026-08-21T16:52:10Z,,,,,GEORGIA POWER,Soleil Anker,Soleil Anker
508,21904-1/5,1,5,No,,,No,No,No,No,No,No,No,,,Active,,,,Power / Ligne 1,,No,,No,No,No,100-104,,,,,,,,,,,Completed,2026-11-30T00:00:00Z,,,,,Completed,,2026-11-30T05:00:00Z,2026-12-17T05:00:00Z,,,2026-12-17T00:00:00Z,,,,,,,,,,,,,,,,,,,508,2026-08-31T20:58:18Z,2026-08-21T16:52:12Z,,,,,HYDRO QUEBEC,Soleil Anker,Soleil Anker
509,21917-1/1,1,1,No,,,No,No,No,No,No,No,No,,,Active,,,,Power,,No,,No,No,No,100-104,,,,,,,,,,,Completed,2026-11-30T00:00:00Z,,,,,Completed,,2026-11-30T05:00:00Z,,,,2027-01-06T00:00:00Z,,,,,,,,,,,,,,,,,,,509,2026-08-31T20:56:15Z,2026-08-21T16:52:14Z,,,,,XCEL ENERGY NORTHERN,Soleil Anker,Soleil Anker
510,21939-1/1,1,1,No,,,No,No,No,No,No,No,No,,,Active,,,,Power / Ligne 1,,No,,No,No,No,100-104,,,,,,,,,,,Completed,2026-11-30T00:00:00Z,,,,,Completed,,2026-11-30T05:00:00Z,,,,2026-12-16T00:00:00Z,,,,,,,,,,,,,,,,,,,510,2026-08-31T20:54:45Z,2026-08-21T16:52:18Z,,,,,FIRST ENERGY,Soleil Anker,Soleil Anker
511,22106-19/29,19,29,No,,,No,No,No,No,No,No,No,,,Active,,,,Power,,No,,No,No,No,100-104,,,,,,,,,,,Completed,2026-11-30T00:00:00Z,,,,,,,2026-11-27T05:00:00Z,,,,,,,,,,,,,,,,,,,,,,,511,2026-08-31T20:34:38Z,2026-08-21T16:52:19Z,,,,,HYDRO QUEBEC,Soleil Anker,Soleil Anker
512,22106-20/29,20,29,No,,,No,No,No,No,No,No,No,,,Active,,,,Power,,No,,No,No,No,100-104,,,,,,,,,,,Completed,2026-11-30T00:00:00Z,,,,,,,2026-11-30T05:00:00Z,,,,,,,,,,,,,,,,,,,,,,,512,2026-08-31T20:34:33Z,2026-08-21T16:52:22Z,,,,,HYDRO QUEBEC,Soleil Anker,Soleil Anker
513,21352-1/1,1,1,No,,,No,No,No,No,No,No,No,,,Active,,,,Power,,No,,No,No,No,100-104,,N,,,,,,,,,Completed,2026-12-01T00:00:00Z,,,,,,2026-11-25T00:00:00Z,2026-12-06T05:00:00Z,,Pb STC,,,,,,,,,,,,,,,,,,,,,513,2026-08-31T21:09:01Z,2026-08-21T16:52:24Z,,,,,ENMAX,Soleil Anker,Soleil Anker
514,22089-1/5,1,5,No,22089,,No,No,No,No,No,No,No,,,Active,,,,Power,,No,,No,No,No,100-104,,,,,,,,,,,Completed,2026-12-01T00:00:00Z,Pending,,,,,,2026-12-01T05:00:00Z,2026-12-17T05:00:00Z,,,,,,,,,,,,HYQU,M-HYQU-0009,M-HYQU-0009,,,,,,,,514,2026-09-01T03:42:56Z,2026-08-21T16:52:26Z,,,,,HYDRO QUEBEC,Soleil Anker,Soleil Anker
515,22089-2/5,2,5,No,,,No,No,No,No,No,No,No,,,Active,,,,Power,,No,,No,No,No,100-104,,,,,,,,,,,Completed,2026-12-01T00:00:00Z,,,,,,,2026-12-01T05:00:00Z,2026-12-20T05:00:00Z,,,,,,,,,,,,,,,,,,,,,,515,2026-08-31T20:37:43Z,2026-08-21T16:52:28Z,,,,,HYDRO QUEBEC,Soleil Anker,Soleil Anker
516,22097-2/5,2,5,No,,,No,No,No,No,No,No,No,,,Active,,,,Power / Ligne 1,,No,,No,No,No,100-104,,,,,,,,,,,Completed,2026-12-01T00:00:00Z,,,,,,,2026-12-01T05:00:00Z,2026-12-20T05:00:00Z,,,,,,,,,,,,,,,,,,,,,,516,2026-08-31T20:35:55Z,2026-08-21T16:52:31Z,,,,,HYDRO QUEBEC,Soleil Anker,Soleil Anker
517,22106-21/29,21,29,No,22106,,No,No,No,No,No,No,No,,,Active,,,,Power,,No,,No,No,No,100-104,,,,,,,,,,,Completed,2026-12-01T00:00:00Z,Pending,,,,,,2026-11-30T05:00:00Z,,,,,,,,,,,,,HYQU,M-HYQU-0093,M-HYQU-0093,,,,,,,,517,2026-08-31T23:56:13Z,2026-08-21T16:52:34Z,,,,,HYDRO QUEBEC,Soleil Anker,Soleil Anker
518,21538-1/1,1,1,No,,,No,No,No,No,No,No,No,,,Active,,,,Zone B,,No,0,No,No,No,106-107,,,,,,,,,,,Completed,2026-12-02T00:00:00Z,,,,,,2026-11-25T00:00:00Z,2026-12-09T05:00:00Z,2027-01-28T05:00:00Z,Attente retour client ,,,,,,,,,,,,,,,,,,,,,518,2026-08-31T21:07:37Z,2026-08-21T16:52:36Z,,,,,HYDRO QUEBEC,Soleil Anker,Soleil Anker
519,21927-1/5,1,5,No,,,No,No,No,No,No,No,No,,,Active,,,,Power / Ligne 1,,No,,No,No,No,100-104,,,,,,,,,,,Completed,2026-12-02T00:00:00Z,,,,,,,2026-12-02T05:00:00Z,2027-01-28T05:00:00Z,,,,,,,,,,,,,,,,,,,,,,519,2026-08-31T20:55:31Z,2026-08-21T16:52:38Z,,,,,HYDRO QUEBEC,Soleil Anker,Soleil Anker
520,21927-2/5,2,5,No,,,No,No,No,No,No,No,No,,,Active,,,,Power / Ligne 1,,No,,No,No,No,100-104,,,,,,,,,,,Completed,2026-12-02T00:00:00Z,,,,,,,2026-12-02T05:00:00Z,2027-01-28T05:00:00Z,,,,,,,,,,,,,,,,,,,,,,520,2026-08-31T20:55:29Z,2026-08-21T16:52:40Z,,,,,HYDRO QUEBEC,Soleil Anker,Soleil Anker
521,21927-3/5,3,5,No,,,No,No,No,No,No,No,No,,,Active,,,,Power / Ligne 1,,No,,No,No,No,100-104,,,,,,,,,,,Completed,2026-12-02T00:00:00Z,,,,,,,2026-12-02T05:00:00Z,2027-01-28T05:00:00Z,,,,,,,,,,,,,,,,,,,,,,521,2026-08-31T20:55:26Z,2026-08-21T16:52:43Z,,,,,HYDRO QUEBEC,Soleil Anker,Soleil Anker
522,22100-1/2,1,2,No,,,No,No,No,No,No,No,No,,,Active,,,,,,No,,No,No,No,100-104,,,,,,,,,,,Completed,2026-12-02T00:00:00Z,,,,,,,2026-12-02T05:00:00Z,2027-01-04T05:00:00Z,,,,,,,,,,,,,,,,,,,,,,522,2026-08-31T20:35:32Z,2026-08-21T16:52:45Z,,,,,TORONTO HYDRO,Soleil Anker,Soleil Anker
523,22106-22/29,22,29,No,,,No,No,No,No,No,No,No,,,Active,,,,Power,,No,,No,No,No,100-104,,,,,,,,,,,Completed,2026-12-02T00:00:00Z,,,,,,,2026-11-30T05:00:00Z,,,,,,,,,,,,,,,,,,,,,,,523,2026-08-31T20:34:28Z,2026-08-21T16:52:47Z,,,,,HYDRO QUEBEC,Soleil Anker,Soleil Anker
524,22106-23/29,23,29,No,22106,,No,No,No,No,No,No,No,,,Active,,,,Power,,No,,No,No,No,100-104,,,,,,,,,,,Completed,2026-12-02T00:00:00Z,Pending,,,,,,2026-12-01T05:00:00Z,,,,,,,,,,,,,HYQU,M-HYQU-0093,M-HYQU-0093,,,,,,,,524,2026-08-31T20:34:33Z,2026-08-21T16:52:51Z,,,,,HYDRO QUEBEC,Soleil Anker,Soleil Anker
525,21904-2/5,2,5,No,,,No,No,No,No,No,No,No,,,Active,,,,Power / Ligne 1,,No,,No,No,No,100-104,,,,,,,,,,,Completed,2026-12-03T00:00:00Z,,,,,Completed,,2026-12-03T05:00:00Z,2026-12-17T05:00:00Z,,,2026-12-17T00:00:00Z,,,,,,,,,,,,,,,,,,,525,2026-08-31T20:58:16Z,2026-08-21T16:52:53Z,,,,,HYDRO QUEBEC,Soleil Anker,Soleil Anker
526,21904-3/5,3,5,No,,,No,No,No,No,No,No,No,,,Active,,,,Power / Ligne 1,,No,,No,No,No,100-104,,,,,,,,,,,Completed,2026-12-03T00:00:00Z,,,,,Completed,,2026-12-03T05:00:00Z,2026-12-17T05:00:00Z,,,2026-12-17T00:00:00Z,,,,,,,,,,,,,,,,,,,526,2026-08-31T20:58:13Z,2026-08-21T16:52:55Z,,,,,HYDRO QUEBEC,Soleil Anker,Soleil Anker
527,22089-3/5,3,5,No,,,No,No,No,No,No,No,No,,,Active,,,,Power,,No,,No,No,No,100-104,,,,,,,,,,,Completed,2026-12-03T00:00:00Z,,,,,,,2026-12-03T05:00:00Z,2026-12-17T05:00:00Z,,,,,,,,,,,,,,,,,,,,,,527,2026-08-31T20:37:40Z,2026-08-21T16:52:57Z,,,,,HYDRO QUEBEC,Soleil Anker,Soleil Anker
528,22089-4/5,4,5,No,,,No,No,No,No,No,No,No,,,Active,,,,Power,,No,,No,No,No,100-104,,,,,,,,,,,Completed,2026-12-03T00:00:00Z,,,,,,,2026-12-03T05:00:00Z,2026-12-17T05:00:00Z,,,,,,,,,,,,,,,,,,,,,,528,2026-08-31T20:37:37Z,2026-08-21T16:53:00Z,,,,,HYDRO QUEBEC,Soleil Anker,Soleil Anker
529,22089-5/5,5,5,No,,,No,No,No,No,No,No,No,,,Active,,,,Power,,No,,No,No,No,100-104,,,,,,,,,,,Completed,2026-12-03T00:00:00Z,,,,,,,2026-12-03T05:00:00Z,2026-12-17T05:00:00Z,,,,,,,,,,,,,,,,,,,,,,529,2026-08-31T20:37:34Z,2026-08-21T16:53:02Z,,,,,HYDRO QUEBEC,Soleil Anker,Soleil Anker
530,21929-1/1,1,1,No,,,No,No,No,No,No,No,No,,,Active,,,,Power,,No,,No,No,No,100-104,,,,,,,,,,,Completed,2026-12-04T00:00:00Z,,,,,Completed,,2026-12-04T05:00:00Z,,,,2027-01-14T00:00:00Z,,,,,,,,,,,,,,,,,,,530,2026-08-31T20:55:07Z,2026-08-21T16:53:05Z,,,,,XCEL ENERGY NORTHERN,Soleil Anker,Soleil Anker
531,21983-1/1,1,1,No,,,No,No,No,No,No,No,No,,,Active,,,,Power,,No,,No,No,No,105-108,,,,,,,,,,,Completed,2026-12-04T00:00:00Z,,,,,,,2026-12-04T05:00:00Z,,,,,,,,,,,,,,,,,,,,,,,531,2026-08-31T20:49:47Z,2026-08-21T16:53:07Z,,,,,FIRST ENERGY,Soleil Anker,Soleil Anker
532,22091-1/5,1,5,No,,,No,No,No,No,No,No,No,,,Active,,,,Power,,No,,No,No,No,100-104,,,,,,,,,,,Completed,2026-12-04T00:00:00Z,,,,,Completed,,2026-12-04T05:00:00Z,2026-12-20T05:00:00Z,,,2026-12-17T00:00:00Z,,,,,,,,,,,,,,,,,,,532,2026-08-31T20:37:21Z,2026-08-21T16:53:19Z,,,,,HYDRO QUEBEC,Soleil Anker,Soleil Anker
533,22091-2/5,2,5,No,,,No,No,No,No,No,No,No,,,Active,,,,Power,,No,,No,No,No,100-104,,,,,,,,,,,Completed,2026-12-04T00:00:00Z,,,,,Completed,,2026-12-04T05:00:00Z,2026-12-20T05:00:00Z,,,2026-12-17T00:00:00Z,,,,,,,,,,,,,,,,,,,533,2026-08-31T20:37:19Z,2026-08-21T16:53:21Z,,,,,HYDRO QUEBEC,Soleil Anker,Soleil Anker
534,22097-3/5,3,5,No,22097,,No,No,No,No,No,No,No,,,Active,,,,Power / Ligne 1,,No,,No,No,No,100-104,,,,,,,,,,,Completed,2026-12-04T00:00:00Z,Pending,,,,,,2026-12-04T05:00:00Z,2026-12-17T05:00:00Z,,,,,,,,,,,,HYQU,M-HYQU-0017,M-HYQU-0017,,,,,,,,534,2026-09-01T00:42:00Z,2026-08-21T16:53:23Z,,,,,HYDRO QUEBEC,Soleil Anker,Soleil Anker
535,22106-24/29,24,29,No,22106,,No,No,No,No,No,No,No,,,Active,,,,Power,,No,,No,No,No,100-104,,,,,,,,,,,Completed,2026-12-04T00:00:00Z,Pending,,,,,,2026-12-02T05:00:00Z,,,,,,,,,,,,,HYQU,M-HYQU-0093,M-HYQU-0093,,,,,,,,535,2026-08-31T20:34:34Z,2026-08-21T16:53:26Z,,,,,HYDRO QUEBEC,Soleil Anker,Soleil Anker
536,21924-1/3,1,3,No,,,No,No,No,No,No,No,No,,,Active,,,,Power / Ligne 1,,No,,No,No,No,100-104,,,,,,,,,,,Completed,2026-12-07T00:00:00Z,,,,,Completed,,2026-12-07T05:00:00Z,,,,2027-01-28T00:00:00Z,,,,,,,,,,,,,,,,,,,536,2026-08-31T20:56:10Z,2026-08-21T16:53:28Z,,,,,HYDRO QUEBEC,Soleil Anker,Soleil Anker
537,22005-1/2,1,2,No,,,No,No,No,No,No,No,No,,,Active,,,,Power / Ligne 1,,No,,No,No,No,100-104,,,,,,,,,,,Completed,2026-12-07T00:00:00Z,,,,,Completed,,2026-12-07T05:00:00Z,,,,2027-01-14T00:00:00Z,,,,,,,,,,,,,,,,,,,537,2026-08-31T20:46:30Z,2026-08-21T16:53:31Z,,,,,MADISON GAS § ELECTRIC,Soleil Anker,Soleil Anker
538,22005-2/2,2,2,No,,,No,No,No,No,No,No,No,,,Active,,,,Power / Ligne 1,,No,,No,No,No,100-104,,,,,,,,,,,Completed,2026-12-07T00:00:00Z,,,,,Completed,,2026-12-07T05:00:00Z,,,,2027-01-14T00:00:00Z,,,,,,,,,,,,,,,,,,,538,2026-08-31T20:46:27Z,2026-08-21T16:53:33Z,,,,,MADISON GAS § ELECTRIC,Soleil Anker,Soleil Anker
539,22106-25/29,25,29,No,22106,,No,No,No,No,No,No,No,,,Active,,,,Power,,No,,No,No,No,100-104,,,,,,,,,,,Completed,2026-12-07T00:00:00Z,Pending,,,,,,2026-12-02T05:00:00Z,,,,,,,,,,,,,HYQU,M-HYQU-0093,M-HYQU-0093,,,,,,,,539,2026-08-31T20:34:33Z,2026-08-21T16:53:35Z,,,,,HYDRO QUEBEC,Soleil Anker,Soleil Anker
540,22122-1/2,1,2,No,22122,,No,No,No,No,No,No,No,,,Active,,,,Power / Ligne 1,,No,,No,No,No,100-104,,,,,,,,,,,Completed,2026-12-07T00:00:00Z,Pending,,,,,,2026-12-07T05:00:00Z,,,,,,,,,,,,,HYQU,M-HYQU-0018,MR-HYQU-0018-V1,,,,,,,,540,2026-08-31T20:31:53Z,2026-08-21T16:53:37Z,,,,,HYDRO QUEBEC,Soleil Anker,Soleil Anker
541,21814-11/11,11,11,No,,,No,No,No,No,No,No,No,,,Active,,,,Zone B,,No,0,No,No,No,106,,N,,,,,,,,,Completed,2026-12-08T00:00:00Z,,,,,Completed,,2027-01-05T05:00:00Z,2026-12-20T05:00:00Z,Pierre L. exp 15 déc,,2026-12-15T00:00:00Z,,,,,,,,,,,,,,,,,,,541,2026-08-31T21:04:23Z,2026-08-21T16:53:40Z,,,,,HYDRO QUEBEC,Soleil Anker,Soleil Anker
542,21904-4/5,4,5,No,,,No,No,No,No,No,No,No,,,Active,,,,Power / Ligne 1,,No,,No,No,No,100-104,,,,,,,,,,,Completed,2026-12-08T00:00:00Z,,,,,Completed,,2026-12-08T05:00:00Z,2026-12-17T05:00:00Z,,,2026-12-17T00:00:00Z,,,,,,,,,,,,,,,,,,,542,2026-08-31T20:58:11Z,2026-08-21T16:53:43Z,,,,,HYDRO QUEBEC,Soleil Anker,Soleil Anker
543,21904-5/5,5,5,No,,,No,No,No,No,No,No,No,,,Active,,,,Power / Ligne 1,,No,,No,No,No,100-104,,,,,,,,,,,Completed,2026-12-08T00:00:00Z,,,,,Completed,,2026-12-08T05:00:00Z,2026-12-17T05:00:00Z,,,2026-12-17T00:00:00Z,,,,,,,,,,,,,,,,,,,543,2026-08-31T20:58:09Z,2026-08-21T16:53:44Z,,,,,HYDRO QUEBEC,Soleil Anker,Soleil Anker
544,22100-2/2,2,2,No,,,No,No,No,No,No,No,No,,,Active,,,,,,No,,No,No,No,100-104,,,,,,,,,,,Completed,2026-12-08T00:00:00Z,,,,,,,2026-12-08T05:00:00Z,2027-01-04T05:00:00Z,,,,,,,,,,,,,,,,,,,,,,544,2026-08-31T20:35:29Z,2026-08-21T16:53:47Z,,,,,TORONTO HYDRO,Soleil Anker,Soleil Anker
545,22106-26/29,26,29,No,22106,,No,No,No,No,No,No,No,,,Active,,,,Power,,No,,No,No,No,100-104,,,,,,,,,,,Completed,2026-12-08T00:00:00Z,Pending,,,,,,2026-12-02T05:00:00Z,,,,,,,,,,,,,HYQU,M-HYQU-0093,M-HYQU-0093,,,,,,,,545,2026-08-31T20:34:33Z,2026-08-21T16:53:50Z,,,,,HYDRO QUEBEC,Soleil Anker,Soleil Anker
546,22106-27/29,27,29,No,22106,,No,No,No,No,No,No,No,,,Active,,,,Power,,No,,No,No,No,100-104,,,,,,,,,,,Completed,2026-12-08T00:00:00Z,Pending,,,,,,2026-12-04T05:00:00Z,,,,,,,,,,,,,HYQU,M-HYQU-0093,M-HYQU-0093,,,,,,,,546,2026-08-31T20:34:34Z,2026-08-21T16:53:53Z,,,,,HYDRO QUEBEC,Soleil Anker,Soleil Anker
547,22118-1/4,1,4,No,22118,,No,No,No,No,No,No,No,,,Active,,,,Power,,No,,No,No,No,100-104,,,,,,,,,,,Completed,2026-12-08T00:00:00Z,Pending,,,,,,2026-12-08T05:00:00Z,,,,,,,,,,,,,HYQU,M-HYQU-0009,M-HYQU-0009,,,,,,,,547,2026-08-31T20:32:57Z,2026-08-21T16:53:54Z,,,,,HYDRO QUEBEC,Soleil Anker,Soleil Anker
548,21924-2/3,2,3,No,,,No,No,No,No,No,No,No,,,Active,,,,Power / Ligne 1,,No,,No,No,No,100-104,,,,,,,,,,,Completed,2026-12-09T00:00:00Z,,,,,,,2026-12-09T05:00:00Z,2027-01-30T05:00:00Z,,,,,,,,,,,,,,,,,,,,,,548,2026-08-31T20:56:08Z,2026-08-21T16:53:57Z,,,,,HYDRO QUEBEC,Soleil Anker,Soleil Anker
549,22091-3/5,3,5,No,,,No,No,No,No,No,No,No,,,Active,,,,Power,,No,,No,No,No,100-104,,,,,,,,,,,Completed,2026-12-09T00:00:00Z,,,,,Completed,,2026-12-09T05:00:00Z,2026-12-20T05:00:00Z,,,2026-12-17T00:00:00Z,,,,,,,,,,,,,,,,,,,549,2026-08-31T20:37:17Z,2026-08-21T16:54:00Z,,,,,HYDRO QUEBEC,Soleil Anker,Soleil Anker
550,22091-4/5,4,5,No,22091,,No,No,No,No,No,No,No,,,Active,,,,Power,,No,,No,No,No,100-104,,,,,,,,,,,Completed,2026-12-09T00:00:00Z,Pending,,,,Completed,,2026-12-09T05:00:00Z,2026-12-20T05:00:00Z,,,2026-12-17T00:00:00Z,,,,,,,,,HYQU,M-HYQU-0014,M-HYQU-0014,,,,,,,,550,2026-09-01T00:17:24Z,2026-08-21T16:54:06Z,,,,,HYDRO QUEBEC,Soleil Anker,Soleil Anker
551,22097-4/5,4,5,No,,,No,No,No,No,No,No,No,,,Active,,,,Power / Ligne 1,,No,,No,No,No,100-104,,,,,,,,,,,Completed,2026-12-09T00:00:00Z,,,,,,,2026-12-09T05:00:00Z,2026-12-20T05:00:00Z,,,,,,,,,,,,,,,,,,,,,,551,2026-08-31T20:35:50Z,2026-08-21T16:54:08Z,,,,,HYDRO QUEBEC,Soleil Anker,Soleil Anker
552,22106-28/29,28,29,No,22106,,No,No,No,No,No,No,No,,,Active,,,,Power,,No,,No,No,No,100-104,,,,,,,,,,,Completed,2026-12-09T00:00:00Z,Pending,,,,,,2026-12-08T05:00:00Z,,,,,,,,,,,,,HYQU,M-HYQU-0093,M-HYQU-0093,,,,,,,,552,2026-08-31T20:34:33Z,2026-08-21T16:54:12Z,,,,,HYDRO QUEBEC,Soleil Anker,Soleil Anker
553,22006-1/2,1,2,No,,,No,No,No,No,No,No,No,,,Active,,,,Power / Ligne 1,,No,,No,No,No,100-104,,,,,,,,,,,Completed,2026-12-10T00:00:00Z,,,,,,,2026-12-10T05:00:00Z,,,,,,,,,,,,,,,,,,,,,,,553,2026-08-31T20:46:25Z,2026-08-21T16:54:13Z,,,,,MADISON GAS § ELECTRIC,Soleil Anker,Soleil Anker
554,22006-2/2,2,2,No,,,No,No,No,No,No,No,No,,,Active,,,,Power / Ligne 1,,No,,No,No,No,100-104,,,,,,,,,,,Completed,2026-12-10T00:00:00Z,,,,,,,2026-12-10T05:00:00Z,,,,,,,,,,,,,,,,,,,,,,,554,2026-08-31T20:46:23Z,2026-08-21T16:54:15Z,,,,,MADISON GAS § ELECTRIC,Soleil Anker,Soleil Anker
555,22020-2/2,2,2,No,,,No,No,No,No,No,No,No,,,Active,,,,Zone B,,No,,No,No,No,106-107,,,,,,,,,,,Completed,2026-12-15T00:00:00Z,,,,,Completed,,2026-12-10T05:00:00Z,2026-12-20T05:00:00Z,À expédier en 2026 si possible / cuve différente de 21814,,2026-12-20T00:00:00Z,,,,,,,,,,,,,,,,,,,555,2026-08-31T20:45:16Z,2026-08-21T16:54:18Z,,,,,HYDRO QUEBEC,Soleil Anker,Soleil Anker
556,22091-5/5,5,5,No,,,No,No,No,No,No,No,No,,,Active,,,,Power,,No,,No,No,No,100-104,,,,,,,,,,,Completed,2026-12-10T00:00:00Z,,,,,Completed,,2026-12-10T05:00:00Z,2026-12-20T05:00:00Z,,,2026-12-17T00:00:00Z,,,,,,,,,,,,,,,,,,,556,2026-08-31T20:37:11Z,2026-08-21T16:54:20Z,,,,,HYDRO QUEBEC,Soleil Anker,Soleil Anker
557,22106-29/29,29,29,No,22106,,No,No,No,No,No,No,No,,,Active,,,,Power,,No,,No,No,No,100-104,,,,,,,,,,,Completed,2026-12-10T00:00:00Z,Pending,,,,,,2026-12-08T05:00:00Z,,,,,,,,,,,,,HYQU,M-HYQU-0093,M-HYQU-0093,,,,,,,,557,2026-08-31T20:34:33Z,2026-08-21T16:54:22Z,,,,,HYDRO QUEBEC,Soleil Anker,Soleil Anker
558,22122-2/2,2,2,No,22122,,No,No,No,No,No,No,No,,,Active,,,,Power / Ligne 1,,No,,No,No,No,100-104,,,,,,,,,,,Completed,2026-12-10T00:00:00Z,Pending,,,,,,2026-12-10T05:00:00Z,,,,,,,,,,,,,HYQU,M-HYQU-0018,MR-HYQU-0018-V1,,,,,,,,558,2026-08-31T20:31:54Z,2026-08-21T16:54:25Z,,,,,HYDRO QUEBEC,Soleil Anker,Soleil Anker
559,21925-1/10,1,10,No,,,No,No,No,No,No,No,No,,,Active,,,,Power,,No,,No,No,No,100-104,,,,,,,,,,,Completed,2026-12-11T00:00:00Z,,,,,,,2026-12-11T05:00:00Z,2027-01-30T05:00:00Z,,,,,,,,,,,,,,,,,,,,,,559,2026-08-31T20:56:03Z,2026-08-21T16:54:27Z,,,,,HYDRO QUEBEC,Soleil Anker,Soleil Anker
560,21925-2/10,2,10,No,,,No,No,No,No,No,No,No,,,Active,,,,Power,,No,,No,No,No,100-104,,,,,,,,,,,Completed,2026-12-11T00:00:00Z,,,,,,,2026-12-11T05:00:00Z,2027-01-30T05:00:00Z,,,,,,,,,,,,,,,,,,,,,,560,2026-08-31T20:55:57Z,2026-08-21T16:54:29Z,,,,,HYDRO QUEBEC,Soleil Anker,Soleil Anker
561,21925-3/10,3,10,No,,,No,No,No,No,No,No,No,,,Active,,,,Power,,No,,No,No,No,100-104,,,,,,,,,,,Completed,2026-12-11T00:00:00Z,,,,,,,2026-12-11T05:00:00Z,2027-01-30T05:00:00Z,,,,,,,,,,,,,,,,,,,,,,561,2026-08-31T20:55:56Z,2026-08-21T16:54:32Z,,,,,HYDRO QUEBEC,Soleil Anker,Soleil Anker
562,21925-4/10,4,10,No,,,No,No,No,No,No,No,No,,,Active,,,,Power,,No,,No,No,No,100-104,,,,,,,,,,,Completed,2026-12-11T00:00:00Z,,,,,,,2026-12-11T05:00:00Z,2027-01-30T05:00:00Z,,,,,,,,,,,,,,,,,,,,,,562,2026-08-31T20:55:53Z,2026-08-21T16:54:35Z,,,,,HYDRO QUEBEC,Soleil Anker,Soleil Anker
563,22097-5/5,5,5,No,,,No,No,No,No,No,No,No,,,Active,,,,Power / Ligne 1,,No,,No,No,No,100-104,,,,,,,,,,,Completed,2026-12-11T00:00:00Z,,,,,,,2026-12-11T05:00:00Z,2026-12-20T05:00:00Z,,,,,,,,,,,,,,,,,,,,,,563,2026-08-31T20:35:45Z,2026-08-21T16:54:36Z,,,,,HYDRO QUEBEC,Soleil Anker,Soleil Anker
564,21925-5/10,5,10,No,,,No,No,No,No,No,No,No,,,Active,,,,Power,,No,,No,No,No,100-104,,,,,,,,,,,Completed,2026-12-14T00:00:00Z,,,,,,,2026-12-14T05:00:00Z,2027-01-30T05:00:00Z,,,,,,,,,,,,,,,,,,,,,,564,2026-08-31T20:55:50Z,2026-08-21T16:54:38Z,,,,,HYDRO QUEBEC,Soleil Anker,Soleil Anker
565,21925-6/10,6,10,No,,,No,No,No,No,No,No,No,,,Active,,,,Power,,No,,No,No,No,100-104,,,,,,,,,,,Completed,2026-12-14T00:00:00Z,,,,,,,2026-12-14T05:00:00Z,2027-01-30T05:00:00Z,,,,,,,,,,,,,,,,,,,,,,565,2026-08-31T20:55:48Z,2026-08-21T16:54:40Z,,,,,HYDRO QUEBEC,Soleil Anker,Soleil Anker
566,21925-7/10,7,10,No,,,No,No,No,No,No,No,No,,,Active,,,,Power,,No,,No,No,No,100-104,,,,,,,,,,,Completed,2026-12-14T00:00:00Z,,,,,,,2026-12-14T05:00:00Z,2027-01-30T05:00:00Z,,,,,,,,,,,,,,,,,,,,,,566,2026-08-31T20:55:45Z,2026-08-21T16:54:43Z,,,,,HYDRO QUEBEC,Soleil Anker,Soleil Anker
567,22109-1/1,1,1,No,22109,,No,No,No,No,No,No,No,,,Active,,,,,,No,,No,No,No,105-108,,,,,,,,,,,Completed,2026-12-16T00:00:00Z,Pending,,,,,,2026-12-14T05:00:00Z,,,,,,,,,,,,,EXEL,M-EXEL-0001,MR-EXEL-0001-V1,,,,,,,,567,2026-08-31T20:34:04Z,2026-08-21T16:54:45Z,,,,,EXELON,Soleil Anker,Soleil Anker
568,22117-1/2,1,2,No,22117,,No,No,No,No,No,No,No,,,Active,,,,Power / Ligne 1,,No,,No,No,No,,,,,,,,,,,,Completed,2026-12-14T00:00:00Z,Pending,,,,Completed,,2026-12-14T05:00:00Z,,,,2027-01-22T00:00:00Z,,,,,,,,,REDE,M-REDE-0001,MR-REDE-0001-V1,,,,,,,,568,2026-08-31T20:32:58Z,2026-08-21T16:54:47Z,,,,,RED DEER,Soleil Anker,Soleil Anker
569,21924-3/3,3,3,No,,,No,No,No,No,No,No,No,,,Active,,,,Power / Ligne 1,,No,,No,No,No,100-104,,,,,,,,,,,Completed,2026-12-15T00:00:00Z,,,,,,,2026-12-15T05:00:00Z,2027-01-30T05:00:00Z,,,,,,,,,,,,,,,,,,,,,,569,2026-08-31T20:56:05Z,2026-08-21T16:54:50Z,,,,,HYDRO QUEBEC,Soleil Anker,Soleil Anker
570,21927-4/5,4,5,No,,,No,No,No,No,No,No,No,,,Active,,,,Power / Ligne 1,,No,,No,No,No,100-104,,,,,,,,,,,Completed,2026-12-15T00:00:00Z,,,,,,,2026-12-15T05:00:00Z,2027-01-30T05:00:00Z,,,,,,,,,,,,,,,,,,,,,,570,2026-08-31T20:55:24Z,2026-08-21T16:54:52Z,,,,,HYDRO QUEBEC,Soleil Anker,Soleil Anker
571,21927-5/5,5,5,No,,,No,No,No,No,No,No,No,,,Active,,,,Power / Ligne 1,,No,,No,No,No,100-104,,,,,,,,,,,Completed,2026-12-17T00:00:00Z,,,,,,,2026-12-15T05:00:00Z,2027-01-30T05:00:00Z,,,,,,,,,,,,,,,,,,,,,,571,2026-08-31T20:55:21Z,2026-08-21T16:54:54Z,,,,,HYDRO QUEBEC,Soleil Anker,Soleil Anker
572,22020-1/2,1,2,No,,,No,No,No,No,No,No,No,,,Active,,,,Zone B,,No,,No,No,No,106-107,,,,,,,,,,,Completed,2026-12-10T00:00:00Z,,,,,Completed,,2026-12-15T05:00:00Z,2026-12-20T05:00:00Z,À expédier en 2026 si possible / cuve différente de 21814,,2026-12-20T00:00:00Z,,,,,,,,,,,,,,,,,,,572,2026-08-31T20:45:18Z,2026-08-21T16:54:57Z,,,,,HYDRO QUEBEC,Soleil Anker,Soleil Anker
573,22118-2/4,2,4,No,22118,,No,No,No,No,No,No,No,,,Active,,,,Power,,No,,No,No,No,100-104,,,,,,,,,,,Completed,2026-12-15T00:00:00Z,Pending,,,,,,2026-12-15T05:00:00Z,,,,,,,,,,,,,HYQU,M-HYQU-0009,M-HYQU-0009,,,,,,,,573,2026-08-31T20:32:57Z,2026-08-21T16:55:00Z,,,,,HYDRO QUEBEC,Soleil Anker,Soleil Anker
574,22118-3/4,3,4,No,22118,,No,No,No,No,No,No,No,,,Active,,,,Power,,No,,No,No,No,100-104,,,,,,,,,,,Completed,2026-12-15T00:00:00Z,Pending,,,,,,2026-12-15T05:00:00Z,,,,,,,,,,,,,HYQU,M-HYQU-0009,M-HYQU-0009,,,,,,,,574,2026-08-31T20:32:56Z,2026-08-21T16:55:01Z,,,,,HYDRO QUEBEC,Soleil Anker,Soleil Anker
575,22118-4/4,4,4,No,22118,,No,No,No,No,No,No,No,,,Active,,,,Power,,No,,No,No,No,100-104,,,,,,,,,,,Completed,2026-12-16T00:00:00Z,Pending,,,,,,2026-12-15T05:00:00Z,,,,,,,,,,,,,HYQU,M-HYQU-0009,M-HYQU-0009,,,,,,,,575,2026-08-31T20:32:58Z,2026-08-21T16:55:04Z,,,,,HYDRO QUEBEC,Soleil Anker,Soleil Anker
576,22123-1/2,1,2,No,22123,,No,No,No,No,No,No,No,,,Active,,,,Power / Ligne 1,,No,,No,No,No,100-104,,,,,,,,,,,Completed,2026-12-18T00:00:00Z,Pending,,,,,,2026-12-15T05:00:00Z,,,,,,,,,,,,,HYQU,M-HYQU-0022,MR-HYQU-0022-V1,,,,,,,,576,2026-08-31T20:31:52Z,2026-08-21T16:55:06Z,,,,,HYDRO QUEBEC,Soleil Anker,Soleil Anker
577,21523-3/3,3,3,No,,,No,No,No,No,No,No,No,,,Active,,,,Zone B,,No,0,No,No,No,100-104,,46452,,,,,,,,,Completed,2026-12-16T00:00:00Z,,,,,,2026-12-02T00:00:00Z,2026-12-16T05:00:00Z,2027-01-30T05:00:00Z,Attente retour client ,,,,,,,,,,,,,,,,,,,,,577,2026-08-31T21:07:43Z,2026-08-21T16:55:08Z,,,,,HYDRO QUEBEC,Soleil Anker,Soleil Anker
578,21523-3/3 SA,3,3,Yes,,,No,No,No,No,No,No,No,,,Active,,,,Zone B,,No,0,No,No,No,100-104,,,,,,,,,,,Completed,2026-12-16T00:00:00Z,,,,,,,2026-12-16T05:00:00Z,2027-01-30T05:00:00Z,,,,,,,,,,,,,,,,,,,,,,578,2026-08-31T21:07:40Z,2026-08-21T16:55:12Z,,,,,HYDRO QUEBEC,Soleil Anker,Soleil Anker
579,22086-1/1,1,1,No,,,No,No,No,No,No,No,No,,,Active,,,,Zone B,,No,,No,No,No,,,,,,,,,,,,Completed,2026-12-16T00:00:00Z,,,,,,,2026-12-16T05:00:00Z,,Risqué pour janvier attente dossier (12/06),,,,,,,,,,,,,,,,,,,,,579,2026-08-31T20:38:09Z,2026-08-21T16:55:13Z,,,,,FIRST ENERGY,Soleil Anker,Soleil Anker
580,22117-2/2,2,2,No,22117,,No,No,No,No,No,No,No,,,Active,,,,Power / Ligne 1,,No,,No,No,No,,,,,,,,,,,,Completed,2026-12-17T00:00:00Z,Pending,,,,Completed,,2026-12-16T05:00:00Z,,,,2027-01-22T00:00:00Z,,,,,,,,,REDE,M-REDE-0001,MR-REDE-0001-V1,,,,,,,,580,2026-08-31T20:32:57Z,2026-08-21T16:55:16Z,,,,,RED DEER,Soleil Anker,Soleil Anker
581,22121-1/8,1,8,No,22121,,No,No,No,No,No,No,No,,,Active,,,,Power,,No,,No,No,No,100-104,,,,,,,,,,,Completed,2026-12-16T00:00:00Z,Pending,,,,,,2026-12-16T05:00:00Z,,,,,,,,,,,,,HYQU,M-HYQU-0014,M-HYQU-0014,,,,,,,,581,2026-08-31T20:32:25Z,2026-08-21T16:55:19Z,,,,,HYDRO QUEBEC,Soleil Anker,Soleil Anker
582,22121-2/8,2,8,No,22121,,No,No,No,No,No,No,No,,,Active,,,,Power,,No,,No,No,No,100-104,,,,,,,,,,,Completed,2026-12-18T00:00:00Z,Pending,,,,,,2026-12-16T05:00:00Z,,,,,,,,,,,,,HYQU,M-HYQU-0014,M-HYQU-0014,,,,,,,,582,2026-08-31T20:32:27Z,2026-08-21T16:55:20Z,,,,,HYDRO QUEBEC,Soleil Anker,Soleil Anker
583,22121-3/8,3,8,No,22121,,No,No,No,No,No,No,No,,,Active,,,,Power,,No,,No,No,No,100-104,,,,,,,,,,,Completed,2026-12-18T00:00:00Z,Pending,,,,,,2026-12-16T05:00:00Z,,,,,,,,,,,,,HYQU,M-HYQU-0014,M-HYQU-0014,,,,,,,,583,2026-08-31T20:32:27Z,2026-08-21T16:55:23Z,,,,,HYDRO QUEBEC,Soleil Anker,Soleil Anker
584,21925-10/10,10,10,No,,,No,No,No,No,No,No,No,,,Active,,,,Power,,No,,No,No,No,100-104,,,,,,,,,,,Completed,2026-12-17T00:00:00Z,,,,,,,2026-12-17T05:00:00Z,2027-01-30T05:00:00Z,,,,,,,,,,,,,,,,,,,,,,584,2026-08-31T20:56:00Z,2026-08-21T16:55:25Z,,,,,HYDRO QUEBEC,Soleil Anker,Soleil Anker
585,21925-8/10,8,10,No,,,No,No,No,No,No,No,No,,,Active,,,,Power,,No,,No,No,No,100-104,,,,,,,,,,,Completed,2026-12-17T00:00:00Z,,,,,,,2026-12-17T05:00:00Z,2027-01-30T05:00:00Z,,,,,,,,,,,,,,,,,,,,,,585,2026-08-31T20:55:43Z,2026-08-21T16:55:27Z,,,,,HYDRO QUEBEC,Soleil Anker,Soleil Anker
586,21925-9/10,9,10,No,,,No,No,No,No,No,No,No,,,Active,,,,Power,,No,,No,No,No,100-104,,,,,,,,,,,Completed,2026-12-17T00:00:00Z,,,,,,,2026-12-17T05:00:00Z,2027-01-30T05:00:00Z,,,,,,,,,,,,,,,,,,,,,,586,2026-08-31T20:55:40Z,2026-08-21T16:55:30Z,,,,,HYDRO QUEBEC,Soleil Anker,Soleil Anker
587,21938-1/1,1,1,No,,,No,No,No,No,No,No,No,,,Active,,,,Power / Ligne 1,,No,,No,No,No,105-108,,,,,,,,,,,Completed,2026-12-17T00:00:00Z,,,,,Completed,,2026-12-17T05:00:00Z,,,,2027-01-27T00:00:00Z,,,,,,,,,,,,,,,,,,,587,2026-08-31T20:54:49Z,2026-08-21T16:55:32Z,,,,,XCEL ENERGY NORTHERN,Soleil Anker,Soleil Anker
588,22121-4/8,4,8,No,22121,,No,No,No,No,No,No,No,,,Active,,,,Power,,No,,No,No,No,100-104,,,,,,,,,,,Completed,2026-12-18T00:00:00Z,Pending,,,,,,2026-12-17T05:00:00Z,,,,,,,,,,,,,HYQU,M-HYQU-0014,M-HYQU-0014,,,,,,,,588,2026-08-31T20:32:25Z,2026-08-21T16:55:34Z,,,,,HYDRO QUEBEC,Soleil Anker,Soleil Anker
589,22123-2/2,2,2,No,22123,,No,No,No,No,No,No,No,,,Active,,,,Power / Ligne 1,,No,,No,No,No,100-104,,,,,,,,,,,Completed,2026-12-18T00:00:00Z,Pending,,,,,,2026-12-17T05:00:00Z,,,,,,,,,,,,,HYQU,M-HYQU-0022,MR-HYQU-0022-V1,,,,,,,,589,2026-08-31T20:31:52Z,2026-08-21T16:55:37Z,,,,,HYDRO QUEBEC,Soleil Anker,Soleil Anker
590,22121-5/8,5,8,No,22121,,No,No,No,No,No,No,No,,,Active,,,,Power,,No,,No,No,No,100-104,,,,,,,,,,,Completed,2026-12-21T00:00:00Z,Pending,,,,,,2026-12-18T05:00:00Z,,,,,,,,,,,,,HYQU,M-HYQU-0014,M-HYQU-0014,,,,,,,,590,2026-08-31T20:32:25Z,2026-08-21T16:55:40Z,,,,,HYDRO QUEBEC,Soleil Anker,Soleil Anker
591,22121-6/8,6,8,No,22121,,No,No,No,No,No,No,No,,,Active,,,,Power,,No,,No,No,No,100-104,,,,,,,,,,,Completed,2026-12-21T00:00:00Z,Pending,,,,,,2026-12-18T05:00:00Z,,,,,,,,,,,,,HYQU,M-HYQU-0014,M-HYQU-0014,,,,,,,,591,2026-08-31T20:32:25Z,2026-08-21T16:55:42Z,,,,,HYDRO QUEBEC,Soleil Anker,Soleil Anker
592,22121-7/8,7,8,No,22121,,No,No,No,No,No,No,No,,,Active,,,,Power,,No,,No,No,No,100-104,,,,,,,,,,,Completed,2026-12-21T00:00:00Z,Pending,,,,,,2026-12-18T05:00:00Z,,,,,,,,,,,,,HYQU,M-HYQU-0014,M-HYQU-0014,,,,,,,,592,2026-08-31T20:32:26Z,2026-08-21T16:55:44Z,,,,,HYDRO QUEBEC,Soleil Anker,Soleil Anker
593,22121-8/8,8,8,No,22121,,No,No,No,No,No,No,No,,,Active,,,,Power,,No,,No,No,No,100-104,,,,,,,,,,,Completed,2026-12-21T00:00:00Z,Pending,,,,,,2026-12-18T05:00:00Z,,,,,,,,,,,,,HYQU,M-HYQU-0014,M-HYQU-0014,,,,,,,,593,2026-08-31T20:32:25Z,2026-08-21T16:55:48Z,,,,,HYDRO QUEBEC,Soleil Anker,Soleil Anker
594,21361-1/1,1,1,No,,,No,No,No,No,No,No,No,,,Active,,,,Power / Ligne 1,,No,,No,No,No,100-104,,N,,,,,,,,,Completed,2027-01-04T00:00:00Z,,,,,,2026-12-21T00:00:00Z,2027-01-04T05:00:00Z,,Pb STC,,,,,,,,,,,,,,,,,,,,,594,2026-08-31T21:08:54Z,2026-08-21T16:55:50Z,,,,,ENMAX,Soleil Anker,Soleil Anker
595,21946-1/5,1,5,No,,,No,No,No,No,No,No,No,,,Active,,,,Power,,No,,No,No,No,100-104,,,,,,,,,,,Completed,2027-01-04T00:00:00Z,,,,,,,2027-01-04T05:00:00Z,2027-02-25T05:00:00Z,,,,,,,,,,,,,,,,,,,,,,595,2026-08-31T20:54:34Z,2026-08-21T16:55:53Z,,,,,HYDRO QUEBEC,Soleil Anker,Soleil Anker
596,21946-2/5,2,5,No,,,No,No,No,No,No,No,No,,,Active,,,,Power,,No,,No,No,No,100-104,,,,,,,,,,,Completed,2027-01-04T00:00:00Z,,,,,,,2027-01-04T05:00:00Z,2027-02-25T05:00:00Z,,,,,,,,,,,,,,,,,,,,,,596,2026-08-31T20:54:32Z,2026-08-21T16:55:55Z,,,,,HYDRO QUEBEC,Soleil Anker,Soleil Anker
597,21946-3/5,3,5,No,,,No,No,No,No,No,No,No,,,Active,,,,Power,,No,,No,No,No,100-104,,,,,,,,,,,Completed,2027-01-04T00:00:00Z,,,,,,,2027-01-04T05:00:00Z,2027-02-25T05:00:00Z,,,,,,,,,,,,,,,,,,,,,,597,2026-08-31T20:54:28Z,2026-08-21T16:55:58Z,,,,,HYDRO QUEBEC,Soleil Anker,Soleil Anker
598,21946-4/5,4,5,No,,,No,No,No,No,No,No,No,,,Active,,,,Power,,No,,No,No,No,100-104,,,,,,,,,,,Completed,2027-01-04T00:00:00Z,,,,,,,2027-01-04T05:00:00Z,2027-02-25T05:00:00Z,,,,,,,,,,,,,,,,,,,,,,598,2026-08-21T16:56:00Z,2026-08-21T16:56:00Z,,,,,HYDRO QUEBEC,Soleil Anker,Soleil Anker
599,21950-1/5,1,5,No,,,No,No,No,No,No,No,No,,,Active,,,Entrepôt SN,Power / Ligne 1,,No,,No,No,No,100-104,,,,,,,,,,,Completed,2027-01-05T00:00:00Z,,,,,,,2027-01-05T05:00:00Z,,,,,,,,,,,,,,,,,,,,,,,599,2026-08-31T20:53:55Z,2026-08-21T16:56:03Z,,,,,HYDRO QUEBEC,Soleil Anker,Soleil Anker
600,21950-2/5,2,5,No,,,No,No,No,No,No,No,No,,,Active,,,Entrepôt SN,Power / Ligne 1,,No,,No,No,No,100-104,,,,,,,,,,,Completed,2027-01-05T00:00:00Z,,,,,,,2027-01-05T05:00:00Z,,,,,,,,,,,,,,,,,,,,,,,600,2026-08-21T16:56:06Z,2026-08-21T16:56:06Z,,,,,HYDRO QUEBEC,Soleil Anker,Soleil Anker
601,22119-1/4,1,4,No,22119,,No,No,No,No,No,No,No,,,Active,,,,Power / Ligne 1,,No,,No,No,No,100-104,,,,,,,,,,,Completed,2027-01-05T00:00:00Z,Pending,,,,,,2027-01-05T05:00:00Z,,,,,,,,,,,,,HYQU,M-HYQU-0012,M-HYQU-0012,,,,,,,,601,2026-08-31T20:32:25Z,2026-08-21T16:56:07Z,,,,,HYDRO QUEBEC,Soleil Anker,Soleil Anker
602,22130-1/3,1,3,No,,,No,No,No,No,No,No,No,,,Active,,,,Power / Ligne 1,,No,,No,No,No,100-104,,,,,,,,,,,Completed,2027-01-05T00:00:00Z,,,,,,,2027-01-05T05:00:00Z,,,,,,,,,,,,,,,,,,,,,,,602,2026-08-21T16:56:10Z,2026-08-21T16:56:10Z,,,,,HYDRO QUEBEC,Soleil Anker,Soleil Anker
603,21662-1/1,1,1,No,,,No,No,No,No,No,No,No,,,Active,,,,Zone B,,No,0,No,No,No,106-107,,N,,,,,,,,,Completed,2027-01-06T00:00:00Z,,,,,,,2027-01-06T05:00:00Z,2027-02-28T05:00:00Z,,,,,,,,,,,,,,,,,,,,,,603,2026-08-31T21:06:34Z,2026-08-21T16:56:12Z,,,,,HYDRO QUEBEC,Soleil Anker,Soleil Anker
604,21926-1/4,1,4,No,,,No,No,No,No,No,No,No,,,Active,,,,Power / Ligne 1,,No,,No,No,No,100-104,,,,,,,,,,,Completed,2027-01-06T00:00:00Z,,,,,,,2027-01-06T05:00:00Z,,,,,,,,,,,,,,,,,,,,,,,604,2026-08-31T20:55:39Z,2026-08-21T16:56:14Z,,,,,HYDRO QUEBEC,Soleil Anker,Soleil Anker
605,21926-2/4,2,4,No,,,No,No,No,No,No,No,No,,,Active,,,,Power / Ligne 1,,No,,No,No,No,100-104,,,,,,,,,,,Completed,2027-01-06T00:00:00Z,,,,,,,2027-01-06T05:00:00Z,,,,,,,,,,,,,,,,,,,,,,,605,2026-08-31T20:55:36Z,2026-08-21T16:56:17Z,,,,,HYDRO QUEBEC,Soleil Anker,Soleil Anker
606,21946-5/5,5,5,No,,,No,No,No,No,No,No,No,,,Active,,,,Power,,No,,No,No,No,100-104,,,,,,,,,,,Completed,2027-01-06T00:00:00Z,,,,,,,2027-01-06T05:00:00Z,,,,,,,,,,,,,,,,,,,,,,,606,2026-08-31T20:54:27Z,2026-08-21T16:56:19Z,,,,,HYDRO QUEBEC,Soleil Anker,Soleil Anker
607,22081-1/2,1,2,No,,,No,No,No,No,No,No,No,,,Active,,,,,,No,,No,No,No,100-104,,,,,,,,,,,Completed,2027-01-06T00:00:00Z,,,,,,,2027-01-06T05:00:00Z,,Pb STC,,,,,,,,,,,,,,,,,,,,,607,2026-08-31T20:38:32Z,2026-08-21T16:56:22Z,,,,,ENMAX,Soleil Anker,Soleil Anker
608,21928-1/5,1,5,No,,,No,No,No,No,No,No,No,,,Active,,,,Power / Ligne 1,,No,,No,No,No,100-104,,,,,,,,,,,Completed,2027-01-07T00:00:00Z,,,,,,,2027-01-07T05:00:00Z,,,,,,,,,,,,,,,,,,,,,,,608,2026-08-31T20:55:20Z,2026-08-21T16:56:24Z,,,,,HYDRO QUEBEC,Soleil Anker,Soleil Anker
609,21950-3/5,3,5,No,,,No,No,No,No,No,No,No,,,Active,,,Entrepôt SN,Power / Ligne 1,,No,,No,No,No,100-104,,,,,,,,,,,Completed,2027-01-07T00:00:00Z,,,,,,,2027-01-07T05:00:00Z,,,,,,,,,,,,,,,,,,,,,,,609,2026-08-31T20:53:53Z,2026-08-21T16:56:27Z,,,,,HYDRO QUEBEC,Soleil Anker,Soleil Anker
610,21950-4/5,4,5,No,,,No,No,No,No,No,No,No,,,Active,,,Entrepôt SN,Power / Ligne 1,,No,,No,No,No,100-104,,,,,,,,,,,Completed,2027-01-07T00:00:00Z,,,,,,,2027-01-07T05:00:00Z,,,,,,,,,,,,,,,,,,,,,,,610,2026-08-31T20:53:50Z,2026-08-21T16:56:31Z,,,,,HYDRO QUEBEC,Soleil Anker,Soleil Anker
611,21956-1/2,1,2,No,,,No,No,No,No,No,No,No,,,Active,,,Entrepôt SN,Power / Ligne 1,,No,,No,No,No,100-104,,,,,,,,,,,Completed,2027-01-07T00:00:00Z,,,,,Completed,,2026-08-25T04:00:00Z,,Repoussé car bushing shipt le 7 août / dessin reçu tard par cadorette / retard car nouveaux compposants ajoutés en juillet dans jobscope / Vente prévenue,,2027-01-29T00:00:00Z,,,,,,,,,,,,,,,,,,,611,2026-08-31T20:53:24Z,2026-08-21T16:56:33Z,,,,,MADISON GAS § ELECTRIC,Soleil Anker,Soleil Anker
612,21956-2/2,2,2,No,,,No,No,No,No,No,No,No,,,Active,,,Entrepôt SN,Power / Ligne 1,,No,,No,No,No,100-104,,,,,,,,,,,Completed,2027-01-07T00:00:00Z,,,,,Completed,,2026-08-27T04:00:00Z,,Repoussé car bushing shipt le 7 août / dessin reçu tard par cadorette / retard car nouveaux compposants ajoutés en juillet dans jobscope / Vente prévenue,,2027-01-29T00:00:00Z,,,,,,,,,,,,,,,,,,,612,2026-08-31T20:53:23Z,2026-08-21T16:56:37Z,,,,,MADISON GAS § ELECTRIC,Soleil Anker,Soleil Anker
613,22119-2/4,2,4,No,22119,,No,No,No,No,No,No,No,,,Active,,,,Power / Ligne 1,,No,,No,No,No,100-104,,,,,,,,,,,Completed,2027-01-07T00:00:00Z,Pending,,,,,,2027-01-07T05:00:00Z,,,,,,,,,,,,,HYQU,M-HYQU-0012,M-HYQU-0012,,,,,,,,613,2026-08-31T20:32:26Z,2026-08-21T16:56:39Z,,,,,HYDRO QUEBEC,Soleil Anker,Soleil Anker
614,21928-2/5,2,5,No,,,No,No,No,No,No,No,No,,,Active,,,,Power / Ligne 1,,No,,No,No,No,100-104,,,,,,,,,,,Completed,2027-01-08T00:00:00Z,,,,,,,2027-01-08T05:00:00Z,,,,,,,,,,,,,,,,,,,,,,,614,2026-08-31T20:55:17Z,2026-08-21T16:56:43Z,,,,,HYDRO QUEBEC,Soleil Anker,Soleil Anker
615,21928-3/5,3,5,No,,,No,No,No,No,No,No,No,,,Active,,,,Power / Ligne 1,,No,,No,No,No,100-104,,,,,,,,,,,Completed,2027-01-08T00:00:00Z,,,,,,,2027-01-08T05:00:00Z,,,,,,,,,,,,,,,,,,,,,,,615,2026-08-31T20:55:14Z,2026-08-21T16:56:45Z,,,,,HYDRO QUEBEC,Soleil Anker,Soleil Anker
616,21947-1/4,1,4,No,,,No,No,No,No,No,No,No,,,Active,,,,Power,,No,,No,No,No,100-104,,,,,,,,,,,Completed,2027-01-08T00:00:00Z,,,,,,,2027-01-08T05:00:00Z,,,,,,,,,,,,,,,,,,,,,,,616,2026-08-31T20:54:23Z,2026-08-21T16:56:47Z,,,,,HYDRO QUEBEC,Soleil Anker,Soleil Anker
617,21947-2/4,2,4,No,,,No,No,No,No,No,No,No,,,Active,,,,Power,,No,,No,No,No,100-104,,,,,,,,,,,Completed,2027-01-08T00:00:00Z,,,,,,,2027-01-08T05:00:00Z,,,,,,,,,,,,,,,,,,,,,,,617,2026-08-31T20:54:21Z,2026-08-21T16:56:50Z,,,,,HYDRO QUEBEC,Soleil Anker,Soleil Anker
618,21947-3/4,3,4,No,,,No,No,No,No,No,No,No,,,Active,,,,Power,,No,,No,No,No,100-104,,,,,,,,,,,Completed,2027-01-08T00:00:00Z,,,,,,,2027-01-08T05:00:00Z,,,,,,,,,,,,,,,,,,,,,,,618,2026-08-31T20:54:19Z,2026-08-21T16:56:52Z,,,,,HYDRO QUEBEC,Soleil Anker,Soleil Anker
619,21947-4/4,4,4,No,,,No,No,No,No,No,No,No,,,Active,,,,Power,,No,,No,No,No,100-104,,,,,,,,,,,Completed,2027-01-08T00:00:00Z,,,,,,,2027-01-08T05:00:00Z,,,,,,,,,,,,,,,,,,,,,,,619,2026-08-31T20:54:17Z,2026-08-21T16:56:55Z,,,,,HYDRO QUEBEC,Soleil Anker,Soleil Anker
620,21926-3/4,3,4,No,,,No,No,No,No,No,No,No,,,Active,,,,Power / Ligne 1,,No,,No,No,No,100-104,,,,,,,,,,,Completed,2027-01-11T00:00:00Z,,,,,,,2027-01-11T05:00:00Z,,,,,,,,,,,,,,,,,,,,,,,620,2026-08-21T16:56:57Z,2026-08-21T16:56:57Z,,,,,HYDRO QUEBEC,Soleil Anker,Soleil Anker
621,21926-4/4,4,4,No,,,No,No,No,No,No,No,No,,,Active,,,,Power / Ligne 1,,No,,No,No,No,100-104,,,,,,,,,,,Completed,2027-01-11T00:00:00Z,,,,,,,2027-01-11T05:00:00Z,,,,,,,,,,,,,,,,,,,,,,,621,2026-08-31T20:55:33Z,2026-08-21T16:56:59Z,,,,,HYDRO QUEBEC,Soleil Anker,Soleil Anker
622,21951-1/4,1,4,No,,,No,No,No,No,No,No,No,,,Active,,,,Power / Ligne 1,,No,,No,No,No,100-104,,,,,,,,,,,Completed,2027-01-11T00:00:00Z,,,,,,,2027-01-11T05:00:00Z,2027-02-25T05:00:00Z,,,,,,,,,,,,,,,,,,,,,,622,2026-08-31T20:53:46Z,2026-08-21T16:57:02Z,,,,,HYDRO QUEBEC,Soleil Anker,Soleil Anker
623,22007-1/2,1,2,No,,,No,No,No,No,No,No,No,,,Active,,,,Power / Ligne 1,,No,,No,No,No,100-104,,,,,,,,,,,Completed,2027-01-11T00:00:00Z,,,,,,,2027-01-11T05:00:00Z,,,,,,,,,,,,,,,,,,,,,,,623,2026-08-31T20:46:20Z,2026-08-21T16:57:04Z,,,,,MADISON GAS § ELECTRIC,Soleil Anker,Soleil Anker
624,22130-2/3,2,3,No,22130,,No,No,No,No,No,No,No,,,Active,,,,Power / Ligne 1,,No,,No,No,No,100-104,,,,,,,,,,,Completed,2027-01-11T00:00:00Z,Pending,,,,,,2027-01-11T05:00:00Z,,,,,,,,,,,,,HYQU,M-HYQU-0017,M-HYQU-0017,,,,,,,,624,2026-08-31T20:30:45Z,2026-08-21T16:57:07Z,,,,,HYDRO QUEBEC,Soleil Anker,Soleil Anker
625,21928-4/5,4,5,No,,,No,No,No,No,No,No,No,,,Active,,,,Power / Ligne 1,,No,,No,No,No,100-104,,,,,,,,,,,Completed,2027-01-12T00:00:00Z,,,,,,,2027-01-12T05:00:00Z,,,,,,,,,,,,,,,,,,,,,,,625,2026-08-31T20:55:12Z,2026-08-21T16:57:09Z,,,,,HYDRO QUEBEC,Soleil Anker,Soleil Anker
626,21928-5/5,5,5,No,,,No,No,No,No,No,No,No,,,Active,,,,Power / Ligne 1,,No,,No,No,No,100-104,,,,,,,,,,,Completed,2027-01-12T00:00:00Z,,,,,,,2027-01-12T05:00:00Z,,,,,,,,,,,,,,,,,,,,,,,626,2026-08-31T20:55:10Z,2026-08-21T16:57:12Z,,,,,HYDRO QUEBEC,Soleil Anker,Soleil Anker
627,21948-1/5,1,5,No,,,No,No,No,No,No,No,No,,,Active,,,,Power / Ligne 1,,No,,No,No,No,100-104,,,,,,,,,,,Completed,2027-01-12T00:00:00Z,,,,,,,2027-01-12T05:00:00Z,2027-03-30T04:00:00Z,,,,,,,,,,,,,,,,,,,,,,627,2026-08-31T20:54:14Z,2026-08-21T16:57:14Z,,,,,HYDRO QUEBEC,Soleil Anker,Soleil Anker
628,21948-2/5,2,5,No,,,No,No,No,No,No,No,No,,,Active,,,,Power / Ligne 1,,No,,No,No,No,100-104,,,,,,,,,,,Completed,2027-01-12T00:00:00Z,,,,,,,2027-01-12T05:00:00Z,,,,,,,,,,,,,,,,,,,,,,,628,2026-08-31T20:54:12Z,2026-08-21T16:57:17Z,,,,,HYDRO QUEBEC,Soleil Anker,Soleil Anker
629,22120-1/2,1,2,No,22120,,No,No,No,No,No,No,No,,,Active,,,,Power / Ligne 1,,No,,No,No,No,100-104,,,,,,,,,,,Completed,2027-01-12T00:00:00Z,Pending,,,,,,2027-01-12T05:00:00Z,,,,,,,,,,,,,HYQU,M-HYQU-0013,MR-HYQU-0013-V1,,,,,,,,629,2026-08-31T20:32:29Z,2026-08-21T16:57:20Z,,,,,HYDRO QUEBEC,Soleil Anker,Soleil Anker
630,21539-2/2,2,2,No,,,No,No,No,No,No,No,No,,,Active,,,,Zone B,,No,0,No,No,No,105-108,,,,,,,,,,,Completed,2027-01-13T00:00:00Z,,,,,,2026-12-30T00:00:00Z,2027-01-13T05:00:00Z,2027-02-25T05:00:00Z,Attente retour client ,,,,,,,,,,,,,,,,,,,,,630,2026-08-31T21:07:32Z,2026-08-21T16:57:22Z,,,,,HYDRO QUEBEC,Soleil Anker,Soleil Anker
631,21887-1/2,1,2,No,,,No,No,No,No,No,No,No,,,Active,,,Entrepôt SN,Power / Ligne 1,,No,,No,No,No,100-104,,,,,,,,,,,Completed,2026-10-27T00:00:00Z,,,,,,,2026-09-08T04:00:00Z,,Pb STC / left-hand drive switch à remplacer 4-5mois de R&D,,,,,,,,,,,,,,,,,,,,,631,2026-08-31T20:59:09Z,2026-08-21T16:57:25Z,,,,,ENMAX,Soleil Anker,Soleil Anker
632,21948-3/5,3,5,No,,,No,No,No,No,No,No,No,,,Active,,,,Power / Ligne 1,,No,,No,No,No,100-104,,,,,,,,,,,Completed,2027-01-13T00:00:00Z,,,,,,,2027-01-13T05:00:00Z,,,,,,,,,,,,,,,,,,,,,,,632,2026-08-31T20:54:10Z,2026-08-21T16:57:27Z,,,,,HYDRO QUEBEC,Soleil Anker,Soleil Anker
633,21950-5/5,5,5,No,,,No,No,No,No,No,No,No,,,Active,,,Entrepôt SN,Power / Ligne 1,,No,,No,No,No,100-104,,,,,,,,,,,Completed,2027-01-13T00:00:00Z,,,,,,,2027-01-13T05:00:00Z,,,,,,,,,,,,,,,,,,,,,,,633,2026-08-31T20:53:48Z,2026-08-21T16:57:30Z,,,,,HYDRO QUEBEC,Soleil Anker,Soleil Anker
634,22081-2/2,2,2,No,,,No,No,No,No,No,No,No,,,Active,,,,,,No,,No,No,No,100-104,,,,,,,,,,,Completed,2027-01-13T00:00:00Z,,,,,,,2027-01-13T05:00:00Z,,Pb STC,,,,,,,,,,,,,,,,,,,,,634,2026-08-31T20:38:31Z,2026-08-21T16:57:33Z,,,,,ENMAX,Soleil Anker,Soleil Anker
635,21887-2/2,2,2,No,,,No,No,No,No,No,No,No,,,Active,,,,Power / Ligne 1,,No,,No,No,No,100-104,,,,,,,,,,,Completed,2027-01-14T00:00:00Z,,,,,,,2026-09-10T04:00:00Z,,Pb STC / left-hand drive switch à remplacer 4-5mois de R&D,,,,,,,,,,,,,,,,,,,,,635,2026-08-21T16:57:35Z,2026-08-21T16:57:35Z,,,,,ENMAX,Soleil Anker,Soleil Anker
636,21949-1/5,1,5,No,,,No,No,No,No,No,No,No,,,Active,,,,Power,,No,,No,No,No,100-104,,,,,,,,,,,Completed,2027-01-14T00:00:00Z,,,,,,,2027-01-14T05:00:00Z,,,,,,,,,,,,,,,,,,,,,,,636,2026-08-21T16:57:38Z,2026-08-21T16:57:38Z,,,,,HYDRO QUEBEC,Soleil Anker,Soleil Anker
637,21949-2/5,2,5,No,,,No,No,No,No,No,No,No,,,Active,,,,Power,,No,,No,No,No,100-104,,,,,,,,,,,Completed,2027-01-14T00:00:00Z,,,,,,,2027-01-14T05:00:00Z,,,,,,,,,,,,,,,,,,,,,,,637,2026-08-21T16:57:40Z,2026-08-21T16:57:40Z,,,,,HYDRO QUEBEC,Soleil Anker,Soleil Anker
638,21949-3/5,3,5,No,,,No,No,No,No,No,No,No,,,Active,,,,Power,,No,,No,No,No,100-104,,,,,,,,,,,Completed,2027-01-14T00:00:00Z,,,,,,,2027-01-14T05:00:00Z,,,,,,,,,,,,,,,,,,,,,,,638,2026-08-31T20:54:02Z,2026-08-21T16:57:44Z,,,,,HYDRO QUEBEC,Soleil Anker,Soleil Anker
639,22130-3/3,3,3,No,22130,,No,No,No,No,No,No,No,,,Active,,,,Power / Ligne 1,,No,,No,No,No,100-104,,,,,,,,,,,Completed,2027-01-14T00:00:00Z,Pending,,,,,,2027-01-14T05:00:00Z,,,,,,,,,,,,,HYQU,M-HYQU-0017,M-HYQU-0017,,,,,,,,639,2026-08-31T20:30:43Z,2026-08-21T16:57:47Z,,,,,HYDRO QUEBEC,Soleil Anker,Soleil Anker
640,21948-4/5,4,5,No,,,No,No,No,No,No,No,No,,,Active,,,,Power / Ligne 1,,No,,No,No,No,100-104,,,,,,,,,,,Completed,2027-01-15T00:00:00Z,,,,,,,2027-01-15T05:00:00Z,,,,,,,,,,,,,,,,,,,,,,,640,2026-08-31T20:54:07Z,2026-08-21T16:57:49Z,,,,,HYDRO QUEBEC,Soleil Anker,Soleil Anker
641,21948-5/5,5,5,No,,,No,No,No,No,No,No,No,,,Active,,,,Power / Ligne 1,,No,,No,No,No,100-104,,,,,,,,,,,Completed,2027-01-15T00:00:00Z,,,,,,,2027-01-15T05:00:00Z,,,,,,,,,,,,,,,,,,,,,,,641,2026-08-31T20:54:04Z,2026-08-21T16:57:52Z,,,,,HYDRO QUEBEC,Soleil Anker,Soleil Anker
642,21951-2/4,2,4,No,,,No,No,No,No,No,No,No,,,Active,,,,Power / Ligne 1,,No,,No,No,No,100-104,,,,,,,,,,,Completed,2027-01-15T00:00:00Z,,,,,,,2027-01-15T05:00:00Z,2027-02-25T05:00:00Z,,,,,,,,,,,,,,,,,,,,,,642,2026-08-31T20:53:43Z,2026-08-21T16:57:54Z,,,,,HYDRO QUEBEC,Soleil Anker,Soleil Anker
643,22007-2/2,2,2,No,,,No,No,No,No,No,No,No,,,Active,,,,Power / Ligne 1,,No,,No,No,No,100-104,,,,,,,,,,,Completed,2027-01-15T00:00:00Z,,,,,,,2027-01-15T05:00:00Z,,,,,,,,,,,,,,,,,,,,,,,643,2026-08-31T20:46:17Z,2026-08-21T16:57:56Z,,,,,MADISON GAS § ELECTRIC,Soleil Anker,Soleil Anker
644,21949-4/5,4,5,No,,,No,No,No,No,No,No,No,,,Active,,,,Power,,No,,No,No,No,100-104,,,,,,,,,,,Completed,2027-01-18T00:00:00Z,,,,,,,2027-01-14T05:00:00Z,,,,,,,,,,,,,,,,,,,,,,,644,2026-08-31T20:54:00Z,2026-08-21T16:57:59Z,,,,,HYDRO QUEBEC,Soleil Anker,Soleil Anker
645,21949-5/5,5,5,No,,,No,No,No,No,No,No,No,,,Active,,,,Power,,No,,No,No,No,100-104,,,,,,,,,,,Completed,2027-01-18T00:00:00Z,,,,,,,2027-01-18T05:00:00Z,,,,,,,,,,,,,,,,,,,,,,,645,2026-08-31T20:53:57Z,2026-08-21T16:58:02Z,,,,,HYDRO QUEBEC,Soleil Anker,Soleil Anker
646,21951-3/4,3,4,No,,,No,No,No,No,No,No,No,,,Active,,,,Power / Ligne 1,,No,,No,No,No,100-104,,,,,,,,,,,Completed,2027-01-18T00:00:00Z,,,,,,,2027-01-18T05:00:00Z,,,,,,,,,,,,,,,,,,,,,,,646,2026-08-31T20:53:41Z,2026-08-21T16:58:03Z,,,,,HYDRO QUEBEC,Soleil Anker,Soleil Anker
647,22129-1/4,1,4,No,22129,,No,No,No,No,No,No,No,,,Active,,,,Power / Ligne 1,,No,,No,No,No,100-104,,,,,,,,,,,Completed,2027-01-18T00:00:00Z,Pending,,,,,,2027-01-18T05:00:00Z,,,,,,,,,,,,,HYQU,M-HYQU-0006,M-HYQU-0006,,,,,,,,647,2026-08-31T20:30:43Z,2026-08-21T16:58:06Z,,,,,HYDRO QUEBEC,Soleil Anker,Soleil Anker
648,22136-1/1,1,1,No,22136,,No,No,No,No,No,No,No,,,Active,,,,,,No,,No,No,No,100-104,,,,,,,,,,,Completed,2027-01-18T00:00:00Z,Pending,,,,Completed,,2027-01-18T05:00:00Z,,,,2027-06-30T00:00:00Z,,,,,,,,,AUEN,M-AUEN-0002,M-AUEN-0002,,,,,,,,648,2026-08-31T20:30:06Z,2026-08-21T16:58:08Z,,,,,AUSTIN ENERGY,Soleil Anker,Soleil Anker
649,22119-3/4,3,4,No,22119,,No,No,No,No,No,No,No,,,Active,,,,Power / Ligne 1,,No,,No,No,No,100-104,,,,,,,,,,,Completed,2027-01-19T00:00:00Z,Pending,,,,,,2027-01-19T05:00:00Z,,,,,,,,,,,,,HYQU,M-HYQU-0012,M-HYQU-0012,,,,,,,,649,2026-08-31T20:32:29Z,2026-08-21T16:58:11Z,,,,,HYDRO QUEBEC,Soleil Anker,Soleil Anker
650,22120-2/2,2,2,No,22120,,No,No,No,No,No,No,No,,,Active,,,,Power / Ligne 1,,No,,No,No,No,100-104,,,,,,,,,,,Completed,2027-01-19T00:00:00Z,Pending,,,,,,2027-01-19T05:00:00Z,,,,,,,,,,,,,HYQU,M-HYQU-0013,MR-HYQU-0013-V1,,,,,,,,650,2026-08-31T20:32:26Z,2026-08-21T16:58:13Z,,,,,HYDRO QUEBEC,Soleil Anker,Soleil Anker
651,21935-1/2,1,2,No,,,No,No,No,No,No,No,No,,,Active,,,,Power,,No,,No,No,No,105-108,,,,,,,,,,,Completed,2026-12-11T00:00:00Z,,,,,,,2026-11-24T05:00:00Z,,left-hand drive switch à remplacer 4-5mois de R&D / Pb STC,,,,,,,,,,,,,,,,,,,,,651,2026-08-31T20:54:57Z,2026-08-21T16:58:15Z,,,,,ENMAX,Soleil Anker,Soleil Anker
652,21951-4/4,4,4,No,,,No,No,No,No,No,No,No,,,Active,,,,Power / Ligne 1,,No,,No,No,No,100-104,,,,,,,,,,,Completed,2027-01-20T00:00:00Z,,,,,,,2027-01-20T05:00:00Z,,,,,,,,,,,,,,,,,,,,,,,652,2026-08-31T20:53:39Z,2026-08-21T16:58:18Z,,,,,HYDRO QUEBEC,Soleil Anker,Soleil Anker
653,22129-2/4,2,4,No,22129,,No,No,No,No,No,No,No,,,Active,,,,Power / Ligne 1,,No,,No,No,No,100-104,,,,,,,,,,,Completed,2027-01-20T00:00:00Z,Pending,,,,,,2027-01-20T05:00:00Z,,,,,,,,,,,,,HYQU,M-HYQU-0006,M-HYQU-0006,,,,,,,,653,2026-08-31T20:30:42Z,2026-08-21T16:58:21Z,,,,,HYDRO QUEBEC,Soleil Anker,Soleil Anker
654,22119-4/4,4,4,No,22119,,No,No,No,No,No,No,No,,,Active,,,,Power / Ligne 1,,No,,No,No,No,100-104,,,,,,,,,,,Completed,2027-01-21T00:00:00Z,Pending,,,,,,2027-01-21T05:00:00Z,,,,,,,,,,,,,HYQU,M-HYQU-0012,M-HYQU-0012,,,,,,,,654,2026-08-31T20:32:25Z,2026-08-21T16:58:23Z,,,,,HYDRO QUEBEC,Soleil Anker,Soleil Anker
655,22129-3/4,3,4,No,22129,,No,No,No,No,No,No,No,,,Active,,,,Power / Ligne 1,,No,,No,No,No,100-104,,,,,,,,,,,Completed,2027-01-21T00:00:00Z,Pending,,,,,,2027-01-21T05:00:00Z,,,,,,,,,,,,,HYQU,M-HYQU-0006,M-HYQU-0006,,,,,,,,655,2026-08-31T20:30:42Z,2026-08-21T16:58:25Z,,,,,HYDRO QUEBEC,Soleil Anker,Soleil Anker
656,21935-2/2,2,2,No,,,No,No,No,No,No,No,No,,,Active,,,,Power,,No,,No,No,No,105-108,,,,,,,,,,,Completed,2026-12-11T00:00:00Z,,,,,,,2026-11-27T05:00:00Z,,left-hand drive switch à remplacer 4-5mois de R&D / Pb STC,,,,,,,,,,,,,,,,,,,,,656,2026-08-31T20:54:54Z,2026-08-21T16:58:28Z,,,,,ENMAX,Soleil Anker,Soleil Anker
657,22129-4/4,4,4,No,22129,,No,No,No,No,No,No,No,,,Active,,,,Power / Ligne 1,,No,,No,No,No,100-104,,,,,,,,,,,Completed,2027-01-22T00:00:00Z,Pending,,,,,,2027-01-21T05:00:00Z,,,,,,,,,,,,,HYQU,M-HYQU-0006,M-HYQU-0006,,,,,,,,657,2026-08-31T20:30:43Z,2026-08-21T16:58:30Z,,,,,HYDRO QUEBEC,Soleil Anker,Soleil Anker
658,21973-1/3,1,3,No,,,No,No,No,No,No,No,No,,,Active,,,,Power / Ligne 1,,No,,No,No,No,100-104,,,,,,,,,,,Completed,2027-01-25T00:00:00Z,,,,,,,2027-01-25T05:00:00Z,,,,,,,,,,,,,,,,,,,,,,,658,2026-08-31T20:51:20Z,2026-08-21T16:58:32Z,,,,,HYDRO QUEBEC,Soleil Anker,Soleil Anker
659,21973-2/3,2,3,No,,,No,No,No,No,No,No,No,,,Active,,,,Power / Ligne 1,,No,,No,No,No,100-104,,,,,,,,,,,Completed,2027-01-25T00:00:00Z,,,,,,,2027-01-25T05:00:00Z,,,,,,,,,,,,,,,,,,,,,,,659,2026-08-31T20:51:18Z,2026-08-21T16:58:35Z,,,,,HYDRO QUEBEC,Soleil Anker,Soleil Anker
660,21974-1/5,1,5,No,,,No,No,No,No,No,No,No,,,Active,,,,Power,,No,,No,No,No,100-104,,,,,,,,,,,Completed,2027-01-26T00:00:00Z,,,,,,,2027-01-26T05:00:00Z,,,,,,,,,,,,,,,,,,,,,,,660,2026-08-31T20:51:15Z,2026-08-21T16:58:37Z,,,,,HYDRO QUEBEC,Soleil Anker,Soleil Anker
661,21974-2/5,2,5,No,,,No,No,No,No,No,No,No,,,Active,,,,Power,,No,,No,No,No,100-104,,,,,,,,,,,Completed,2027-01-26T00:00:00Z,,,,,,,2027-01-26T05:00:00Z,,,,,,,,,,,,,,,,,,,,,,,661,2026-08-31T20:51:13Z,2026-08-21T16:58:39Z,,,,,HYDRO QUEBEC,Soleil Anker,Soleil Anker
662,21974-3/5,3,5,No,,,No,No,No,No,No,No,No,,,Active,,,,Power,,No,,No,No,No,100-104,,,,,,,,,,,Completed,2027-01-26T00:00:00Z,,,,,,,2027-01-26T05:00:00Z,,,,,,,,,,,,,,,,,,,,,,,662,2026-08-31T20:50:57Z,2026-08-21T16:58:42Z,,,,,HYDRO QUEBEC,Soleil Anker,Soleil Anker
663,21358-1/1,1,1,No,,,No,No,No,No,No,No,No,,,Active,,,,Power,,No,,No,No,No,100-104,,N,,,,,,,,,Completed,2026-12-14T00:00:00Z,,,,,,2026-12-01T00:00:00Z,2025-09-19T04:00:00Z,,Changement de KVA 750 à 1500 demande faite à Nicolae d'envoyer les dessins à Cadorette / left-hand drive switch à remplacer 4-5mois de R&D / Pb STC,,,,,,,,,,,,,,,,,,,,,663,2026-08-31T21:08:59Z,2026-08-21T16:58:44Z,,,,,ENMAX,Soleil Anker,Soleil Anker
664,21973-3/3,3,3,No,,,No,No,No,No,No,No,No,,,Active,,,,Power / Ligne 1,,No,,No,No,No,100-104,,,,,,,,,,,Completed,2027-01-27T00:00:00Z,,,,,,,2027-01-27T05:00:00Z,,,,,,,,,,,,,,,,,,,,,,,664,2026-08-21T16:58:46Z,2026-08-21T16:58:46Z,,,,,HYDRO QUEBEC,Soleil Anker,Soleil Anker
665,21974-4/5,4,5,No,,,No,No,No,No,No,No,No,,,Active,,,,Power,,No,,No,No,No,100-104,,,,,,,,,,,Completed,2027-01-28T00:00:00Z,,,,,,,2027-01-28T05:00:00Z,,,,,,,,,,,,,,,,,,,,,,,665,2026-08-21T16:58:49Z,2026-08-21T16:58:49Z,,,,,HYDRO QUEBEC,Soleil Anker,Soleil Anker
666,21974-5/5,5,5,No,,,No,No,No,No,No,No,No,,,Active,,,,Power,,No,,No,No,No,100-104,,,,,,,,,,,Completed,2027-01-28T00:00:00Z,,,,,,,2027-01-28T05:00:00Z,,,,,,,,,,,,,,,,,,,,,,,666,2026-08-31T20:50:55Z,2026-08-21T16:58:51Z,,,,,HYDRO QUEBEC,Soleil Anker,Soleil Anker
667,21975-1/5,1,5,No,,,No,No,No,No,No,No,No,,,Active,,,,Power,,No,,No,No,No,100-104,,,,,,,,,,,Completed,2027-01-28T00:00:00Z,,,,,,,2027-01-28T05:00:00Z,,,,,,,,,,,,,,,,,,,,,,,667,2026-08-31T20:50:52Z,2026-08-21T16:58:53Z,,,,,HYDRO QUEBEC,Soleil Anker,Soleil Anker
668,22082-1/2,1,2,No,,,No,No,No,No,No,No,No,,,Active,,,,,,No,,No,No,No,100-104,,,,,,,,,,,Completed,2027-01-19T00:00:00Z,,,,,Completed,,2027-01-20T05:00:00Z,,PB STC / left-hand drive switch à remplacer 4-5mois de R&D,,2027-02-01T00:00:00Z,,,,,,,,,,,,,,,,,,,668,2026-08-31T20:38:27Z,2026-08-21T16:58:56Z,,,1500,,ENMAX,Soleil Anker,Soleil Anker
669,22082-2/2,2,2,No,,,No,No,No,No,No,No,No,,,Active,,,,,,No,,No,No,No,100-104,,,,,,,,,,,Completed,2027-01-19T00:00:00Z,,,,,Completed,,2027-01-22T05:00:00Z,,PB STC / left-hand drive switch à remplacer 4-5mois de R&D,,2027-02-01T00:00:00Z,,,,,,,,,,,,,,,,,,,669,2026-08-31T20:38:25Z,2026-08-21T16:58:58Z,,,1500,,ENMAX,Soleil Anker,Soleil Anker
670,21364-1/1,1,1,No,,,No,No,No,No,No,No,No,,,Active,,,,Power / Ligne 1,,No,,No,No,No,100-104,,N,,,,,,,,,Completed,2027-02-01T00:00:00Z,,,,,,2027-01-18T00:00:00Z,2027-02-01T05:00:00Z,,,,,,,,,,,,,,,,,,,,,,,670,2026-08-31T21:08:48Z,2026-08-21T16:59:01Z,,,,,ENMAX,Soleil Anker,Soleil Anker
671,21959-1/2,1,2,No,,,No,No,No,No,No,No,No,,,Active,,,,Power / Ligne 1,,No,,No,No,No,100-104,,,,,,,,,,,Completed,2027-02-01T00:00:00Z,,,,,,,2027-02-01T05:00:00Z,,,,,,,,,,,,,,,,,,,,,,,671,2026-08-31T20:52:55Z,2026-08-21T16:59:03Z,,,,,LG§E,Soleil Anker,Soleil Anker
672,21975-2/5,2,5,No,,,No,No,No,No,No,No,No,,,Active,,,,Power,,No,,No,No,No,100-104,,,,,,,,,,,Completed,2027-02-01T00:00:00Z,,,,,,,2027-02-01T05:00:00Z,,,,,,,,,,,,,,,,,,,,,,,672,2026-08-31T20:50:50Z,2026-08-21T16:59:06Z,,,,,HYDRO QUEBEC,Soleil Anker,Soleil Anker
673,21975-3/5,3,5,No,,,No,No,No,No,No,No,No,,,Active,,,,Power,,No,,No,No,No,100-104,,,,,,,,,,,Completed,2027-02-01T00:00:00Z,,,,,,,2027-02-01T05:00:00Z,,,,,,,,,,,,,,,,,,,,,,,673,2026-08-31T20:50:47Z,2026-08-21T16:59:08Z,,,,,HYDRO QUEBEC,Soleil Anker,Soleil Anker
674,21975-4/5,4,5,No,,,No,No,No,No,No,No,No,,,Active,,,,Power,,No,,No,No,No,100-104,,,,,,,,,,,Completed,2027-02-01T00:00:00Z,,,,,,,2027-02-01T05:00:00Z,,,,,,,,,,,,,,,,,,,,,,,674,2026-08-31T20:50:45Z,2026-08-21T16:59:11Z,,,,,HYDRO QUEBEC,Soleil Anker,Soleil Anker
675,21359-1/1,1,1,No,,,No,No,No,No,No,No,No,,,Active,,,,,,No,Plaspak,No,No,No,100-104,,N,,,,,,,,,Completed,2027-02-02T00:00:00Z,,,,,,2027-01-05T00:00:00Z,2027-01-19T05:00:00Z,,Pb STC,,,,,,,,,,,,,,,,,,,,,675,2026-08-31T21:08:56Z,2026-08-21T16:59:14Z,,,,,ENMAX,Soleil Anker,Soleil Anker
676,21975-5/5,5,5,No,,,No,No,No,No,No,No,No,,,Active,,,,Power,,No,,No,No,No,100-104,,,,,,,,,,,Completed,2027-02-02T00:00:00Z,,,,,,,2027-02-02T05:00:00Z,,,,,,,,,,,,,,,,,,,,,,,676,2026-08-31T20:50:42Z,2026-08-21T16:59:15Z,,,,,HYDRO QUEBEC,Soleil Anker,Soleil Anker
677,21978-1/5,1,5,No,,,No,No,No,No,No,No,No,,,Active,,,,Power / Ligne 1,,No,,No,No,No,100-104,,,,,,,,,,,Completed,2027-02-02T00:00:00Z,,,,,,,2027-02-02T05:00:00Z,,,,,,,,,,,,,,,,,,,,,,,677,2026-08-31T20:50:16Z,2026-08-21T16:59:18Z,,,,,HYDRO QUEBEC,Soleil Anker,Soleil Anker
678,21365-1/1,1,1,No,,,No,No,No,No,No,No,No,,,Active,,,,Power / Ligne 1,,No,,No,No,No,100-104,,N,,,,,,,,,Completed,2027-02-03T00:00:00Z,,,,,,2027-01-20T00:00:00Z,2027-02-03T05:00:00Z,,,,,,,,,,,,,,,,,,,,,,,678,2026-08-31T21:08:46Z,2026-08-21T16:59:20Z,,,,,ENMAX,Soleil Anker,Soleil Anker
679,21540-1/2,1,2,No,,,No,No,No,No,No,No,No,,,Active,,,,Zone B,,No,0,No,No,No,106,,,,,,,,,,,Completed,2027-02-03T00:00:00Z,,,,,,2027-01-27T00:00:00Z,2027-02-10T05:00:00Z,2027-03-31T04:00:00Z,,,,,,,,,,,,,,,,,,,,,,679,2026-08-31T21:07:30Z,2026-08-21T16:59:22Z,,,,,HYDRO QUEBEC,Soleil Anker,Soleil Anker
680,21959-2/2,2,2,No,,,No,No,No,No,No,No,No,,,Active,,,,Power / Ligne 1,,No,,No,No,No,100-104,,,,,,,,,,,Completed,2027-02-03T00:00:00Z,,,,,,,2027-02-03T05:00:00Z,,,,,,,,,,,,,,,,,,,,,,,680,2026-08-31T20:52:52Z,2026-08-21T16:59:26Z,,,,,LG§E,Soleil Anker,Soleil Anker
681,21976-1/5,1,5,No,,,No,No,No,No,No,No,No,,,Active,,,,Power / Ligne 1,,No,,No,No,No,100-104,,,,,,,,,,,Completed,2027-02-03T00:00:00Z,,,,,,,2027-02-03T05:00:00Z,,,,,,,,,,,,,,,,,,,,,,,681,2026-08-31T20:50:41Z,2026-08-21T16:59:28Z,,,,,HYDRO QUEBEC,Soleil Anker,Soleil Anker
682,21976-2/5,2,5,No,,,No,No,No,No,No,No,No,,,Active,,,,Power / Ligne 1,,No,,No,No,No,100-104,,,,,,,,,,,Completed,2027-02-03T00:00:00Z,,,,,,,2027-02-03T05:00:00Z,,,,,,,,,,,,,,,,,,,,,,,682,2026-08-31T20:50:38Z,2026-08-21T16:59:31Z,,,,,HYDRO QUEBEC,Soleil Anker,Soleil Anker
683,21976-3/5,3,5,No,,,No,No,No,No,No,No,No,,,Active,,,,Power / Ligne 1,,No,,No,No,No,100-104,,,,,,,,,,,Completed,2027-02-04T00:00:00Z,,,,,,,2027-02-04T05:00:00Z,,,,,,,,,,,,,,,,,,,,,,,683,2026-08-31T20:50:35Z,2026-08-21T16:59:34Z,,,,,HYDRO QUEBEC,Soleil Anker,Soleil Anker
684,21976-4/5,4,5,No,,,No,No,No,No,No,No,No,,,Active,,,,Power / Ligne 1,,No,,No,No,No,100-104,,,,,,,,,,,Completed,2027-02-04T00:00:00Z,,,,,,,2027-02-04T05:00:00Z,,,,,,,,,,,,,,,,,,,,,,,684,2026-08-31T20:50:33Z,2026-08-21T16:59:35Z,,,,,HYDRO QUEBEC,Soleil Anker,Soleil Anker
685,21976-5/5,5,5,No,,,No,No,No,No,No,No,No,,,Active,,,,Power / Ligne 1,,No,,No,No,No,100-104,,,,,,,,,,,Completed,2027-02-04T00:00:00Z,,,,,,,2027-02-04T05:00:00Z,,,,,,,,,,,,,,,,,,,,,,,685,2026-08-31T20:50:30Z,2026-08-21T16:59:38Z,,,,,HYDRO QUEBEC,Soleil Anker,Soleil Anker
686,22133-1/1,1,1,No,22133,,No,No,No,No,No,No,No,,,Active,,,,,,No,,No,No,No,,,,,,,,,,,,Completed,2027-02-04T00:00:00Z,Pending,,,,,,,,,,,,,,,,,,,XCEN,M-XCEN-0002,M-XCEN-0002,,,,,,,,686,2026-08-31T20:30:07Z,2026-08-21T16:59:40Z,,,,,XCEL ENERGY NORTHERN,Soleil Anker,Soleil Anker
687,21960-1/2,1,2,No,,,No,No,No,No,No,No,No,,,Active,,,,Power / Ligne 1,,No,,No,No,No,100-104,,,,,,,,,,,Completed,2027-02-05T00:00:00Z,,,,,,,2027-02-05T05:00:00Z,,,,,,,,,,,,,,,,,,,,,,,687,2026-08-31T20:52:50Z,2026-08-21T16:59:42Z,,,,,LG§E,Soleil Anker,Soleil Anker
688,21977-1/5,1,5,No,,,No,No,No,No,No,No,No,,,Active,,,,Power,,No,,No,No,No,100-104,,,,,,,,,,,Completed,2027-02-05T00:00:00Z,,,,,,,2027-02-05T05:00:00Z,,,,,,,,,,,,,,,,,,,,,,,688,2026-08-31T20:50:28Z,2026-08-21T16:59:45Z,,,,,HYDRO QUEBEC,Soleil Anker,Soleil Anker
689,21977-2/5,2,5,No,,,No,No,No,No,No,No,No,,,Active,,,,Power,,No,,No,No,No,100-104,,,,,,,,,,,Completed,2027-02-05T00:00:00Z,,,,,,,2027-02-05T05:00:00Z,,,,,,,,,,,,,,,,,,,,,,,689,2026-08-31T20:50:26Z,2026-08-21T16:59:47Z,,,,,HYDRO QUEBEC,Soleil Anker,Soleil Anker
690,21977-3/5,3,5,No,,,No,No,No,No,No,No,No,,,Active,,,,Power,,No,,No,No,No,100-104,,,,,,,,,,,Completed,2027-02-05T00:00:00Z,,,,,,,2027-02-05T05:00:00Z,,,,,,,,,,,,,,,,,,,,,,,690,2026-08-31T20:50:23Z,2026-08-21T16:59:50Z,,,,,HYDRO QUEBEC,Soleil Anker,Soleil Anker
691,21977-4/5,4,5,No,,,No,No,No,No,No,No,No,,,Active,,,,Power,,No,,No,No,No,100-104,,,,,,,,,,,Completed,2027-02-05T00:00:00Z,,,,,,,2027-02-05T05:00:00Z,,,,,,,,,,,,,,,,,,,,,,,691,2026-08-31T20:50:21Z,2026-08-21T16:59:52Z,,,,,HYDRO QUEBEC,Soleil Anker,Soleil Anker
692,21960-2/2,2,2,No,,,No,No,No,No,No,No,No,,,Active,,,,Power / Ligne 1,,No,,No,No,No,100-104,,,,,,,,,,,Completed,2027-02-08T00:00:00Z,,,,,,,2027-02-08T05:00:00Z,,,,,,,,,,,,,,,,,,,,,,,692,2026-08-31T20:52:47Z,2026-08-21T16:59:55Z,,,,,LG§E,Soleil Anker,Soleil Anker
693,21977-5/5,5,5,No,,,No,No,No,No,No,No,No,,,Active,,,,Power,,No,,No,No,No,100-104,,,,,,,,,,,Completed,2027-02-08T00:00:00Z,,,,,,,2027-02-08T05:00:00Z,,,,,,,,,,,,,,,,,,,,,,,693,2026-08-31T20:50:18Z,2026-08-21T16:59:57Z,,,,,HYDRO QUEBEC,Soleil Anker,Soleil Anker
694,21978-2/5,2,5,No,,,No,No,No,No,No,No,No,,,Active,,,,Power / Ligne 1,,No,,No,No,No,100-104,,,,,,,,,,,Completed,2027-02-08T00:00:00Z,,,,,,,2027-02-08T05:00:00Z,,,,,,,,,,,,,,,,,,,,,,,694,2026-08-31T20:50:14Z,2026-08-21T16:59:59Z,,,,,HYDRO QUEBEC,Soleil Anker,Soleil Anker
695,21978-3/5,3,5,No,,,No,No,No,No,No,No,No,,,Active,,,,Power / Ligne 1,,No,,No,No,No,100-104,,,,,,,,,,,Completed,2027-02-09T00:00:00Z,,,,,,,2027-02-09T05:00:00Z,,,,,,,,,,,,,,,,,,,,,,,695,2026-08-31T20:50:11Z,2026-08-21T17:00:02Z,,,,,HYDRO QUEBEC,Soleil Anker,Soleil Anker
696,21978-4/5,4,5,No,,,No,No,No,No,No,No,No,,,Active,,,,Power / Ligne 1,,No,,No,No,No,100-104,,,,,,,,,,,Completed,2027-02-09T00:00:00Z,,,,,,,2027-02-09T05:00:00Z,,,,,,,,,,,,,,,,,,,,,,,696,2026-08-31T20:50:07Z,2026-08-21T17:00:06Z,,,,,HYDRO QUEBEC,Soleil Anker,Soleil Anker
697,21522-1/3,1,3,No,,,No,No,No,No,No,No,No,,,Active,,,,Zone B,,No,0,No,No,No,,,,,,,,,,,,Completed,2027-02-10T00:00:00Z,,,,,,2027-01-20T00:00:00Z,2027-02-03T05:00:00Z,2027-04-13T04:00:00Z,Attente retour client ,,,,,,,,,,,,,,,,,,,,,697,2026-08-31T21:08:01Z,2026-08-21T17:00:11Z,,,,,HYDRO QUEBEC,Soleil Anker,Soleil Anker
698,21961-1/2,1,2,No,,,No,No,No,No,No,No,No,,,Active,,,,Power / Ligne 1,,No,,No,No,No,100-104,,,,,,,,,,,Completed,2027-02-10T00:00:00Z,,,,,,,2027-02-10T05:00:00Z,,,,,,,,,,,,,,,,,,,,,,,698,2026-08-31T20:52:45Z,2026-08-21T17:00:14Z,,,,,LG§E,Soleil Anker,Soleil Anker
699,21978-5/5,5,5,No,,,No,No,No,No,No,No,No,,,Active,,,,Power / Ligne 1,,No,,No,No,No,100-104,,,,,,,,,,,Completed,2027-02-10T00:00:00Z,,,,,,,2027-02-10T05:00:00Z,,,,,,,,,,,,,,,,,,,,,,,699,2026-08-31T20:50:06Z,2026-08-21T17:00:16Z,,,,,HYDRO QUEBEC,Soleil Anker,Soleil Anker
700,21961-2/2,2,2,No,,,No,No,No,No,No,No,No,,,Active,,,,Power / Ligne 1,,No,,No,No,No,100-104,,,,,,,,,,,Completed,2027-02-12T00:00:00Z,,,,,,,2027-02-12T05:00:00Z,,,,,,,,,,,,,,,,,,,,,,,700,2026-08-31T20:52:43Z,2026-08-21T17:00:19Z,,,,,LG§E,Soleil Anker,Soleil Anker
701,22008-1/2,1,2,No,,,No,No,No,No,No,No,No,,,Active,,,,Power / Ligne 1,,No,,No,No,No,100-104,,,,,,,,,,,Completed,2027-02-15T00:00:00Z,,,,,,,2027-02-15T05:00:00Z,,,,,,,,,,,,,,,,,,,,,,,701,2026-08-31T20:46:15Z,2026-08-21T17:00:21Z,,,,,MADISON GAS § ELECTRIC,Soleil Anker,Soleil Anker
702,21371-1/1,1,1,No,,,No,No,No,No,No,No,No,,,Active,,,,,,No,Plaspak,No,No,No,100-104,,N,,,,,,,,,Completed,2027-02-17T00:00:00Z,,,,,,2027-02-03T00:00:00Z,2027-02-17T05:00:00Z,,,,,,,,,,,,,,,,,,,,,,,702,2026-08-31T21:08:43Z,2026-08-21T17:00:24Z,,,,,ENMAX,Soleil Anker,Soleil Anker
703,22008-2/2,2,2,No,,,No,No,No,No,No,No,No,,,Active,,,,Power / Ligne 1,,No,,No,No,No,100-104,,,,,,,,,,,Completed,2027-02-18T00:00:00Z,,,,,,,2027-02-18T05:00:00Z,,,,,,,,,,,,,,,,,,,,,,,703,2026-08-31T20:46:12Z,2026-08-21T17:00:26Z,,,,,MADISON GAS § ELECTRIC,Soleil Anker,Soleil Anker
704,21540-2/2,2,2,No,,,No,No,No,No,No,No,No,,,Active,,,,Zone B,,No,0,No,No,No,106,,,,,,,,,,,Completed,2027-02-24T00:00:00Z,,,,,,2027-02-10T00:00:00Z,2027-02-24T05:00:00Z,2027-03-31T04:00:00Z,,,,,,,,,,,,,,,,,,,,,,704,2026-08-31T21:07:27Z,2026-08-21T17:00:28Z,,,,,HYDRO QUEBEC,Soleil Anker,Soleil Anker
705,22102-1/1,1,1,No,,,No,No,No,No,No,No,No,,,Active,,,,Zone B,,No,,No,No,No,,,,,,,,,,,,Completed,2027-03-01T00:00:00Z,,,,,,,2027-03-01T05:00:00Z,,,,,,,,,,,,,,,,,,,,,,,705,2026-08-31T20:35:14Z,2026-08-21T17:00:31Z,,,,,LIZCO SALES,Soleil Anker,Soleil Anker
706,21522-2/3,2,3,No,,,No,No,No,No,No,No,No,,,Active,,,,Zone B,,No,0,No,No,No,,,,,,,,,,,,Completed,2027-03-03T00:00:00Z,,,,,,2027-02-17T00:00:00Z,2027-03-03T05:00:00Z,2027-04-13T04:00:00Z,Attente retour client ,,,,,,,,,,,,,,,,,,,,,706,2026-08-31T21:07:59Z,2026-08-21T17:00:33Z,,,,,HYDRO QUEBEC,Soleil Anker,Soleil Anker
707,21999-1/4,1,4,No,,,No,No,No,No,No,No,No,,,Active,,,,Power,,No,,No,No,No,100-104,,,,,,,,,,,Completed,2027-03-08T00:00:00Z,,,,,Completed,,2027-03-08T05:00:00Z,,,,2027-04-29T00:00:00Z,,,,,,,,,,,,,,,,,,,707,2026-08-31T20:47:41Z,2026-08-21T17:00:35Z,,,,,HYDRO QUEBEC,Soleil Anker,Soleil Anker
708,21999-2/4,2,4,No,,,No,No,No,No,No,No,No,,,Active,,,,Power,,No,,No,No,No,100-104,,,,,,,,,,,Completed,2027-03-08T00:00:00Z,,,,,Completed,,2027-03-08T05:00:00Z,,,,2027-04-29T00:00:00Z,,,,,,,,,,,,,,,,,,,708,2026-08-31T20:47:39Z,2026-08-21T17:00:38Z,,,,,HYDRO QUEBEC,Soleil Anker,Soleil Anker
709,21999-3/4,3,4,No,,,No,No,No,No,No,No,No,,,Active,,,,Power,,No,,No,No,No,100-104,,,,,,,,,,,Completed,2027-03-08T00:00:00Z,,,,,Completed,,2027-03-08T05:00:00Z,,,,2027-04-29T00:00:00Z,,,,,,,,,,,,,,,,,,,709,2026-08-31T20:47:37Z,2026-08-21T17:00:40Z,,,,,HYDRO QUEBEC,Soleil Anker,Soleil Anker
710,22001-1/8,1,8,No,,,No,No,No,No,No,No,No,,,Active,,,,Power / Ligne 1,,No,,No,No,No,100-104,,,,,,,,,,,Completed,2027-03-09T00:00:00Z,,,,,Completed,,2027-03-09T05:00:00Z,,,,2027-04-29T00:00:00Z,,,,,,,,,,,,,,,,,,,710,2026-08-31T20:47:13Z,2026-08-21T17:00:42Z,,,,,HYDRO QUEBEC,Soleil Anker,Soleil Anker
711,22004-1/2,1,2,No,,,No,No,No,No,No,No,No,,,Active,,,,,,No,,No,No,No,100-104,,,,,,,,,,,Completed,2027-03-09T00:00:00Z,,,,,Completed,,2027-03-09T05:00:00Z,,,,2027-04-07T00:00:00Z,,,,,,,,,,,,,,,,,,,711,2026-08-31T20:46:34Z,2026-08-21T17:00:45Z,,,,,XCEL ENERGY NORTHERN,Soleil Anker,Soleil Anker
712,21999-4/4,4,4,No,,,No,No,No,No,No,No,No,,,Active,,,,Power,,No,,No,No,No,100-104,,,,,,,,,,,Completed,2027-03-10T00:00:00Z,,,,,Completed,,2027-03-10T05:00:00Z,,,,2027-04-29T00:00:00Z,,,,,,,,,,,,,,,,,,,712,2026-08-31T20:47:34Z,2026-08-21T17:00:48Z,,,,,HYDRO QUEBEC,Soleil Anker,Soleil Anker
713,22000-1/8,1,8,No,,,No,No,No,No,No,No,No,,,Active,,,,Power,,No,,No,No,No,100-104,,,,,,,,,,,Completed,2027-03-10T00:00:00Z,,,,,Completed,,2027-03-10T05:00:00Z,,,,2027-04-29T00:00:00Z,,,,,,,,,,,,,,,,,,,713,2026-08-31T20:47:32Z,2026-08-21T17:00:50Z,,,,,HYDRO QUEBEC,Soleil Anker,Soleil Anker
714,22000-2/8,2,8,No,,,No,No,No,No,No,No,No,,,Active,,,,Power,,No,,No,No,No,100-104,,,,,,,,,,,Completed,2027-03-10T00:00:00Z,,,,,Completed,,2027-03-10T05:00:00Z,,,,2027-04-29T00:00:00Z,,,,,,,,,,,,,,,,,,,714,2026-08-31T20:47:30Z,2026-08-21T17:00:52Z,,,,,HYDRO QUEBEC,Soleil Anker,Soleil Anker
715,22001-2/8,2,8,No,,,No,No,No,No,No,No,No,,,Active,,,,Power / Ligne 1,,No,,No,No,No,100-104,,,,,,,,,,,Completed,2027-03-11T00:00:00Z,,,,,Completed,,2027-03-11T05:00:00Z,,,,2027-04-29T00:00:00Z,,,,,,,,,,,,,,,,,,,715,2026-08-31T20:47:11Z,2026-08-21T17:00:55Z,,,,,HYDRO QUEBEC,Soleil Anker,Soleil Anker
716,22004-2/2,2,2,No,,,No,No,No,No,No,No,No,,,Active,,,,,,No,,No,No,No,100-104,,,,,,,,,,,Completed,2027-03-11T00:00:00Z,,,,,Completed,,2027-03-11T05:00:00Z,,,,2027-04-07T00:00:00Z,,,,,,,,,,,,,,,,,,,716,2026-08-31T20:46:33Z,2026-08-21T17:00:57Z,,,,,XCEL ENERGY NORTHERN,Soleil Anker,Soleil Anker
717,22000-3/8,3,8,No,,,No,No,No,No,No,No,No,,,Active,,,,Power,,No,,No,No,No,100-104,,,,,,,,,,,Completed,2027-03-12T00:00:00Z,,,,,Completed,,2027-03-12T05:00:00Z,,,,2027-04-29T00:00:00Z,,,,,,,,,,,,,,,,,,,717,2026-08-31T20:47:27Z,2026-08-21T17:01:00Z,,,,,HYDRO QUEBEC,Soleil Anker,Soleil Anker
718,22000-4/8,4,8,No,,,No,No,No,No,No,No,No,,,Active,,,,Power,,No,,No,No,No,100-104,,,,,,,,,,,Completed,2027-03-12T00:00:00Z,,,,,Completed,,2027-03-12T05:00:00Z,,,,2027-04-29T00:00:00Z,,,,,,,,,,,,,,,,,,,718,2026-08-31T20:47:26Z,2026-08-21T17:01:02Z,,,,,HYDRO QUEBEC,Soleil Anker,Soleil Anker
719,22000-5/8,5,8,No,,,No,No,No,No,No,No,No,,,Active,,,,Power,,No,,No,No,No,100-104,,,,,,,,,,,Completed,2027-03-12T00:00:00Z,,,,,Completed,,2027-03-12T05:00:00Z,,,,2027-04-29T00:00:00Z,,,,,,,,,,,,,,,,,,,719,2026-08-31T20:47:23Z,2026-08-21T17:01:04Z,,,,,HYDRO QUEBEC,Soleil Anker,Soleil Anker
720,22001-3/8,3,8,No,,,No,No,No,No,No,No,No,,,Active,,,,Power / Ligne 1,,No,,No,No,No,100-104,,,,,,,,,,,Completed,2027-03-15T00:00:00Z,,,,,Completed,,2027-03-15T04:00:00Z,,,,2027-04-29T00:00:00Z,,,,,,,,,,,,,,,,,,,720,2026-08-31T20:47:09Z,2026-08-21T17:01:07Z,,,,,HYDRO QUEBEC,Soleil Anker,Soleil Anker
721,22002-1/3,1,3,No,,,No,No,No,No,No,No,No,,,Active,,,,Power / Ligne 1,,No,,No,No,No,100-104,,,,,,,,,,,Completed,2027-03-15T00:00:00Z,,,,,Completed,,2027-03-15T04:00:00Z,,,,2027-04-29T00:00:00Z,,,,,,,,,,,,,,,,,,,721,2026-08-31T20:46:54Z,2026-08-21T17:01:09Z,,,,,HYDRO QUEBEC,Soleil Anker,Soleil Anker
722,22000-6/8,6,8,No,,,No,No,No,No,No,No,No,,,Active,,,,Power,,No,,No,No,No,100-104,,,,,,,,,,,Completed,2027-03-16T00:00:00Z,,,,,Completed,,2027-03-16T04:00:00Z,,,,2027-04-29T00:00:00Z,,,,,,,,,,,,,,,,,,,722,2026-08-31T20:47:20Z,2026-08-21T17:01:11Z,,,,,HYDRO QUEBEC,Soleil Anker,Soleil Anker
723,22000-7/8,7,8,No,,,No,No,No,No,No,No,No,,,Active,,,,Power,,No,,No,No,No,100-104,,,,,,,,,,,Completed,2027-03-16T00:00:00Z,,,,,Completed,,2027-03-16T04:00:00Z,,,,2027-04-29T00:00:00Z,,,,,,,,,,,,,,,,,,,723,2026-08-31T20:47:18Z,2026-08-21T17:01:14Z,,,,,HYDRO QUEBEC,Soleil Anker,Soleil Anker
724,22000-8/8,8,8,No,,,No,No,No,No,No,No,No,,,Active,,,,Power,,No,,No,No,No,100-104,,,,,,,,,,,Completed,2027-03-16T00:00:00Z,,,,,Completed,,2027-03-16T04:00:00Z,,,,2027-04-29T00:00:00Z,,,,,,,,,,,,,,,,,,,724,2026-08-31T20:47:16Z,2026-08-21T17:01:16Z,,,,,HYDRO QUEBEC,Soleil Anker,Soleil Anker
725,22009-1/2,1,2,No,,,No,No,No,No,No,No,No,,,Active,,,,Power / Ligne 1,,No,,No,No,No,100-104,,,,,,,,,,,Completed,2027-03-16T00:00:00Z,,,,,,,2027-03-16T04:00:00Z,,,,,,,,,,,,,,,,,,,,,,,725,2026-08-31T20:46:10Z,2026-08-21T17:01:20Z,,,,,MADISON GAS § ELECTRIC,Soleil Anker,Soleil Anker
726,21407-3/3,3,3,No,,,No,No,No,No,No,No,No,,,Active,,,Entrepôt SN,Zone B,,No,0,No,No,No,106,,,,,,,,,,,Completed,2027-03-17T00:00:00Z,,,,,,2027-03-03T00:00:00Z,2027-03-17T04:00:00Z,2027-04-01T04:00:00Z,,,,,,,,,,,,,,,,,,,,,,726,2026-08-31T21:08:22Z,2026-08-21T17:01:23Z,,,,,HYDRO QUEBEC,Soleil Anker,Soleil Anker
727,22001-4/8,4,8,No,,,No,No,No,No,No,No,No,,,Active,,,,Power / Ligne 1,,No,,No,No,No,100-104,,,,,,,,,,,Completed,2027-03-17T00:00:00Z,,,,,Completed,,2027-03-17T04:00:00Z,,,,2027-04-29T00:00:00Z,,,,,,,,,,,,,,,,,,,727,2026-08-31T20:47:06Z,2026-08-21T17:01:24Z,,,,,HYDRO QUEBEC,Soleil Anker,Soleil Anker
728,22002-2/3,2,3,No,,,No,No,No,No,No,No,No,,,Active,,,,Power / Ligne 1,,No,,No,No,No,100-104,,,,,,,,,,,Completed,2027-03-17T00:00:00Z,,,,,Completed,,2027-03-17T04:00:00Z,,,,2027-04-29T00:00:00Z,,,,,,,,,,,,,,,,,,,728,2026-08-31T20:46:52Z,2026-08-21T17:01:27Z,,,,,HYDRO QUEBEC,Soleil Anker,Soleil Anker
729,22002-3/3,3,3,No,,,No,No,No,No,No,No,No,,,Active,,,,Power / Ligne 1,,No,,No,No,No,100-104,,,,,,,,,,,Completed,2027-03-18T00:00:00Z,,,,,Completed,,2027-03-18T04:00:00Z,,,,2027-04-29T00:00:00Z,,,,,,,,,,,,,,,,,,,729,2026-08-31T20:46:49Z,2026-08-21T17:01:29Z,,,,,HYDRO QUEBEC,Soleil Anker,Soleil Anker
730,22001-5/8,5,8,No,,,No,No,No,No,No,No,No,,,Active,,,,Power / Ligne 1,,No,,No,No,No,100-104,,,,,,,,,,,Completed,2027-03-19T00:00:00Z,,,,,Completed,,2027-03-19T04:00:00Z,,,,2027-04-29T00:00:00Z,,,,,,,,,,,,,,,,,,,730,2026-08-31T20:47:04Z,2026-08-21T17:01:32Z,,,,,HYDRO QUEBEC,Soleil Anker,Soleil Anker
731,22001-6/8,6,8,No,,,No,No,No,No,No,No,No,,,Active,,,,Power / Ligne 1,,No,,No,No,No,100-104,,,,,,,,,,,Completed,2027-03-19T00:00:00Z,,,,,Completed,,2027-03-19T04:00:00Z,,,,2027-04-29T00:00:00Z,,,,,,,,,,,,,,,,,,,731,2026-08-31T20:47:02Z,2026-08-21T17:01:34Z,,,,,HYDRO QUEBEC,Soleil Anker,Soleil Anker
732,22009-2/2,2,2,No,,,No,No,No,No,No,No,No,,,Active,,,,Power / Ligne 1,,No,,No,No,No,100-104,,,,,,,,,,,Completed,2027-03-19T00:00:00Z,,,,,,,2027-03-19T04:00:00Z,,,,,,,,,,,,,,,,,,,,,,,732,2026-08-31T20:46:07Z,2026-08-21T17:01:37Z,,,,,MADISON GAS § ELECTRIC,Soleil Anker,Soleil Anker
733,22003-1/5,1,5,No,,,No,No,No,No,No,No,No,,,Active,,,Entrepôt SN,Power / Ligne 1,,No,,No,No,No,100-104,,,,,,,,,,,Completed,2027-03-22T00:00:00Z,,,,,Completed,,2027-03-22T04:00:00Z,,,,2027-04-29T00:00:00Z,,,,,,,,,,,,,,,,,,,733,2026-08-31T20:46:47Z,2026-08-21T17:01:38Z,,,,,HYDRO QUEBEC,Soleil Anker,Soleil Anker
734,22003-2/5,2,5,No,,,No,No,No,No,No,No,No,,,Active,,,Entrepôt SN,Power / Ligne 1,,No,,No,No,No,100-104,,,,,,,,,,,Completed,2027-03-22T00:00:00Z,,,,,Completed,,2027-03-22T04:00:00Z,,,,2027-04-29T00:00:00Z,,,,,,,,,,,,,,,,,,,734,2026-08-31T20:46:45Z,2026-08-21T17:01:41Z,,,,,HYDRO QUEBEC,Soleil Anker,Soleil Anker
735,22001-7/8,7,8,No,,,No,No,No,No,No,No,No,,,Active,,,,Power / Ligne 1,,No,,No,No,No,100-104,,,,,,,,,,,Completed,2027-03-23T00:00:00Z,,,,,Completed,,2027-03-23T04:00:00Z,,,,2027-04-29T00:00:00Z,,,,,,,,,,,,,,,,,,,735,2026-08-31T20:46:59Z,2026-08-21T17:01:43Z,,,,,HYDRO QUEBEC,Soleil Anker,Soleil Anker
736,22001-8/8,8,8,No,,,No,No,No,No,No,No,No,,,Active,,,,Power / Ligne 1,,No,,No,No,No,100-104,,,,,,,,,,,Completed,2027-03-23T00:00:00Z,,,,,Completed,,2027-03-23T04:00:00Z,,,,2027-04-29T00:00:00Z,,,,,,,,,,,,,,,,,,,736,2026-08-31T20:46:56Z,2026-08-21T17:01:45Z,,,,,HYDRO QUEBEC,Soleil Anker,Soleil Anker
737,21499-2/3,2,3,No,,,No,No,No,No,No,No,No,,,Active,,,Reçu,Zone B,,No,0,No,No,No,106,,,,,,,,,,,Completed,2027-03-24T00:00:00Z,,,,,,2027-04-21T00:00:00Z,2027-05-05T04:00:00Z,2027-06-03T04:00:00Z,Attente retour client / Tanking changé à la demande d'HQ / Attente kit isolation retardé 2-3 semaines vente prévenue,,,,,,,,,,,,,,,,,,,,,737,2026-08-31T21:08:15Z,2026-08-21T17:01:47Z,,,,,HYDRO QUEBEC,Soleil Anker,Soleil Anker
738,21499-2/3 SA,2,3,Yes,,,No,No,No,No,No,No,No,,,Active,,,Reçu,Zone B,,No,0,No,No,No,100-104,,,,,,,,,,,Completed,2027-03-24T00:00:00Z,,,,,,,2027-05-05T04:00:00Z,2027-06-03T04:00:00Z,Attente retour client / Tanking changé à la demande d'HQ,,,,,,,,,,,,,,,,,,,,,738,2026-08-31T21:08:12Z,2026-08-21T17:01:51Z,,,,,HYDRO QUEBEC,Soleil Anker,Soleil Anker
739,22003-3/5,3,5,No,,,No,No,No,No,No,No,No,,,Active,,,Entrepôt SN,Power / Ligne 1,,No,,No,No,No,100-104,,,,,,,,,,,Completed,2027-03-24T00:00:00Z,,,,,Completed,,2027-03-24T04:00:00Z,,,,2027-04-29T00:00:00Z,,,,,,,,,,,,,,,,,,,739,2026-08-31T20:46:41Z,2026-08-21T17:01:53Z,,,,,HYDRO QUEBEC,Soleil Anker,Soleil Anker
740,22003-4/5,4,5,No,,,No,No,No,No,No,No,No,,,Active,,,Entrepôt SN,Power / Ligne 1,,No,,No,No,No,100-104,,,,,,,,,,,Completed,2027-03-25T00:00:00Z,,,,,Completed,,2027-03-25T04:00:00Z,,,,2027-04-29T00:00:00Z,,,,,,,,,,,,,,,,,,,740,2026-08-31T20:46:40Z,2026-08-21T17:01:55Z,,,,,HYDRO QUEBEC,Soleil Anker,Soleil Anker
741,22003-5/5,5,5,No,,,No,No,No,No,No,No,No,,,Active,,,Entrepôt SN,Power / Ligne 1,,No,,No,No,No,100-104,,,,,,,,,,,Completed,2027-03-25T00:00:00Z,,,,,Completed,,2027-03-25T04:00:00Z,,,,2027-04-29T00:00:00Z,,,,,,,,,,,,,,,,,,,741,2026-08-31T20:46:36Z,2026-08-21T17:01:57Z,,,,,HYDRO QUEBEC,Soleil Anker,Soleil Anker
742,22018-1/1,1,1,No,,,No,No,No,No,No,No,No,,,Active,,,,,,No,,No,No,No,100-104,,,,,,,,,,,Completed,2027-03-30T00:00:00Z,,,,,,,2027-03-30T04:00:00Z,,,,,,,,,,,,,,,,,,,,,,,742,2026-08-31T20:45:23Z,2026-08-21T17:01:59Z,,,,,XCEL ENERGY NORTHERN,Soleil Anker,Soleil Anker
743,22019-1/1,1,1,No,,,No,No,No,No,No,No,No,,,Active,,,,,,No,,No,No,No,105-108,,,,,,,,,,,Completed,2027-04-01T00:00:00Z,,,,,,,2027-04-01T04:00:00Z,,,,,,,,,,,,,,,,,,,,,,,743,2026-08-31T20:45:21Z,2026-08-21T17:02:02Z,,,,,XCEL ENERGY NORTHERN,Soleil Anker,Soleil Anker
744,22073-1/8,1,8,No,,,No,No,No,No,No,No,No,,,Active,,,,Power,,No,,No,No,No,100-104,,,,,,,,,,,Completed,2027-04-05T00:00:00Z,,,,,,,2027-04-05T04:00:00Z,,,,,,,,,,,,,,,,,,,,,,,744,2026-08-31T20:39:59Z,2026-08-21T17:02:04Z,,,,,HYDRO QUEBEC,Soleil Anker,Soleil Anker
745,22073-2/8,2,8,No,,,No,No,No,No,No,No,No,,,Active,,,,Power,,No,,No,No,No,100-104,,,,,,,,,,,Completed,2027-04-05T00:00:00Z,,,,,,,2027-04-05T04:00:00Z,,,,,,,,,,,,,,,,,,,,,,,745,2026-08-31T20:39:56Z,2026-08-21T17:02:07Z,,,,,HYDRO QUEBEC,Soleil Anker,Soleil Anker
746,22073-3/8,3,8,No,,,No,No,No,No,No,No,No,,,Active,,,,Power,,No,,No,No,No,100-104,,,,,,,,,,,Completed,2027-04-05T00:00:00Z,,,,,,,2027-04-05T04:00:00Z,,,,,,,,,,,,,,,,,,,,,,,746,2026-08-31T20:39:53Z,2026-08-21T17:02:10Z,,,,,HYDRO QUEBEC,Soleil Anker,Soleil Anker
747,22076-1/4,1,4,No,,,No,No,No,No,No,No,No,,,Active,,,,Power / Ligne 1,,No,,No,No,No,100-104,,,,,,,,,,,Completed,2027-04-06T00:00:00Z,,,,,,,2027-04-06T04:00:00Z,,,,,,,,,,,,,,,,,,,,,,,747,2026-08-31T20:39:07Z,2026-08-21T17:02:11Z,,,,,HYDRO QUEBEC,Soleil Anker,Soleil Anker
748,22080-1/3,1,3,No,,,No,No,No,No,No,No,No,,,Active,,,,,,No,,No,No,No,105-108,,,,,,,,,,,Completed,2027-04-06T00:00:00Z,,,,,,,2027-04-06T04:00:00Z,,,,,,,,,,,,,,,,,,,,,,,748,2026-08-31T20:38:40Z,2026-08-21T17:02:13Z,,,,,XCEL ENERGY NORTHERN,Soleil Anker,Soleil Anker
749,21522-3/3,3,3,No,,,No,No,No,No,No,No,No,,,Active,,,,Zone B,,No,0,No,No,No,,,,,,,,,,,,Completed,2027-04-07T00:00:00Z,,,,,,2027-03-17T00:00:00Z,2027-03-31T04:00:00Z,2027-04-13T04:00:00Z,Attente retour client ,,,,,,,,,,,,,,,,,,,,,749,2026-08-31T21:07:56Z,2026-08-21T17:02:16Z,,,,,HYDRO QUEBEC,Soleil Anker,Soleil Anker
750,22073-4/8,4,8,No,,,No,No,No,No,No,No,No,,,Active,,,,Power,,No,,No,No,No,100-104,,,,,,,,,,,Completed,2027-04-07T00:00:00Z,,,,,,,2027-04-07T04:00:00Z,,,,,,,,,,,,,,,,,,,,,,,750,2026-08-31T20:39:51Z,2026-08-21T17:02:18Z,,,,,HYDRO QUEBEC,Soleil Anker,Soleil Anker
751,22073-5/8,5,8,No,,,No,No,No,No,No,No,No,,,Active,,,,Power,,No,,No,No,No,100-104,,,,,,,,,,,Completed,2027-04-07T00:00:00Z,,,,,,,2027-04-07T04:00:00Z,,,,,,,,,,,,,,,,,,,,,,,751,2026-08-31T20:39:48Z,2026-08-21T17:02:21Z,,,,,HYDRO QUEBEC,Soleil Anker,Soleil Anker
752,22073-6/8,6,8,No,,,No,No,No,No,No,No,No,,,Active,,,,Power,,No,,No,No,No,100-104,,,,,,,,,,,Completed,2027-04-07T00:00:00Z,,,,,,,2027-04-07T04:00:00Z,,,,,,,,,,,,,,,,,,,,,,,752,2026-08-31T20:39:46Z,2026-08-21T17:02:23Z,,,,,HYDRO QUEBEC,Soleil Anker,Soleil Anker
753,22076-2/4,2,4,No,,,No,No,No,No,No,No,No,,,Active,,,,Power / Ligne 1,,No,,No,No,No,100-104,,,,,,,,,,,Completed,2027-04-08T00:00:00Z,,,,,,,2027-04-08T04:00:00Z,,,,,,,,,,,,,,,,,,,,,,,753,2026-08-31T20:39:04Z,2026-08-21T17:02:26Z,,,,,HYDRO QUEBEC,Soleil Anker,Soleil Anker
754,22073-7/8,7,8,No,,,No,No,No,No,No,No,No,,,Active,,,,Power,,No,,No,No,No,100-104,,,,,,,,,,,Completed,2027-04-09T00:00:00Z,,,,,,,2027-04-09T04:00:00Z,,,,,,,,,,,,,,,,,,,,,,,754,2026-08-31T20:39:44Z,2026-08-21T17:02:29Z,,,,,HYDRO QUEBEC,Soleil Anker,Soleil Anker
755,22073-8/8,8,8,No,,,No,No,No,No,No,No,No,,,Active,,,,Power,,No,,No,No,No,100-104,,,,,,,,,,,Completed,2027-04-09T00:00:00Z,,,,,,,2027-04-08T04:00:00Z,,,,,,,,,,,,,,,,,,,,,,,755,2026-08-31T20:39:40Z,2026-08-21T17:02:31Z,,,,,HYDRO QUEBEC,Soleil Anker,Soleil Anker
756,22074-1/4,1,4,No,,,No,No,No,No,No,No,No,,,Active,,,,Power / Ligne 1,,No,,No,No,No,100-104,,,,,,,,,,,Completed,2027-04-09T00:00:00Z,,,,,,,2027-04-09T04:00:00Z,,,,,,,,,,,,,,,,,,,,,,,756,2026-08-31T20:39:39Z,2026-08-21T17:02:33Z,,,,,HYDRO QUEBEC,Soleil Anker,Soleil Anker
757,22080-2/3,2,3,No,,,No,No,No,No,No,No,No,,,Active,,,,,,No,,No,No,No,105-108,,,,,,,,,,,Completed,2027-04-09T00:00:00Z,,,,,,,2027-04-09T04:00:00Z,,,,,,,,,,,,,,,,,,,,,,,757,2026-08-31T20:38:38Z,2026-08-21T17:02:36Z,,,,,XCEL ENERGY NORTHERN,Soleil Anker,Soleil Anker
758,22010-1/2,1,2,No,,,No,No,No,No,No,No,No,,,Active,,,,Power / Ligne 1,,No,,No,No,No,100-104,,,,,,,,,,,Completed,2027-04-12T00:00:00Z,,,,,,,2027-04-12T04:00:00Z,,,,,,,,,,,,,,,,,,,,,,,758,2026-08-31T20:46:05Z,2026-08-21T17:02:38Z,,,,,MADISON GAS § ELECTRIC,Soleil Anker,Soleil Anker
759,22074-2/4,2,4,No,,,No,No,No,No,No,No,No,,,Active,,,,Power / Ligne 1,,No,,No,No,No,100-104,,,,,,,,,,,Completed,2027-04-12T00:00:00Z,,,,,,,2027-04-12T04:00:00Z,,,,,,,,,,,,,,,,,,,,,,,759,2026-08-31T20:39:35Z,2026-08-21T17:02:41Z,,,,,HYDRO QUEBEC,Soleil Anker,Soleil Anker
760,22075-1/8,1,8,No,,,No,No,No,No,No,No,No,,,Active,,,,Power,,No,,No,No,No,100-104,,,,,,,,,,,Completed,2027-04-13T00:00:00Z,,,,,,,2027-04-13T04:00:00Z,,,,,,,,,,,,,,,,,,,,,,,760,2026-08-31T20:39:28Z,2026-08-21T17:02:43Z,,,,,HYDRO QUEBEC,Soleil Anker,Soleil Anker
761,22075-2/8,2,8,No,,,No,No,No,No,No,No,No,,,Active,,,,Power,,No,,No,No,No,100-104,,,,,,,,,,,Completed,2027-04-13T00:00:00Z,,,,,,,2027-04-13T04:00:00Z,,,,,,,,,,,,,,,,,,,,,,,761,2026-08-31T20:39:25Z,2026-08-21T17:02:45Z,,,,,HYDRO QUEBEC,Soleil Anker,Soleil Anker
762,22075-3/8,3,8,No,,,No,No,No,No,No,No,No,,,Active,,,,Power,,No,,No,No,No,100-104,,,,,,,,,,,Completed,2027-04-13T00:00:00Z,,,,,,,2027-04-13T04:00:00Z,,,,,,,,,,,,,,,,,,,,,,,762,2026-08-31T20:39:23Z,2026-08-21T17:02:47Z,,,,,HYDRO QUEBEC,Soleil Anker,Soleil Anker
763,22076-3/4,3,4,No,,,No,No,No,No,No,No,No,,,Active,,,,Power / Ligne 1,,No,,No,No,No,100-104,,,,,,,,,,,Completed,2027-04-13T00:00:00Z,,,,,,,2027-04-13T04:00:00Z,,,,,,,,,,,,,,,,,,,,,,,763,2026-08-31T20:39:01Z,2026-08-21T17:02:50Z,,,,,HYDRO QUEBEC,Soleil Anker,Soleil Anker
764,22074-3/4,3,4,No,,,No,No,No,No,No,No,No,,,Active,,,,Power / Ligne 1,,No,,No,No,No,100-104,,,,,,,,,,,Completed,2027-04-14T00:00:00Z,,,,,,,2027-04-14T04:00:00Z,,,,,,,,,,,,,,,,,,,,,,,764,2026-08-31T20:39:34Z,2026-08-21T17:02:53Z,,,,,HYDRO QUEBEC,Soleil Anker,Soleil Anker
765,22074-4/4,4,4,No,,,No,No,No,No,No,No,No,,,Active,,,,Power / Ligne 1,,No,,No,No,No,100-104,,,,,,,,,,,Completed,2027-04-14T00:00:00Z,,,,,,,2027-04-14T04:00:00Z,,,,,,,,,,,,,,,,,,,,,,,765,2026-08-31T20:39:30Z,2026-08-21T17:02:56Z,,,,,HYDRO QUEBEC,Soleil Anker,Soleil Anker
766,22080-3/3,3,3,No,,,No,No,No,No,No,No,No,,,Active,,,,,,No,,No,No,No,105-108,,,,,,,,,,,Completed,2027-04-14T00:00:00Z,,,,,,,2027-04-14T04:00:00Z,,,,,,,,,,,,,,,,,,,,,,,766,2026-08-31T20:38:35Z,2026-08-21T17:02:57Z,,,,,XCEL ENERGY NORTHERN,Soleil Anker,Soleil Anker
767,22010-2/2,2,2,No,,,No,No,No,No,No,No,No,,,Active,,,,Power / Ligne 1,,No,,No,No,No,100-104,,,,,,,,,,,Completed,2027-04-15T00:00:00Z,,,,,,,2027-04-15T04:00:00Z,,,,,,,,,,,,,,,,,,,,,,,767,2026-08-31T20:46:02Z,2026-08-21T17:03:00Z,,,,,MADISON GAS § ELECTRIC,Soleil Anker,Soleil Anker
768,22076-4/4,4,4,No,,,No,No,No,No,No,No,No,,,Active,,,,Power / Ligne 1,,No,,No,No,No,100-104,,,,,,,,,,,Completed,2027-04-15T00:00:00Z,,,,,,,2027-04-15T04:00:00Z,,,,,,,,,,,,,,,,,,,,,,,768,2026-08-31T20:38:59Z,2026-08-21T17:03:02Z,,,,,HYDRO QUEBEC,Soleil Anker,Soleil Anker
769,22075-4/8,4,8,No,,,No,No,No,No,No,No,No,,,Active,,,,Power,,No,,No,No,No,100-104,,,,,,,,,,,Completed,2027-04-16T00:00:00Z,,,,,,,2027-04-16T04:00:00Z,,,,,,,,,,,,,,,,,,,,,,,769,2026-08-31T20:39:21Z,2026-08-21T17:03:04Z,,,,,HYDRO QUEBEC,Soleil Anker,Soleil Anker
770,22075-5/8,5,8,No,,,No,No,No,No,No,No,No,,,Active,,,,Power,,No,,No,No,No,100-104,,,,,,,,,,,Completed,2027-04-16T00:00:00Z,,,,,,,2027-04-16T04:00:00Z,,,,,,,,,,,,,,,,,,,,,,,770,2026-08-31T20:39:17Z,2026-08-21T17:03:08Z,,,,,HYDRO QUEBEC,Soleil Anker,Soleil Anker
771,22075-6/8,6,8,No,,,No,No,No,No,No,No,No,,,Active,,,,Power,,No,,No,No,No,100-104,,,,,,,,,,,Completed,2027-04-16T00:00:00Z,,,,,,,2027-04-16T04:00:00Z,,,,,,,,,,,,,,,,,,,,,,,771,2026-08-31T20:39:15Z,2026-08-21T17:03:09Z,,,,,HYDRO QUEBEC,Soleil Anker,Soleil Anker
772,22066-1/2,1,2,No,,,No,No,No,No,No,No,No,,,Active,,,,,,No,,No,No,No,100-104,,,,,,,,,,,Completed,2027-04-19T00:00:00Z,,,,,,,2027-04-19T04:00:00Z,,,,,,,,,,,,,,,,,,,,,,,772,2026-08-31T20:41:29Z,2026-08-21T17:03:12Z,,,,,XCEL ENERGY NORTHERN,Soleil Anker,Soleil Anker
773,22075-7/8,7,8,No,,,No,No,No,No,No,No,No,,,Active,,,,Power,,No,,No,No,No,100-104,,,,,,,,,,,Completed,2027-04-19T00:00:00Z,,,,,,,2027-04-19T04:00:00Z,,,,,,,,,,,,,,,,,,,,,,,773,2026-08-31T20:39:12Z,2026-08-21T17:03:14Z,,,,,HYDRO QUEBEC,Soleil Anker,Soleil Anker
774,22075-8/8,8,8,No,,,No,No,No,No,No,No,No,,,Active,,,,Power,,No,,No,No,No,100-104,,,,,,,,,,,Completed,2027-04-19T00:00:00Z,,,,,,,2027-04-19T04:00:00Z,,,,,,,,,,,,,,,,,,,,,,,774,2026-08-31T20:39:09Z,2026-08-21T17:03:16Z,,,,,HYDRO QUEBEC,Soleil Anker,Soleil Anker
775,22077-1/4,1,4,No,,,No,No,No,No,No,No,No,,,Active,,,,Power / Ligne 1,,No,,No,No,No,100-104,,,,,,,,,,,Completed,2027-04-19T00:00:00Z,,,,,,,2027-04-19T04:00:00Z,,,,,,,,,,,,,,,,,,,,,,,775,2026-08-31T20:38:57Z,2026-08-21T17:03:19Z,,,,,HYDRO QUEBEC,Soleil Anker,Soleil Anker
776,22066-2/2,2,2,No,,,No,No,No,No,No,No,No,,,Active,,,,,,No,,No,No,No,100-104,,,,,,,,,,,Completed,2027-04-21T00:00:00Z,,,,,,,2027-04-21T04:00:00Z,,,,,,,,,,,,,,,,,,,,,,,776,2026-08-31T20:41:27Z,2026-08-21T17:03:21Z,,,,,XCEL ENERGY NORTHERN,Soleil Anker,Soleil Anker
777,22077-2/4,2,4,No,,,No,No,No,No,No,No,No,,,Active,,,,Power / Ligne 1,,No,,No,No,No,100-104,,,,,,,,,,,Completed,2027-04-21T00:00:00Z,,,,,,,2027-04-21T04:00:00Z,,,,,,,,,,,,,,,,,,,,,,,777,2026-08-31T20:38:53Z,2026-08-21T17:03:23Z,,,,,HYDRO QUEBEC,Soleil Anker,Soleil Anker
778,22077-3/4,3,4,No,22077,,No,No,No,No,No,No,No,,,Active,,,,Power / Ligne 1,,No,,No,No,No,100-104,,,,,,,,,,,Completed,2027-04-23T00:00:00Z,Pending,,,,,,2027-04-23T04:00:00Z,,,,,,,,,,,,,HYQU,M-HYQU-0017,M-HYQU-0017,,,,,,,,778,2026-08-31T23:17:49Z,2026-08-21T17:03:26Z,,,,,HYDRO QUEBEC,Soleil Anker,Soleil Anker
779,22077-4/4,4,4,No,,,No,No,No,No,No,No,No,,,Active,,,,Power / Ligne 1,,No,,No,No,No,100-104,,,,,,,,,,,Completed,2027-04-26T00:00:00Z,,,,,,,2027-04-26T04:00:00Z,,,,,,,,,,,,,,,,,,,,,,,779,2026-08-31T20:38:48Z,2026-08-21T17:03:29Z,,,,,HYDRO QUEBEC,Soleil Anker,Soleil Anker
780,22079-1/1,1,1,No,,,No,No,No,No,No,No,No,,,Active,,,,,,No,,No,No,No,105-108,,,,,,,,,,,Completed,2027-04-27T00:00:00Z,,,,,,,2027-04-27T04:00:00Z,,,,,,,,,,,,,,,,,,,,,,,780,2026-08-31T20:38:44Z,2026-08-21T17:03:30Z,,,,,XCEL ENERGY NORTHERN,Soleil Anker,Soleil Anker
781,21663-1/1,1,1,No,,,No,No,No,No,No,No,No,,,Active,,,,Zone B,,No,0,No,No,No,105-108,,N,,,,,,,,,Completed,2027-04-28T00:00:00Z,,,,,,,2027-04-07T04:00:00Z,2027-05-31T04:00:00Z,,,,,,,,,,,,,,,,,,,,,,781,2026-08-31T21:06:31Z,2026-08-21T17:03:33Z,,,,,HYDRO QUEBEC,Soleil Anker,Soleil Anker
782,22131-1/1,1,1,No,22131,,No,No,No,No,No,No,No,,,Active,,,,,,No,,No,No,No,,,,,,,,,,,,Completed,2027-04-28T00:00:00Z,Pending,,,,,,2027-04-28T04:00:00Z,,,,,,,,,,,,,ENMA,M-ENMA-0017,MR-ENMA-0017-V1,,,,,,,,782,2026-08-31T20:30:43Z,2026-08-21T17:03:35Z,,,,,ENMAX,Soleil Anker,Soleil Anker
783,22132-1/1,1,1,No,22132,,No,No,No,No,No,No,No,,,Active,,,,,,No,,No,No,No,,,,,,,,,,,,Completed,2027-04-30T00:00:00Z,Pending,,,,,,2027-04-28T04:00:00Z,,,,,,,,,,,,,ENMA,M-ENMA-0018,MR-ENMA-0018-V1,,,,,,,,783,2026-08-31T20:30:06Z,2026-08-21T17:03:38Z,,,,,ENMAX,Soleil Anker,Soleil Anker
784,22113-1/1,1,1,No,22113,,No,No,No,No,No,No,No,,,Active,,,,Power / Ligne 1,,No,,No,No,No,100-104,,,,,,,,,,,Completed,2027-05-03T00:00:00Z,Pending,,,,,,2027-05-03T04:00:00Z,,,,,,,,,,,,,LGEN,M-LGEN-0003,MR-LGEN-0003-V1,,,,,,,,784,2026-08-31T20:33:30Z,2026-08-21T17:03:49Z,,,,,LG§E,Soleil Anker,Soleil Anker
785,22134-1/2,1,2,No,22134,,No,No,No,No,No,No,No,,,Active,,,,,,No,,No,No,No,100-104,,,,,,,,,,,Completed,2027-05-04T00:00:00Z,Pending,,,,Completed,,2027-05-04T04:00:00Z,,,,2027-02-05T00:00:00Z,,,,,,,,,ENMA,M-ENMA-0014,M-ENMA-0014,,,,,,,,785,2026-08-31T20:30:05Z,2026-08-21T17:03:52Z,,,,,ENMAX,Soleil Anker,Soleil Anker
786,22114-1/3,1,3,No,22114,,No,No,No,No,No,No,No,,,Active,,,,Power / Ligne 1,,No,,No,No,No,100-104,,,,,,,,,,,Completed,2027-05-05T00:00:00Z,Pending,,,,,,2027-05-05T04:00:00Z,,,,,,,,,,,,,LGEN,M-LGEN-0004,MR-LGEN-0004-V1,,,,,,,,786,2026-08-31T20:32:57Z,2026-08-21T17:03:54Z,,,,,LG§E,Soleil Anker,Soleil Anker
787,22092-1/8,1,8,No,,,No,No,No,No,No,No,No,,,Active,,,,Power,,No,,No,No,No,100-104,,,,,,,,,,,Completed,2027-05-06T00:00:00Z,,,,,,,2027-05-06T04:00:00Z,,,,,,,,,,,,,,,,,,,,,,,787,2026-08-31T20:37:08Z,2026-08-21T17:03:57Z,,,,,HYDRO QUEBEC,Soleil Anker,Soleil Anker
788,22092-2/8,2,8,No,,,No,No,No,No,No,No,No,,,Active,,,,Power,,No,,No,No,No,100-104,,,,,,,,,,,Completed,2027-05-06T00:00:00Z,,,,,,,2027-05-06T04:00:00Z,,,,,,,,,,,,,,,,,,,,,,,788,2026-08-31T20:37:06Z,2026-08-21T17:03:59Z,,,,,HYDRO QUEBEC,Soleil Anker,Soleil Anker
789,22134-2/2,2,2,No,22134,,No,No,No,No,No,No,No,,,Active,,,,,,No,,No,No,No,100-104,,,,,,,,,,,Completed,2027-05-06T00:00:00Z,Pending,,,,Completed,,2027-05-06T04:00:00Z,,,,2027-06-30T00:00:00Z,,,,,,,,,ENMA,M-ENMA-0014,M-ENMA-0014,,,,,,,,789,2026-08-31T20:30:06Z,2026-08-21T17:04:02Z,,,,,ENMAX,Soleil Anker,Soleil Anker
790,22093-1/4,1,4,No,22093,,No,No,No,No,No,No,No,,,Active,,,,Power / Ligne 1,,No,,No,No,No,100-104,,,,,,,,,,,Completed,2027-05-07T00:00:00Z,Pending,,,,,,2027-05-07T04:00:00Z,,,,,,,,,,,,,HYQU,M-HYQU-0012,M-HYQU-0012,,,,,,,,790,2026-08-31T23:55:29Z,2026-08-21T17:04:04Z,,,,,HYDRO QUEBEC,Soleil Anker,Soleil Anker
791,22114-2/3,2,3,No,22114,,No,No,No,No,No,No,No,,,Active,,,,Power / Ligne 1,,No,,No,No,No,100-104,,,,,,,,,,,Completed,2027-05-07T00:00:00Z,Pending,,,,,,2027-05-07T04:00:00Z,,,,,,,,,,,,,LGEN,M-LGEN-0004,MR-LGEN-0004-V1,,,,,,,,791,2026-08-31T20:32:57Z,2026-08-21T17:04:06Z,,,,,LG§E,Soleil Anker,Soleil Anker
792,22093-2/4,2,4,No,22093,,No,No,No,No,No,No,No,,,Active,,,,Power / Ligne 1,,No,,No,No,No,100-104,,,,,,,,,,,Completed,2027-05-10T00:00:00Z,Pending,,,,,,2027-05-10T04:00:00Z,,,,,,,,,,,,,HYQU,M-HYQU-0012,M-HYQU-0012,,,,,,,,792,2026-08-31T23:55:29Z,2026-08-21T17:04:09Z,,,,,HYDRO QUEBEC,Soleil Anker,Soleil Anker
793,22085-1/2,1,2,No,22085,,No,No,No,No,No,No,No,,,Active,,,,Power / Ligne 1,,No,,No,No,No,100-104,,,,,,,,,,,Completed,2027-05-11T00:00:00Z,Pending,,,,,,2027-05-11T04:00:00Z,,,,,,,,,,,,,XCEN,M-XCEN-0003,MR-XCEN-0003-V1,,,,,,,,793,2026-08-31T23:55:30Z,2026-08-21T17:04:11Z,,,,,XCEL ENERGY NORTHERN,Soleil Anker,Soleil Anker
794,22092-3/8,3,8,No,22092,,No,No,No,No,No,No,No,,,Active,,,,Power,,No,,No,No,No,100-104,,,,,,,,,,,Completed,2027-05-11T00:00:00Z,Pending,,,,,,2027-05-11T04:00:00Z,,,,,,,,,,,,,HYQU,M-HYQU-0009,M-HYQU-0009,,,,,,,,794,2026-08-31T23:55:29Z,2026-08-21T17:04:14Z,,,,,HYDRO QUEBEC,Soleil Anker,Soleil Anker
795,22092-4/8,4,8,No,22092,,No,No,No,No,No,No,No,,,Active,,,,Power,,No,,No,No,No,100-104,,,,,,,,,,,Completed,2027-05-11T00:00:00Z,Pending,,,,,,2027-05-11T04:00:00Z,,,,,,,,,,,,,HYQU,M-HYQU-0009,M-HYQU-0009,,,,,,,,795,2026-08-31T23:55:29Z,2026-08-21T17:04:17Z,,,,,HYDRO QUEBEC,Soleil Anker,Soleil Anker
796,22092-5/8,5,8,No,22092,,No,No,No,No,No,No,No,,,Active,,,,Power,,No,,No,No,No,100-104,,,,,,,,,,,Completed,2027-05-11T00:00:00Z,Pending,,,,,,2027-05-11T04:00:00Z,,,,,,,,,,,,,HYQU,M-HYQU-0009,M-HYQU-0009,,,,,,,,796,2026-08-31T23:55:30Z,2026-08-21T17:04:18Z,,,,,HYDRO QUEBEC,Soleil Anker,Soleil Anker
797,22093-3/4,3,4,No,22093,,No,No,No,No,No,No,No,,,Active,,,,Power / Ligne 1,,No,,No,No,No,100-104,,,,,,,,,,,Completed,2027-05-12T00:00:00Z,Pending,,,,,,2027-05-12T04:00:00Z,,,,,,,,,,,,,HYQU,M-HYQU-0012,M-HYQU-0012,,,,,,,,797,2026-08-31T23:17:46Z,2026-08-21T17:04:20Z,,,,,HYDRO QUEBEC,Soleil Anker,Soleil Anker
798,22114-3/3,3,3,No,22114,,No,No,No,No,No,No,No,,,Active,,,,Power / Ligne 1,,No,,No,No,No,100-104,,,,,,,,,,,Completed,2027-05-12T00:00:00Z,Pending,,,,,,2027-05-12T04:00:00Z,,,,,,,,,,,,,LGEN,M-LGEN-0004,MR-LGEN-0004-V1,,,,,,,,798,2026-08-31T20:32:57Z,2026-08-21T17:04:23Z,,,,,LG§E,Soleil Anker,Soleil Anker
799,22085-2/2,2,2,No,22085,,No,No,No,No,No,No,No,,,Active,,,,Power / Ligne 1,,No,,No,No,No,100-104,,,,,,,,,,,Completed,2027-05-13T00:00:00Z,Pending,,,,,,2027-05-13T04:00:00Z,,,,,,,,,,,,,XCEN,M-XCEN-0003,MR-XCEN-0003-V1,,,,,,,,799,2026-08-31T23:55:29Z,2026-08-21T17:04:26Z,,,,,XCEL ENERGY NORTHERN,Soleil Anker,Soleil Anker
800,22092-6/8,6,8,No,22092,,No,No,No,No,No,No,No,,,Active,,,,Power,,No,,No,No,No,100-104,,,,,,,,,,,Completed,2027-05-13T00:00:00Z,Pending,,,,,,2027-05-13T04:00:00Z,,,,,,,,,,,,,HYQU,M-HYQU-0009,M-HYQU-0009,,,,,,,,800,2026-08-31T23:55:29Z,2026-08-21T17:04:28Z,,,,,HYDRO QUEBEC,Soleil Anker,Soleil Anker
801,22092-7/8,7,8,No,22092,,No,No,No,No,No,No,No,,,Active,,,,Power,,No,,No,No,No,100-104,,,,,,,,,,,Completed,2027-05-13T00:00:00Z,Pending,,,,,,2027-05-13T04:00:00Z,,,,,,,,,,,,,HYQU,M-HYQU-0009,M-HYQU-0009,,,,,,,,801,2026-08-31T23:55:30Z,2026-08-21T17:04:30Z,,,,,HYDRO QUEBEC,Soleil Anker,Soleil Anker
802,22092-8/8,8,8,No,22092,,No,No,No,No,No,No,No,,,Active,,,,Power,,No,,No,No,No,100-104,,,,,,,,,,,Completed,2027-05-13T00:00:00Z,Pending,,,,,,2027-05-13T04:00:00Z,,,,,,,,,,,,,HYQU,M-HYQU-0009,M-HYQU-0009,,,,,,,,802,2026-08-31T23:55:29Z,2026-08-21T17:04:32Z,,,,,HYDRO QUEBEC,Soleil Anker,Soleil Anker
803,22093-4/4,4,4,No,22093,,No,No,No,No,No,No,No,,,Active,,,,Power / Ligne 1,,No,,No,No,No,100-104,,,,,,,,,,,Completed,2027-05-14T00:00:00Z,Pending,,,,,,2027-05-14T04:00:00Z,,,,,,,,,,,,,HYQU,M-HYQU-0012,M-HYQU-0012,,,,,,,,803,2026-08-31T23:55:30Z,2026-08-21T17:04:34Z,,,,,HYDRO QUEBEC,Soleil Anker,Soleil Anker
804,22115-1/1,1,1,No,22115,,No,No,No,No,No,No,No,,,Active,,,,Power / Ligne 1,,No,,No,No,No,100-104,,,,,,,,,,,Completed,2027-05-14T00:00:00Z,Pending,,,,,,2027-05-14T04:00:00Z,,,,,,,,,,,,,LGEN,M-LGEN-0006,MR-LGEN-0006-V1,,,,,,,,804,2026-08-31T20:32:57Z,2026-08-21T17:04:38Z,,,,,LG§E,Soleil Anker,Soleil Anker
805,22094-1/8,1,8,No,,,No,No,No,No,No,No,No,,,Active,,,,Power,,No,,No,No,No,100-104,,,,,,,,,,,Completed,2027-05-17T00:00:00Z,,,,,,,2027-05-17T04:00:00Z,,,,,,,,,,,,,,,,,,,,,,,805,2026-08-31T20:36:38Z,2026-08-21T17:04:42Z,,,,,HYDRO QUEBEC,Soleil Anker,Soleil Anker
806,22094-2/8,2,8,No,,,No,No,No,No,No,No,No,,,Active,,,,Power,,No,,No,No,No,100-104,,,,,,,,,,,Completed,2027-05-17T00:00:00Z,,,,,,,2027-05-17T04:00:00Z,,,,,,,,,,,,,,,,,,,,,,,806,2026-08-31T20:36:35Z,2026-08-21T17:04:43Z,,,,,HYDRO QUEBEC,Soleil Anker,Soleil Anker
807,22116-1/1,1,1,No,22116,,No,No,No,No,No,No,No,,,Active,,,,Power / Ligne 1,,No,,No,No,No,100-104,,,,,,,,,,,Completed,2027-05-17T00:00:00Z,Pending,,,,,,2027-05-14T04:00:00Z,,,,,,,,,,,,,LGEN,M-LGEN-0007,MR-LGEN-0007-V1,,,,,,,,807,2026-08-31T20:32:57Z,2026-08-21T17:04:46Z,,,,,LG§E,Soleil Anker,Soleil Anker
808,22095-1/4,1,4,No,,,No,No,No,No,No,No,No,,,Active,,,,Power / Ligne 1,,No,,No,No,No,100-104,,,,,,,,,,,Completed,2027-05-18T00:00:00Z,,,,,,,2027-05-18T04:00:00Z,,,,,,,,,,,,,,,,,,,,,,,808,2026-08-31T20:36:17Z,2026-08-21T17:04:51Z,,,,,HYDRO QUEBEC,Soleil Anker,Soleil Anker
809,22095-2/4,2,4,No,,,No,No,No,No,No,No,No,,,Active,,,,Power / Ligne 1,,No,,No,No,No,100-104,,,,,,,,,,,Completed,2027-05-18T00:00:00Z,,,,,,,2027-05-18T04:00:00Z,,,,,,,,,,,,,,,,,,,,,,,809,2026-08-31T20:36:14Z,2026-08-21T17:04:52Z,,,,,HYDRO QUEBEC,Soleil Anker,Soleil Anker
810,21499-3/3,3,3,No,,,No,No,No,No,No,No,No,,,Active,,,,Zone B,,No,0,No,No,No,106,,46295,,,,,,,,,Completed,2027-05-19T00:00:00Z,,,,,,2027-05-05T00:00:00Z,2027-05-19T04:00:00Z,2027-06-03T04:00:00Z,Attente retour client / Tanking changé à la demande d'HQ / Attente kit isolation retardé 2-3 semaines vente prévenue,,,,,,,,,,,,,,,,,,,,,810,2026-08-31T21:08:10Z,2026-08-21T17:04:55Z,,,,,HYDRO QUEBEC,Soleil Anker,Soleil Anker
811,21499-3/3 SA,3,3,Yes,,,No,No,No,No,No,No,No,,,Active,,,,Zone B,,No,0,No,No,No,100-104,,,,,,,,,,,Completed,2027-05-19T00:00:00Z,,,,,,,2027-05-19T04:00:00Z,2027-06-03T04:00:00Z,Attente retour client / Tanking changé à la demande d'HQ,,,,,,,,,,,,,,,,,,,,,811,2026-08-31T21:08:07Z,2026-08-21T17:04:59Z,,,,,HYDRO QUEBEC,Soleil Anker,Soleil Anker
812,22094-3/8,3,8,No,,,No,No,No,No,No,No,No,,,Active,,,,Power,,No,,No,No,No,100-104,,,,,,,,,,,Completed,2027-05-19T00:00:00Z,,,,,,,2027-05-19T04:00:00Z,,,,,,,,,,,,,,,,,,,,,,,812,2026-08-31T20:36:33Z,2026-08-21T17:05:00Z,,,,,HYDRO QUEBEC,Soleil Anker,Soleil Anker
813,22094-4/8,4,8,No,,,No,No,No,No,No,No,No,,,Active,,,,Power,,No,,No,No,No,100-104,,,,,,,,,,,Completed,2027-05-19T00:00:00Z,,,,,,,2027-05-19T04:00:00Z,,,,,,,,,,,,,,,,,,,,,,,813,2026-08-31T20:36:30Z,2026-08-21T17:05:03Z,,,,,HYDRO QUEBEC,Soleil Anker,Soleil Anker
814,22094-5/8,5,8,No,22094,,No,No,No,No,No,No,No,,,Active,,,,Power,,No,,No,No,No,100-104,,,,,,,,,,,Completed,2027-05-19T00:00:00Z,Pending,,,,,,2027-05-19T04:00:00Z,,,,,,,,,,,,,HYQU,M-HYQU-0014,M-HYQU-0014,,,,,,,,814,2026-09-01T04:01:45Z,2026-08-21T17:05:06Z,,,,,HYDRO QUEBEC,Soleil Anker,Soleil Anker
815,22095-3/4,3,4,No,,,No,No,No,No,No,No,No,,,Active,,,,Power / Ligne 1,,No,,No,No,No,100-104,,,,,,,,,,,Completed,2027-05-20T00:00:00Z,,,,,,,2027-05-20T04:00:00Z,,,,,,,,,,,,,,,,,,,,,,,815,2026-08-31T20:36:13Z,2026-08-21T17:05:08Z,,,,,HYDRO QUEBEC,Soleil Anker,Soleil Anker
816,22095-4/4,4,4,No,22095,,No,No,No,No,No,No,No,,,Active,,,,Power / Ligne 1,,No,,No,No,No,100-104,,,,,,,,,,,Completed,2027-05-20T00:00:00Z,Pending,,,,,,2027-05-20T04:00:00Z,,,,,,,,,,,,,HYQU,M-HYQU-0016,M-HYQU-0016,,,,,,,,816,2026-09-01T01:42:24Z,2026-08-21T17:05:11Z,,,,,HYDRO QUEBEC,Soleil Anker,Soleil Anker
817,22094-6/8,6,8,No,,,No,No,No,No,No,No,No,,,Active,,,,Power,,No,,No,No,No,100-104,,,,,,,,,,,Completed,2027-05-21T00:00:00Z,,,,,,,2027-05-21T04:00:00Z,,,,,,,,,,,,,,,,,,,,,,,817,2026-08-31T20:36:24Z,2026-08-21T17:05:13Z,,,,,HYDRO QUEBEC,Soleil Anker,Soleil Anker
818,22094-7/8,7,8,No,,,No,No,No,No,No,No,No,,,Active,,,,Power,,No,,No,No,No,100-104,,,,,,,,,,,Completed,2027-05-21T00:00:00Z,,,,,,,2027-05-21T04:00:00Z,,,,,,,,,,,,,,,,,,,,,,,818,2026-08-31T20:36:21Z,2026-08-21T17:05:16Z,,,,,HYDRO QUEBEC,Soleil Anker,Soleil Anker
819,22094-8/8,8,8,No,,,No,No,No,No,No,No,No,,,Active,,,,Power,,No,,No,No,No,100-104,,,,,,,,,,,Completed,2027-05-21T00:00:00Z,,,,,,,2027-05-21T04:00:00Z,,,,,,,,,,,,,,,,,,,,,,,819,2026-08-31T20:36:20Z,2026-08-21T17:05:18Z,,,,,HYDRO QUEBEC,Soleil Anker,Soleil Anker
820,22135-1/2,1,2,No,22135,,No,No,No,No,No,No,No,,,Active,,,,,,No,,No,No,No,100-104,,,,,,,,,,,Completed,2027-05-25T00:00:00Z,Pending,,,,Completed,,2027-05-25T04:00:00Z,,,,2027-06-30T00:00:00Z,,,,,,,,,ENMA,M-ENMA-0042,M-ENMA-0042,,,,,,,,820,2026-08-31T20:30:07Z,2026-08-21T17:05:21Z,,,1500,,ENMAX,Soleil Anker,Soleil Anker
821,21984-1/1,1,1,No,,,No,No,No,No,No,No,No,,,Active,,,,Zone B,,No,,No,No,No,,,,,,,,,,,,Completed,2027-05-26T00:00:00Z,,,,,,,2027-05-26T04:00:00Z,2027-07-29T04:00:00Z,,,,,,,,,,,,,,,,,,,,,,821,2026-08-31T20:49:44Z,2026-08-21T17:05:24Z,,,,,HYDRO QUEBEC,Soleil Anker,Soleil Anker
822,22096-1/4,1,4,No,,,No,No,No,No,No,No,No,,,Active,,,,Power / Ligne 1,,No,,No,No,No,100-104,,,,,,,,,,,Completed,2027-05-26T00:00:00Z,,,,,,,2027-05-26T04:00:00Z,,,,,,,,,,,,,,,,,,,,,,,822,2026-08-31T20:36:07Z,2026-08-21T17:05:25Z,,,,,HYDRO QUEBEC,Soleil Anker,Soleil Anker
823,22096-2/4,2,4,No,22096,,No,No,No,No,No,No,No,,,Active,,,,Power / Ligne 1,,No,,No,No,No,100-104,,,,,,,,,,,Completed,2027-05-26T00:00:00Z,Pending,,,,,,2027-05-26T04:00:00Z,,,,,,,,,,,,,HYQU,M-HYQU-0017,M-HYQU-0017,,,,,,,,823,2026-08-31T23:06:21Z,2026-08-21T17:05:28Z,,,,,HYDRO QUEBEC,Soleil Anker,Soleil Anker
824,22135-2/2,2,2,No,22135,,No,No,No,No,No,No,No,,,Active,,,,,,No,,No,No,No,100-104,,,,,,,,,,,Completed,2027-05-27T00:00:00Z,Pending,,,,Completed,,2027-05-27T04:00:00Z,,,,2027-06-30T00:00:00Z,,,,,,,,,ENMA,M-ENMA-0042,M-ENMA-0042,,,,,,,,824,2026-08-31T20:30:05Z,2026-08-21T17:05:30Z,,,1500,,ENMAX,Soleil Anker,Soleil Anker
825,22096-3/4,3,4,No,,,No,No,No,No,No,No,No,,,Active,,,,Power / Ligne 1,,No,,No,No,No,100-104,,,,,,,,,,,Completed,2027-05-28T00:00:00Z,,,,,,,2027-05-28T04:00:00Z,,,,,,,,,,,,,,,,,,,,,,,825,2026-08-31T20:36:03Z,2026-08-21T17:05:33Z,,,,,HYDRO QUEBEC,Soleil Anker,Soleil Anker
826,22096-4/4,4,4,No,22096,,No,No,No,No,No,No,No,,,Active,,,,Power / Ligne 1,,No,,No,No,No,100-104,,,,,,,,,,,Completed,2027-05-28T00:00:00Z,Pending,,,,,,2027-05-28T04:00:00Z,,,,,,,,,,,,,HYQU,M-HYQU-0017,M-HYQU-0017,,,,,,,,826,2026-09-01T00:14:40Z,2026-08-21T17:05:35Z,,,,,HYDRO QUEBEC,Soleil Anker,Soleil Anker
827,E21017CC-1/1,1,1,No,E21017CC,,No,No,No,No,No,No,No,,,Active,,,,Zone B,,No,,No,No,No,,,,,,,,,,,,Completed,2027-05-31T00:00:00Z,Pending,,,,,,2027-05-31T04:00:00Z,,Pas de partie active à faire,,,,,,,,,,,TECO,M-TECO-0007,MR-TECO-0007-V1,,,,,,,,827,2026-08-31T20:29:02Z,2026-08-21T17:05:38Z,,,,,TECHNO CONTACT,Soleil Anker,Soleil Anker
828,21612-1/1,1,1,No,,,No,No,No,No,No,No,No,,,Active,,,,Zone B,,No,0,No,No,No,106,,N,,,,,,,,,Completed,2027-06-02T00:00:00Z,,,,,,2027-05-19T00:00:00Z,2027-06-02T04:00:00Z,2027-07-31T04:00:00Z,,,,,,,,,,,,,,,,,,,,,,828,2026-08-31T21:07:12Z,2026-08-21T17:05:40Z,,,,,HYDRO QUEBEC,Soleil Anker,Soleil Anker
829,22011-1/2,1,2,No,,,No,No,No,No,No,No,No,,,Active,,,,,,No,,No,No,No,100-104,,,,,,,,,,,Completed,2027-06-07T00:00:00Z,,,,,,,2027-06-07T04:00:00Z,,,,,,,,,,,,,,,,,,,,,,,829,2026-08-31T20:46:01Z,2026-08-21T17:05:43Z,,,,,MADISON GAS § ELECTRIC,Soleil Anker,Soleil Anker
830,21982-1/1,1,1,No,,,No,No,No,No,No,No,No,,,Active,,,,Zone B,,No,,No,No,No,,,,,,,,,,,,Completed,2027-06-09T00:00:00Z,,,,,,,2027-06-09T04:00:00Z,2027-08-31T04:00:00Z,,,,,,,,,,,,,,,,,,,,,,830,2026-08-31T20:49:53Z,2026-08-21T17:05:46Z,,,,,HYDRO QUEBEC,Soleil Anker,Soleil Anker
831,21982-1/1 SA,1,1,Yes,,,No,No,No,No,No,No,No,,,Active,,,,Zone B,,No,,No,No,No,,,,,,,,,,,,Completed,2027-06-09T00:00:00Z,,,,,,,2027-06-09T04:00:00Z,2027-08-31T04:00:00Z,,,,,,,,,,,,,,,,,,,,,,831,2026-08-31T20:49:49Z,2026-08-21T17:05:48Z,,,,,HYDRO QUEBEC,Soleil Anker,Soleil Anker
832,22011-2/2,2,2,No,,,No,No,No,No,No,No,No,,,Active,,,,,,No,,No,No,No,100-104,,,,,,,,,,,Completed,2027-06-10T00:00:00Z,,,,,,,2027-06-10T04:00:00Z,,,,,,,,,,,,,,,,,,,,,,,832,2026-08-31T20:45:57Z,2026-08-21T17:05:50Z,,,,,MADISON GAS § ELECTRIC,Soleil Anker,Soleil Anker
833,22124-1/8,1,8,No,22124,,No,No,No,No,No,No,No,,,Active,,,,Power,,No,,No,No,No,100-104,,,,,,,,,,,Completed,2027-06-21T00:00:00Z,Pending,,,,,,2027-06-21T04:00:00Z,,,,,,,,,,,,,HYQU,M-HYQU-0009,M-HYQU-0009,,,,,,,,833,2026-08-31T20:31:58Z,2026-08-21T17:05:53Z,,,,,HYDRO QUEBEC,Soleil Anker,Soleil Anker
834,22124-2/8,2,8,No,22124,,No,No,No,No,No,No,No,,,Active,,,,Power,,No,,No,No,No,100-104,,,,,,,,,,,Completed,2027-06-21T00:00:00Z,Pending,,,,,,2027-06-21T04:00:00Z,,,,,,,,,,,,,HYQU,M-HYQU-0009,M-HYQU-0009,,,,,,,,834,2026-08-31T20:31:52Z,2026-08-21T17:05:56Z,,,,,HYDRO QUEBEC,Soleil Anker,Soleil Anker
835,22124-3/8,3,8,No,22124,,No,No,No,No,No,No,No,,,Active,,,,Power,,No,,No,No,No,100-104,,,,,,,,,,,Completed,2027-06-21T00:00:00Z,Pending,,,,,,2027-06-21T04:00:00Z,,,,,,,,,,,,,HYQU,M-HYQU-0009,M-HYQU-0009,,,,,,,,835,2026-08-31T20:31:52Z,2026-08-21T17:05:59Z,,,,,HYDRO QUEBEC,Soleil Anker,Soleil Anker
836,22124-4/8,4,8,No,22124,,No,No,No,No,No,No,No,,,Active,,,,Power,,No,,No,No,No,100-104,,,,,,,,,,,Completed,2027-06-21T00:00:00Z,Pending,,,,,,2027-06-21T04:00:00Z,,,,,,,,,,,,,HYQU,M-HYQU-0009,M-HYQU-0009,,,,,,,,836,2026-08-31T20:31:52Z,2026-08-21T17:06:01Z,,,,,HYDRO QUEBEC,Soleil Anker,Soleil Anker
837,21665-1/3,1,3,No,,,No,No,No,No,No,No,No,,,Active,,,,Zone B,,No,0,No,No,No,,,N,,,,,,,,,Completed,2027-06-23T00:00:00Z,,,,,,,2027-06-23T04:00:00Z,2027-08-31T04:00:00Z,,,,,,,,,,,,,,,,,,,,,,837,2026-08-31T21:06:24Z,2026-08-21T17:06:04Z,,,,,HYDRO QUEBEC,Soleil Anker,Soleil Anker
838,21665-1/3 SA,1,3,Yes,,,No,No,No,No,No,No,No,,,Active,,,,Zone B,,No,0,No,No,No,,,,,,,,,,,,Completed,2027-06-23T00:00:00Z,,,,,,,2027-06-23T04:00:00Z,2027-08-31T04:00:00Z,,,,,,,,,,,,,,,,,,,,,,838,2026-08-31T21:06:20Z,2026-08-21T17:06:07Z,,,,,HYDRO QUEBEC,Soleil Anker,Soleil Anker
839,22127-1/4,1,4,No,22127,,No,No,No,No,No,No,No,,,Active,,,,Power / Ligne 1,,No,,No,No,No,100-104,,,,,,,,,,,Completed,2027-06-23T00:00:00Z,Pending,,,,,,2027-06-23T04:00:00Z,,,,,,,,,,,,,HYQU,M-HYQU-0016,M-HYQU-0016,,,,,,,,839,2026-08-31T20:31:19Z,2026-08-21T17:06:09Z,,,,,HYDRO QUEBEC,Soleil Anker,Soleil Anker
840,22012-1/2,1,2,No,,,No,No,No,No,No,No,No,,,Active,,,,Power / Ligne 1,,No,,No,No,No,100-104,,,,,,,,,,,Completed,2027-06-25T00:00:00Z,,,,,,,2027-06-25T04:00:00Z,,,,,,,,,,,,,,,,,,,,,,,840,2026-08-31T20:45:55Z,2026-08-21T17:06:12Z,,,,,MADISON GAS § ELECTRIC,Soleil Anker,Soleil Anker
841,22124-5/8,5,8,No,22124,,No,No,No,No,No,No,No,,,Active,,,,Power,,No,,No,No,No,100-104,,,,,,,,,,,Completed,2027-06-25T00:00:00Z,Pending,,,,,,2027-06-25T04:00:00Z,,,,,,,,,,,,,HYQU,M-HYQU-0009,M-HYQU-0009,,,,,,,,841,2026-08-31T20:31:52Z,2026-08-21T17:06:14Z,,,,,HYDRO QUEBEC,Soleil Anker,Soleil Anker
842,22124-6/8,6,8,No,22124,,No,No,No,No,No,No,No,,,Active,,,,Power,,No,,No,No,No,100-104,,,,,,,,,,,Completed,2027-06-25T00:00:00Z,Pending,,,,,,2027-06-25T04:00:00Z,,,,,,,,,,,,,HYQU,M-HYQU-0009,M-HYQU-0009,,,,,,,,842,2026-08-31T20:31:52Z,2026-08-21T17:06:17Z,,,,,HYDRO QUEBEC,Soleil Anker,Soleil Anker
843,22124-7/8,7,8,No,22124,,No,No,No,No,No,No,No,,,Active,,,,Power,,No,,No,No,No,100-104,,,,,,,,,,,Completed,2027-06-25T00:00:00Z,Pending,,,,,,2027-06-25T04:00:00Z,,,,,,,,,,,,,HYQU,M-HYQU-0009,M-HYQU-0009,,,,,,,,843,2026-08-31T20:31:52Z,2026-08-21T17:06:19Z,,,,,HYDRO QUEBEC,Soleil Anker,Soleil Anker
844,22124-8/8,8,8,No,22124,,No,No,No,No,No,No,No,,,Active,,,,Power,,No,,No,No,No,100-104,,,,,,,,,,,Completed,2027-06-25T00:00:00Z,Pending,,,,,,2027-06-25T04:00:00Z,,,,,,,,,,,,,HYQU,M-HYQU-0009,M-HYQU-0009,,,,,,,,844,2026-08-31T20:31:20Z,2026-08-21T17:06:22Z,,,,,HYDRO QUEBEC,Soleil Anker,Soleil Anker
845,22125-1/4,1,4,No,22125,,No,No,No,No,No,No,No,,,Active,,,,Power / Ligne 1,,No,,No,No,No,100-104,,,,,,,,,,,Completed,2027-06-28T00:00:00Z,Pending,,,,,,2027-06-28T04:00:00Z,,,,,,,,,,,,,HYQU,M-HYQU-0012,M-HYQU-0012,,,,,,,,845,2026-08-31T20:31:19Z,2026-08-21T17:06:29Z,,,,,HYDRO QUEBEC,Soleil Anker,Soleil Anker
846,22125-2/4,2,4,No,22125,,No,No,No,No,No,No,No,,,Active,,,,Power / Ligne 1,,No,,No,No,No,100-104,,,,,,,,,,,Completed,2027-06-28T00:00:00Z,Pending,,,,,,2027-06-28T04:00:00Z,,,,,,,,,,,,,HYQU,M-HYQU-0012,M-HYQU-0012,,,,,,,,846,2026-08-31T20:31:19Z,2026-08-21T17:06:32Z,,,,,HYDRO QUEBEC,Soleil Anker,Soleil Anker
847,22127-2/4,2,4,No,22127,,No,No,No,No,No,No,No,,,Active,,,,Power / Ligne 1,,No,,No,No,No,100-104,,,,,,,,,,,Completed,2027-06-29T00:00:00Z,Pending,,,,,,2027-06-29T04:00:00Z,,,,,,,,,,,,,HYQU,M-HYQU-0016,M-HYQU-0016,,,,,,,,847,2026-08-31T20:31:19Z,2026-08-21T17:06:34Z,,,,,HYDRO QUEBEC,Soleil Anker,Soleil Anker
848,22128-1/4,1,4,No,22128,,No,No,No,No,No,No,No,,,Active,,,,Power / Ligne 1,,No,,No,No,No,100-104,,,,,,,,,,,Completed,2027-06-29T00:00:00Z,Pending,,,,,,2027-06-29T04:00:00Z,,,,,,,,,,,,,HYQU,M-HYQU-0017,M-HYQU-0017,,,,,,,,848,2026-08-31T20:30:42Z,2026-08-21T17:06:37Z,,,,,HYDRO QUEBEC,Soleil Anker,Soleil Anker
849,21613-1/2,1,2,No,,,No,No,No,No,No,No,No,,,Active,,,,Zone B,,No,0,No,No,No,106,,N,,,,,,,,,Completed,2027-06-30T00:00:00Z,,,,,,2027-06-16T00:00:00Z,2027-06-30T04:00:00Z,2027-08-31T04:00:00Z,Attente retour client ,,,,,,,,,,,,,,,,,,,,,849,2026-08-31T21:07:10Z,2026-08-21T17:06:40Z,,,,,HYDRO QUEBEC,Soleil Anker,Soleil Anker
850,21613-1/2 SA,1,2,Yes,,,No,No,No,No,No,No,No,,,Active,,,,Zone B,,No,,No,No,No,100-104,,,,,,,,,,,Completed,2027-06-30T00:00:00Z,,,,,,,2027-06-30T04:00:00Z,2027-08-31T04:00:00Z,,,,,,,,,,,,,,,,,,,,,,850,2026-08-31T21:07:07Z,2026-08-21T17:06:43Z,,,,,HYDRO QUEBEC,Soleil Anker,Soleil Anker
851,22012-2/2,2,2,No,,,No,No,No,No,No,No,No,,,Active,,,,Power / Ligne 1,,No,,No,No,No,100-104,,,,,,,,,,,Completed,2027-06-30T00:00:00Z,,,,,,,2027-06-30T04:00:00Z,,,,,,,,,,,,,,,,,,,,,,,851,2026-08-31T20:45:52Z,2026-08-21T17:06:45Z,,,,,MADISON GAS § ELECTRIC,Soleil Anker,Soleil Anker
852,22127-3/4,3,4,No,22127,,No,No,No,No,No,No,No,,,Active,,,,Power / Ligne 1,,No,,No,No,No,100-104,,,,,,,,,,,Completed,2027-06-30T00:00:00Z,Pending,,,,,,2027-06-30T04:00:00Z,,,,,,,,,,,,,HYQU,M-HYQU-0016,M-HYQU-0016,,,,,,,,852,2026-08-31T20:30:43Z,2026-08-21T17:06:48Z,,,,,HYDRO QUEBEC,Soleil Anker,Soleil Anker
853,22125-3/4,3,4,No,22125,,No,No,No,No,No,No,No,,,Active,,,,Power / Ligne 1,,No,,No,No,No,100-104,,,,,,,,,,,Completed,2027-07-02T00:00:00Z,Pending,,,,,,2027-07-02T04:00:00Z,,,,,,,,,,,,,HYQU,M-HYQU-0012,M-HYQU-0012,,,,,,,,853,2026-08-31T20:31:20Z,2026-08-21T17:06:52Z,,,,,HYDRO QUEBEC,Soleil Anker,Soleil Anker
854,22125-4/4,4,4,No,22125,,No,No,No,No,No,No,No,,,Active,,,,Power / Ligne 1,,No,,No,No,No,100-104,,,,,,,,,,,Completed,2027-07-02T00:00:00Z,Pending,,,,,,2027-07-02T04:00:00Z,,,,,,,,,,,,,HYQU,M-HYQU-0012,M-HYQU-0012,,,,,,,,854,2026-08-31T20:31:19Z,2026-08-21T17:06:54Z,,,,,HYDRO QUEBEC,Soleil Anker,Soleil Anker
855,22128-2/4,2,4,No,22128,,No,No,No,No,No,No,No,,,Active,,,,Power / Ligne 1,,No,,No,No,No,100-104,,,,,,,,,,,Completed,2027-07-02T00:00:00Z,Pending,,,,,,2027-07-02T04:00:00Z,,,,,,,,,,,,,HYQU,M-HYQU-0017,M-HYQU-0017,,,,,,,,855,2026-08-31T20:30:42Z,2026-08-21T17:06:57Z,,,,,HYDRO QUEBEC,Soleil Anker,Soleil Anker
856,22128-3/4,3,4,No,22128,,No,No,No,No,No,No,No,,,Active,,,,Power / Ligne 1,,No,,No,No,No,100-104,,,,,,,,,,,Completed,2027-07-05T00:00:00Z,Pending,,,,,,2027-07-05T04:00:00Z,,,,,,,,,,,,,HYQU,M-HYQU-0017,M-HYQU-0017,,,,,,,,856,2026-08-31T20:30:42Z,2026-08-21T17:06:59Z,,,,,HYDRO QUEBEC,Soleil Anker,Soleil Anker
857,22126-1/8,1,8,No,22126,,No,No,No,No,No,No,No,,,Active,,,,Power,,No,,No,No,No,100-104,,,,,,,,,,,Completed,2027-07-06T00:00:00Z,Pending,,,,,,2027-07-06T04:00:00Z,,,,,,,,,,,,,HYQU,M-HYQU-0014,M-HYQU-0014,,,,,,,,857,2026-08-31T20:31:19Z,2026-08-21T17:07:02Z,,,,,HYDRO QUEBEC,Soleil Anker,Soleil Anker
858,22126-2/8,2,8,No,22126,,No,No,No,No,No,No,No,,,Active,,,,Power,,No,,No,No,No,100-104,,,,,,,,,,,Completed,2027-07-06T00:00:00Z,Pending,,,,,,2027-07-06T04:00:00Z,,,,,,,,,,,,,HYQU,M-HYQU-0014,M-HYQU-0014,,,,,,,,858,2026-08-31T20:31:20Z,2026-08-21T17:07:05Z,,,,,HYDRO QUEBEC,Soleil Anker,Soleil Anker
859,22126-3/8,3,8,No,22126,,No,No,No,No,No,No,No,,,Active,,,,Power,,No,,No,No,No,100-104,,,,,,,,,,,Completed,2027-07-06T00:00:00Z,Pending,,,,,,2027-07-06T04:00:00Z,,,,,,,,,,,,,HYQU,M-HYQU-0014,M-HYQU-0014,,,,,,,,859,2026-08-31T20:31:20Z,2026-08-21T17:07:07Z,,,,,HYDRO QUEBEC,Soleil Anker,Soleil Anker
860,22126-4/8,4,8,No,22126,,No,No,No,No,No,No,No,,,Active,,,,Power,,No,,No,No,No,100-104,,,,,,,,,,,Completed,2027-07-06T00:00:00Z,Pending,,,,,,2027-07-06T04:00:00Z,,,,,,,,,,,,,HYQU,M-HYQU-0014,M-HYQU-0014,,,,,,,,860,2026-08-31T20:31:20Z,2026-08-21T17:07:10Z,,,,,HYDRO QUEBEC,Soleil Anker,Soleil Anker
861,21665-2/3,2,3,No,,,No,No,No,No,No,No,No,,,Active,,,,Zone B,,No,0,No,No,No,,,N,,,,,,,,,Completed,2027-07-07T00:00:00Z,,,,,,,2027-07-07T04:00:00Z,2027-08-31T04:00:00Z,,,,,,,,,,,,,,,,,,,,,,861,2026-08-31T21:06:19Z,2026-08-21T17:07:12Z,,,,,HYDRO QUEBEC,Soleil Anker,Soleil Anker
862,21665-2/3 SA,2,3,Yes,,,No,No,No,No,No,No,No,,,Active,,,,Zone B,,No,0,No,No,No,,,,,,,,,,,,Completed,2027-07-07T00:00:00Z,,,,,,,2027-07-07T04:00:00Z,2027-08-31T04:00:00Z,,,,,,,,,,,,,,,,,,,,,,862,2026-08-31T21:06:15Z,2026-08-21T17:07:16Z,,,,,HYDRO QUEBEC,Soleil Anker,Soleil Anker
863,22127-4/4,4,4,No,22127,,No,No,No,No,No,No,No,,,Active,,,,Power / Ligne 1,,No,,No,No,No,100-104,,,,,,,,,,,Completed,2027-07-07T00:00:00Z,Pending,,,,,,2027-07-07T04:00:00Z,,,,,,,,,,,,,HYQU,M-HYQU-0016,M-HYQU-0016,,,,,,,,863,2026-08-31T20:30:42Z,2026-08-21T17:07:18Z,,,,,HYDRO QUEBEC,Soleil Anker,Soleil Anker
864,22128-4/4,4,4,No,22128,,No,No,No,No,No,No,No,,,Active,,,,Power / Ligne 1,,No,,No,No,No,100-104,,,,,,,,,,,Completed,2027-07-08T00:00:00Z,Pending,,,,,,2027-07-08T04:00:00Z,,,,,,,,,,,,,HYQU,M-HYQU-0017,M-HYQU-0017,,,,,,,,864,2026-08-31T20:30:42Z,2026-08-21T17:07:20Z,,,,,HYDRO QUEBEC,Soleil Anker,Soleil Anker
865,22126-5/8,5,8,No,22126,,No,No,No,No,No,No,No,,,Active,,,,Power,,No,,No,No,No,100-104,,,,,,,,,,,Completed,2027-07-09T00:00:00Z,Pending,,,,,,2027-07-09T04:00:00Z,,,,,,,,,,,,,HYQU,M-HYQU-0014,M-HYQU-0014,,,,,,,,865,2026-08-31T20:31:20Z,2026-08-21T17:07:23Z,,,,,HYDRO QUEBEC,Soleil Anker,Soleil Anker
866,22126-6/8,6,8,No,22126,,No,No,No,No,No,No,No,,,Active,,,,Power,,No,,No,No,No,100-104,,,,,,,,,,,Completed,2027-07-09T00:00:00Z,Pending,,,,,,2027-07-09T04:00:00Z,,,,,,,,,,,,,HYQU,M-HYQU-0014,M-HYQU-0014,,,,,,,,866,2026-08-31T20:31:19Z,2026-08-21T17:07:25Z,,,,,HYDRO QUEBEC,Soleil Anker,Soleil Anker
867,22126-7/8,7,8,No,22126,,No,No,No,No,No,No,No,,,Active,,,,Power,,No,,No,No,No,100-104,,,,,,,,,,,Completed,2027-07-09T00:00:00Z,Pending,,,,,,2027-07-09T04:00:00Z,,,,,,,,,,,,,HYQU,M-HYQU-0014,M-HYQU-0014,,,,,,,,867,2026-08-31T20:31:20Z,2026-08-21T17:07:27Z,,,,,HYDRO QUEBEC,Soleil Anker,Soleil Anker
868,22126-8/8,8,8,No,22126,,No,No,No,No,No,No,No,,,Active,,,,Power,,No,,No,No,No,100-104,,,,,,,,,,,Completed,2027-07-09T00:00:00Z,Pending,,,,,,2027-07-09T04:00:00Z,,,,,,,,,,,,,HYQU,M-HYQU-0014,M-HYQU-0014,,,,,,,,868,2026-08-31T20:31:19Z,2026-08-21T17:07:30Z,,,,,HYDRO QUEBEC,Soleil Anker,Soleil Anker
869,22013-1/2,1,2,No,,,No,No,No,No,No,No,No,,,Active,,,,Power / Ligne 1,,No,,No,No,No,100-104,,,,,,,,,,,Completed,2027-07-13T00:00:00Z,,,,,,,2027-07-13T04:00:00Z,,,,,,,,,,,,,,,,,,,,,,,869,2026-08-31T20:45:51Z,2026-08-21T17:07:32Z,,,,,MADISON GAS § ELECTRIC,Soleil Anker,Soleil Anker
870,21613-2/2,2,2,No,,,No,No,No,No,No,No,No,,,Active,,,,Zone B,,No,0,No,No,No,106,,N,,,,,,,,,Completed,2027-07-14T00:00:00Z,,,,,,2027-06-30T00:00:00Z,2027-07-14T04:00:00Z,2027-08-31T04:00:00Z,Attente retour client ,,,,,,,,,,,,,,,,,,,,,870,2026-08-31T21:07:04Z,2026-08-21T17:07:35Z,,,,,HYDRO QUEBEC,Soleil Anker,Soleil Anker
871,21613-2/2 SA,2,2,Yes,,,No,No,No,No,No,No,No,,,Active,,,,Zone B,,No,,No,No,No,100-104,,,,,,,,,,,Completed,2027-07-14T00:00:00Z,,,,,,,2027-07-14T04:00:00Z,2027-08-31T04:00:00Z,,,,,,,,,,,,,,,,,,,,,,871,2026-08-31T21:07:01Z,2026-08-21T17:07:38Z,,,,,HYDRO QUEBEC,Soleil Anker,Soleil Anker
872,22013-2/2,2,2,No,,,No,No,No,No,No,No,No,,,Active,,,,Power / Ligne 1,,No,,No,No,No,100-104,,,,,,,,,,,Completed,2027-07-16T00:00:00Z,,,,,,,2027-07-16T04:00:00Z,,,,,,,,,,,,,,,,,,,,,,,872,2026-08-31T20:45:47Z,2026-08-21T17:07:41Z,,,,,MADISON GAS § ELECTRIC,Soleil Anker,Soleil Anker
873,21610-1/3,1,3,No,,,No,No,No,No,No,No,No,,,Active,,,,Zone B,,No,0,No,No,No,106,,N,,,,,,,,,Completed,2027-07-19T00:00:00Z,,,,,,2027-07-21T00:00:00Z,2027-07-19T04:00:00Z,2027-11-30T05:00:00Z,,,,,,,,,,,,,,,,,,,,,,873,2026-08-31T21:07:25Z,2026-08-21T17:07:43Z,,,,,HYDRO QUEBEC,Soleil Anker,Soleil Anker
874,21665-3/3,3,3,No,,,No,No,No,No,No,No,No,,,Active,,,,Zone B,,No,0,No,No,No,,,N,,,,,,,,,Completed,2027-08-11T00:00:00Z,,,,,,,2027-08-11T04:00:00Z,2027-08-31T04:00:00Z,,,,,,,,,,,,,,,,,,,,,,874,2026-08-31T21:06:14Z,2026-08-21T17:07:46Z,,,,,HYDRO QUEBEC,Soleil Anker,Soleil Anker
875,21665-3/3 SA,3,3,Yes,,,No,No,No,No,No,No,No,,,Active,,,,Zone B,,No,0,No,No,No,,,,,,,,,,,,Completed,2027-08-11T00:00:00Z,,,,,,,2027-08-11T04:00:00Z,2027-08-31T04:00:00Z,,,,,,,,,,,,,,,,,,,,,,875,2026-08-31T21:06:11Z,2026-08-21T17:07:49Z,,,,,HYDRO QUEBEC,Soleil Anker,Soleil Anker
876,21986-1/1,1,1,No,,,No,No,No,No,No,No,No,,,Active,,,,Zone B,,No,,No,No,No,,,,,,,,,,,,Completed,2027-08-18T00:00:00Z,,,,,,,2027-08-18T04:00:00Z,2027-09-30T04:00:00Z,,,,,,,,,,,,,,,,,,,,,,876,2026-08-31T20:49:39Z,2026-08-21T17:07:51Z,,,,,HYDRO QUEBEC,Soleil Anker,Soleil Anker
877,22014-1/2,1,2,No,,,No,No,No,No,No,No,No,,,Active,,,,,,No,,No,No,No,100-104,,,,,,,,,,,Completed,2027-08-23T00:00:00Z,,,,,,,2027-08-16T04:00:00Z,,Repoussé car vacs été décalées,,,,,,,,,,,,,,,,,,,,,877,2026-08-31T20:45:45Z,2026-08-21T17:07:54Z,,,,,MADISON GAS § ELECTRIC,Soleil Anker,Soleil Anker
878,22014-2/2,2,2,No,,,No,No,No,No,No,No,No,,,Active,,,,,,No,,No,No,No,100-104,,,,,,,,,,,Completed,2027-08-26T00:00:00Z,,,,,,,2027-08-19T04:00:00Z,,Repoussé car vacs été décalées,,,,,,,,,,,,,,,,,,,,,878,2026-08-31T20:45:43Z,2026-08-21T17:07:58Z,,,,,MADISON GAS § ELECTRIC,Soleil Anker,Soleil Anker
879,21610-2/3,2,3,No,,,No,No,No,No,No,No,No,,,Active,,,,Zone B,,No,0,No,No,No,106,,N,,,,,,,,,Completed,2027-09-01T00:00:00Z,,,,,,2027-08-18T00:00:00Z,2027-09-01T04:00:00Z,2027-11-30T05:00:00Z,,,,,,,,,,,,,,,,,,,,,,879,2026-08-31T21:07:22Z,2026-08-21T17:07:59Z,,,,,HYDRO QUEBEC,Soleil Anker,Soleil Anker
880,21985-1/1,1,1,No,,,No,No,No,No,No,No,No,,,Active,,,,Zone B,,No,,No,No,No,,,,,,,,,,,,Completed,2027-09-08T00:00:00Z,,,,,,,2027-09-08T04:00:00Z,2027-10-28T04:00:00Z,,,,,,,,,,,,,,,,,,,,,,880,2026-08-31T20:49:42Z,2026-08-21T17:08:02Z,,,,,HYDRO QUEBEC,Soleil Anker,Soleil Anker
881,22015-1/2,1,2,No,,,No,No,No,No,No,No,No,,,Active,,,,,,No,,No,No,No,100-104,,,,,,,,,,,Completed,2027-09-14T00:00:00Z,,,,,,,2027-09-14T04:00:00Z,,,,,,,,,,,,,,,,,,,,,,,881,2026-08-31T20:45:41Z,2026-08-21T17:08:05Z,,,,,MADISON GAS § ELECTRIC,Soleil Anker,Soleil Anker
882,22015-2/2,2,2,No,,,No,No,No,No,No,No,No,,,Active,,,,,,No,,No,No,No,100-104,,,,,,,,,,,Completed,2027-09-17T00:00:00Z,,,,,,,2027-09-17T04:00:00Z,,,,,,,,,,,,,,,,,,,,,,,882,2026-08-31T20:45:37Z,2026-08-21T17:08:12Z,,,,,MADISON GAS § ELECTRIC,Soleil Anker,Soleil Anker
883,21661-1/3,1,3,No,,,No,No,No,No,No,No,No,,,Active,,,,Zone B,,No,0,No,No,No,106,,N,,,,,,,,,Completed,2027-09-22T00:00:00Z,,,,,,,2027-09-15T04:00:00Z,2027-12-31T05:00:00Z,,,,,,,,,,,,,,,,,,,,,,883,2026-08-31T21:06:51Z,2026-08-21T17:08:14Z,,,,,HYDRO QUEBEC,Soleil Anker,Soleil Anker
884,21661-1/3 SA,1,3,Yes,,,No,No,No,No,No,No,No,,,Active,,,,Zone B,,No,0,No,No,No,100-104,,,,,,,,,,,Completed,2027-09-22T00:00:00Z,,,,,,,2027-09-15T04:00:00Z,2027-12-31T05:00:00Z,,,,,,,,,,,,,,,,,,,,,,884,2026-08-31T21:06:48Z,2026-08-21T17:08:17Z,,,,,HYDRO QUEBEC,Soleil Anker,Soleil Anker
885,21304-1/2,1,2,No,,oil gas analysis,Yes,Yes,Yes,No,Yes,No,No,,,Active,,,,Zone B,,No,0,No,No,No,106,,,,,,,,,,,Completed,2027-09-29T00:00:00Z,,,,,,2025-11-05T00:00:00Z,2025-11-19T05:00:00Z,2027-11-12T05:00:00Z,Attente retour client,,,,,,,,,,,,,,,,,,,,,885,2026-08-31T21:09:13Z,2026-08-21T17:08:19Z,,,,,HYDRO QUEBEC,Soleil Anker,Soleil Anker
886,21304-2/2,2,2,No,,oil gas analysis,Yes,Yes,Yes,No,Yes,No,No,,,Active,,,,Zone B,,No,0,No,No,No,106,,,,,,,,,,,Completed,2027-10-13T00:00:00Z,,,,,,2025-11-12T00:00:00Z,2025-11-26T05:00:00Z,2027-11-12T05:00:00Z,Attente retour client,,,,,,,,,,,,,,,,,,,,,886,2026-08-31T21:09:09Z,2026-08-21T17:08:22Z,,,,,HYDRO QUEBEC,Soleil Anker,Soleil Anker
887,22016-1/2,1,2,No,,,No,No,No,No,No,No,No,,,Active,,,,Power / Ligne 1,,No,,No,No,No,100-104,,,,,,,,,,,Completed,2027-10-18T00:00:00Z,,,,,,,2027-10-18T04:00:00Z,,,,,,,,,,,,,,,,,,,,,,,887,2026-08-31T20:45:35Z,2026-08-21T17:08:25Z,,,,,MADISON GAS § ELECTRIC,Soleil Anker,Soleil Anker
888,21987-1/1,1,1,No,,,No,No,No,No,No,No,No,,,Active,,,,Zone B,,No,,No,No,No,,,,,,,,,,,,Completed,2027-10-20T00:00:00Z,,,,,,,2027-10-20T04:00:00Z,2027-11-30T05:00:00Z,,,,,,,,,,,,,,,,,,,,,,888,2026-08-31T20:49:37Z,2026-08-21T17:08:27Z,,,,,HYDRO QUEBEC,Soleil Anker,Soleil Anker
889,22016-2/2,2,2,No,,,No,No,No,No,No,No,No,,,Active,,,,Power / Ligne 1,,No,,No,No,No,100-104,,,,,,,,,,,Completed,2027-10-22T00:00:00Z,,,,,,,2027-10-22T04:00:00Z,,,,,,,,,,,,,,,,,,,,,,,889,2026-08-31T20:45:33Z,2026-08-21T17:08:30Z,,,,,MADISON GAS § ELECTRIC,Soleil Anker,Soleil Anker
890,21610-3/3,3,3,No,,,No,No,No,No,No,No,No,,,Active,,,,Zone B,,No,0,No,No,No,106,,N,,,,,,,,,Completed,2027-10-27T00:00:00Z,,,,,,2027-09-22T00:00:00Z,2027-10-06T04:00:00Z,2027-11-30T05:00:00Z,,,,,,,,,,,,,,,,,,,,,,890,2026-08-31T21:07:19Z,2026-08-21T17:08:33Z,,,,,HYDRO QUEBEC,Soleil Anker,Soleil Anker
891,21981-1/1,1,1,No,,,No,No,No,No,No,No,No,,,Active,,,,Zone B,,No,,No,No,No,,,,,,,,,,,,Completed,2027-11-03T00:00:00Z,,,,,,,2027-11-03T04:00:00Z,2027-12-16T05:00:00Z,,,,,,,,,,,,,,,,,,,,,,891,2026-08-31T20:49:57Z,2026-08-21T17:08:35Z,,,,,HYDRO QUEBEC,Soleil Anker,Soleil Anker
892,21981-1/1 SA,1,1,Yes,,,No,No,No,No,No,No,No,,,Active,,,,Zone B,,No,,No,No,No,,,,,,,,,,,,Completed,2027-11-03T00:00:00Z,,,,,,,2027-11-03T04:00:00Z,2027-12-16T05:00:00Z,,,,,,,,,,,,,,,,,,,,,,892,2026-08-31T20:49:55Z,2026-08-21T17:08:38Z,,,,,HYDRO QUEBEC,Soleil Anker,Soleil Anker
893,21661-2/3,2,3,No,,,No,No,No,No,No,No,No,,,Active,,,,Zone B,,No,0,No,No,No,106,,N,,,,,,,,,Completed,2027-11-10T00:00:00Z,,,,,,,2027-11-10T05:00:00Z,2027-12-31T05:00:00Z,,,,,,,,,,,,,,,,,,,,,,893,2026-08-31T21:06:45Z,2026-08-21T17:08:41Z,,,,,HYDRO QUEBEC,Soleil Anker,Soleil Anker
894,21661-2/3 SA,2,3,Yes,,,No,No,No,No,No,No,No,,,Active,,,,Zone B,,No,0,No,No,No,100-104,,,,,,,,,,,Completed,2027-11-10T00:00:00Z,,,,,,,2027-10-20T04:00:00Z,2027-12-31T05:00:00Z,,,,,,,,,,,,,,,,,,,,,,894,2026-08-31T21:06:42Z,2026-08-21T17:08:44Z,,,,,HYDRO QUEBEC,Soleil Anker,Soleil Anker
895,21815-1/2,1,2,No,,,No,No,No,No,No,No,No,,,Active,,,,Zone B,,No,,No,No,No,106-107,,N,,,,,,,,,Completed,2027-11-15T00:00:00Z,,,,,,,2028-01-04T05:00:00Z,,A été déplacé pour liv 16 déc 2027 mail Patrick,,,,,,,,,,,,,,,,,,,,,895,2026-08-31T21:04:00Z,2026-08-21T17:08:46Z,,,,,HYDRO QUEBEC,Soleil Anker,Soleil Anker
896,21815-2/2,2,2,No,,,No,No,No,No,No,No,No,,,Active,,,,Zone B,,No,,No,No,No,106-107,,N,,,,,,,,,Completed,2027-11-17T00:00:00Z,,,,,,,2028-01-06T05:00:00Z,,A été déplacé pour liv 16 déc 2027 mail Patrick,,,,,,,,,,,,,,,,,,,,,896,2026-08-31T21:03:57Z,2026-08-21T17:08:50Z,,,,,HYDRO QUEBEC,Soleil Anker,Soleil Anker
897,21661-3/3,3,3,No,,,No,No,No,No,No,No,No,,,Active,,,,Zone B,,No,0,No,No,No,106,,N,,,,,,,,,Completed,2027-11-24T00:00:00Z,,,,,,,2027-11-03T04:00:00Z,2027-12-31T05:00:00Z,,,,,,,,,,,,,,,,,,,,,,897,2026-08-31T21:06:39Z,2026-08-21T17:08:52Z,,,,,HYDRO QUEBEC,Soleil Anker,Soleil Anker
898,21661-3/3 SA,3,3,Yes,,,No,No,No,No,No,No,No,,,Active,,,,Zone B,,No,0,No,No,No,100-104,,,,,,,,,,,Completed,2027-11-24T00:00:00Z,,,,,,,2027-11-03T04:00:00Z,2027-12-31T05:00:00Z,,,,,,,,,,,,,,,,,,,,,,898,2026-08-31T21:06:38Z,2026-08-21T17:08:54Z,,,,,HYDRO QUEBEC,Soleil Anker,Soleil Anker
899,22022-1/1,1,1,No,,,No,No,No,No,No,No,No,,,Active,,,,Zone B,,No,,No,No,No,,,,,,,,,,,,Completed,2027-11-30T00:00:00Z,,,,,,,2027-11-30T05:00:00Z,2028-01-26T05:00:00Z,,,,,,,,,,,,,,,,,,,,,,899,2026-08-31T20:45:14Z,2026-08-21T17:08:57Z,,,,,HYDRO QUEBEC,Soleil Anker,Soleil Anker
900,22022-1/1 SA,1,1,Yes,,,No,No,No,No,No,No,No,,,Active,,,,Zone B,,No,,No,No,No,,,,,,,,,,,,Completed,2027-11-30T00:00:00Z,,,,,,,2027-11-30T05:00:00Z,2028-01-26T05:00:00Z,,,,,,,,,,,,,,,,,,,,,,900,2026-08-31T20:45:11Z,2026-08-21T17:09:00Z,,,,,HYDRO QUEBEC,Soleil Anker,Soleil Anker
901,21351-1/1,1,1,No,,,No,No,No,No,No,No,No,,,Active,,,,,,No,,No,No,No,100-104,,N,,,,,,,,,Completed,2027-12-02T00:00:00Z,,,,,,2026-11-18T00:00:00Z,2026-12-02T05:00:00Z,,HOLD // Date promise à confirmer par le client / Repoussé pour liv janv 2028,,,,,,,,,,,,,,,,,,,,,901,2026-08-31T21:09:05Z,2026-08-21T17:09:03Z,,,,,ENMAX,Soleil Anker,Soleil Anker
902,21350-1/1,1,1,No,,,No,No,No,No,No,No,No,,,Active,,,,,,No,,No,No,No,100-104,,N,,,,,,,,,Completed,2027-12-06T00:00:00Z,,,,,,2026-11-16T00:00:00Z,2026-11-30T05:00:00Z,,Repoussé en 2027 / Repoussé en 2028,,,,,,,,,,,,,,,,,,,,,902,2026-08-31T21:09:07Z,2026-08-21T17:09:06Z,,,,,ENMAX,Soleil Anker,Soleil Anker
903,21749-1/1,1,1,No,,,No,No,No,No,No,No,No,,,Active,,,,Zone B,,No,0,No,No,No,,,N,,,,,,,,,Completed,2027-12-08T00:00:00Z,,,,,,2027-11-03T00:00:00Z,2027-11-17T05:00:00Z,2027-12-31T05:00:00Z,,,,,,,,,,,,,,,,,,,,,,903,2026-08-31T21:05:56Z,2026-08-21T17:09:09Z,,,,,HYDRO QUEBEC,Soleil Anker,Soleil Anker
904,21749-1/1 SA,1,1,Yes,,,No,No,No,No,No,No,No,,,Active,,,,Zone B,,No,0,No,No,No,100-104,,,,,,,,,,,Completed,2027-12-08T00:00:00Z,,,,,,,2027-11-17T05:00:00Z,2027-12-31T05:00:00Z,,,,,,,,,,,,,,,,,,,,,,904,2026-08-31T21:05:53Z,2026-08-21T17:09:12Z,,,,,HYDRO QUEBEC,Soleil Anker,Soleil Anker
905,22023-1/1,1,1,No,,,No,No,No,No,No,No,No,,,Active,,,,Zone B,,No,,No,No,No,,,,,,,,,,,,Completed,2027-12-14T00:00:00Z,,,,,,,2027-12-14T05:00:00Z,2028-01-26T05:00:00Z,,,,,,,,,,,,,,,,,,,,,,905,2026-08-31T20:45:09Z,2026-08-21T17:09:15Z,,,,,HYDRO QUEBEC,Soleil Anker,Soleil Anker
906,22023-1/1 SA,1,1,Yes,22023,,No,No,No,No,No,No,No,,,Active,,,,Zone B,,No,,No,No,No,,,,,,,,,,,,Completed,2027-12-14T00:00:00Z,Pending,,,,,,2027-12-14T05:00:00Z,2028-01-26T05:00:00Z,,,,,,,,,,,,HYQU,MSA-HYQU-0076,MRSA-HYQU-0076-V1,,,,,,,,906,2026-09-01T03:09:35Z,2026-08-21T17:09:18Z,,,,,HYDRO QUEBEC,Soleil Anker,Soleil Anker
907,21362-1/1,1,1,No,,,No,No,No,No,No,No,No,,,Active,,,,,,No,,No,No,No,100-104,,N,,,,,,,,,Completed,2028-01-05T00:00:00Z,,,,,,2026-12-23T00:00:00Z,2027-01-06T05:00:00Z,,Repoussé en 2028,,,,,,,,,,,,,,,,,,,,,907,2026-08-31T21:08:51Z,2026-08-21T17:09:21Z,,,,,ENMAX,Soleil Anker,Soleil Anker
908,22024-1/1,1,1,No,,,No,No,No,No,No,No,No,,,Active,,,,Zone B,,No,,No,No,No,,,,,,,,,,,,Completed,2028-01-12T00:00:00Z,,,,,,,2028-01-12T05:00:00Z,2028-02-24T05:00:00Z,,,,,,,,,,,,,,,,,,,,,,908,2026-08-31T20:45:04Z,2026-08-21T17:09:23Z,,,,,HYDRO QUEBEC,Soleil Anker,Soleil Anker
909,22024-1/1 SA,1,1,Yes,,,No,No,No,No,No,No,No,,,Active,,,,Zone B,,No,,No,No,No,,,,,,,,,,,,Completed,2028-01-12T00:00:00Z,,,,,,,2028-01-12T05:00:00Z,2028-02-24T05:00:00Z,,,,,,,,,,,,,,,,,,,,,,909,2026-08-31T20:45:01Z,2026-08-21T17:09:26Z,,,,,HYDRO QUEBEC,Soleil Anker,Soleil Anker
910,22029-1/1,1,1,No,,,No,No,No,No,No,No,No,,,Active,,,,Zone B,,No,,No,No,No,,,,,,,,,,,,Completed,2028-01-26T00:00:00Z,,,,,,,2028-01-26T05:00:00Z,2028-02-24T05:00:00Z,,,,,,,,,,,,,,,,,,,,,,910,2026-08-31T20:44:39Z,2026-08-21T17:09:28Z,,,,,HYDRO QUEBEC,Soleil Anker,Soleil Anker
911,22029-1/1 SA,1,1,Yes,,,No,No,No,No,No,No,No,,,Active,,,,Zone B,,No,,No,No,No,,,,,,,,,,,,Completed,2028-01-26T00:00:00Z,,,,,,,2028-01-26T05:00:00Z,2028-02-24T05:00:00Z,,,,,,,,,,,,,,,,,,,,,,911,2026-08-31T20:44:37Z,2026-08-21T17:09:31Z,,,,,HYDRO QUEBEC,Soleil Anker,Soleil Anker
912,21664-1/1,1,1,No,,,No,No,No,No,No,No,No,,,Active,,,,Zone B,,No,0,No,No,No,,,N,,,,,,,,,Completed,2028-03-01T00:00:00Z,,,,,,,2028-03-01T05:00:00Z,2028-04-30T04:00:00Z,,,,,,,,,,,,,,,,,,,,,,912,2026-08-31T21:06:28Z,2026-08-21T17:09:33Z,,,,,HYDRO QUEBEC,Soleil Anker,Soleil Anker
913,21664-1/1 SA,1,1,Yes,,,No,No,No,No,No,No,No,,,Active,,,,Zone B,,No,0,No,No,No,,,,,,,,,,,,Completed,2028-03-01T00:00:00Z,,,,,,,2028-03-01T05:00:00Z,2028-04-30T04:00:00Z,,,,,,,,,,,,,,,,,,,,,,913,2026-08-31T21:06:26Z,2026-08-21T17:09:36Z,,,,,HYDRO QUEBEC,Soleil Anker,Soleil Anker
914,21660-1/2,1,2,No,,,No,No,No,No,No,No,No,,,Active,,,,Zone B,,No,0,No,No,No,105-108,,N,,,,,,,,,Completed,2028-03-15T00:00:00Z,,,,,,2028-03-01T00:00:00Z,2028-03-15T04:00:00Z,2028-04-30T04:00:00Z,,,,,,,,,,,,,,,,,,,,,,914,2026-08-31T21:06:55Z,2026-08-21T17:09:38Z,,,,,HYDRO QUEBEC,Soleil Anker,Soleil Anker
915,21660-2/2,2,2,No,,,No,No,No,No,No,No,No,,,Active,,,,Zone B,,No,0,No,No,No,105-108,,N,,,,,,,,,Completed,2028-03-28T00:00:00Z,,,,,,2028-03-15T00:00:00Z,2028-03-28T04:00:00Z,2028-04-30T04:00:00Z,,,,,,,,,,,,,,,,,,,,,,915,2026-08-31T21:06:53Z,2026-08-21T17:09:40Z,,,,,HYDRO QUEBEC,Soleil Anker,Soleil Anker
916,21733-1/1,1,1,No,,,No,No,No,No,No,No,No,,,Active,,,,Zone B,,No,0,No,No,No,106-107,,N,,,,,,,,,Completed,2028-04-05T00:00:00Z,,,,,,2028-03-22T00:00:00Z,2028-04-05T04:00:00Z,2028-04-30T04:00:00Z,,,,,,,,,,,,,,,,,,,,,,916,2026-08-31T21:05:58Z,2026-08-21T17:09:43Z,,,,,HYDRO QUEBEC,Soleil Anker,Soleil Anker
917,21382-1/2,1,2,No,,,No,No,No,No,No,No,No,,,Active,,,,Zone B,,No,0,No,No,No,106,,,,,,,,,,,Completed,2028-04-19T00:00:00Z,,,,,,2028-03-29T00:00:00Z,2028-04-12T04:00:00Z,2028-05-31T04:00:00Z,,,,,,,,,,,,,,,,,,,,,,917,2026-08-31T21:08:40Z,2026-08-21T17:09:44Z,,,,,HYDRO QUEBEC,Soleil Anker,Soleil Anker
918,21382-2/2,2,2,No,,,No,No,No,No,No,No,No,,,Active,,,,Zone B,,No,0,No,No,No,106,,,,,,,,,,,Completed,2028-05-03T00:00:00Z,,,,,,2028-03-29T00:00:00Z,2028-04-12T04:00:00Z,2028-05-31T04:00:00Z,,,,,,,,,,,,,,,,,,,,,,918,2026-08-31T21:08:39Z,2026-08-21T17:09:47Z,,,,,HYDRO QUEBEC,Soleil Anker,Soleil Anker
919,22025-1/1,1,1,No,,,No,No,No,No,No,No,No,,,Active,,,,Zone B,,No,,No,No,No,,,,,,,,,,,,Completed,2028-05-31T00:00:00Z,,,,,,,2028-05-31T04:00:00Z,2028-06-29T04:00:00Z,,,,,,,,,,,,,,,,,,,,,,919,2026-08-31T20:44:59Z,2026-08-21T17:09:50Z,,,,,HYDRO QUEBEC,Soleil Anker,Soleil Anker
920,22025-1/1 SA,1,1,Yes,22025,,No,No,No,No,No,No,No,,,Active,,,,Zone B,,No,,No,No,No,,,,,,,,,,,,Completed,2028-05-31T00:00:00Z,Pending,,,,,,2028-05-31T04:00:00Z,2028-06-29T04:00:00Z,,,,,,,,,,,,HYQU,MSA-HYQU-0076,MRSA-HYQU-0076-V1,,,,,,,,920,2026-09-01T04:00:46Z,2026-08-21T17:09:52Z,,,,,HYDRO QUEBEC,Soleil Anker,Soleil Anker
921,22098-1/1,1,1,No,,,No,No,No,No,No,No,No,,,Active,,,,Zone B,,No,,No,No,No,,,,,,,,,,,,Completed,2028-06-06T00:00:00Z,,,,,,,2028-06-06T04:00:00Z,,,,,,,,,,,,,,,,,,,,,,,921,2026-08-31T20:35:42Z,2026-08-21T17:09:54Z,,,,,HYDRO QUEBEC,Soleil Anker,Soleil Anker
922,22098-1/1 SA,1,1,Yes,,,No,No,No,No,No,No,No,,,Active,,,,Zone B,,No,,No,No,No,,,,,,,,,,,,Completed,2028-06-06T00:00:00Z,,,,,,,2028-06-06T04:00:00Z,,,,,,,,,,,,,,,,,,,,,,,922,2026-08-31T20:35:40Z,2026-08-21T17:09:56Z,,,,,HYDRO QUEBEC,Soleil Anker,Soleil Anker
923,22026-1/1,1,1,No,22026,,No,No,No,No,No,No,No,,,Active,,,,Zone B,,No,,No,No,No,,,,,,,,,,,,Completed,2028-06-21T00:00:00Z,Pending,,,,,,2028-06-21T04:00:00Z,2028-07-27T04:00:00Z,,,,,,,,,,,,HYQU,M-HYQU-0076,MR-HYQU-0076-V1,,,,,,,,923,2026-09-01T03:17:19Z,2026-08-21T17:09:58Z,,,,,HYDRO QUEBEC,Soleil Anker,Soleil Anker
924,22026-1/1 SA,1,1,Yes,,,No,No,No,No,No,No,No,,,Active,,,,Zone B,,No,,No,No,No,,,,,,,,,,,,Completed,2028-06-21T00:00:00Z,,,,,,,2028-06-21T04:00:00Z,2028-07-27T04:00:00Z,,,,,,,,,,,,,,,,,,,,,,924,2026-08-31T20:44:51Z,2026-08-21T17:10:01Z,,,,,HYDRO QUEBEC,Soleil Anker,Soleil Anker
925,22031-1/1,1,1,No,,,No,No,No,No,No,No,No,,,Active,,,,Zone B,,No,,No,No,No,,,,,,,,,,,,Completed,2028-06-27T00:00:00Z,,,,,,,2028-06-27T04:00:00Z,2028-07-27T04:00:00Z,,,,,,,,,,,,,,,,,,,,,,925,2026-08-31T20:44:30Z,2026-08-21T17:10:04Z,,,,,HYDRO QUEBEC,Soleil Anker,Soleil Anker
926,22035-1/1,1,1,No,,,No,No,No,No,No,No,No,,,Active,,,,Zone B,,No,,No,No,No,,,,,,,,,,,,Completed,2028-08-01T00:00:00Z,,,,,,,2028-08-01T04:00:00Z,2028-08-30T04:00:00Z,,,,,,,,,,,,,,,,,,,,,,926,2026-08-31T20:43:45Z,2026-08-21T17:10:05Z,,,,,HYDRO QUEBEC,Soleil Anker,Soleil Anker
927,22037-1/1,1,1,No,,,No,No,No,No,No,No,No,,,Active,,,,Zone B,,No,,No,No,No,106,,,,,,,,,,,Completed,2028-08-09T00:00:00Z,,,,,,,2028-08-09T04:00:00Z,2028-08-30T04:00:00Z,,,,,,,,,,,,,,,,,,,,,,927,2026-08-31T20:43:39Z,2026-08-21T17:10:07Z,,,,,HYDRO QUEBEC,Soleil Anker,Soleil Anker
928,22033-1/1,1,1,No,,,No,No,No,No,No,No,No,,,Active,,,,Zone B,,No,,No,No,No,,,,,,,,,,,,Completed,2028-08-23T00:00:00Z,,,,,,,2028-08-23T04:00:00Z,2028-09-28T04:00:00Z,,,,,,,,,,,,,,,,,,,,,,928,2026-08-31T20:43:49Z,2026-08-21T17:10:10Z,,,,,HYDRO QUEBEC,Soleil Anker,Soleil Anker
929,22036-1/1,1,1,No,,,No,No,No,No,No,No,No,,,Active,,,,Zone B,,No,,No,No,No,,,,,,,,,,,,Completed,2028-09-06T00:00:00Z,,,,,,,2028-09-06T04:00:00Z,2028-09-28T04:00:00Z,,,,,,,,,,,,,,,,,,,,,,929,2026-08-31T20:43:42Z,2026-08-21T17:10:12Z,,,,,HYDRO QUEBEC,Soleil Anker,Soleil Anker
930,22027-1/1,1,1,No,,,No,No,No,No,No,No,No,,,Active,,,,Zone B,,No,,No,No,No,,,,,,,,,,,,Completed,2028-09-26T00:00:00Z,,,,,,,2028-09-26T04:00:00Z,2028-10-26T04:00:00Z,,,,,,,,,,,,,,,,,,,,,,930,2026-08-31T20:44:49Z,2026-08-21T17:10:15Z,,,,,HYDRO QUEBEC,Soleil Anker,Soleil Anker
931,22027-1/1 SA,1,1,Yes,22027,,No,No,No,No,No,No,No,,,Active,,,,Zone B,,No,,No,No,No,,,,,,,,,,,,Completed,2028-09-26T00:00:00Z,Pending,,,,,,2028-09-26T04:00:00Z,2028-10-26T04:00:00Z,,,,,,,,,,,,HYQU,MSA-HYQU-0076,MRSA-HYQU-0076-V1,,,,,,,,931,2026-09-01T06:03:47Z,2026-08-21T17:10:17Z,,,,,HYDRO QUEBEC,Soleil Anker,Soleil Anker
932,22030-1/1,1,1,No,,,No,No,No,No,No,No,No,,,Active,,,,Zone B,,No,,No,No,No,,,,,,,,,,,,Completed,2028-10-03T00:00:00Z,,,,,,,2028-10-03T04:00:00Z,2028-10-26T04:00:00Z,,,,,,,,,,,,,,,,,,,,,,932,2026-08-31T20:44:35Z,2026-08-21T17:10:20Z,,,,,HYDRO QUEBEC,Soleil Anker,Soleil Anker
933,22030-1/1 SA,1,1,Yes,,,No,No,No,No,No,No,No,,,Active,,,,Zone B,,No,,No,No,No,,,,,,,,,,,,Completed,2028-10-03T00:00:00Z,,,,,,,2028-10-03T04:00:00Z,2028-10-26T04:00:00Z,,,,,,,,,,,,,,,,,,,,,,933,2026-08-31T20:44:32Z,2026-08-21T17:10:22Z,,,,,HYDRO QUEBEC,Soleil Anker,Soleil Anker
934,22028-1/1,1,1,No,,,No,No,No,No,No,No,No,,,Active,,,,Zone B,,No,,No,No,No,,,,,,,,,,,,Completed,2028-10-31T00:00:00Z,,,,,,,2028-10-31T04:00:00Z,2028-11-30T05:00:00Z,,,,,,,,,,,,,,,,,,,,,,934,2026-08-31T20:44:44Z,2026-08-21T17:10:24Z,,,,,HYDRO QUEBEC,Soleil Anker,Soleil Anker
935,22028-1/1 SA,1,1,Yes,,,No,No,No,No,No,No,No,,,Active,,,,Zone B,,No,,No,No,No,,,,,,,,,,,,Completed,2028-10-31T00:00:00Z,,,,,,,2028-10-31T04:00:00Z,2028-11-30T05:00:00Z,,,,,,,,,,,,,,,,,,,,,,935,2026-08-31T20:44:41Z,2026-08-21T17:10:26Z,,,,,HYDRO QUEBEC,Soleil Anker,Soleil Anker
936,22099-1/1,1,1,No,,,No,No,No,No,No,No,No,,,Active,,,,Zone B,,No,,No,No,No,,,,,,,,,,,,Completed,2028-11-07T00:00:00Z,,,,,,,2028-11-28T05:00:00Z,,,,,,,,,,,,,,,,,,,,,,,936,2026-08-31T20:35:38Z,2026-08-21T17:10:29Z,,,,,HYDRO QUEBEC,Soleil Anker,Soleil Anker
937,22099-1/1 SA,1,1,Yes,,,No,No,No,No,No,No,No,,,Active,,,,Zone B,,No,,No,No,No,,,,,,,,,,,,Completed,2028-11-07T00:00:00Z,,,,,,,2028-11-28T05:00:00Z,,,,,,,,,,,,,,,,,,,,,,,937,2026-08-31T20:35:34Z,2026-08-21T17:10:31Z,,,,,HYDRO QUEBEC,Soleil Anker,Soleil Anker
938,22034-1/1,1,1,No,,,No,No,No,No,No,No,No,,,Active,,,,Zone B,,No,,No,No,No,,,,,,,,,,,,Completed,2028-11-22T00:00:00Z,,,,,,,2028-11-22T05:00:00Z,2028-12-21T05:00:00Z,,,,,,,,,,,,,,,,,,,,,,938,2026-08-31T20:43:46Z,2026-08-21T17:10:34Z,,,,,HYDRO QUEBEC,Soleil Anker,Soleil Anker
939,22038-1/1,1,1,No,,,No,No,No,No,No,No,No,,,Active,,,,Zone B,,No,,No,No,No,106,,,,,,,,,,,Completed,2028-11-29T00:00:00Z,,,,,,,2028-11-29T05:00:00Z,2028-12-21T05:00:00Z,,,,,,,,,,,,,,,,,,,,,,939,2026-08-31T20:43:37Z,2026-08-21T17:10:36Z,,,,,HYDRO QUEBEC,Soleil Anker,Soleil Anker
940,22046-1/1,1,1,No,,,No,No,No,No,No,No,No,,,Active,,,,Zone B,,No,,No,No,No,,,,,,,,,,,,Completed,2028-12-12T00:00:00Z,,,,,,,2028-12-12T05:00:00Z,,,,,,,,,,,,,,,,,,,,,,,940,2026-08-31T20:43:18Z,2026-08-21T17:10:39Z,,,,,HYDRO QUEBEC,Soleil Anker,Soleil Anker
941,22046-1/1 SA,1,1,Yes,,,No,No,No,No,No,No,No,,,Active,,,,Zone B,,No,,No,No,No,,,,,,,,,,,,Completed,2028-12-12T00:00:00Z,,,,,,,2028-12-12T05:00:00Z,,,,,,,,,,,,,,,,,,,,,,,941,2026-08-31T20:43:17Z,2026-08-21T17:10:41Z,,,,,HYDRO QUEBEC,Soleil Anker,Soleil Anker
942,22039-1/1,1,1,No,,,No,No,No,No,No,No,No,,,Active,,,,Zone B,,No,,No,No,No,106,,,,,,,,,,,Completed,2029-01-04T00:00:00Z,,,,,,,2029-01-04T05:00:00Z,,,,,,,,,,,,,,,,,,,,,,,942,2026-08-31T20:43:34Z,2026-08-21T17:10:48Z,,,,,HYDRO QUEBEC,Soleil Anker,Soleil Anker
943,22040-1/1,1,1,No,,,No,No,No,No,No,No,No,,,Active,,,,Zone B,,No,,No,No,No,106,,,,,,,,,,,Completed,2029-01-31T00:00:00Z,,,,,,,2029-01-31T05:00:00Z,,,,,,,,,,,,,,,,,,,,,,,943,2026-08-31T20:43:33Z,2026-08-21T17:10:50Z,,,,,HYDRO QUEBEC,Soleil Anker,Soleil Anker
944,22051-1/1,1,1,No,,,No,No,No,No,No,No,No,,,Active,,,,Zone B,,No,,No,No,No,,,,,,,,,,,,Completed,2029-02-06T00:00:00Z,,,,,,,2029-02-06T05:00:00Z,2029-02-28T05:00:00Z,,,,,,,,,,,,,,,,,,,,,,944,2026-08-31T20:42:53Z,2026-08-21T17:10:53Z,,,,,HYDRO QUEBEC,Soleil Anker,Soleil Anker
945,22051-1/1 SA,1,1,Yes,,,No,No,No,No,No,No,No,,,Active,,,,Zone B,,No,,No,No,No,,,,,,,,,,,,Completed,2029-02-06T00:00:00Z,,,,,,,2029-02-06T05:00:00Z,2029-02-28T05:00:00Z,,,,,,,,,,,,,,,,,,,,,,945,2026-08-31T20:42:51Z,2026-08-21T17:10:55Z,,,,,HYDRO QUEBEC,Soleil Anker,Soleil Anker
946,22041-1/1,1,1,No,,,No,No,No,No,No,No,No,,,Active,,,,Zone B,,No,,No,No,No,106,,,,,,,,,,,Completed,2029-02-28T00:00:00Z,,,,,,,2029-02-28T05:00:00Z,,,,,,,,,,,,,,,,,,,,,,,946,2026-08-31T20:43:29Z,2026-08-21T17:10:58Z,,,,,HYDRO QUEBEC,Soleil Anker,Soleil Anker
947,22107-1/1,1,1,No,,,No,No,No,No,No,No,No,,,Active,,,,Zone B,,No,,No,No,No,,,,,,,,,,,,Completed,2029-03-07T00:00:00Z,,,,,,,2029-03-07T05:00:00Z,2029-03-29T04:00:00Z,,,,,,,,,,,,,,,,,,,,,,947,2026-08-31T20:33:50Z,2026-08-21T17:11:01Z,,,,,HYDRO QUEBEC,Soleil Anker,Soleil Anker
948,22107-1/1 SA,1,1,Yes,22107,,No,No,No,No,No,No,No,,,Active,,,,Zone B,,No,,No,No,No,,,,,,,,,,,,Completed,2029-03-07T00:00:00Z,Pending,,,,,,2029-03-07T05:00:00Z,2029-03-29T04:00:00Z,,,,,,,,,,,,HYQU,M-HYQU-0095,MR-HYQU-0095-V1,,,,,,,,948,2026-08-31T20:34:02Z,2026-08-21T17:11:03Z,,,,,HYDRO QUEBEC,Soleil Anker,Soleil Anker
949,22110-1/1,1,1,No,22110,,No,No,No,No,No,No,No,,,Active,,,,Zone B,,No,,No,No,No,,,,,,,,,,,,Completed,2029-03-13T00:00:00Z,Pending,,,,,,2029-09-13T04:00:00Z,,,,,,,,,,,,,HYQU,M-HYQU-0094,MR-HYQU-0094-V1,,,,,,,,949,2026-08-31T20:34:03Z,2026-08-21T17:11:05Z,,,,,HYDRO QUEBEC,Soleil Anker,Soleil Anker
950,22110-1/1 SA,1,1,Yes,22110,,No,No,No,No,No,No,No,,,Active,,,,Zone B,,No,,No,No,No,,,,,,,,,,,,Completed,2029-03-13T00:00:00Z,Pending,,,,,,2029-09-13T04:00:00Z,,,,,,,,,,,,,HYQU,M-GEPO-0013,MR-GEPO-0013-V1,,,,,,,,950,2026-08-31T20:34:02Z,2026-08-21T17:11:08Z,,,,,HYDRO QUEBEC,Soleil Anker,Soleil Anker
951,22061-1/1,1,1,No,,,No,No,No,No,No,No,No,,,Active,,,,Zone B,,No,,No,No,No,,,,,,,,,,,,Completed,2029-03-28T00:00:00Z,,,,,,,2029-03-28T04:00:00Z,,,,,,,,,,,,,,,,,,,,,,,951,2026-08-31T20:41:41Z,2026-08-21T17:11:10Z,,,,,HYDRO QUEBEC,Soleil Anker,Soleil Anker
952,22052-1/1,1,1,No,,,No,No,No,No,No,No,No,,,Active,,,,Zone B,,No,,No,No,No,,,,,,,,,,,,Completed,2029-05-02T00:00:00Z,,,,,,,2029-05-02T04:00:00Z,2029-05-30T04:00:00Z,,,,,,,,,,,,,,,,,,,,,,952,2026-08-31T20:42:48Z,2026-08-21T17:11:12Z,,,,,HYDRO QUEBEC,Soleil Anker,Soleil Anker
953,22052-1/1 SA,1,1,Yes,,,No,No,No,No,No,No,No,,,Active,,,,Zone B,,No,,No,No,No,,,,,,,,,,,,Completed,2029-05-02T00:00:00Z,,,,,,,2029-05-02T04:00:00Z,2029-05-30T04:00:00Z,,,,,,,,,,,,,,,,,,,,,,953,2026-08-31T20:42:47Z,2026-08-21T17:11:15Z,,,,,HYDRO QUEBEC,Soleil Anker,Soleil Anker
954,22058-1/1,1,1,No,,,No,No,No,No,No,No,No,,,Active,,,,Zone B,,No,,No,No,No,,,,,,,,,,,,Completed,2029-05-08T00:00:00Z,,,,,,,2029-05-08T04:00:00Z,2029-05-30T04:00:00Z,,,,,,,,,,,,,,,,,,,,,,954,2026-08-31T20:41:50Z,2026-08-21T17:11:17Z,,,,,HYDRO QUEBEC,Soleil Anker,Soleil Anker
955,22042-1/1,1,1,No,,,No,No,No,No,No,No,No,,,Active,,,,Zone B,,No,,No,No,No,106,,,,,,,,,,,Completed,2029-05-23T00:00:00Z,,,,,,,2029-05-23T04:00:00Z,2029-06-28T04:00:00Z,,,,,,,,,,,,,,,,,,,,,,955,2026-08-31T20:43:27Z,2026-08-21T17:11:19Z,,,,,HYDRO QUEBEC,Soleil Anker,Soleil Anker
956,22062-1/1,1,1,No,,,No,No,No,No,No,No,No,,,Active,,,,Zone B,,No,,No,No,No,,,,,,,,,,,,Completed,2029-05-29T00:00:00Z,,,,,,,2029-05-29T04:00:00Z,2029-06-28T04:00:00Z,,,,,,,,,,,,,,,,,,,,,,956,2026-08-31T20:41:39Z,2026-08-21T17:11:22Z,,,,,HYDRO QUEBEC,Soleil Anker,Soleil Anker
957,22108-1/1,1,1,No,,,No,No,No,No,No,No,No,,,Active,,,,Zone B,,No,,No,No,No,,,,,,,,,,,,Completed,2029-06-06T00:00:00Z,,,,,,,2029-06-06T04:00:00Z,2029-06-29T04:00:00Z,,,,,,,,,,,,,,,,,,,,,,957,2026-08-31T20:33:44Z,2026-08-21T17:11:24Z,,,,,HYDRO QUEBEC,Soleil Anker,Soleil Anker
958,22108-1/1 SA,1,1,Yes,22108,,No,No,No,No,No,No,No,,,Active,,,,Zone B,,No,,No,No,No,,,,,,,,,,,,Completed,2029-06-06T00:00:00Z,Pending,,,,,,2029-06-06T04:00:00Z,2029-06-29T04:00:00Z,,,,,,,,,,,,HYQU,M-EXEL-0001,MR-EXEL-0001-V1,,,,,,,,958,2026-08-31T20:34:02Z,2026-08-21T17:11:27Z,,,,,HYDRO QUEBEC,Soleil Anker,Soleil Anker
959,22043-1/1,1,1,No,,,No,No,No,No,No,No,No,,,Active,,,,Zone B,,No,,No,No,No,106,,,,,,,,,,,Completed,2029-06-27T00:00:00Z,,,,,,,2029-06-27T04:00:00Z,,,,,,,,,,,,,,,,,,,,,,,959,2026-08-31T20:43:26Z,2026-08-21T17:11:29Z,,,,,HYDRO QUEBEC,Soleil Anker,Soleil Anker
960,22047-1/1,1,1,No,,,No,No,No,No,No,No,No,,,Active,,,,Zone B,,No,,No,No,No,,,,,,,,,,,,Completed,2029-07-03T00:00:00Z,,,,,,,2029-07-03T04:00:00Z,2029-07-26T04:00:00Z,,,,,,,,,,,,,,,,,,,,,,960,2026-08-31T20:43:13Z,2026-08-21T17:11:31Z,,,,,HYDRO QUEBEC,Soleil Anker,Soleil Anker
961,22047-1/1 SA,1,1,Yes,,,No,No,No,No,No,No,No,,,Active,,,,Zone B,,No,,No,No,No,,,,,,,,,,,,Completed,2029-07-03T00:00:00Z,,,,,,,2029-07-03T04:00:00Z,2029-07-26T04:00:00Z,,,,,,,,,,,,,,,,,,,,,,961,2026-08-31T20:43:11Z,2026-08-21T17:11:34Z,,,,,HYDRO QUEBEC,Soleil Anker,Soleil Anker
962,22048-1/1,1,1,No,,,No,No,No,No,No,No,No,,,Active,,,,Zone B,,No,,No,No,No,,,,,,,,,,,,Completed,2029-07-11T00:00:00Z,,,,,,,2029-07-11T04:00:00Z,,,,,,,,,,,,,,,,,,,,,,,962,2026-08-31T20:43:09Z,2026-08-21T17:11:37Z,,,,,HYDRO QUEBEC,Soleil Anker,Soleil Anker
963,22048-1/1 SA,1,1,Yes,,,No,No,No,No,No,No,No,,,Active,,,,Zone B,,No,,No,No,No,,,,,,,,,,,,Completed,2029-07-11T00:00:00Z,,,,,,,2029-07-11T04:00:00Z,,,,,,,,,,,,,,,,,,,,,,,963,2026-08-31T20:43:06Z,2026-08-21T17:11:39Z,,,,,HYDRO QUEBEC,Soleil Anker,Soleil Anker
964,22044-1/1,1,1,No,,,No,No,No,No,No,No,No,,,Active,,,,Zone B,,No,,No,No,No,106,,,,,,,,,,,Completed,2029-08-08T00:00:00Z,,,,,,,2029-08-08T04:00:00Z,,,,,,,,,,,,,,,,,,,,,,,964,2026-08-31T20:43:23Z,2026-08-21T17:11:42Z,,,,,HYDRO QUEBEC,Soleil Anker,Soleil Anker
965,22054-1/1,1,1,No,,,No,No,No,No,No,No,No,,,Active,,,,Zone B,,No,,No,No,No,,,,,,,,,,,,Completed,2029-08-29T00:00:00Z,,,,,,,2029-08-29T04:00:00Z,,,,,,,,,,,,,,,,,,,,,,,965,2026-08-31T20:42:38Z,2026-08-21T17:11:44Z,,,,,HYDRO QUEBEC,Soleil Anker,Soleil Anker
966,22049-1/1,1,1,No,,,No,No,No,No,No,No,No,,,Active,,,,Zone B,,No,,No,No,No,,,,,,,,,,,,Completed,2029-09-26T00:00:00Z,,,,,,,2029-09-26T04:00:00Z,2029-10-25T04:00:00Z,,,,,,,,,,,,,,,,,,,,,,966,2026-08-31T20:43:04Z,2026-08-21T17:11:47Z,,,,,HYDRO QUEBEC,Soleil Anker,Soleil Anker
967,22049-1/1 SA,1,1,Yes,,,No,No,No,No,No,No,No,,,Active,,,,Zone B,,No,,No,No,No,,,,,,,,,,,,Completed,2029-09-26T00:00:00Z,,,,,,,2026-09-26T04:00:00Z,2029-10-25T04:00:00Z,,,,,,,,,,,,,,,,,,,,,,967,2026-08-31T20:43:02Z,2026-08-21T17:11:49Z,,,,,HYDRO QUEBEC,Soleil Anker,Soleil Anker
968,22059-1/1,1,1,No,22059,,No,No,No,No,No,No,No,,,Active,,,,Zone B,,No,,No,No,No,,,,,,,,,,,,Completed,2029-10-02T00:00:00Z,Pending,,,,,,2029-10-02T04:00:00Z,2029-10-30T04:00:00Z,,,,,,,,,,,,HYQU,M-HYQU-0078,MR-HYQU-0078-V1,,,,,,,,968,2026-09-01T02:51:25Z,2026-08-21T17:11:51Z,,,,,HYDRO QUEBEC,Soleil Anker,Soleil Anker
969,22050-1/1,1,1,No,,,No,No,No,No,No,No,No,,,Active,,,,Zone B,,No,,No,No,No,,,,,,,,,,,,Completed,2029-10-31T00:00:00Z,,,,,,,2029-10-31T04:00:00Z,2029-11-29T05:00:00Z,,,,,,,,,,,,,,,,,,,,,,969,2026-08-31T20:42:58Z,2026-08-21T17:11:54Z,,,,,HYDRO QUEBEC,Soleil Anker,Soleil Anker
970,22050-1/1 SA,1,1,Yes,,,No,No,No,No,No,No,No,,,Active,,,,Zone B,,No,,No,No,No,,,,,,,,,,,,Completed,2029-10-31T00:00:00Z,,,,,,,2029-10-31T04:00:00Z,2029-11-29T05:00:00Z,,,,,,,,,,,,,,,,,,,,,,970,2026-08-31T20:42:56Z,2026-08-21T17:11:56Z,,,,,HYDRO QUEBEC,Soleil Anker,Soleil Anker
971,22060-1/1,1,1,No,,,No,No,No,No,No,No,No,,,Active,,,,Zone B,,No,,No,No,No,,,,,,,,,,,,Completed,2029-11-06T00:00:00Z,,,,,,,2029-11-06T05:00:00Z,2029-11-29T05:00:00Z,,,,,,,,,,,,,,,,,,,,,,971,2026-08-31T20:41:44Z,2026-08-21T17:11:59Z,,,,,HYDRO QUEBEC,Soleil Anker,Soleil Anker
972,22053-1/1,1,1,No,,,No,No,No,No,No,No,No,,,Active,,,,Zone B,,No,,No,No,No,,,,,,,,,,,,Completed,2029-11-20T00:00:00Z,,,,,,,2029-11-20T05:00:00Z,2029-12-20T05:00:00Z,,,,,,,,,,,,,,,,,,,,,,972,2026-08-31T20:42:44Z,2026-08-21T17:12:01Z,,,,,HYDRO QUEBEC,Soleil Anker,Soleil Anker
973,22053-1/1 SA,1,1,Yes,,,No,No,No,No,No,No,No,,,Active,,,,Zone B,,No,,No,No,No,,,,,,,,,,,,Completed,2029-11-20T00:00:00Z,,,,,,,2029-11-20T05:00:00Z,2029-12-20T05:00:00Z,,,,,,,,,,,,,,,,,,,,,,973,2026-08-31T20:42:40Z,2026-08-21T17:12:04Z,,,,,HYDRO QUEBEC,Soleil Anker,Soleil Anker
974,22055-1/1,1,1,No,,,No,No,No,No,No,No,No,,,Active,,,,Zone B,,No,,No,No,No,,,,,,,,,,,,Completed,2029-11-28T00:00:00Z,,,,,,,2029-11-28T05:00:00Z,,,,,,,,,,,,,,,,,,,,,,,974,2026-08-31T20:42:36Z,2026-08-21T17:12:07Z,,,,,HYDRO QUEBEC,Soleil Anker,Soleil Anker
975,21932-1/1,1,1,No,,,No,No,No,No,No,No,No,,,Active,,,,Zone B,,No,0,No,No,No,,,,,,,,,,,,Completed,2030-01-08T00:00:00Z,,,,,,,2030-01-08T05:00:00Z,2030-01-25T05:00:00Z,Commande rentrée dans jobscope le 23/01/2026,,,,,,,,,,,,,,,,,,,,,975,2026-08-31T20:55:05Z,2026-08-21T17:12:09Z,,,,,HYDRO QUEBEC,Soleil Anker,Soleil Anker
976,21932-1/1 SA,1,1,Yes,,,No,No,No,No,No,No,No,,,Active,,,,Zone B,,No,0,No,No,No,100-104,,,,,,,,,,,Completed,2030-01-08T00:00:00Z,,,,,,,2026-01-10T05:00:00Z,2030-01-25T05:00:00Z,Commande rentrée dans jobscope le 23/01/2026,,,,,,,,,,,,,,,,,,,,,976,2026-08-31T20:55:03Z,2026-08-21T17:12:11Z,,,,,HYDRO QUEBEC,Soleil Anker,Soleil Anker
977,22103-1/1,1,1,No,,,No,No,No,No,No,No,No,,,Active,,,,Zone B,,No,,No,No,No,,,,,,,,,,,,Completed,2030-03-05T00:00:00Z,,,,,,,2030-03-05T05:00:00Z,,,,,,,,,,,,,,,,,,,,,,,977,2026-08-31T20:35:13Z,2026-08-21T17:12:14Z,,,,,HYDRO QUEBEC,Soleil Anker,Soleil Anker
978,22104-1/1,1,1,No,,,No,No,No,No,No,No,No,,,Active,,,,Zone B,,No,,No,No,No,,,,,,,,,,,,Completed,2030-05-29T00:00:00Z,,,,,,,2030-05-29T04:00:00Z,,Commande rentrée dans jobscope le 26/06/2026,,,,,,,,,,,,,,,,,,,,,978,2026-08-31T20:35:09Z,2026-08-21T17:12:16Z,,,,,HYDRO QUEBEC,Soleil Anker,Soleil Anker
979,19515-W4-39,39,39,No,,,No,No,No,No,No,No,No,,,Active,,,,Zone B,,No,,No,No,No,,,,,,,,,,,,,,,,,,,,,,Attente retour ingé / achat pour mettre dans cédule,,,,,,,,,,,,,,,,,,,,,979,2026-08-31T21:09:25Z,2026-08-21T17:12:19Z,,,,,GOLDEN SOUTH WIND,Soleil Anker,Soleil Anker
980,19515-W4-53,53,53,No,,,No,No,No,No,No,No,No,,,Active,,,,Zone B,,No,,No,No,No,,,,,,,,,,,,,,,,,,,,,,Attente retour ingé / achat pour mettre dans cédule,,,,,,,,,,,,,,,,,,,,,980,2026-08-31T21:09:24Z,2026-08-21T17:12:21Z,,,,,GOLDEN SOUTH WIND,Soleil Anker,Soleil Anker
981,21714-3/4,3,4,No,,,No,No,No,No,No,No,No,,Assemblage,Active,,TE-Ao-27,Reçu,Power,,Yes,Reçu,Yes,Yes,Yes,106-107,107,N,Completed,2026-07-08T00:00:00Z,2026-07-09T00:00:00Z,Completed,Completed,2026-07-10T00:00:00Z,,,,,,,,,,2025-12-10T00:00:00Z,2025-12-19T05:00:00Z,,Repoussé ing non terminé / Lead time 198 jours tanking repoussé / Client prévenu / Attente cuivre basse tension 50*16 / manque boit de contrôle /Att netswitch,,,,,,,,,,,,,,,,,,,,,981,2026-08-31T21:06:03Z,2026-08-21T17:12:25Z,,,,,KBS Austin,Soleil Anker,Soleil Anker
982,21714-4/4,4,4,No,,,No,No,No,No,No,No,No,,Bobinage,Active,,TE-Ao-27,Reçu,Power,,Yes,Reçu,Yes,Yes,No,106-107,107,N,Completed,2026-07-10T00:00:00Z,,,,,,,,,,,,,,2025-12-11T00:00:00Z,2025-12-19T05:00:00Z,,Repoussé ing non terminé / Lead time 198 jours tanking  repoussé / Client prévenu / Attente cuivre basse tension 50*16 / manque boit de contrôle / Att netswitch / Stack arreté car trop de problème,,,,,,,,,,,,,,,,,,,,,982,2026-08-31T21:06:01Z,2026-08-21T17:12:28Z,,,,,KBS Austin,Soleil Anker,Soleil Anker
983,22021-1/20,1,20,No,,,No,No,No,No,No,No,No,,,Active,,,,,,No,,No,No,No,,,,,,,,,,,,,,,,,,,,,,,,,,,,,,,,,,,,,,,,,,,983,2026-08-21T17:12:29Z,2026-08-21T17:12:29Z,,,,,HYDRO QUEBEC,Soleil Anker,Soleil Anker
984,22021-10/20,10,20,No,,,No,No,No,No,No,No,No,,,Active,,,,,,No,,No,No,No,,,,,,,,,,,,,,,,,,,,,,,,,,,,,,,,,,,,,,,,,,,984,2026-08-21T17:12:32Z,2026-08-21T17:12:32Z,,,,,HYDRO QUEBEC,Soleil Anker,Soleil Anker
985,22021-12/20,12,20,No,,,No,No,No,No,No,No,No,,,Active,,,,,,No,,No,No,No,,,,,,,,,,,,,,,,,,,,,,,,,,,,,,,,,,,,,,,,,,,985,2026-08-21T17:12:34Z,2026-08-21T17:12:34Z,,,,,HYDRO QUEBEC,Soleil Anker,Soleil Anker
986,22021-5/20,5,20,No,,,No,No,No,No,No,No,No,,,Active,,,,,,No,,No,No,No,,,,,,,,,,,,,,,,,,,,,,,,,,,,,,,,,,,,,,,,,,,986,2026-08-21T17:12:36Z,2026-08-21T17:12:36Z,,,,,HYDRO QUEBEC,Soleil Anker,Soleil Anker
987,22021-6/20,6,20,No,,,No,No,No,No,No,No,No,,,Active,,,,,,No,,No,No,No,,,,,,,,,,,,,,,,,,,,,,,,,,,,,,,,,,,,,,,,,,,987,2026-08-21T17:12:39Z,2026-08-21T17:12:39Z,,,,,HYDRO QUEBEC,Soleil Anker,Soleil Anker
988,22021-7/20,7,20,No,,,No,No,No,No,No,No,No,,,Active,,,,,,No,,No,No,No,,,,,,,,,,,,,,,,,,,,,,,,,,,,,,,,,,,,,,,,,,,988,2026-08-21T17:12:41Z,2026-08-21T17:12:41Z,,,,,HYDRO QUEBEC,Soleil Anker,Soleil Anker
989,22021-8/20,8,20,No,,,No,No,No,No,No,No,No,,,Active,,,,,,No,,No,No,No,,,,,,,,,,,,,,,,,,,,,,,,,,,,,,,,,,,,,,,,,,,989,2026-08-21T17:12:44Z,2026-08-21T17:12:44Z,,,,,HYDRO QUEBEC,Soleil Anker,Soleil Anker
990,22021-9/20,9,20,No,,,No,No,No,No,No,No,No,,,Active,,,,,,No,,No,No,No,,,,,,,,,,,,,,,,,,,,,,,,,,,,,,,,,,,,,,,,,,,990,2026-08-21T17:12:45Z,2026-08-21T17:12:45Z,,,,,HYDRO QUEBEC,Soleil Anker,Soleil Anker
991,22137-1/3,1,3,No,22137,,No,No,No,No,No,No,No,,,Active,,,,,,No,,No,No,No,,,,,,,,,,,,,,,,,,,,,,,,,,,,,,,,,ENTE,M-ENTE-0001,M-ENTE-0001,,,,,,,,991,2026-08-31T20:30:07Z,2026-08-21T17:12:47Z,,,,,ENTERGY,Soleil Anker,Soleil Anker
992,22137-2/3,2,3,No,22137,,No,No,No,No,No,No,No,,,Active,,,,,,No,,No,No,No,,,,,,,,,,,,,,,,,,,,,,,,,,,,,,,,,ENTE,M-ENTE-0001,M-ENTE-0001,,,,,,,,992,2026-08-31T20:30:05Z,2026-08-21T17:12:50Z,,,,,ENTERGY,Soleil Anker,Soleil Anker
993,22137-3/3,3,3,No,22137,,No,No,No,No,No,No,No,,,Active,,,,,,No,,No,No,No,,,,,,,,,,,,,,,,,,,,,,,,,,,,,,,,,ENTE,M-ENTE-0001,M-ENTE-0001,,,,,,,,993,2026-08-31T20:30:06Z,2026-08-21T17:12:52Z,,,,,ENTERGY,Soleil Anker,Soleil Anker
994,E21003R1-1/1,1,1,No,E21003R1,,No,No,No,No,No,No,No,,,Active,,,,,,No,,No,No,No,,,,,,,,,,,,,,,,,,,,,,,,,,,,,,,,,ATCO,M-ATCO-0002,MR-ATCO-0002-V1,,,,,,,,994,2026-08-31T20:29:34Z,2026-08-21T17:12:54Z,,,,,ATCO,Soleil Anker,Soleil Anker
995,E21004-1/2,1,2,No,E21004,,No,No,No,No,No,Yes,No,,,Active,,,,Zone B,,No,,No,No,No,,,,,,,,,,,,,,,,,,,,,,,,,,,,,,,,,RIED,M-RIED-0001,MR-RIED-0001-V1,,,,,,,,995,2026-08-31T20:29:34Z,2026-08-21T17:12:57Z,,,,,Rising Edge Group,Soleil Anker,Soleil Anker
996,E21004-2/2,2,2,No,E21004,,No,No,No,No,No,Yes,No,,,Active,,,,Zone B,,No,,No,No,No,,,,,,,,,,,,,,,,,,,,,,,,,,,,,,,,,RIED,M-RIED-0001,MR-RIED-0001-V1,,,,,,,,996,2026-08-31T20:29:34Z,2026-08-21T17:12:59Z,,,,,Rising Edge Group,Soleil Anker,Soleil Anker
997,E21006-1/2,1,2,No,E21006,,No,No,No,No,No,No,No,,,Active,,,,,,No,,No,No,No,,,,,,,,,,,,,,,,,,,,,,"Doit arriver le 22 juin, arrivée le 17 juin",,,,,,,,,,,MEEN,M-MEEN-0002,MR-MEEN-0002-V1,,,,,,,,997,2026-08-31T20:29:35Z,2026-08-21T17:13:01Z,,,,,MEG Energy,Soleil Anker,Soleil Anker
998,E21006-2/2,2,2,No,E21006,,No,No,No,No,No,No,No,,,Active,,,,,,No,,No,No,No,,,,,,,,,,,,,,,,,,,,,,"Doit arriver le 22 juin, arrivée le 17 juin",,,,,,,,,,,MEEN,M-MEEN-0002,MR-MEEN-0002-V1,,,,,,,,998,2026-08-31T20:29:35Z,2026-08-21T17:13:04Z,,,,,MEG Energy,Soleil Anker,Soleil Anker
999,E21007-1/1,1,1,No,E21007,,No,No,No,No,No,Yes,No,,,Active,,,,Zone B,,No,,No,No,No,,,,,,,,,,,,,,,,,,,,,,,,,,,,,,,,,MEEN,M-MEEN-0005,MR-MEEN-0001-V1,,,,,,,,999,2026-08-31T20:29:34Z,2026-08-21T17:13:06Z,,,,,MEG Energy,Soleil Anker,Soleil Anker
1000,E21009-1/1,1,1,No,E21009,,No,No,No,No,No,Yes,No,,,Active,,,,Zone B,,No,,No,No,No,,,,,,,,,,,,,,,,,,,,,,,,,,,,,,,,,MULT,M-MULT-0001,MR-MULT-0001-V1,,,,,,,,1000,2026-08-31T20:29:02Z,2026-08-21T17:13:08Z,,,,,MULTITECH,Soleil Anker,Soleil Anker
1001,E21010-1/2,1,2,No,E21010,,No,No,No,No,No,No,No,,,Active,,,,,,No,,No,No,No,,,,,,,,,,,,,,,,,,,,,,,,,,,,,,,,,WESC,M-WESC-0001,MR-WESC-0001-V1,,,,,,,,1001,2026-08-31T20:29:03Z,2026-08-21T17:13:11Z,,,,,WESCO,Soleil Anker,Soleil Anker
1002,E21010-2/2,2,2,No,E21010,,No,No,No,No,No,No,No,,,Active,,,,,,No,,No,No,No,,,,,,,,,,,,,,,,,,,,,,,,,,,,,,,,,WESC,M-WESC-0001,MR-WESC-0001-V1,,,,,,,,1002,2026-08-31T20:29:03Z,2026-08-21T17:13:14Z,,,,,WESCO,Soleil Anker,Soleil Anker
1003,E21011-1/1,1,1,No,E21011,,No,No,No,No,No,Yes,No,,,Active,,,,Zone B,,No,,No,No,No,,,,,,,,,,,,,,,,,,,,,,,,,,,,,,,,,MEEN,M-MEEN-0004,MR-MEEN-0004-V1,,,,,,,,1003,2026-08-31T20:29:03Z,2026-08-21T17:13:15Z,,,,,MEG Energy,Soleil Anker,Soleil Anker
1004,E21014-1/1,1,1,No,E21014,,No,No,No,No,No,No,No,,,Active,,,,Zone B,,No,,No,No,No,,,,,,,,,,,,,,,,,,,,,,,,,,,,,,,,,SIEN,M-SIEN-0003,MR-SIEN-0003-V1,,,,,,,,1004,2026-08-31T20:29:03Z,2026-08-21T17:13:18Z,,,,,SIEMENS ENERGY,Soleil Anker,Soleil Anker
1005,E21015-1/1,1,1,No,E21015,,No,No,No,No,No,No,No,,,Active,,,,Zone B,,No,,No,No,No,,,,,,,,,,,,,,,,,,,,,,,,,,,,,,,,,SIEN,M-SIEN-0004,MR-SIEN-0004-V1,,,,,,,,1005,2026-08-31T20:29:04Z,2026-08-21T17:13:20Z,,,,,SIEMENS ENERGY,Soleil Anker,Soleil Anker
1006,E21016-1/1,1,1,No,E21016,,No,No,No,No,No,No,No,,,Active,,,,Zone B,,No,,No,No,No,,,,,,,,,,,,,,,,,,,,,,,,,,,,,,,,,CAIN,M-CAIN-0001,MR-CAIN-0001-V1,,,,,,,,1006,2026-08-31T20:29:03Z,2026-08-21T17:13:22Z,,,,,CAPSTONE INFRASTRUCTURE,Soleil Anker,Soleil Anker
1007,WRG3026-1/4,1,4,No,WRG3026,,No,No,No,No,No,No,No,,,Active,,,,,,No,,No,No,No,,,,,,,,,,,,,,,,,,,,,,,,,,,,,,,,,WIHI,M-WIHI-0001,MR-WIHI-0001-V1,,,,,,,,1007,2026-08-31T20:28:30Z,2026-08-21T17:13:27Z,,,,,WILSON HIGH VOLTAGE,Soleil Anker,Soleil Anker
1008,WRG3026-2/4,2,4,No,WRG3026,,No,No,No,No,No,No,No,,,Active,,,,,,No,,No,No,No,,,,,,,,,,,,,,,,,,,,,,,,,,,,,,,,,WIHI,M-WIHI-0001,MR-WIHI-0001-V1,,,,,,,,1008,2026-08-31T20:28:31Z,2026-08-21T17:13:29Z,,,,,WILSON HIGH VOLTAGE,Soleil Anker,Soleil Anker
1009,WRG3026-3/4,3,4,No,WRG3026,,No,No,No,No,No,No,No,,,Active,,,,,,No,,No,No,No,,,,,,,,,,,,,,,,,,,,,,,,,,,,,,,,,WIHI,M-WIHI-0001,MR-WIHI-0001-V1,,,,,,,,1009,2026-08-31T20:28:31Z,2026-08-21T17:13:32Z,,,,,WILSON HIGH VOLTAGE,Soleil Anker,Soleil Anker
1010,WRG3026-4/4,4,4,No,WRG3026,,No,No,No,No,No,No,No,,,Active,,,,,,No,,No,No,No,,,,,,,,,,,,,,,,,,,,,,,,,,,,,,,,,WIHI,M-WIHI-0001,MR-WIHI-0001-V1,,,,,,,,1010,2026-08-31T20:28:30Z,2026-08-21T17:13:34Z,,,,,WILSON HIGH VOLTAGE,Soleil Anker,Soleil Anker
1011,WRG3027-1/2,1,2,No,WRG3027,,No,No,No,No,No,No,No,,,Active,,,,,,No,,No,No,No,,,,,,,,,,,,,,,,,,,,,,,,,,,,,,,,,TRIV,M-TRIV-0001,MR-TRIV-0001-V1,,,,,,,,1011,2026-08-31T20:28:30Z,2026-08-21T17:13:36Z,,,,,TRIVOLT,Soleil Anker,Soleil Anker
1012,WRG3027-2/2,2,2,No,WRG3027,,No,No,No,No,No,No,No,,,Active,,,,,,No,,No,No,No,,,,,,,,,,,,,,,,,,,,,,,,,,,,,,,,,TRIV,M-TRIV-0001,MR-TRIV-0001-V1,,,,,,,,1012,2026-08-31T20:28:30Z,2026-08-21T17:13:39Z,,,,,TRIVOLT,Soleil Anker,Soleil Anker
1013,WRG3028-1/20,1,20,No,WRG3028,,No,No,No,No,No,No,No,,,Active,,,,,,No,,No,No,No,,,,,,,,,,,,,,,,,,,,,,,,,,,,,,,,,HYQU,M-HYQU-0098,MR-HYQU-0098-V1,,,,,,,,1013,2026-08-31T20:28:31Z,2026-08-21T17:13:42Z,,,,,HYDRO QUEBEC,Soleil Anker,Soleil Anker
1014,WRG3028-10/20,10,20,No,WRG3028,,No,No,No,No,No,No,No,,,Active,,,,,,No,,No,No,No,,,,,,,,,,,,,,,,,,,,,,,,,,,,,,,,,HYQU,M-HYQU-0098,MR-HYQU-0098-V1,,,,,,,,1014,2026-08-31T20:28:31Z,2026-08-21T17:13:43Z,,,,,HYDRO QUEBEC,Soleil Anker,Soleil Anker
1015,WRG3028-11/20,11,20,No,WRG3028,,No,No,No,No,No,No,No,,,Active,,,,,,No,,No,No,No,,,,,,,,,,,,,,,,,,,,,,,,,,,,,,,,,HYQU,M-HYQU-0098,MR-HYQU-0098-V1,,,,,,,,1015,2026-08-31T20:28:31Z,2026-08-21T17:13:45Z,,,,,HYDRO QUEBEC,Soleil Anker,Soleil Anker
1016,WRG3028-12/20,12,20,No,WRG3028,,No,No,No,No,No,No,No,,,Active,,,,,,No,,No,No,No,,,,,,,,,,,,,,,,,,,,,,,,,,,,,,,,,HYQU,M-HYQU-0098,MR-HYQU-0098-V1,,,,,,,,1016,2026-08-31T20:28:30Z,2026-08-21T17:13:48Z,,,,,HYDRO QUEBEC,Soleil Anker,Soleil Anker
1017,WRG3028-13/20,13,20,No,WRG3028,,No,No,No,No,No,No,No,,,Active,,,,,,No,,No,No,No,,,,,,,,,,,,,,,,,,,,,,,,,,,,,,,,,HYQU,M-HYQU-0098,MR-HYQU-0098-V1,,,,,,,,1017,2026-08-31T20:28:30Z,2026-08-21T17:13:50Z,,,,,HYDRO QUEBEC,Soleil Anker,Soleil Anker
1018,WRG3028-14/20,14,20,No,WRG3028,,No,No,No,No,No,No,No,,,Active,,,,,,No,,No,No,No,,,,,,,,,,,,,,,,,,,,,,,,,,,,,,,,,HYQU,M-HYQU-0098,MR-HYQU-0098-V1,,,,,,,,1018,2026-08-31T20:28:31Z,2026-08-21T17:13:52Z,,,,,HYDRO QUEBEC,Soleil Anker,Soleil Anker
1019,WRG3028-15/20,15,20,No,WRG3028,,No,No,No,No,No,No,No,,,Active,,,,,,No,,No,No,No,,,,,,,,,,,,,,,,,,,,,,,,,,,,,,,,,HYQU,M-HYQU-0098,MR-HYQU-0098-V1,,,,,,,,1019,2026-08-31T20:28:31Z,2026-08-21T17:13:55Z,,,,,HYDRO QUEBEC,Soleil Anker,Soleil Anker
1020,WRG3028-16/20,16,20,No,WRG3028,,No,No,No,No,No,No,No,,,Active,,,,,,No,,No,No,No,,,,,,,,,,,,,,,,,,,,,,,,,,,,,,,,,HYQU,M-HYQU-0098,MR-HYQU-0098-V1,,,,,,,,1020,2026-08-31T20:27:57Z,2026-08-21T17:13:58Z,,,,,HYDRO QUEBEC,Soleil Anker,Soleil Anker
1021,WRG3028-17/20,17,20,No,WRG3028,,No,No,No,No,No,No,No,,,Active,,,,,,No,,No,No,No,,,,,,,,,,,,,,,,,,,,,,,,,,,,,,,,,HYQU,M-HYQU-0098,MR-HYQU-0098-V1,,,,,,,,1021,2026-08-31T20:27:57Z,2026-08-21T17:14:00Z,,,,,HYDRO QUEBEC,Soleil Anker,Soleil Anker
1022,WRG3028-18/20,18,20,No,WRG3028,,No,No,No,No,No,No,No,,,Active,,,,,,No,,No,No,No,,,,,,,,,,,,,,,,,,,,,,,,,,,,,,,,,HYQU,M-HYQU-0098,MR-HYQU-0098-V1,,,,,,,,1022,2026-08-31T20:27:57Z,2026-08-21T17:14:02Z,,,,,HYDRO QUEBEC,Soleil Anker,Soleil Anker
1023,WRG3028-19/20,19,20,No,WRG3028,,No,No,No,No,No,No,No,,,Active,,,,,,No,,No,No,No,,,,,,,,,,,,,,,,,,,,,,,,,,,,,,,,,HYQU,M-HYQU-0098,MR-HYQU-0098-V1,,,,,,,,1023,2026-08-31T20:27:58Z,2026-08-21T17:14:05Z,,,,,HYDRO QUEBEC,Soleil Anker,Soleil Anker
1024,WRG3028-2/20,2,20,No,WRG3028,,No,No,No,No,No,No,No,,,Active,,,,,,No,,No,No,No,,,,,,,,,,,,,,,,,,,,,,,,,,,,,,,,,HYQU,M-HYQU-0098,MR-HYQU-0098-V1,,,,,,,,1024,2026-08-31T20:27:57Z,2026-08-21T17:14:07Z,,,,,HYDRO QUEBEC,Soleil Anker,Soleil Anker
1025,WRG3028-20/20,20,20,No,WRG3028,,No,No,No,No,No,No,No,,,Active,,,,,,No,,No,No,No,,,,,,,,,,,,,,,,,,,,,,,,,,,,,,,,,HYQU,M-HYQU-0098,MR-HYQU-0098-V1,,,,,,,,1025,2026-08-31T20:27:57Z,2026-08-21T17:14:09Z,,,,,HYDRO QUEBEC,Soleil Anker,Soleil Anker
1026,WRG3028-3/20,3,20,No,WRG3028,,No,No,No,No,No,No,No,,,Active,,,,,,No,,No,No,No,,,,,,,,,,,,,,,,,,,,,,,,,,,,,,,,,HYQU,M-HYQU-0098,MR-HYQU-0098-V1,,,,,,,,1026,2026-08-31T20:27:58Z,2026-08-21T17:14:12Z,,,,,HYDRO QUEBEC,Soleil Anker,Soleil Anker
1027,WRG3028-4/20,4,20,No,WRG3028,,No,No,No,No,No,No,No,,,Active,,,,,,No,,No,No,No,,,,,,,,,,,,,,,,,,,,,,,,,,,,,,,,,HYQU,M-HYQU-0098,MR-HYQU-0098-V1,,,,,,,,1027,2026-08-31T20:27:57Z,2026-08-21T17:14:14Z,,,,,HYDRO QUEBEC,Soleil Anker,Soleil Anker
1028,WRG3028-5/20,5,20,No,WRG3028,,No,No,No,No,No,No,No,,,Active,,,,,,No,,No,No,No,,,,,,,,,,,,,,,,,,,,,,,,,,,,,,,,,HYQU,M-HYQU-0098,MR-HYQU-0098-V1,,,,,,,,1028,2026-08-31T20:27:57Z,2026-08-21T17:14:16Z,,,,,HYDRO QUEBEC,Soleil Anker,Soleil Anker
1029,WRG3028-6/20,6,20,No,WRG3028,,No,No,No,No,No,No,No,,,Active,,,,,,No,,No,No,No,,,,,,,,,,,,,,,,,,,,,,,,,,,,,,,,,HYQU,M-HYQU-0098,MR-HYQU-0098-V1,,,,,,,,1029,2026-08-31T20:27:57Z,2026-08-21T17:14:19Z,,,,,HYDRO QUEBEC,Soleil Anker,Soleil Anker
1030,WRG3028-7/20,7,20,No,WRG3028,,No,No,No,No,No,No,No,,,Active,,,,,,No,,No,No,No,,,,,,,,,,,,,,,,,,,,,,,,,,,,,,,,,HYQU,M-HYQU-0098,MR-HYQU-0098-V1,,,,,,,,1030,2026-08-31T20:27:57Z,2026-08-21T17:14:22Z,,,,,HYDRO QUEBEC,Soleil Anker,Soleil Anker
1031,WRG3028-8/20,8,20,No,WRG3028,,No,No,No,No,No,No,No,,,Active,,,,,,No,,No,No,No,,,,,,,,,,,,,,,,,,,,,,,,,,,,,,,,,HYQU,M-HYQU-0098,MR-HYQU-0098-V1,,,,,,,,1031,2026-08-31T20:27:57Z,2026-08-21T17:14:23Z,,,,,HYDRO QUEBEC,Soleil Anker,Soleil Anker
1032,WRG3028-9/20,9,20,No,WRG3028,,No,No,No,No,No,No,No,,,Active,,,,,,No,,No,No,No,,,,,,,,,,,,,,,,,,,,,,,,,,,,,,,,,HYQU,M-HYQU-0098,MR-HYQU-0098-V1,,,,,,,,1032,2026-08-31T20:27:57Z,2026-08-21T17:14:25Z,,,,,HYDRO QUEBEC,Soleil Anker,Soleil Anker
1033,22142-1/1,1,1,No,22142,,No,No,No,No,No,No,No,,,Active,,,,,,No,,No,No,No,,,,,,,,,,,,,,,,,,,,,,,,,,,,,,,,,FIEN,M-FIEN-0002,M-FIEN-0002,,,,,,,,1033,2026-08-31T20:29:34Z,2026-08-31T20:29:17Z,,,,,FIRST ENERGY,Soleil Anker,Soleil Anker
1034,22141-2/2,2,2,No,22141,,No,No,No,No,No,No,No,,,Active,,,,,,No,,No,No,No,,,,,,,,,,,,,,,,,,,,,,,,,,,,,,,,,ENMA,M-ENMA-0057,MR-ENMA-0057-V1,,,,,,,,1034,2026-08-31T20:29:34Z,2026-08-31T20:29:20Z,,,,,ENMAX,Soleil Anker,Soleil Anker
1035,22141-1/2,1,2,No,22141,,No,No,No,No,No,No,No,,,Active,,,,,,No,,No,No,No,,,,,,,,,,,,,,,,,,,,,,,,,,,,,,,,,ENMA,M-ENMA-0057,MR-ENMA-0057-V1,,,,,,,,1035,2026-08-31T20:29:34Z,2026-08-31T20:29:23Z,,,,,ENMAX,Soleil Anker,Soleil Anker
1036,22140-2/2,2,2,No,22140,,No,No,No,No,No,No,No,,,Active,,,,,,No,,No,No,No,,,,,,,,,,,,,,,,,,,,,,,,,,,,,,,,,ENMA,M-ENMA-0056,MR-ENMA-0056-V1,,,,,,,,1036,2026-08-31T20:29:34Z,2026-08-31T20:29:25Z,,,,,ENMAX,Soleil Anker,Soleil Anker
1037,22140-1/2,1,2,No,22140,,No,No,No,No,No,No,No,,,Active,,,,,,No,,No,No,No,,,,,,,,,,,,,,,,,,,,,,,,,,,,,,,,,ENMA,M-ENMA-0056,MR-ENMA-0056-V1,,,,,,,,1037,2026-08-31T20:29:34Z,2026-08-31T20:29:28Z,,,,,ENMAX,Soleil Anker,Soleil Anker
1038,22139-2/2,2,2,No,22139,,No,No,No,No,No,No,No,,,Active,,,,,,No,,No,No,No,,,,,,,,,,,,,,,,,,,,,,,,,,,,,,,,,ENMA,M-ENMA-0051,M-ENMA-0051,,,,,,,,1038,2026-08-31T20:29:34Z,2026-08-31T20:29:30Z,,,,,ENMAX,Soleil Anker,Soleil Anker
1039,22139-1/2,1,2,No,22139,,No,No,No,No,No,No,No,,,Active,,,,,,No,,No,No,No,,,,,,,,,,,,,,,,,,,,,,,,,,,,,,,,,ENMA,M-ENMA-0051,M-ENMA-0051,,,,,,,,1039,2026-08-31T20:30:06Z,2026-08-31T20:29:33Z,,,,,ENMAX,Soleil Anker,Soleil Anker
1040,22138-2/2,2,2,No,22138,,No,No,No,No,No,No,No,,,Active,,,,,,No,,No,No,No,,,,,,,,,,,,,,,,,,,,,,,,,,,,,,,,,ENMA,M-ENMA-0050,M-ENMA-0050,,,,,,,,1040,2026-08-31T20:30:06Z,2026-08-31T20:29:35Z,,,,,ENMAX,Soleil Anker,Soleil Anker
1041,22138-1/2,1,2,No,22138,,No,No,No,No,No,No,No,,,Active,,,,,,No,,No,No,No,,,,,,,,,,,,,,,,,,,,,,,,,,,,,,,,,ENMA,M-ENMA-0050,M-ENMA-0050,,,,,,,,1041,2026-08-31T20:30:07Z,2026-08-31T20:29:38Z,,,,,ENMAX,Soleil Anker,Soleil Anker
